source_file,task,feature_type,channel,source_row,col_1,col_2,col_3,col_4,col_5,col_6,col_7,col_8,col_9,col_10,col_11,col_12,col_13,col_14,col_15,col_16,col_17,col_18,col_19,col_20,col_21,col_22,col_23,col_24,col_25,col_26,col_27,col_28,col_29,col_30,col_31
resting_mav_normal - C3.csv,resting,mav,C3,1,,High_Beta,mav (µ),,,,,,,,,Low_Beta,mav (µ),,,,,,,,,Mu,mav (µ),,,,,,,,
resting_mav_normal - C3.csv,resting,mav,C3,2,,ID,scenario1,scenario2,scenario3,scenario4,scenario5,scenario6,scenario7,scenario8,scenario9,ID,scenario1,scenario2,scenario3,scenario4,scenario5,scenario6,scenario7,scenario8,scenario9,ID,scenario1,scenario2,scenario3,scenario4,scenario5,scenario6,scenario7,scenario8,scenario9
resting_mav_normal - C3.csv,resting,mav,C3,3,,id1,5.082302137,4.768486319,7.801122902,1.594918708,5.482535646,4.407749867,1.609396736,0.03485562592,2.886457601,id1,3.395973984,4.775144608,4.832168897,1.535426044,4.243839758,3.166919414,1.26095404,0.04359463922,1.376256905,id1,3.931532545,5.059984854,6.064388067,1.976480405,5.650069068,3.17961569,2.06480317,0.04411482039,1.533352248
resting_mav_normal - C3.csv,resting,mav,C3,4,,id10,2.022243089,5.781643558,1.667310019,1.471553288,4.358625897,4.936050188,2.744933129,2.10735465,6.145936537,id10,2.185094525,3.647303165,1.077736408,0.6372858804,2.337920854,4.219218359,1.164986195,2.629288737,7.733339757,id10,2.68134475,4.485983953,1.394099805,1.594274713,2.842509592,5.073128484,1.102969474,3.397712945,11.55789877
resting_mav_normal - C3.csv,resting,mav,C3,5,,id100,2.481056835,6.131243208,6.222645446,3.073695251,4.818238239,7.929071676,4.896046368,7.349659767,4.456751613,id100,2.624564748,4.638511947,5.016785793,2.774417274,4.365936868,7.471403794,5.893270298,5.551405088,5.023243841,id100,2.346949609,6.902757518,7.523771063,5.601082598,4.256313607,9.468072551,5.703024894,7.206359455,6.367478168
resting_mav_normal - C3.csv,resting,mav,C3,6,,id101,6.91104901,9.129256285,13.84208784,8.567885068,8.583005346,8.951669119,10.90199015,11.59916582,10.7371765,id101,4.899626723,9.286908759,11.07742009,5.391640144,5.141592376,6.93523048,9.250231818,6.857450093,8.32291499,id101,6.598355999,11.50767364,8.956903765,7.15027591,6.777043548,7.440226482,8.894440523,7.188938071,8.712949955
resting_mav_normal - C3.csv,resting,mav,C3,7,,id102,17.0339388,13.86519896,15.93529479,19.57626638,11.87058169,19.20535699,14.66281987,7.60157544,3.528935979,id102,13.78536885,9.307842174,12.8131833,13.18648101,8.923329057,11.65918417,12.80270231,5.057415708,2.400333539,id102,14.91257083,10.31198706,15.31909746,19.14474234,11.19423887,17.00333925,13.32136674,5.426228321,2.706281204
resting_mav_normal - C3.csv,resting,mav,C3,8,,id103,13.77607104,13.91534506,10.97740275,11.87858284,16.62534129,13.49496793,5.385009536,8.944539789,12.85196377,id103,12.60435849,18.19740874,11.20609841,9.234037012,13.248379,11.14026084,7.15973824,8.976421211,13.16285935,id103,14.78513102,19.08340009,17.14799288,21.51895767,18.20687845,26.01989483,5.321788521,13.42267226,21.8032456
resting_mav_normal - C3.csv,resting,mav,C3,9,,id104,10.69823003,14.17334748,12.53342429,6.207848214,5.14933698,12.15570205,8.554925427,11.91393743,11.81216316,id104,11.09433706,11.43834539,12.18790205,6.340464802,5.574089014,10.66452673,10.61173553,20.33159731,9.559505017,id104,14.97625749,12.71168379,15.47908655,9.059032788,6.705229594,16.4769163,21.22592335,18.30523951,11.8439123
resting_mav_normal - C3.csv,resting,mav,C3,10,,id105,9.19000327,9.335558553,4.980406612,12.40506809,11.73528942,10.52757592,13.97412705,15.01406258,16.66770355,id105,6.218376724,5.73798781,3.620121552,10.52044503,9.575402817,8.947602214,10.85972657,10.74838182,20.10309259,id105,7.644445947,7.520381864,3.685520382,9.559403469,9.691496063,7.421790938,9.196204128,12.92000472,14.44044093
resting_mav_normal - C3.csv,resting,mav,C3,11,,id106,4.943654195,0.8493685465,2.785623124,7.530620207,2.947586646,7.666644623,5.471020105,16.71984968,3.948525373,id106,4.203188746,1.458230624,2.157293469,4.573442153,2.452117626,6.867057453,5.679077955,12.15657063,3.055425918,id106,4.42724701,0.6696329027,2.319047981,5.756015755,3.732268029,6.323052924,6.408111054,13.80180837,3.400403134
resting_mav_normal - C3.csv,resting,mav,C3,12,,id107,12.89033393,13.96749667,13.89425422,18.97634985,18.94520948,20.08534006,21.09224351,15.29648862,14.64695927,id107,9.653378498,10.3741625,9.051159419,14.99656056,18.64096149,22.79499273,19.05690665,16.56018922,16.35191522,id107,11.6337553,14.30109643,12.21281417,24.01547401,25.32748069,20.03259926,23.35723249,18.09593956,20.16892525
resting_mav_normal - C3.csv,resting,mav,C3,13,,id108,10.9049973,12.36561552,10.53961472,14.6611028,15.56514915,12.22786112,8.577625035,20.76650829,10.72469654,id108,7.541683326,9.151357604,7.723673087,9.589700447,12.61323279,8.242346185,5.180375354,11.71666736,7.852232348,id108,7.171267877,6.280561396,7.334995339,12.92831555,15.1292648,8.514037364,5.693076465,14.82271796,8.930349191
resting_mav_normal - C3.csv,resting,mav,C3,14,,id109,9.222820857,11.77206497,8.881284475,3.570180236,9.194837044,10.11537038,11.70297197,17.314517,13.67827888,id109,9.301300725,11.83526383,9.176444961,3.585350212,6.56423558,9.129232855,11.61466129,16.3382705,12.84259655,id109,10.0939145,13.15958281,11.26146569,4.469462195,10.05019182,14.15186145,12.26239637,22.80248121,13.33479769
resting_mav_normal - C3.csv,resting,mav,C3,15,,id11,8.434141822,6.175175684,3.64566083,0.03131403127,3.56753694,11.2835923,7.116142172,8.937573651,2.734903804,id11,5.652132681,6.532496288,5.047240833,0.03777665154,6.024515421,9.595448511,9.010522931,13.07088218,1.671341527,id11,11.80854495,6.819348784,7.561662363,0.06389715891,5.595912143,18.3555366,11.2499464,15.01507288,2.077103369
resting_mav_normal - C3.csv,resting,mav,C3,16,,id110,12.59877536,5.507880093,6.62863836,5.083357755,14.09271828,8.728620421,6.684919085,9.709808919,16.23618399,id110,10.6093149,5.381540221,5.534704842,5.47377125,7.81761362,7.282603262,5.162292203,5.966423378,13.63388568,id110,10.92881352,5.357084735,6.420517445,6.653184268,14.98887036,10.97609568,8.029361055,5.858891573,15.92454241
resting_mav_normal - C3.csv,resting,mav,C3,17,,id111,9.701473557,2.979842214,10.47474471,9.092635575,12.09569866,2.994984927,8.765918586,16.0495969,16.39661653,id111,6.817199889,3.021042613,6.086053195,6.328893157,8.453719624,2.511649916,5.188003641,8.695242821,10.54766682,id111,7.054112845,2.55747596,5.4965331,6.025331342,8.246555466,2.52956025,5.496259098,9.184284971,12.12879173
resting_mav_normal - C3.csv,resting,mav,C3,18,,id112,1.428622253,4.263859689,4.581844249,15.18414362,6.928169829,6.559597617,14.77474117,10.2316699,9.597384311,id112,1.484127318,3.461053124,3.621379954,10.30120863,5.420807261,5.946208301,8.956817615,7.773885927,7.940953989,id112,1.375454545,2.649803769,3.819094861,11.05216431,6.978347928,5.280842276,11.11164644,8.353745892,9.576820874
resting_mav_normal - C3.csv,resting,mav,C3,19,,id113,5.11686953,13.43165266,5.552585257,7.833366792,10.7707528,15.76967172,19.49932648,11.80109858,10.27870136,id113,6.710442713,10.94940934,5.824853957,7.921714586,10.81799302,16.65443925,14.43094236,9.837911415,8.45280825,id113,8.798703883,17.53716433,10.48245246,10.12964015,12.61232593,19.09866329,23.5993244,15.15804806,10.79909234
resting_mav_normal - C3.csv,resting,mav,C3,20,,id114,10.62512932,9.24039356,10.90622688,11.86107006,13.32731837,20.49613471,10.87797609,8.359429647,13.52432445,id114,7.207393429,6.085790771,7.832839307,11.69690187,9.935979284,13.75029002,8.145202935,6.05713976,12.37418467,id114,7.793571666,6.710033528,7.652830063,11.96363957,11.97265041,17.25252744,11.5337568,6.150843819,14.46212822
resting_mav_normal - C3.csv,resting,mav,C3,21,,id115,13.71598881,5.975903047,10.47790064,10.48482824,5.598558126,8.795026186,5.99527413,17.32116473,15.31612396,id115,9.672990933,4.444255482,5.084152582,5.731808226,4.417460722,6.331215516,3.764993819,17.00449586,11.99968776,id115,11.70261509,3.831830441,6.257375866,6.980088712,4.653202365,7.93914658,5.384107723,15.01997531,11.2946192
resting_mav_normal - C3.csv,resting,mav,C3,22,,id116,6.902661343,7.898464548,12.03555073,8.05717236,11.40126222,7.353880864,9.666738413,11.39476594,8.585015284,id116,8.172800055,7.943375253,12.47508131,9.272491836,10.1616193,8.246977588,9.187292832,10.96161279,9.351390315,id116,9.16301398,16.11211423,18.17057791,15.4664743,15.59123864,11.47672654,12.89583253,15.79096649,16.44135423
resting_mav_normal - C3.csv,resting,mav,C3,23,,id117,5.162371793,12.50257511,21.29937095,19.37812005,7.282134473,3.196259893,10.39813768,8.331258364,8.446378114,id117,2.506426593,10.65394318,16.08528171,15.02389939,6.328396406,2.004739637,8.083814025,6.829064117,6.101719734,id117,5.37474008,10.19309443,21.19155832,18.66346334,9.185711369,1.958316382,11.24667488,7.874113294,6.375698636
resting_mav_normal - C3.csv,resting,mav,C3,24,,id118,9.897109345,6.654839599,7.51170797,7.777643354,7.871760437,8.481934866,7.225118783,9.543224771,8.658391872,id118,7.823676748,5.274186292,6.111815863,5.242880602,5.314349584,6.601763748,4.827492868,8.001417722,6.987638987,id118,7.986385392,5.497312457,5.823375811,6.055874263,6.978259615,8.327498912,6.360964441,6.348498263,7.192376181
resting_mav_normal - C3.csv,resting,mav,C3,25,,id119,14.32690368,13.42226653,16.04021277,9.430020547,17.35406406,14.9042196,18.20977014,16.18558184,10.21676768,id119,17.45160876,13.24462217,16.03750364,9.182724126,19.33983976,12.43111289,16.69879886,14.28124535,8.244042452,id119,23.80311585,16.70731158,27.29758354,17.64588595,26.66016642,28.94936121,27.05591903,27.31357411,18.37608044
resting_mav_normal - C3.csv,resting,mav,C3,26,,id12,8.782261964,12.06088553,7.121838939,6.05464332,11.6719425,3.488073965,8.286705621,7.86462341,4.187516061,id12,7.1266147,8.469217852,5.482357388,6.402233622,10.23799268,3.505737061,8.072241128,8.51513539,3.735995734,id12,8.250587435,10.01551666,9.644252025,6.617162419,11.93547655,3.410126067,9.725788621,11.79434202,4.161160929
resting_mav_normal - C3.csv,resting,mav,C3,27,,id120,13.93382957,13.50388395,2.90945961,9.125336888,13.61330154,5.982466843,14.22181674,15.4792323,10.4705271,id120,12.13310289,11.45099848,2.669340176,12.92862293,15.07436824,7.562883844,10.27779511,8.795723414,11.71435155,id120,12.47797979,11.80868767,3.203048571,13.27881564,17.38544813,13.2279856,14.00437528,15.30006398,21.65936336
resting_mav_normal - C3.csv,resting,mav,C3,28,,id121,14.94036371,14.17615616,15.12823472,13.57972359,14.95121039,13.41831738,14.35942621,0.9368196331,9.639875935,id121,11.10301474,9.842214464,12.96426221,11.44996612,11.55548776,13.71551189,15.56283419,2.293378889,8.081713121,id121,13.12039791,11.20966386,13.90111801,14.15178791,12.24270709,17.27957728,15.91052134,3.486936848,10.05957277
resting_mav_normal - C3.csv,resting,mav,C3,29,,id122,14.46353034,11.97591497,13.30067272,11.42028738,8.636652854,4.241590285,2.833865436,10.34001403,10.30464129,id122,11.50202198,11.81904663,10.52027591,10.69122229,7.458326327,4.19086176,2.536267717,8.324636282,11.17133373,id122,14.16193509,14.64278381,13.068279,14.88153362,7.357104357,4.821458072,2.961852605,10.23074119,14.8953215
resting_mav_normal - C3.csv,resting,mav,C3,30,,id123,15.92974443,9.893969808,20.38358452,14.96857678,18.55195301,3.898029793,18.91799954,18.71922185,14.89412164,id123,13.46609447,10.15564637,18.47677344,11.17962297,13.70400799,5.131202141,12.58439852,15.94048578,10.20865612,id123,20.70830058,10.57945031,24.67917809,19.42350287,18.67869769,5.91656897,14.31574808,26.47026123,15.2673957
resting_mav_normal - C3.csv,resting,mav,C3,31,,id124,17.77640293,2.051518154,11.0427611,0.000002112485163,7.37005944,14.03741309,6.48113809,6.646048858,0.7384275188,id124,16.02286645,1.696878669,8.639586933,0.000002429659344,4.224428313,9.368283554,4.594573778,4.043023519,1.047896256,id124,16.27669984,1.920115353,7.86257367,0.000003899277212,4.442655688,14.22729473,8.250961512,2.747771379,1.1023896
resting_mav_normal - C3.csv,resting,mav,C3,32,,id125,12.24674165,13.89377885,14.24201483,6.724384487,14.15280728,8.142842394,11.79906695,17.24452977,10.81799126,id125,13.16290727,10.11810187,13.96526352,9.086710967,17.04950426,5.796060546,10.64177865,17.66889736,11.08760869,id125,12.7033589,14.15778017,18.97070173,7.050673606,24.94362971,7.108848568,13.54168468,25.53318655,13.9483773
resting_mav_normal - C3.csv,resting,mav,C3,33,,id126,9.140637445,18.36602578,5.365650514,2.741955558,13.59279245,13.34647586,4.04774205,10.05347181,3.827244845,id126,9.679142956,16.72972548,3.525307677,2.407629167,7.210147331,13.97628135,4.247989014,10.45685704,2.532234472,id126,13.46764366,17.55819794,3.964994823,3.489899213,14.04182032,14.51977451,5.649544377,10.37616562,2.377739864
resting_mav_normal - C3.csv,resting,mav,C3,34,,id127,17.35512448,15.70995178,22.45206733,18.6206011,16.35173918,3.93928211,12.44172179,7.954037503,10.22145536,id127,13.13898334,13.12401843,15.32302627,14.57170828,15.10236404,4.445311408,11.5795657,5.403571452,12.1539787,id127,20.20383302,14.12940429,19.84546807,13.40322198,18.77414216,3.635602299,11.78673015,8.138388616,13.18162742
resting_mav_normal - C3.csv,resting,mav,C3,35,,id128,20.54935304,16.5022843,18.98293695,21.66247537,19.18914161,8.778932026,11.92723117,6.087626285,18.019858,id128,15.53962443,10.51739001,12.19374771,15.00061702,13.30418056,9.231993876,11.37810786,4.945796293,15.07116039,id128,17.96903589,9.740857721,15.08659277,19.427998,14.053481,15.17602182,14.35697164,5.360545288,14.51462814
resting_mav_normal - C3.csv,resting,mav,C3,36,,id129,15.46982313,14.57648675,9.543315232,7.744923397,8.752757939,10.91422248,8.32482823,12.13089555,5.515436525,id129,10.12647494,10.85819801,6.141802236,5.056415527,7.647424486,7.394119159,5.461586759,8.493780868,3.28063214,id129,14.02319961,13.18438618,7.20570724,8.318290791,9.255400166,8.666264537,6.072521385,11.2159546,4.493955654
resting_mav_normal - C3.csv,resting,mav,C3,37,,id13,3.916348472,8.689181874,0.01203018751,7.870072525,1.799751918,4.125646389,0.03035980643,5.742043114,3.045116031,id13,5.31356303,9.459127517,0.01435625426,8.06761798,2.72443704,5.923650465,0.02125495723,6.235766015,3.265441695,id13,8.213816186,9.231029167,0.01917922959,11.45531751,3.91792757,8.05214749,0.02536709567,5.474321565,4.860825003
resting_mav_normal - C3.csv,resting,mav,C3,38,,id130,0.000001006978852,14.77095132,6.670476749,2.331200046,3.88865587,5.97150079,12.12165135,10.85607793,11.61819633,id130,0.000001630333872,10.5839223,6.108137183,3.782477997,4.314903641,6.468079258,16.77629393,8.21104552,9.398672552,id130,0.000002311627906,13.01493568,8.920411778,3.270434821,7.062275099,4.548599694,15.40415371,7.800098428,9.116339518
resting_mav_normal - C3.csv,resting,mav,C3,39,,id131,1.901160552,1.131709766,13.56175959,15.23717768,9.679972278,16.81064519,7.155555156,0.0001318354518,0.0002516770758,id131,1.701288429,0.6033992679,11.47206165,9.694741162,9.09558769,20.32587943,6.857260191,0.0004041401273,0.001054949857,id131,2.188039716,0.8757614308,12.59225107,17.24341234,12.44464721,19.97972015,6.827087212,0.0007350202573,0.002447984082
resting_mav_normal - C3.csv,resting,mav,C3,40,,id132,3.031828764,13.89818374,4.384043395,20.80516478,4.998978843,18.53403096,11.16963994,9.130557259,15.65372326,id132,1.966173234,9.343086432,3.074813084,16.61972019,6.556033772,15.32678853,11.31124775,8.763130538,16.15335619,id132,4.371581667,18.87801251,8.914110518,22.32585717,12.17419762,22.35697811,17.47857084,15.16544241,29.05408459
resting_mav_normal - C3.csv,resting,mav,C3,41,,id133,11.65797005,7.510684163,9.646632571,4.188944813,11.12443613,11.4547236,3.487110685,5.664759705,4.927613314,id133,9.911050344,4.57409488,8.690058301,3.936462796,7.944863943,8.508872704,1.960454486,7.389384029,4.821747428,id133,11.56180171,6.26506813,7.720042296,4.049105577,9.633477872,8.090656174,3.616425554,8.389565037,4.199529946
resting_mav_normal - C3.csv,resting,mav,C3,42,,id134,9.169259015,8.80447942,15.05726646,12.75612218,12.7845742,14.06736468,12.94372046,14.56989028,9.634588134,id134,7.76947837,7.130517005,11.88232295,10.47094903,9.210515139,10.07891196,7.759170579,10.88411103,3.672484809,id134,8.144362272,7.748565179,10.18379618,9.182464064,11.26804101,13.10437626,8.424104057,10.95293377,11.18599114
resting_mav_normal - C3.csv,resting,mav,C3,43,,id135,12.29572562,15.09981462,12.2580638,14.21899232,12.7725862,14.06008078,9.083094791,11.44539733,18.15415373,id135,11.51568408,13.10761937,12.26341736,11.48653981,11.22774251,12.49760726,9.46709396,13.16164519,9.338302559,id135,17.76525341,22.85180973,14.07995448,17.6144667,16.17325484,18.0610101,11.46648942,20.15304853,21.09202247
resting_mav_normal - C3.csv,resting,mav,C3,44,,id136,13.3684844,13.78899414,14.10561464,14.08754374,12.91150886,9.660037131,4.120976746,8.025833693,11.9487126,id136,12.25657627,11.50095653,12.74216176,12.90163743,13.13904892,8.850924868,4.340931407,7.697110784,11.56416243,id136,20.24887832,16.01770567,17.20899292,14.37491438,25.69758075,15.05159412,7.174382518,13.66087524,30.3520853
resting_mav_normal - C3.csv,resting,mav,C3,45,,id137,8.310725717,13.18887971,0.8632079094,9.877015202,9.592651214,6.714403511,6.250324933,8.669507338,6.308841977,id137,6.410312761,8.363212946,0.3921957407,5.647182841,5.104224909,3.743633631,3.994094819,5.735872202,4.393179234,id137,6.668590426,7.495494392,0.3881106577,7.83095489,5.567149423,3.511505996,4.471723544,4.303982093,4.846051441
resting_mav_normal - C3.csv,resting,mav,C3,46,,id138,16.30888314,16.98855049,20.77844333,18.82143624,18.42012397,14.93871616,8.477701226,14.23587222,17.04501658,id138,14.54604887,15.26947595,12.55166588,12.88967322,12.31878597,13.2362863,6.757375301,13.55640693,15.02835167,id138,14.74152434,17.51064078,19.37658773,18.73091331,14.82266871,13.87802917,9.421287745,15.87380473,14.58648253
resting_mav_normal - C3.csv,resting,mav,C3,47,,id139,17.8517719,20.89193452,21.60709284,20.06476972,17.25442081,17.63914013,16.68431209,20.80445984,14.94000779,id139,14.6883079,15.54929435,17.7137715,18.42195653,13.83504744,14.76035474,11.61014827,18.79616114,16.29269259,id139,14.51519689,15.17585962,19.02537216,20.36314163,16.13184372,18.34800749,21.83418026,26.30288593,21.26132465
resting_mav_normal - C3.csv,resting,mav,C3,48,,id14,0.00007636291867,1.417115491,2.381906206,3.741310493,0.3386540901,2.953822994,5.566910101,3.505017962,0.6692977162,id14,0.0001267023677,1.593244959,2.730513397,3.431907995,0.1883365554,2.06749395,4.768680988,3.480857489,0.6355602261,id14,0.0000636500666,2.339825048,3.571202068,2.724577294,0.3248298731,2.450602577,6.364127504,4.608112059,0.6372358058
resting_mav_normal - C3.csv,resting,mav,C3,49,,id140,15.8670065,15.3359287,16.83758442,14.22516887,13.21787212,13.47860442,20.17703994,14.03509851,7.693821748,id140,13.618288,15.72611887,16.86771469,18.15962,12.56662645,13.11704296,21.89974821,14.72158594,9.416924105,id140,12.55450226,12.33925688,15.73689685,14.25000821,19.17152118,13.78367577,23.68270782,14.82569804,12.22030039
resting_mav_normal - C3.csv,resting,mav,C3,50,,id141,18.11935813,19.96575082,18.36269896,17.95035817,19.22926005,18.90080066,10.09760497,12.18311089,12.94604507,id141,12.73534276,16.46799063,13.39989991,15.41782334,16.34094451,16.27098098,11.91065304,11.48225073,11.17689872,id141,14.05267912,16.3821593,15.30760511,16.41566621,16.86517049,21.78186709,13.22539737,11.54722103,15.16976411
resting_mav_normal - C3.csv,resting,mav,C3,51,,id142,17.32338175,21.21980574,16.02243638,16.04816124,5.613339418,16.1293059,14.01064795,9.363093881,14.52840433,id142,11.98985992,13.04206038,15.0907035,11.02182813,5.841734854,12.86756012,14.23134535,6.750863441,15.33014086,id142,23.75331791,22.62708299,16.25090695,22.49651258,9.314116248,19.21884425,17.43620192,9.547472427,23.46258587
resting_mav_normal - C3.csv,resting,mav,C3,52,,id143,14.56068727,19.77560042,16.95720833,14.86842211,18.48067008,18.44145307,9.027257031,15.41253145,13.9661515,id143,10.42025678,17.02795482,14.74996445,14.329972,18.05781396,18.10725507,9.30296685,9.763356891,16.60388594,id143,14.87263761,20.23290209,16.90509194,19.69862828,16.97253991,21.93886516,11.1705472,14.48734218,27.18579805
resting_mav_normal - C3.csv,resting,mav,C3,53,,id144,17.37809609,13.83201459,20.48429321,17.39371687,21.84007449,14.05867071,15.38237038,8.939520476,14.5091317,id144,16.23702286,15.74627789,18.2292099,17.87354552,20.75162698,14.15580439,14.64055548,9.153217034,18.16925346,id144,21.4970884,13.44822016,20.38864691,19.45676496,22.5698233,14.91989008,23.58901915,7.239732311,19.13943474
resting_mav_normal - C3.csv,resting,mav,C3,54,,id145,16.18286999,16.51113076,18.98266517,13.46465162,15.88370225,10.4633435,12.54306137,10.29078392,16.82905087,id145,12.07749672,20.19808554,24.36542979,12.4755645,16.86125968,12.40032563,13.46479032,11.44001011,16.83003941,id145,15.61745582,18.79616535,17.42038967,11.51845036,22.08048928,15.4932937,17.46789569,11.56882039,21.82129607
resting_mav_normal - C3.csv,resting,mav,C3,55,,id146,16.5285591,12.37471321,17.07787346,12.67035345,13.01525875,17.53559917,12.42439811,8.435047382,14.05469192,id146,13.05518638,12.81917151,15.07113741,13.88769455,8.628598556,16.05549852,10.91274725,5.643746878,15.80247209,id146,11.19128038,12.70555209,13.40132425,12.48533575,12.85266774,17.8625847,12.93704908,7.174926754,20.82761741
resting_mav_normal - C3.csv,resting,mav,C3,56,,id147,10.66321865,5.146231254,11.14418209,5.518581664,9.174948477,11.61799382,6.92992813,2.861474634,14.96768434,id147,8.601744959,5.045226308,8.910243709,5.751706714,11.79774988,12.65370735,11.6606378,4.77059185,11.42873612,id147,19.71038277,7.048499613,23.72748761,8.739414973,16.56485735,25.7127265,18.26384561,6.784704962,31.08903087
resting_mav_normal - C3.csv,resting,mav,C3,57,,id148,21.31401792,15.88222098,11.88914832,13.2729174,14.88846339,14.91232284,15.25124372,16.53054192,10.52922974,id148,14.65672445,11.64643529,7.934286993,9.055710627,9.929348362,12.48785196,9.516064307,14.52064479,13.66323006,id148,14.81789635,12.92994907,7.047596086,9.679874219,12.58634701,12.17224336,11.9056182,19.81453736,11.21472693
resting_mav_normal - C3.csv,resting,mav,C3,58,,id149,18.64419856,15.98278839,15.66155129,20.52949697,21.62737921,18.05658995,16.18069782,16.58910695,14.95266044,id149,19.75865355,13.79982626,13.96593126,20.46433562,18.1598652,10.35662516,11.30967203,15.14955366,15.40420697,id149,20.54343121,15.51205999,15.19228082,21.44806764,17.73368253,10.88147445,14.69516173,24.64839218,17.39746727
resting_mav_normal - C3.csv,resting,mav,C3,59,,id15,4.885735968,3.544335819,5.445857305,9.870920668,10.49371123,7.688023607,16.04365393,11.45829812,9.705788784,id15,2.488949842,2.180658155,5.604531747,6.481376115,8.936985097,6.098558746,9.105472394,9.396731852,10.07285975,id15,3.146101181,2.165011697,7.222742332,7.793950181,13.14495196,12.89677356,11.66058636,8.539776587,11.90162999
resting_mav_normal - C3.csv,resting,mav,C3,60,,id150,9.154295462,14.13533615,14.90518722,7.787904165,12.06727539,18.56406684,20.10552903,12.4835622,26.23634222,id150,8.369034564,13.58556373,13.48531258,9.168739049,10.76966367,12.75058863,15.48737618,15.28080415,19.23361427,id150,12.07227595,13.40332301,15.45655861,11.90188295,10.03534704,12.43978368,18.52964412,12.23143445,22.57921751
resting_mav_normal - C3.csv,resting,mav,C3,61,,id151,12.06367226,20.65153054,16.77051223,14.10013307,18.04946485,24.25635713,23.84355235,16.58826461,17.7067279,id151,7.730523166,11.84557627,12.78710419,10.5544298,14.11453339,17.29207346,18.34498366,12.66039993,11.41990692,id151,7.073047451,13.64169525,16.0872731,13.26512925,15.76083148,22.88394675,21.56832691,14.27960286,13.2712467
resting_mav_normal - C3.csv,resting,mav,C3,62,,id152,1.086672573,4.462876894,11.74244169,11.63996914,0.4751928636,5.157661069,7.307293821,4.938123216,5.237489215,id152,0.5271815214,3.943061856,7.753555376,6.644322354,0.2339973389,3.213023836,4.573260462,3.732964434,4.994389506,id152,0.6013480119,3.615862049,7.983865892,9.711162551,0.1918751374,3.246030464,4.351824098,5.136992197,4.667997589
resting_mav_normal - C3.csv,resting,mav,C3,63,,id153,16.35362367,12.29738777,12.78359634,3.762183097,17.04861973,15.22673029,17.14932352,15.01017557,12.86342059,id153,14.84768319,9.530592881,11.19587072,4.155360874,11.9211921,13.30227227,12.87879802,16.23605666,13.44969682,id153,17.18524932,13.13481472,11.54267623,5.020956266,15.64597,17.98474973,17.81439807,16.09876147,16.53288911
resting_mav_normal - C3.csv,resting,mav,C3,64,,id154,17.55060809,16.04584916,18.23919595,12.05914262,13.86350924,8.464246375,18.95014963,14.76564259,16.7156275,id154,15.94187147,8.805387891,12.49774696,7.509769338,8.837058796,9.994102161,19.512,13.20223616,16.06226121,id154,19.94428896,12.91327368,19.33058472,11.24146688,9.624775529,8.851064026,23.49428318,14.36348098,38.28074072
resting_mav_normal - C3.csv,resting,mav,C3,65,,id155,15.80940897,11.59564595,14.99782939,11.65659117,16.83265374,10.5946637,11.56671019,6.314047777,5.624669903,id155,14.97383489,13.61019596,13.49655868,7.249202934,14.12149272,5.536240723,9.698624481,6.591186366,3.297926825,id155,18.94312889,15.88099702,14.93752688,18.18643252,16.07038193,7.393570048,9.796880335,9.85926641,5.801448724
resting_mav_normal - C3.csv,resting,mav,C3,66,,id156,13.06162342,11.59660614,12.64071996,14.89260018,12.20562959,17.4170327,4.193632152,12.37084881,0.1859462935,id156,8.326709463,9.369894883,9.583064553,9.904683067,12.91670322,16.42706008,4.381945317,10.72616326,0.1420786769,id156,10.82412318,8.553447808,12.30976106,12.37126063,14.47211146,14.719187,4.559799435,11.76522067,0.1718760536
resting_mav_normal - C3.csv,resting,mav,C3,67,,id157,12.53416614,12.95716689,13.78233883,12.61840859,15.02347497,10.82878256,11.84000272,9.922772725,8.523011252,id157,10.25746418,9.37133479,11.25365965,10.66252726,9.820786955,8.422355298,9.013737231,8.183545093,5.200502824,id157,11.71909267,11.80236967,9.841357876,11.03854818,10.55342294,8.24944755,9.327035157,10.05580952,4.627627616
resting_mav_normal - C3.csv,resting,mav,C3,68,,id158,11.82746335,14.9091236,4.525146279,7.607147316,5.081852206,9.640752818,11.35562279,16.95814882,19.12696226,id158,9.00703807,11.43095552,4.052275856,5.664029838,3.686235509,4.761183217,6.423930505,12.97886874,13.33729477,id158,8.966613786,8.689698909,4.859167712,6.938548987,5.311582135,6.961468125,6.991953668,21.0831872,16.60297667
resting_mav_normal - C3.csv,resting,mav,C3,69,,id159,7.706177384,14.56328175,13.13239787,17.63017768,13.78144516,1.385860383,17.88653983,14.37982908,12.61344172,id159,6.842462989,11.81275026,10.9530086,15.26062553,15.82983709,1.103172277,20.90302003,12.36073159,13.205486,id159,9.05122862,12.79473545,14.41223158,13.83891987,13.07547035,1.283754325,21.08184257,19.14115673,10.45265953
resting_mav_normal - C3.csv,resting,mav,C3,70,,id16,10.432912,6.991455573,4.354553041,1.34529342,1.058525583,3.167763071,3.647811662,5.864771306,6.119226553,id16,6.237394026,4.306609905,2.694346219,0.8434037553,1.60257418,3.60213089,3.989842561,7.554604097,5.113559546,id16,8.184607154,6.922261974,4.127834415,1.339813486,2.265149322,5.39414488,5.254757274,9.268922608,6.21802666
resting_mav_normal - C3.csv,resting,mav,C3,71,,id160,10.70492936,12.7640483,11.6144049,13.34686067,6.254608276,15.65671905,16.48967967,10.69247495,18.81533539,id160,8.548539363,11.84244107,10.98692674,14.46748026,5.463877398,13.94957614,16.64156609,8.095695358,17.65078839,id160,9.46003319,17.44744532,15.22788547,15.77401019,6.085307441,16.21547277,22.40191974,11.54323858,35.94860045
resting_mav_normal - C3.csv,resting,mav,C3,72,,id161,11.92577362,16.05711387,10.99691605,17.41607813,15.87419574,16.42822427,16.92173029,9.170414846,17.13640566,id161,8.178391731,9.376552692,9.023142672,16.41444277,14.01535085,14.59099743,12.51216512,7.374420673,15.35917796,id161,10.14616159,17.36410358,10.28498878,16.27011376,20.90518869,19.3832069,13.39250394,12.01192564,22.36849273
resting_mav_normal - C3.csv,resting,mav,C3,73,,id162,7.496578633,9.713937751,11.63389371,4.605699288,11.11269944,12.02298199,15.36597303,2.374479943,8.749435853,id162,6.403556596,8.422941661,9.230174291,5.486194365,15.32538903,15.81336381,21.22102477,2.618855653,4.186810966,id162,9.815276618,12.31337334,13.91691309,5.649849435,7.712523537,15.37315434,20.55246649,3.221363034,6.628497307
resting_mav_normal - C3.csv,resting,mav,C3,74,,id163,14.83934379,17.54912816,9.000393557,9.987782477,14.02069159,13.81814303,15.71380424,9.00542452,11.12300088,id163,16.50423182,17.89253677,11.75973676,10.24413884,17.89987231,15.6934054,16.65662667,12.46776946,14.3797788,id163,20.56147883,23.92496926,15.74382369,12.85948493,21.76310751,25.53542396,27.31743447,11.89913778,15.93249833
resting_mav_normal - C3.csv,resting,mav,C3,75,,id164,8.268199291,6.725588043,15.88901593,18.70726701,14.85093946,13.94836146,14.96291089,20.84606879,17.88610855,id164,6.73007876,4.672755517,13.34538512,16.02248766,14.8787382,9.302799507,11.70122814,14.58675117,13.97818133,id164,6.810907301,4.0286859,16.29798039,11.46852647,16.49435911,10.3332163,11.84262332,13.55596475,17.97854565
resting_mav_normal - C3.csv,resting,mav,C3,76,,id165,20.52176608,22.40003898,9.053423242,8.785589518,13.15444606,12.69533275,1.576355218,11.46667373,16.43154895,id165,16.78285576,13.06560081,7.856811659,8.616750261,9.76870916,10.80336778,1.930781894,8.94058841,12.65153996,id165,20.36184843,21.63636069,15.79187342,11.51891317,15.28557179,16.79915485,3.02419202,14.82217317,27.22716913
resting_mav_normal - C3.csv,resting,mav,C3,77,,id166,19.34647762,1.999475943,2.290617486,4.213919284,18.65311907,0.6060218954,0.5698575866,1.2980034,4.651085381,id166,11.1173691,2.171962076,2.412263684,4.025666812,14.63887541,1.008862006,0.9528205204,3.002515396,2.200432096,id166,14.05642261,3.426312418,4.116601446,3.962660492,15.20001025,1.449669292,1.368275435,5.145556402,4.450000467
resting_mav_normal - C3.csv,resting,mav,C3,78,,id167,17.17601574,14.63455551,20.41286008,22.1634909,10.54230095,20.07396209,18.64443855,13.54026699,13.81336323,id167,10.16345582,10.80604266,16.02909871,17.34717916,7.46183116,16.91740933,14.91771166,12.5504112,11.11978703,id167,13.98541445,9.638333681,14.10371803,17.93138274,10.73102209,12.2546427,14.09890339,10.77340271,16.35035932
resting_mav_normal - C3.csv,resting,mav,C3,79,,id168,19.56294422,18.25753249,13.07415607,16.52294213,20.01713986,21.70905509,10.05555917,15.35934477,13.25836366,id168,17.27263461,13.57892487,12.56085319,13.13650538,13.1700564,18.86494432,9.387846888,15.82995925,14.88373908,id168,22.66790091,14.81327553,17.08663566,20.0318534,23.61337546,24.28222809,17.35397683,27.64299505,16.17084622
resting_mav_normal - C3.csv,resting,mav,C3,80,,id169,20.23447173,12.3448801,4.61166139,5.27986417,9.775862752,2.431087343,6.194471418,1.086975839,6.84677629,id169,17.83716778,9.33424463,4.745214763,4.880061149,3.828605957,1.566901393,4.228276069,1.565974569,8.518311457,id169,23.88729566,17.55072555,4.368596195,7.102739793,8.057764778,2.862970554,9.46818317,2.022893453,9.550232331
resting_mav_normal - C3.csv,resting,mav,C3,81,,id17,10.12851342,4.018927633,5.56698591,0.126143245,0.4776347438,9.038263956,4.332118947,7.947996119,0.06068767204,id17,6.037375705,2.586074024,2.950255318,0.129835294,0.536011937,4.632088729,1.770975268,3.262768412,0.05334761334,id17,7.227158899,2.805497894,2.579433288,0.134184865,0.4997805486,4.871519324,1.97016525,2.940208986,0.0556796753
resting_mav_normal - C3.csv,resting,mav,C3,82,,id170,3.330628774,9.226247204,15.46289439,1.38498143,12.42538636,6.542960162,16.52596353,21.78335722,13.05770046,id170,4.477957849,11.28586153,18.85997515,2.410517237,15.56386526,5.745735656,16.30516733,26.0705198,15.35917688,id170,4.555126424,11.85579618,19.83408293,3.772859138,15.22530082,7.694871961,18.93281265,30.4603431,21.93908126
resting_mav_normal - C3.csv,resting,mav,C3,83,,id18,5.207359305,0.99573202,2.883041947,2.305553214,9.38120768,5.05077481,0.7699319543,0.5572491437,3.677859305,id18,7.730495655,0.5772673193,5.056114313,3.768550242,11.49539706,7.849337104,0.7397480842,2.113930878,4.967628993,id18,10.03967498,0.8987945506,3.280327696,2.259484631,12.22981594,10.22247502,0.7392193251,2.763330904,6.847193867
resting_mav_normal - C3.csv,resting,mav,C3,84,,id19,4.755343664,9.050150557,8.251331992,7.936396724,11.03385439,6.951857304,7.777100553,5.424425125,11.09526297,id19,2.310086874,6.403614566,8.252843396,4.877983089,10.72633497,3.873213619,7.565119622,3.791086584,10.61603948,id19,2.532289549,8.062728485,5.779655164,7.668225473,11.59684904,4.316778213,6.624593649,5.259880363,8.318352658
resting_mav_normal - C3.csv,resting,mav,C3,85,,id2,18.02311434,15.5062101,14.32071191,10.01140555,12.06910128,1.428013954,13.63407694,14.54686624,13.18138217,id2,12.69380053,9.027058727,11.5400777,7.299625372,8.348296725,1.138034813,9.16545565,8.312154503,11.83005971,id2,11.83395263,8.77111515,11.09733421,6.179841248,8.925506445,2.227124157,9.625327905,8.997060186,11.29574292
resting_mav_normal - C3.csv,resting,mav,C3,86,,id20,14.0439288,10.53444388,12.29084739,13.37900166,15.88955696,6.951231649,11.60433292,7.025113576,6.432765062,id20,9.847267007,6.395715631,9.306347768,10.48598323,9.995662168,6.198440029,11.07223954,3.595243234,7.408189371,id20,16.25842364,6.955183596,8.798832546,10.73516842,11.73973139,5.995468082,12.65413999,4.119625796,8.0686608
resting_mav_normal - C3.csv,resting,mav,C3,87,,id21,4.474247106,5.683805411,7.007792882,6.945236444,3.755601187,11.53668682,7.898333794,10.95995237,11.10126382,id21,3.542756116,3.639655922,6.361196165,4.773740439,2.675876638,10.10256751,6.352938859,8.631814432,6.465591848,id21,2.7653522,4.290122044,6.829588129,4.98242969,2.323682627,8.825119743,6.506645303,11.63025305,10.58493777
resting_mav_normal - C3.csv,resting,mav,C3,88,,id22,10.54277785,0.6941669358,0.2085615896,2.67589919,0.2619275108,23.89698953,3.112189378,5.507775085,0.4679941138,id22,6.834712017,0.5915914669,0.1382864824,1.495819339,0.1473985096,12.65347839,2.334648539,2.940032626,0.2532165705,id22,4.450965505,0.4690086097,0.1401271701,2.415265539,0.2283914702,12.43505843,3.424134979,4.574863277,0.3748093236
resting_mav_normal - C3.csv,resting,mav,C3,89,,id23,9.157668581,4.687722494,1.048708237,4.282221942,3.108071841,6.533462892,4.127482046,7.167953665,7.914302759,id23,9.045801039,4.910737261,0.8438068803,2.554800491,2.952003163,9.303922137,1.839402321,6.197613626,7.064617499,id23,10.79342106,5.315941902,0.9804230508,3.284109897,4.304972434,11.04263109,2.269600887,8.794975962,10.56041644
resting_mav_normal - C3.csv,resting,mav,C3,90,,id24,20.09659786,0.0001100376014,19.17508542,16.09201584,0.9828409796,0.0002250099441,11.5491999,12.33673973,9.648318375,id24,19.33446482,0.0002738219864,10.90426724,20.45963457,0.7042933002,0.0004185699716,7.4611384,10.58507809,13.81932522,id24,21.36762249,0.0005503090601,16.21435065,18.59377063,1.429023915,0.0007295008326,14.96789717,16.89523366,14.01155437
resting_mav_normal - C3.csv,resting,mav,C3,91,,id25,7.325358646,14.0112115,0,9.129667786,0.1333281132,0.0002029791989,0.00001837309938,0,0.1026992228,id25,7.04659273,13.59146048,0,9.684659389,0.05882330245,0.0002922389603,0.00002892328073,0,0.09259665891,id25,8.269145836,15.28694526,0,10.08536284,0.06343386189,0.0007455434095,0.00003864423217,0,0.09069440631
resting_mav_normal - C3.csv,resting,mav,C3,92,,id26,9.749671568,0.7683013664,3.802208278,9.730058308,0.09619858712,0.2384504918,3.269451126,10.64878621,5.323755195,id26,7.271043585,0.566061391,3.120345776,10.2044191,0.09199616842,0.2952977552,3.336472826,11.7125528,4.005853725,id26,8.850497768,0.7660685519,3.611754752,9.747055928,0.1040586919,0.1695616742,3.862088867,10.3043295,4.181142865
resting_mav_normal - C3.csv,resting,mav,C3,93,,id27,7.93894455,0.04632112247,20.35600164,7.567563793,13.87588091,8.830780789,4.617016209,14.51279449,5.554458195,id27,6.919193943,0.03876366955,23.98179004,9.638623717,11.52626418,8.844642135,4.046105289,15.13454395,3.769056622,id27,5.704461992,0.03901102522,17.10152837,7.35028494,15.3938167,8.083845544,5.493983364,18.12087225,4.779710667
resting_mav_normal - C3.csv,resting,mav,C3,94,,id28,0.000001722510995,23.90035751,12.91237725,11.0591372,17.59584677,19.62878274,19.53102955,6.102966542,8.734155518,id28,0.000004009784061,17.90771924,9.748701775,7.486200547,11.97062641,12.32950014,13.85815776,5.455516089,6.773254186,id28,0.000008950241215,18.09939667,8.787904856,9.287425279,13.36476621,10.41793926,10.08700956,5.951466175,7.282057868
resting_mav_normal - C3.csv,resting,mav,C3,95,,id29,4.973970226,10.33839076,8.506602729,13.58998829,13.02938852,10.88402567,10.44284159,11.26915131,16.74577792,id29,4.570537843,10.56643551,8.686220251,8.892018358,7.783762201,9.646285583,6.197664987,9.377292501,14.97832368,id29,3.357376911,11.04977387,8.133993594,9.569580518,8.176856881,8.339908264,10.84583848,11.21760739,13.64754712
resting_mav_normal - C3.csv,resting,mav,C3,96,,id3,14.08137389,20.38111475,1.07411003,3.020167818,0.2697692261,12.33150885,16.45890707,13.74490468,9.051708091,id3,9.96106619,14.01859909,0.6148353308,2.407548584,0.1492258485,10.76055898,13.16419547,13.85450534,5.707114975,id3,12.7948903,14.42830857,0.9674556732,2.644001238,0.1986898625,11.49805687,11.60040244,11.28054296,6.975375332
resting_mav_normal - C3.csv,resting,mav,C3,97,,id30,8.945593547,10.35919191,12.33772039,14.54573187,7.176375587,16.12821309,8.352795646,12.01315429,10.0173733,id30,6.706161386,9.213316525,8.502455544,11.98597054,5.689064683,15.77498668,6.195450768,11.0351755,4.41623366,id30,7.257666395,7.605472972,8.652570362,10.47229821,5.552911687,15.38642884,4.005089563,12.86320003,5.262130608
resting_mav_normal - C3.csv,resting,mav,C3,98,,id31,5.809644327,20.57821139,11.56211533,10.50975364,18.74716729,10.11486985,16.25887619,16.85895315,9.275411811,id31,5.548178554,13.38249893,9.551102369,9.516214804,6.332774699,10.39234675,16.03550473,10.67973004,8.119688445,id31,6.061928425,14.933418,10.11669485,16.29237121,8.044670652,11.45054321,14.45840198,13.99879547,8.11201365
resting_mav_normal - C3.csv,resting,mav,C3,99,,id32,2.596513236,7.716883853,4.819276683,0.4509982073,9.550720596,9.872248308,3.0877338,1.523028574,4.053925346,id32,3.367748285,7.721773204,5.862588885,0.187963384,7.521866236,6.290587364,2.799447033,1.619777335,5.014397304,id32,4.45058564,8.936911053,9.493841872,0.2650517298,11.89574047,9.461063902,3.376726735,2.294670715,9.776454846
resting_mav_normal - C3.csv,resting,mav,C3,100,,id33,9.298349215,6.228114581,8.139796363,17.72198898,8.324238594,10.64903169,0.06068841069,6.218704071,13.28037359,id33,5.688334687,4.386225426,3.501003184,20.04824452,6.847849768,13.00315442,0.03046541532,4.883086038,8.181477288,id33,6.539716666,5.549385763,5.201632563,25.33439894,18.22150891,12.05225559,0.03747412703,7.460560243,11.19303408
resting_mav_normal - C3.csv,resting,mav,C3,101,,id34,12.67590389,7.573132923,7.298197843,2.307898311,15.11407199,4.29996317,0.2015241775,2.792531981,8.162168692,id34,7.760930134,4.746116477,4.295463957,1.090739495,6.989524624,3.742696337,0.06814312691,1.565233746,3.595195261,id34,9.884592341,3.744569242,5.809528888,1.359510594,8.376832725,3.61730987,0.1057302235,1.916053071,2.439578565
resting_mav_normal - C3.csv,resting,mav,C3,102,,id35,5.755271059,12.84712073,8.411683459,18.80343768,14.30406816,14.97654066,9.082783757,7.027802182,9.146632568,id35,1.802433011,10.57593711,6.271401002,10.65086882,9.734792974,11.94030574,4.500272614,4.07557981,6.937211815,id35,2.367406206,11.54389712,6.76692315,9.809883552,10.28645156,13.88977435,5.566865522,4.590866182,6.507239611
resting_mav_normal - C3.csv,resting,mav,C3,103,,id36,1.45654354,6.523610786,7.297286654,13.23114787,4.569295678,3.225934125,9.674170426,13.31446392,16.82788734,id36,0.295181888,3.535260364,5.633087646,4.514662204,3.962287978,2.842068443,6.032490865,6.858198966,11.21663482,id36,0.3607465703,4.905633489,5.316794911,5.83740851,4.642797546,5.046347799,11.3359075,12.80799477,11.65523129
resting_mav_normal - C3.csv,resting,mav,C3,104,,id37,18.34320687,16.14772972,16.98512339,16.05427677,3.912692874,7.915948286,0.1949854171,10.37017342,10.92288297,id37,17.95828384,11.35940998,12.5326551,8.607447493,3.558632008,5.666757327,0.1832509496,6.001345627,10.35073329,id37,17.08555269,18.31988072,22.63730596,9.801744047,3.436796542,8.134562965,0.2848607847,9.616497874,11.48352127
resting_mav_normal - C3.csv,resting,mav,C3,105,,id38,3.757485877,2.229542096,8.227554891,16.30063575,14.80899556,2.467275479,1.375829774,0.0001411791559,7.837326244,id38,3.999145853,2.082261902,11.86819262,13.82129473,8.588085058,3.60651812,0.5068718363,0.0002785350118,8.914353217,id38,5.368207149,2.183527068,9.21125524,18.36351892,12.49337581,4.837881838,0.465009818,0.0005960536979,9.756259817
resting_mav_normal - C3.csv,resting,mav,C3,106,,id39,10.0268405,1.879421519,10.72440926,10.31576221,10.9756709,10.02372793,11.88032601,10.97327177,10.48909247,id39,8.553648383,1.663208998,15.94452984,14.80408661,9.555632733,10.12324337,11.19239601,6.603226493,5.853008217,id39,6.983467595,1.784034142,11.68480889,10.2574727,13.04981695,5.166403663,9.921762011,10.09041301,8.133335967
resting_mav_normal - C3.csv,resting,mav,C3,107,,id4,6.674832318,8.243332913,8.784342389,6.773362541,2.15186353,7.886559315,4.799137186,6.033525655,7.663158422,id4,5.80682184,6.466521971,6.587957965,6.097248219,2.595818627,5.876850736,3.381549501,6.726005741,6.405058349,id4,7.23786011,6.049433606,6.338314068,6.06626375,4.427780014,5.886592125,4.837343487,8.787808875,8.213652285
resting_mav_normal - C3.csv,resting,mav,C3,108,,id40,2.112316279,23.91445221,0.0237447493,4.469096208,0.3051306509,6.062853771,11.45738356,4.470949891,4.892733479,id40,0.938542844,10.18220431,0.02502243335,5.655314513,0.2259037421,2.726266839,11.70235147,2.771367003,3.525138868,id40,0.6528134653,26.40208244,0.00955367441,6.189244596,0.2082216464,3.921803818,11.92808373,3.189552573,4.011829258
resting_mav_normal - C3.csv,resting,mav,C3,109,,id41,4.760855571,2.034758576,2.506344554,3.58709805,1.871563148,6.574746448,6.973654681,2.812685401,4.64469186,id41,3.572997436,1.651010155,3.417816196,1.926971447,1.125536465,4.543186918,5.770807037,2.432051656,5.83476268,id41,3.534521698,2.150994229,4.488618985,1.944388694,2.330193517,4.374561094,8.162257256,3.28252305,5.999948658
resting_mav_normal - C3.csv,resting,mav,C3,110,,id42,3.129597544,0.0003596675642,7.81020102,5.296026626,5.096304605,7.631142057,10.71717173,6.799212893,12.30136492,id42,3.865366529,0.0006073385929,6.734111163,7.33807123,4.976450757,7.62639961,15.76215391,5.884643596,10.84265785,id42,4.28029863,0.001623038109,6.370612199,4.90908348,7.30659132,12.35492095,11.96033355,6.429978233,11.41717775
resting_mav_normal - C3.csv,resting,mav,C3,111,,id43,6.538546639,7.655090883,3.963344876,1.000235689,16.42657937,4.728113781,1.994144553,14.62858486,11.19479003,id43,3.429734715,5.338075508,2.33689339,0.7381797657,8.536807072,1.946211469,1.420938119,10.04997645,5.902484471,id43,6.441458637,12.78714634,4.99768208,1.008613891,10.34040367,4.847959612,2.07751945,15.91695718,8.959942028
resting_mav_normal - C3.csv,resting,mav,C3,112,,id44,0.9455142654,1.060676302,0.0003439833245,3.202407621,2.604732266,1.626682187,2.922682425,9.468648291,13.53968589,id44,0.4331066004,0.5523582053,0.0003298417301,1.653687158,0.5694325557,1.673669599,1.170807281,8.193159583,12.67759815,id44,0.5618616994,0.8431562383,0.0003326351031,1.784106926,0.9946689204,3.701093987,2.203103426,13.50800889,19.10000289
resting_mav_normal - C3.csv,resting,mav,C3,113,,id45,2.240337905,9.108451633,11.44221361,8.960513665,7.279926642,4.903929785,16.80123149,7.298104247,14.67538164,id45,2.457370991,11.74357063,8.061389132,5.935108857,8.81767506,5.641226169,9.446646815,8.537283418,10.05658788,id45,3.354498177,13.10896045,13.56508906,7.624956151,8.393539664,8.001594133,17.54687622,9.049816613,14.76405095
resting_mav_normal - C3.csv,resting,mav,C3,114,,id46,15.37677547,6.074698412,10.02709225,2.632099689,10.38535247,0.00001907442505,0.002052574389,7.428565726,10.82362881,id46,7.352971444,3.671100625,6.17232391,3.476906502,5.475690257,0.00002404968104,0.00104401472,4.897555365,7.442588583,id46,13.00544,7.491590679,8.457854713,5.603525857,9.927754228,0.00007608998905,0.002527725136,5.610000108,8.520379339
resting_mav_normal - C3.csv,resting,mav,C3,115,,id47,11.50183105,9.150525899,8.799847756,9.379412821,7.94318986,10.12506452,10.32221839,2.831074405,6.911555966,id47,7.234453041,6.083621654,5.635737448,4.909177362,3.240315774,6.528315208,7.132103356,2.247112896,3.906335202,id47,7.965984636,5.502117456,4.416500464,4.689349492,5.790014547,6.468744933,6.865720727,1.751377924,4.465479369
resting_mav_normal - C3.csv,resting,mav,C3,116,,id48,1.553739805,7.678462487,7.221323852,9.079100909,13.3135467,12.92211471,11.95022806,10.03003958,8.32736592,id48,1.046039606,3.983303823,4.606699047,6.607305476,7.424805526,7.373728282,5.606846067,6.852661044,5.37969763,id48,0.9500425038,5.457294822,5.42380031,6.204935257,8.50936747,7.469345963,7.39488186,5.624049421,6.099463538
resting_mav_normal - C3.csv,resting,mav,C3,117,,id49,11.96144799,14.99763196,20.16934697,8.407191074,11.71972827,12.13723411,8.411065787,8.367043749,21.36974641,id49,7.467373415,10.66428113,13.98670672,7.746196817,12.7482064,9.088835503,4.941132349,5.968357457,14.20845574,id49,9.891068263,11.03121958,16.26096489,6.969665124,14.12800239,8.756801446,6.945022713,7.143928255,21.1951571
resting_mav_normal - C3.csv,resting,mav,C3,118,,id5,4.431853402,0.988712959,6.884647873,2.245492901,1.587812803,4.488121217,4.539707322,3.700238143,2.597153877,id5,3.577929319,0.7466272317,5.733635495,1.398276966,2.420409671,3.947939263,4.5877102,2.705783702,1.794590833,id5,4.179170474,0.8510856492,6.60862666,0.8624512204,3.473451566,4.722565065,7.116840672,4.583696259,2.076567955
resting_mav_normal - C3.csv,resting,mav,C3,119,,id50,9.225055978,9.330932629,14.16868455,10.56781861,9.688515274,2.234486971,14.96466741,19.27738828,19.79021488,id50,9.770101408,9.827727561,14.38859923,10.53564043,7.488048026,1.857384697,8.459993148,16.91232687,17.62268172,id50,10.21048301,7.544235761,11.17604863,8.426632492,9.324939718,1.636707559,9.769313643,18.78363421,23.00705966
resting_mav_normal - C3.csv,resting,mav,C3,120,,id51,3.693454584,9.406539607,12.75031259,7.253547027,7.677520211,8.246020836,5.772074685,5.995395821,17.51947584,id51,3.161129229,6.277093655,9.768973194,5.842861298,4.639617433,5.932203906,4.587442269,6.548639947,9.819764139,id51,3.561039198,6.283424381,9.090845066,5.887844338,5.369843728,7.36492183,3.482942236,6.145607502,12.37515828
resting_mav_normal - C3.csv,resting,mav,C3,121,,id52,7.501080339,2.560398386,20.78865154,12.44358588,18.62349094,6.898290721,8.397205644,20.92390577,27.09767851,id52,6.681747386,2.006012321,16.36840459,11.93321467,12.44059614,4.963607356,8.13698122,18.68415629,21.99539811,id52,4.882771951,2.013291121,14.7374385,11.46669773,13.6805116,4.778189488,3.919401415,14.18183961,14.15500948
resting_mav_normal - C3.csv,resting,mav,C3,122,,id53,12.70887594,1.050301517,10.4713524,9.453856413,2.166177929,0.00000009645088873,9.390942443,0.00008069913558,1.204377671,id53,9.558202638,2.343760776,11.36452287,7.942052143,1.44407798,0.0000002177714147,5.251102463,0.00005379395618,0.3587467906,id53,7.494008371,3.05490862,10.96519266,5.722156681,1.00422154,0.0000004733215545,7.220243294,0.0001060385747,0.4765899684
resting_mav_normal - C3.csv,resting,mav,C3,123,,id54,5.96824063,1.777587695,11.26417213,19.99770134,18.62005169,17.24168415,11.02763866,13.09233393,13.66620971,id54,6.705600606,1.274950229,7.624029971,21.21023144,13.32391742,14.15289466,11.06693324,11.27341285,12.9522295,id54,7.615971572,1.39513114,14.42965234,27.0394751,20.09779127,20.60422226,15.34972121,13.08803934,15.03231141
resting_mav_normal - C3.csv,resting,mav,C3,124,,id55,10.01802761,4.242443781,18.29382898,6.78289963,8.012585949,17.29646618,16.91699057,16.4386882,14.56131516,id55,7.244065568,4.440708041,16.40451458,3.487476122,8.083158915,13.19539872,16.11932397,13.8741799,13.46471709,id55,8.299327473,5.455144998,27.15406161,6.087169909,9.826752007,18.80899728,20.28286788,17.10462291,23.76795511
resting_mav_normal - C3.csv,resting,mav,C3,125,,id56,10.9089708,1.352753292,1.938846251,0.1871623067,9.1880947,11.79821823,11.07392022,11.28564095,1.772884825,id56,6.347114582,1.767850736,1.662608277,0.1706366988,7.213133388,7.915395537,6.772826373,9.453429407,1.77940605,id56,8.677253451,3.089191444,2.491307953,0.2417227414,11.01902575,11.36601539,6.314058538,15.26756013,2.515213676
resting_mav_normal - C3.csv,resting,mav,C3,126,,id57,8.365956239,8.334622496,9.380391118,10.96265946,12.73919419,11.37889677,5.905715469,14.00221954,18.57934763,id57,6.907473863,7.185661356,8.897647917,8.224948577,8.671549356,6.024774051,4.622867938,11.84011425,13.24066107,id57,8.321847529,8.084678548,11.22255189,13.26155875,10.62856828,7.035185312,4.594218809,14.75202508,14.37561889
resting_mav_normal - C3.csv,resting,mav,C3,127,,id58,11.34537487,11.60865976,6.193002149,12.73380111,10.28548671,5.398633525,6.784908411,6.860830734,3.653934968,id58,9.61951781,13.5260546,6.426383905,9.987953308,9.87250357,4.809285923,7.197030766,7.307453573,3.672884625,id58,12.82933617,10.38622462,8.391567978,10.18007631,14.72820103,6.057217364,9.897764232,10.71977589,5.957545662
resting_mav_normal - C3.csv,resting,mav,C3,128,,id59,14.01481074,10.36510348,13.83020225,9.909706582,14.08157587,2.573247119,10.28193197,2.293277251,15.76712423,id59,11.92822192,9.385552268,11.87626532,6.785555082,11.56646145,2.873378012,9.298783109,3.347894995,11.4037377,id59,14.56418459,12.46597951,19.76386316,8.263558756,11.6948171,3.23351213,12.30168411,2.323262482,16.18146235
resting_mav_normal - C3.csv,resting,mav,C3,129,,id6,3.610672754,3.370693421,4.05181458,3.380237993,5.127165612,6.22416249,8.902888701,4.655460832,3.186268859,id6,2.612354572,2.859984954,2.521703313,1.617804536,4.474648593,6.705423612,6.578978571,3.235761091,2.25442397,id6,3.138260777,4.294709929,2.418546644,2.925469062,5.571082456,8.778311485,6.476244857,4.849020829,2.338914845
resting_mav_normal - C3.csv,resting,mav,C3,130,,id60,11.10435309,1.469470299,17.84003195,18.88761523,10.12342822,11.47103406,10.55092729,15.91081504,8.972439056,id60,9.909570853,1.616899322,13.17964926,16.12878699,7.384677121,10.97746688,5.898304972,9.886791114,6.257084819,id60,10.76068018,2.106519533,12.02855811,18.08387264,8.058787068,10.67811099,7.278880741,15.38109114,12.07293109
resting_mav_normal - C3.csv,resting,mav,C3,131,,id61,22.4412854,20.72122209,11.62452175,20.13850153,18.47540392,21.31351656,23.47408758,18.03423123,21.35829718,id61,17.46010753,15.53614268,10.61468084,17.92827985,15.65191881,19.58413907,18.29003117,14.904893,14.30439412,id61,16.99457622,15.85992449,10.91607842,18.41555983,13.00525934,16.097547,17.4845253,18.11136868,19.04896875
resting_mav_normal - C3.csv,resting,mav,C3,132,,id62,8.208174717,5.517192967,10.93442061,1.810262351,1.081571199,14.7691993,14.259318,9.080897799,2.258330841,id62,10.40931863,6.864258254,14.05464353,3.270414543,0.648653879,9.980213945,11.57220795,10.98928692,1.766622575,id62,11.92814927,7.123887762,12.32766363,2.694961724,1.051126279,17.79740475,12.71788679,11.99161066,2.589528323
resting_mav_normal - C3.csv,resting,mav,C3,133,,id63,13.03199716,4.484739317,5.736680944,0.000296524109,14.29198306,9.318056472,2.140910301,17.3744649,2.31120291,id63,9.72111305,5.073995848,8.13111927,0.0008205224649,14.78415475,6.356151863,3.568888636,16.64510258,3.0627361,id63,15.49622728,7.921851333,8.778977471,0.001487793064,15.26036321,17.50616409,3.848931537,21.36094551,1.812419909
resting_mav_normal - C3.csv,resting,mav,C3,134,,id64,12.97771767,29.23683546,8.075170291,20.05680967,12.82700797,5.911173607,12.93616283,12.03528996,15.65892318,id64,9.513213601,17.63607691,8.406149598,13.63518595,11.58726439,9.068829466,11.66142948,10.20046442,15.60050693,id64,24.94483219,41.69395803,18.58604662,30.32080483,50.51947031,25.6068522,33.18514124,10.06727982,31.5922447
resting_mav_normal - C3.csv,resting,mav,C3,135,,id65,9.721869877,3.336619621,5.411549158,10.81187656,9.891336083,19.35998586,0.00003864351462,6.651944125,9.240901896,id65,13.12445229,4.912110821,4.518672523,9.341144009,5.905285414,11.41979896,0.0003556505618,6.632467965,7.82753174,id65,21.63834784,6.87543154,6.099113017,10.69220417,21.93235643,18.92136955,0.0007925876371,7.712319216,10.81128087
resting_mav_normal - C3.csv,resting,mav,C3,136,,id66,18.40981342,12.70068682,4.564696982,9.036244753,14.44867893,17.6166399,14.32485391,8.267588648,12.38410468,id66,14.40920376,10.70607241,6.639047947,8.979248771,8.119014491,6.576049932,6.912429074,6.982365885,8.673196027,id66,25.34937185,43.36344673,17.54061212,22.65125885,20.53993294,37.43148485,31.90407281,19.59615708,16.52501848
resting_mav_normal - C3.csv,resting,mav,C3,137,,id67,7.009788173,0.05099323946,1.283790231,0.8368045937,1.53484131,5.700852871,0.0578719969,4.171019145,9.826879216,id67,6.573190021,0.02787493691,1.312318903,0.5454738628,0.7746406998,7.010151556,0.06236900144,5.311367214,9.57950944,id67,6.866285501,0.06158616469,0.9550094897,0.5856704019,0.7265490361,3.01567461,0.04239904369,5.142367609,9.415685152
resting_mav_normal - C3.csv,resting,mav,C3,138,,id68,3.47191673,3.765612843,3.780844029,2.600081044,3.060714565,12.6839242,0.001993105803,2.673857082,13.04568646,id68,3.191484201,1.643409256,2.185898679,1.572886291,1.765973058,4.21633422,0.001136898314,3.188116963,4.260698987,id68,3.087963527,1.858867441,3.37334571,1.848298525,1.816292961,5.992246922,0.001193078795,4.177326404,5.203789902
resting_mav_normal - C3.csv,resting,mav,C3,139,,id69,10.32567061,1.605953718,7.203580399,11.12291979,8.356224173,5.826086914,12.13380554,8.736500553,6.098177261,id69,8.40517062,2.963314322,7.907806677,4.628167788,8.580645701,8.653636048,9.697875702,8.519983753,3.798601925,id69,6.714995125,2.863117419,6.600369371,9.736761854,6.918531778,16.84343057,10.22406931,10.71250668,5.529696567
resting_mav_normal - C3.csv,resting,mav,C3,140,,id7,4.123660772,1.969418697,1.652707193,1.410863669,1.816500538,9.455092814,0.7980887058,0.8584992402,4.331347674,id7,4.180602396,0.9240510725,1.284046331,1.038858665,4.443923294,4.08010773,0.4152971404,0.5185370225,4.873904713,id7,4.274873619,1.654135661,1.744971932,1.054831747,6.001813434,4.38858931,0.4506712975,0.7303611345,6.35113827
resting_mav_normal - C3.csv,resting,mav,C3,141,,id70,0.06508925173,0.2452071108,8.271409488,1.431101204,0.0002408870033,0.4058595637,4.446908329,6.290686691,4.999624618,id70,0.01495978342,0.07262582256,4.271095233,1.041724338,0.0004412983682,0.3904645024,3.246297913,4.305273209,5.079751396,id70,0.03620776697,0.2421618024,5.455786643,1.60797875,0.001150815338,0.5829508162,7.955465383,7.21112127,7.973586641
resting_mav_normal - C3.csv,resting,mav,C3,142,,id71,4.00682247,9.626121312,6.591429747,1.34115622,6.141228476,6.21766006,3.934399767,0.06010104159,5.854754004,id71,3.189734155,6.917516239,7.951188633,2.111612384,8.122691581,12.00460162,5.606728831,0.05870635645,5.076787399,id71,3.267392274,13.04212857,6.04015748,2.682027264,11.71097549,9.4729224,7.478601257,0.08106646847,6.854538899
resting_mav_normal - C3.csv,resting,mav,C3,143,,id72,5.617437561,8.455353315,7.770722383,3.683843933,9.959179263,8.293832804,10.71991057,11.27937523,7.96719952,id72,2.623641279,8.263277722,6.339483084,3.554736516,11.12369918,8.322702171,7.498778701,6.971697491,6.510753658,id72,3.537585283,7.94457362,8.41526968,3.300001115,13.04250251,9.374091098,10.84975693,7.606696225,9.777405624
resting_mav_normal - C3.csv,resting,mav,C3,144,,id73,12.53284218,11.54200606,8.661747402,9.406081211,5.067429347,9.645406779,10.57534813,16.91736308,10.7223141,id73,9.396797651,8.069277897,7.775743106,8.08534471,5.993205444,8.279474326,7.944373194,10.80614503,5.436940429,id73,11.60927556,9.82694809,9.428055413,11.69120861,8.224379515,8.683648152,10.65015803,10.2107523,9.044872822
resting_mav_normal - C3.csv,resting,mav,C3,145,,id74,5.178283712,5.601846839,7.637702772,6.918704462,7.401476846,9.425064691,7.562906326,7.210399284,10.08393106,id74,6.010724113,5.251837817,6.958363523,3.406688412,5.548834215,7.758318026,7.592760924,4.942645379,7.60467968,id74,6.18507321,7.246650739,8.290394089,4.637804856,6.309207956,10.60542037,8.573646424,5.924372992,9.860003074
resting_mav_normal - C3.csv,resting,mav,C3,146,,id75,5.447653372,8.74169367,9.292292527,10.89626928,4.073854804,1.046428707,4.809152898,7.742281153,6.798151207,id75,5.632005031,7.125640392,6.170580521,6.513394887,4.449510211,1.735317898,5.505617485,5.673131082,5.2937098,id75,9.75092478,10.57532753,8.648540771,8.88823714,5.015787904,2.482691444,9.268748401,7.766141694,6.203147313
resting_mav_normal - C3.csv,resting,mav,C3,147,,id76,6.07358389,6.693925411,1.024781833,3.633561305,4.02179781,6.242944583,5.271451009,1.099809271,8.19511034,id76,3.753518017,6.93680868,1.702884527,2.467606232,4.180361775,6.100680415,6.345635661,1.357164012,8.001461699,id76,3.827049263,5.436537244,2.438078178,4.830775328,5.496037532,7.603213046,10.8206646,1.799043336,8.462481307
resting_mav_normal - C3.csv,resting,mav,C3,148,,id77,7.146431468,11.10155672,4.264510868,5.734806644,4.084622988,3.855445294,4.238345472,3.452700577,4.167842065,id77,5.959080469,9.831904182,5.128374653,4.779804765,5.019584786,4.750004526,4.831047862,6.237128552,5.859636165,id77,12.88045764,12.51989256,6.542676752,7.548222957,6.794292803,6.681360014,6.626244713,5.728601115,5.566701976
resting_mav_normal - C3.csv,resting,mav,C3,149,,id78,5.865202377,5.464280338,1.919522127,3.201532614,0.0001215109402,0.000283108155,0.7301687847,3.624217998,2.21054531,id78,4.154745626,4.117836678,1.222145203,2.236722795,0.000119137066,0.0003291039988,0.5124422596,3.100109033,2.239573188,id78,7.139433506,5.195414539,1.36171866,6.376934015,0.0006832179528,0.000967101145,0.6761883559,3.535685097,2.914485471
resting_mav_normal - C3.csv,resting,mav,C3,150,,id79,14.66925415,5.536493184,13.74553075,9.30917205,10.84135932,8.275623104,5.540486289,6.727476081,3.233073344,id79,12.85827842,5.316724712,15.20738151,10.54407279,11.58080743,7.601267304,6.404194291,8.664974239,3.681674536,id79,18.42653867,5.870369334,19.42672528,14.82872667,18.15430211,10.7912388,6.431720227,12.65950243,4.841906605
resting_mav_normal - C3.csv,resting,mav,C3,151,,id8,6.261172496,4.278487354,,1.874798295,7.786836934,8.326032669,5.052950254,5.007124978,16.14651311,id8,6.732919362,3.651002871,,1.55749268,5.329447354,4.287834872,2.960856465,2.897783439,9.988430623,id8,10.905972,5.174188725,,1.364758661,6.165808611,7.111055837,4.177595665,3.731524276,8.827176136
resting_mav_normal - C3.csv,resting,mav,C3,152,,id80,4.29755391,1.189208643,1.651417933,5.103587973,9.392361709,15.57438711,1.235395355,0.5144405571,1.771121042,id80,6.489468632,1.970599242,2.488915763,6.374414123,6.25661894,9.3562954,2.052630668,0.8595269253,1.977877357,id80,10.41672728,2.790805943,3.502281639,8.434552268,15.745484,27.89865997,2.886017077,1.233670997,1.639873598
resting_mav_normal - C3.csv,resting,mav,C3,153,,id81,2.230831941,0.02684722529,2.681313689,0.000563425246,5.793314261,1.178612952,1.589140293,3.613624841,4.758845674,id81,2.212332865,0.02434127598,2.290102043,0.0009793893402,7.22377761,0.2111506724,2.436856157,3.553882067,7.043110987,id81,2.90155892,0.02503739849,3.233175749,0.001262226785,9.70336843,0.3096735987,3.633959077,5.986227957,9.70888869
resting_mav_normal - C3.csv,resting,mav,C3,154,,id82,3.836136439,10.64605772,8.939643398,6.343187691,18.32581714,8.154149933,8.689586965,8.234362607,2.395997081,id82,4.537218625,13.69967695,11.18408453,5.605617201,9.976220665,13.66908587,6.44700956,7.622272697,1.425159106,id82,6.399933272,30.64891817,15.48157089,7.622792984,43.39073472,13.54053601,10.41219947,7.873820226,1.114557353
resting_mav_normal - C3.csv,resting,mav,C3,155,,id83,10.9467503,6.253127678,5.412253461,13.58371531,8.464918139,1.75860807,3.83238148,12.47083197,6.04381337,id83,4.512685497,5.960334003,3.47262175,6.945425233,5.324435046,1.876294582,4.306620627,5.978513788,4.988477345,id83,6.408789339,6.399380797,5.347550694,8.106705955,8.928456143,1.896511274,5.029914157,10.46488427,6.049586785
resting_mav_normal - C3.csv,resting,mav,C3,156,,id84,11.48502818,3.618964639,5.369129167,7.510809685,7.601894252,5.086389002,9.029143949,6.693949331,4.821868305,id84,9.103223736,4.118182671,6.414693566,5.514261762,8.997872608,4.96285264,10.84947952,7.705157122,5.33143238,id84,14.66530389,6.325962099,7.142437921,10.37117067,10.60800801,6.417924565,12.0196331,11.63972219,7.055400929
resting_mav_normal - C3.csv,resting,mav,C3,157,,id85,11.64373962,7.85991468,6.281673072,0.9489812335,3.919420228,3.377155363,7.571334384,2.038157395,2.9812915,id85,9.439698395,7.871106186,5.601449932,1.463911332,3.362102473,2.589623158,3.62865707,2.844291223,3.193672091,id85,10.85219547,11.7932467,7.667644976,1.654159514,4.171952187,4.046482796,3.964551127,3.870113359,3.538255444
resting_mav_normal - C3.csv,resting,mav,C3,158,,id86,3.522078759,11.76703204,8.686244646,10.60904788,5.957409383,7.864854951,12.73741401,7.971703571,14.74097655,id86,3.102309838,12.41642043,6.54520559,6.946951147,8.636984968,6.955409941,10.03982075,8.149083569,15.64678588,id86,3.538379801,19.28325792,12.13628602,12.92919936,9.467623453,8.646616858,20.70828942,10.06015428,22.69293089
resting_mav_normal - C3.csv,resting,mav,C3,159,,id87,7.773597601,6.626392756,4.733259083,6.503222248,5.311136571,7.518471055,12.18058471,5.527106564,6.819181219,id87,6.132036097,4.751700112,5.602748309,5.13902351,4.213222422,5.912355633,9.477340421,4.884658786,6.268211403,id87,8.751244397,8.065330028,6.247649607,9.811257169,6.173521888,6.79295368,12.56265684,5.810077617,8.008535102
resting_mav_normal - C3.csv,resting,mav,C3,160,,id88,9.050347643,7.756443618,13.26450769,8.300179974,8.833543818,6.649008091,14.65856614,16.92265644,4.313913764,id88,9.237896081,3.422793186,11.88395446,8.760849737,11.12611268,5.932676415,8.903296222,11.01596815,5.574152353,id88,12.20695568,4.527924026,17.03058881,13.08721618,10.35057671,7.066558816,16.79189374,13.68661413,8.094467555
resting_mav_normal - C3.csv,resting,mav,C3,161,,id89,0.6609513837,8.525257957,1.783063009,0.0002236221695,0.0002339914076,2.039436313,10.27497454,1.197187171,7.345855043,id89,0.5839040134,9.536615846,2.694700242,0.0020362763,0.000472767162,3.205465933,11.44921976,1.895894797,7.929195781,id89,0.7433309818,8.235025318,3.786526456,0.004821317282,0.0008075861323,4.530878102,9.531652287,2.700893219,11.86461774
resting_mav_normal - C3.csv,resting,mav,C3,162,,id9,5.267214974,5.97359351,10.49981926,13.34954326,3.47899317,4.312402383,3.237977153,4.676702845,10.39822739,id9,3.717606389,5.354991097,6.312086357,9.358521052,3.03194507,3.935481314,3.185573139,5.96262996,9.479832658,id9,2.08391793,6.675610781,8.751116718,10.53252867,3.181177437,5.383755051,3.789391583,7.238116692,9.526730733
resting_mav_normal - C3.csv,resting,mav,C3,163,,id90,20.09468349,16.37651201,10.18916844,7.361995581,3.426196537,2.875419561,0.6618520917,6.530901764,1.132846427,id90,12.08580812,8.922886683,7.201730991,6.112039251,2.782436354,1.099422847,0.4980383383,6.455320863,0.5545961044,id90,13.90507052,17.65796381,8.686774694,6.897694802,3.901729381,2.78828745,0.4797367573,4.514277492,0.5733581262
resting_mav_normal - C3.csv,resting,mav,C3,164,,id91,0.5631441904,0.005675178397,2.950190364,13.15089004,0.3053087161,0.4193064669,12.50189152,6.387618257,2.599911572,id91,0.345474913,0.007870434147,1.994056309,9.391355581,0.04697181258,0.1956618147,10.54431483,4.127824536,2.813864315,id91,0.413349802,0.01143254038,2.413011961,9.822835373,0.05470615645,0.1401301102,20.05470655,6.884977462,4.37876625
resting_mav_normal - C3.csv,resting,mav,C3,165,,id92,14.69746389,7.235504424,12.05817367,20.42694508,11.02463772,17.71148495,17.08518719,0.5866112724,10.91645854,id92,13.39560891,8.674537202,12.43888896,7.312217264,9.462739166,16.67950118,9.893181055,0.2968058972,7.940196465,id92,10.87103951,8.484250161,10.92228423,14.18503957,11.47926861,14.08030543,18.16550519,0.2846062205,9.668556629
resting_mav_normal - C3.csv,resting,mav,C3,166,,id93,23.6824213,18.80478342,13.46688475,12.56680784,31.44162454,13.17721844,21.40326639,20.35697264,6.599633288,id93,27.78398266,11.11539903,14.2713341,7.908736434,26.08663166,16.99527035,23.70955086,13.65525812,3.827237343,id93,25.71768087,21.3268941,14.71643571,13.73515286,33.60465056,29.63992277,25.18259569,20.79192353,4.623116974
resting_mav_normal - C3.csv,resting,mav,C3,167,,id94,15.29326254,9.857170293,4.527788856,6.226224388,6.459749604,10.08444905,4.678383527,7.786229525,12.40842159,id94,5.814747582,8.045794467,4.085511059,6.977761663,7.236958125,8.489986282,4.455882466,6.737367199,6.863943356,id94,7.486592722,15.01864292,6.392637239,6.087759856,8.387246148,10.87774861,7.546641993,9.562728437,12.81769545
resting_mav_normal - C3.csv,resting,mav,C3,168,,id95,6.663415008,2.96341458,4.928370704,4.846383556,4.841652292,2.134292324,5.357493048,4.120318601,7.154210713,id95,6.225127036,4.169133417,5.579612716,5.146436291,5.273470768,3.588919393,6.247386287,4.748496622,7.814325936,id95,8.298743237,5.261603098,6.705437998,8.185485717,8.312190728,3.770937668,12.54419554,7.041882823,9.935614002
resting_mav_normal - C3.csv,resting,mav,C3,169,,id96,7.528290112,3.354858089,0.5641380746,5.743439221,4.652473002,1.402052357,4.85461726,6.407620874,13.34923937,id96,4.974884077,3.489748889,0.5217855534,5.321278728,3.620628493,1.124913017,4.957879769,5.146900375,10.653009,id96,5.116063989,5.956311593,0.84650407,7.231355844,4.697099402,1.041562805,6.608948229,8.866153684,17.56287058
resting_mav_normal - C3.csv,resting,mav,C3,170,,id97,7.61590259,2.188348354,7.411726953,6.256865358,9.342263467,0.3425230108,8.680675665,4.73664934,6.620481348,id97,4.784221322,2.285862789,4.799063476,6.030458249,7.012195265,0.5635687463,7.972604977,4.559894728,5.773374827,id97,5.766391837,2.544655846,6.397618274,6.029008621,8.638170642,0.8038926432,8.684056093,6.176700194,6.141553499
resting_mav_normal - C3.csv,resting,mav,C3,171,,id98,5.630662235,8.967554473,4.971259357,3.305511687,1.289490914,5.119357226,3.437566906,7.705021685,7.474429512,id98,5.669891838,7.701799461,4.441429019,4.103002542,1.099683271,6.369976538,3.921095477,7.486439152,7.557761007,id98,6.600562367,8.297807614,6.246337045,4.789518672,3.014911127,7.723106296,4.959842678,11.3480403,10.4255369
resting_mav_normal - C3.csv,resting,mav,C3,172,,id99,16.98152472,8.248535725,16.66202512,15.17717619,6.798850518,3.990235195,9.370670826,11.10170786,6.769450985,id99,11.97029908,6.543858069,8.077022955,6.640732592,5.805888402,1.497467204,7.695964439,10.60652646,6.680212501,id99,12.62004954,7.2253788,28.54812451,15.66873329,8.293288543,3.212461734,11.972791,11.97122944,11.39395686
resting_mav_normal - C4.csv,resting,mav,C4,1,,High_Beta,mav (µ),,,,,,,,,Low_Beta,mav (µ),,,,,,,,,Mu,mav (µ),,,,,,,,
resting_mav_normal - C4.csv,resting,mav,C4,2,,ID,scenario1,scenario2,scenario3,scenario4,scenario5,scenario6,scenario7,scenario8,scenario9,ID,scenario1,scenario2,scenario3,scenario4,scenario5,scenario6,scenario7,scenario8,scenario9,ID,scenario1,scenario2,scenario3,scenario4,scenario5,scenario6,scenario7,scenario8,scenario9
resting_mav_normal - C4.csv,resting,mav,C4,3,,id1,4.15143153,6.775944248,4.488198155,2.020131772,8.505770718,0.89032942,0.9024662309,0.03230691442,6.898365889,id1,2.680948701,5.739713728,2.962759234,2.16241275,3.475707858,0.6285964865,1.111426619,0.04042785248,2.597264789,id1,3.282657196,8.009283497,3.263121196,2.206693704,5.100157777,0.8068075113,1.908975018,0.04088872152,3.428827349
resting_mav_normal - C4.csv,resting,mav,C4,4,,id10,4.659582753,4.74606043,12.44499121,3.50629349,13.07181525,10.06002046,0.5175424972,7.418422184,16.49124238,id10,3.465740841,3.556375771,8.427635524,2.524986489,11.97305934,7.187616436,0.1719908076,5.187677782,9.822135908,id10,3.809741639,3.905196993,10.00659774,2.590152649,17.75548491,12.42086252,0.159634419,7.999669581,13.03772513
resting_mav_normal - C4.csv,resting,mav,C4,5,,id100,18.43072164,11.53175378,13.98989426,15.69765066,9.510478751,12.28271946,14.43458498,13.84755361,4.080605344,id100,18.59214363,9.641276963,16.31211479,13.78802324,8.272595486,14.73954945,10.55089378,14.87452514,5.493498605,id100,23.30238013,11.99519242,19.99397768,19.00881112,11.80562407,17.2218211,12.10274417,14.40519585,6.262740399
resting_mav_normal - C4.csv,resting,mav,C4,6,,id101,11.66835259,11.57276485,8.615093837,10.7067872,13.06361395,16.25626094,13.49195839,19.06644058,18.55159327,id101,7.308417162,9.064819958,5.471320262,7.561531794,8.844797887,9.229935734,7.811964687,12.48478015,14.61273186,id101,10.71261523,12.30267597,5.194826516,7.668701514,12.18862492,12.9402765,8.380020081,16.99781237,22.03944617
resting_mav_normal - C4.csv,resting,mav,C4,7,,id102,22.20974499,15.92524953,17.68638657,18.02903251,18.96873745,22.43650801,20.06360777,18.70680287,16.14190684,id102,23.45444265,14.35740324,13.06821058,12.3508929,13.80233431,14.62955138,13.38660019,11.55595152,11.72844351,id102,17.4629221,16.80366455,18.91679755,16.35420839,15.83950901,13.59006034,15.2016097,15.45523359,12.43582565
resting_mav_normal - C4.csv,resting,mav,C4,8,,id103,7.965337423,9.227147852,14.35539533,9.412646742,13.33110048,17.21974081,17.57182882,8.811393753,11.03097668,id103,8.488259626,12.91482927,12.77124239,8.968034733,13.18337139,15.28354632,14.75226771,8.749159352,10.81599306,id103,9.262623895,15.10164045,20.40490392,8.952971086,16.58411663,27.29732775,21.85250033,10.37294876,16.86512095
resting_mav_normal - C4.csv,resting,mav,C4,9,,id104,15.32639744,13.91343497,12.42727444,13.07753132,4.219532132,7.418222383,12.0399236,9.650390454,10.15938902,id104,16.37839984,11.04288664,16.57490915,14.89555789,5.183711648,10.93803058,11.42397697,9.046265332,10.93780241,id104,25.33438401,21.34609555,20.09691789,18.03506517,6.923924663,14.53476034,26.29785564,17.54162694,13.99804131
resting_mav_normal - C4.csv,resting,mav,C4,10,,id105,9.675321196,5.742335433,4.111195715,9.670859128,12.56081564,15.40042841,11.49225981,15.34832121,16.92420282,id105,7.261910035,4.183309718,2.878761966,7.217014634,8.113747033,10.2953073,8.836090883,14.12373767,14.83103518,id105,6.733078359,3.445326554,3.638450535,8.066270361,10.05560612,9.584373889,10.3874966,15.91503339,14.4936028
resting_mav_normal - C4.csv,resting,mav,C4,11,,id106,7.525473538,1.448673523,4.990025008,4.455842072,9.867463336,20.07272092,16.87819382,18.75165901,4.062270911,id106,7.2526223,2.869759077,4.880188842,3.482358682,11.54534371,17.2470123,13.08363759,13.75351096,4.01854257,id106,10.0789394,3.362273987,4.24574016,4.532773611,8.575990146,15.77656417,17.64846064,17.04027136,4.323553088
resting_mav_normal - C4.csv,resting,mav,C4,12,,id107,18.05716611,17.76157212,15.00799139,17.71114597,19.41299515,15.32876624,17.07634926,13.51425955,16.98923987,id107,14.25130085,13.79281496,13.66842996,15.55607379,18.01488318,16.55141688,15.52038772,12.13024375,20.03534622,id107,22.17295126,26.7387938,14.83178237,22.50172999,20.95664548,21.91250022,21.6362766,11.4961706,21.74693733
resting_mav_normal - C4.csv,resting,mav,C4,13,,id108,17.17516587,20.20000364,8.751162356,13.00705286,16.52619094,16.23911305,14.91159456,17.97579638,15.10099201,id108,12.58307625,11.34338994,6.207812141,7.167470023,11.670025,8.43420603,13.07095965,11.06543228,11.71377007,id108,12.2120758,9.557608049,6.001077117,10.59431364,12.65031895,10.61993913,7.931841571,13.39700484,11.89994412
resting_mav_normal - C4.csv,resting,mav,C4,14,,id109,15.98927918,14.87738384,11.75823755,7.821756969,11.59393794,13.15729071,16.01606389,9.695611946,9.952981201,id109,12.84896839,13.36050747,12.0956087,10.91378929,9.419253984,12.36832133,12.4203574,8.569529753,9.065144695,id109,19.16833162,16.85536829,13.64995431,13.29148685,13.29546852,16.31641801,22.79627596,10.63620038,11.92025984
resting_mav_normal - C4.csv,resting,mav,C4,15,,id11,18.5674511,11.78465686,1.475691102,0.04642462494,9.112036402,20.14218358,9.235121837,13.88891242,7.124544903,id11,15.45737167,11.6666823,0.9843738214,0.05602089844,7.103296378,12.25543543,4.316176051,10.61021026,2.246995806,id11,25.91739312,9.678620293,1.234075211,0.09475788176,8.296096802,23.24139853,7.704435929,19.15881849,2.504637241
resting_mav_normal - C4.csv,resting,mav,C4,16,,id110,4.141233866,6.237033032,18.11170183,10.99321826,7.967084715,9.438762778,5.007689332,23.51846004,19.54801733,id110,3.048244484,5.262218576,19.08008336,9.867069103,4.91018385,7.180324323,5.56769875,15.24199488,14.24118546,id110,4.236449089,6.302322902,15.87345259,10.438453,6.624595711,9.007407565,5.205805885,22.53536078,21.92463677
resting_mav_normal - C4.csv,resting,mav,C4,17,,id111,9.649803878,2.483234231,14.40722787,8.486326513,12.68647554,15.48874967,10.87098498,16.23334313,15.52674071,id111,6.037065053,2.00172874,7.714391262,5.821120682,7.890977373,12.25912691,7.067973171,8.38375935,9.633824365,id111,6.234626936,1.766387389,7.961256295,6.37090083,7.326302632,13.79323632,6.556907894,10.3472227,9.277813863
resting_mav_normal - C4.csv,resting,mav,C4,18,,id112,0.6281767996,5.791548877,5.255980094,16.81263273,10.46728031,14.25306618,14.23787336,14.44108346,18.94678811,id112,0.4036100786,3.831538617,4.791653803,15.67119897,6.310954609,10.04321109,10.52290439,10.19119605,13.08836009,id112,0.5434272272,5.127393732,4.925723097,17.14107314,10.17151793,12.38569312,7.366732282,9.873091386,13.1984163
resting_mav_normal - C4.csv,resting,mav,C4,19,,id113,17.59594767,19.38510619,11.55211493,14.69636119,16.48101984,16.15528858,20.25847618,18.85227356,17.04662606,id113,12.60974632,13.12930598,11.35238121,16.82083328,13.75761397,13.23347404,15.69904918,13.28767002,14.72924772,id113,21.6093392,19.13063405,17.85568969,16.94699789,16.83037239,18.41620197,25.92387168,26.12753803,23.72644751
resting_mav_normal - C4.csv,resting,mav,C4,20,,id114,4.660017088,5.886870426,11.38541826,12.5086186,13.48950731,19.46316008,13.14253555,6.401795033,14.18700927,id114,4.405938154,3.77655857,9.835865428,13.46162958,9.796597805,18.9125438,13.16966712,4.967539048,15.95882886,id114,6.53060397,3.86552704,12.85407018,13.18727307,16.28609715,29.16246398,11.0962658,6.297925938,20.2444102
resting_mav_normal - C4.csv,resting,mav,C4,21,,id115,18.50798373,3.898425688,3.810239347,6.732880124,7.127994244,8.15472433,2.221524329,13.64809355,12.11834141,id115,14.77940746,2.65381683,2.916635904,3.673063334,5.412893864,7.031359037,1.191180518,10.01807282,8.838887484,id115,16.98043803,2.778928249,1.763480609,5.293181146,7.681090577,9.351508475,1.698057096,10.8245687,14.56739958
resting_mav_normal - C4.csv,resting,mav,C4,22,,id116,13.94818561,8.452095516,10.24479253,11.55124882,18.03068538,10.29804335,14.19594641,12.00067706,15.27921448,id116,12.10150014,7.806245901,8.626983123,13.98520597,18.67520082,8.737786053,11.47662316,13.55899662,15.2339912,id116,14.94618076,13.23665438,17.00314654,16.55864579,21.17555351,14.54315714,17.6023328,15.054294,20.12864996
resting_mav_normal - C4.csv,resting,mav,C4,23,,id117,6.538252772,12.55053692,25.33066296,0.4936991761,4.351312547,2.358294613,7.587566055,8.428199549,0.0008036403829,id117,4.699204291,12.54170428,19.4962453,0.4802275219,3.46706394,2.440936998,6.428721115,10.37611147,0.0006332991956,id117,5.57698258,11.38130337,26.54440511,0.481325731,5.715465189,4.045270402,5.881682813,9.267424085,0.001270553113
resting_mav_normal - C4.csv,resting,mav,C4,24,,id118,9.21759106,6.562725321,6.226387387,5.588591535,6.197430836,6.849593254,4.92742005,7.414232979,4.360102151,id118,7.520035244,4.960340212,5.790788718,4.769859277,4.697886332,5.541523905,4.037166401,6.15141217,3.710271004,id118,7.154018968,5.529159042,4.97439295,6.311907443,6.376116705,6.90127154,4.914887577,5.467624168,3.160874797
resting_mav_normal - C4.csv,resting,mav,C4,25,,id119,15.16922661,14.58390627,16.22348793,12.36038708,14.69976874,17.15247865,14.85601833,17.94566901,9.284047004,id119,12.84504234,14.65342461,20.72023488,11.5916253,12.15017003,16.86219245,13.64212769,15.87773014,11.41897367,id119,19.44559378,20.09966589,25.9314649,18.91138648,25.46670368,27.54244543,24.1200918,32.62906727,18.56783539
resting_mav_normal - C4.csv,resting,mav,C4,26,,id12,15.42784686,8.713089888,7.599256828,2.417554181,13.62507162,0.00006253628392,14.63318187,12.60587165,17.18134676,id12,7.754543653,8.671600002,5.872969231,1.22069204,9.351444115,0.0001533189004,10.82579483,8.462084916,12.19314957,id12,13.24465355,8.137129107,7.831160916,1.259732408,16.60797938,0.0003240607327,16.4877686,11.30984602,13.28378155
resting_mav_normal - C4.csv,resting,mav,C4,27,,id120,16.57157395,17.3238036,2.37430449,8.354284073,15.52122849,11.09344853,18.19398807,15.17952193,19.40211406,id120,12.70288559,10.71372906,2.356598757,11.61373857,11.89007375,11.7289393,15.07373895,11.77138265,12.30861999,id120,15.01370927,11.36231684,3.959283475,11.03641511,17.93316025,18.97498842,14.82382146,25.67335836,21.81350792
resting_mav_normal - C4.csv,resting,mav,C4,28,,id121,10.56610608,14.44512647,15.77992032,12.79184485,17.104106,12.26281723,14.60228787,1.467574766,9.885591082,id121,11.0401449,9.938446553,13.20619047,12.40285929,12.52568816,14.00254481,13.67907401,1.578126818,12.0044379,id121,9.114597042,10.04785041,16.89726731,12.00513154,13.23152541,13.05872365,15.55442981,1.62939935,9.321961618
resting_mav_normal - C4.csv,resting,mav,C4,29,,id122,18.65880012,16.39261287,13.6716312,11.71636712,9.907198956,3.942588363,8.631748781,7.808648649,11.98102709,id122,12.07239077,13.07515213,12.07812581,12.85449324,7.829232695,4.698413841,11.82497464,7.280756154,13.08918291,id122,14.27575641,17.17429181,14.1640525,13.26766792,8.669812042,4.553246126,10.01464287,6.50444291,15.64548602
resting_mav_normal - C4.csv,resting,mav,C4,30,,id123,19.97789559,13.39410094,11.3880303,12.09540201,17.30620833,5.484585948,16.97995894,21.29620503,14.55083822,id123,18.98415409,8.783450226,11.4378341,9.242387771,10.87026468,4.666148929,12.71406755,16.70435168,11.78883758,id123,22.82419157,9.629386956,14.82660717,17.57275283,14.21837238,5.678107907,13.09398964,23.84452481,19.56072096
resting_mav_normal - C4.csv,resting,mav,C4,31,,id124,12.70290093,1.159495587,13.52231623,0.000007160379372,4.89428958,13.5117647,7.803202969,13.14635456,0.7036022008,id124,10.99528172,1.068847334,9.587846649,0.00001095998527,6.040727707,7.307704493,6.564431725,9.879807054,1.000148103,id124,13.2689098,1.326536431,12.62048274,0.00002074638147,4.224100837,14.36702598,7.261388839,8.98174545,0.763470531
resting_mav_normal - C4.csv,resting,mav,C4,32,,id125,6.566066609,18.27041573,11.95794052,17.16901964,17.54863291,20.30861011,16.92881056,15.28975213,19.17601476,id125,6.418028252,18.57721492,13.44417077,13.76459807,14.5014885,15.90381228,16.63422083,13.89186988,19.32984254,id125,10.36738225,27.29047984,15.14554602,13.7920409,28.21009763,25.25981385,21.64377949,23.88732107,27.07057158
resting_mav_normal - C4.csv,resting,mav,C4,33,,id126,16.29667537,19.44254716,15.21327118,16.19022951,11.82245755,10.00760644,6.957553406,7.907786172,3.313839326,id126,13.29578868,10.9554009,14.29485988,12.07594359,8.678713858,8.726356948,4.510919953,8.995645668,2.528873674,id126,11.77126982,15.49979443,17.82618174,15.14629962,11.95715046,11.79974625,5.810185257,11.46818209,2.213196287
resting_mav_normal - C4.csv,resting,mav,C4,34,,id127,20.95988507,20.13707443,23.28050588,16.13713462,17.944254,5.307225598,11.82190815,4.534073992,12.33714289,id127,15.22081987,19.35458812,12.76646389,12.20314615,16.64856482,4.636683617,10.77032639,3.247876616,17.29230187,id127,17.58467697,29.21842939,15.37138045,14.40525296,21.78354588,5.709532987,13.30221687,4.697118421,20.24057649
resting_mav_normal - C4.csv,resting,mav,C4,35,,id128,19.95573516,17.82120586,18.52009474,19.44972205,15.11689,9.786576855,19.89141155,3.248049852,17.98312743,id128,17.71360827,12.46214222,12.22236359,14.86433607,10.26902561,10.07881036,16.19969795,3.056046449,15.20682561,id128,24.52581409,16.43463394,16.10390966,16.04462706,12.4214404,14.84492567,20.13829462,4.242259778,18.34931907
resting_mav_normal - C4.csv,resting,mav,C4,36,,id129,14.93429738,18.05888955,9.830928062,10.72839528,14.08988232,14.91625856,11.29907041,12.12485662,6.191163129,id129,10.47555691,12.43366686,7.132782195,7.237707444,11.73841453,10.80366096,6.78192694,10.31545037,4.114520343,id129,14.57684296,16.91476351,7.036401412,8.696404366,10.637619,14.82563621,7.545805632,11.6158983,7.729596906
resting_mav_normal - C4.csv,resting,mav,C4,37,,id13,0.0005113103423,5.474324608,0.0002336690196,6.066097197,2.692605289,6.595377948,27.02828162,2.055795647,5.383736613,id13,0.00157802762,5.551692268,0.001411830284,5.398459976,4.932705434,13.8623041,25.86793839,1.717928399,5.173763374,id13,0.004066875133,8.656210967,0.002851444,6.035191096,4.663403549,8.221846654,16.7443484,1.828952389,6.674215526
resting_mav_normal - C4.csv,resting,mav,C4,38,,id130,0.000004296785641,0.9070166566,10.56547132,4.743577197,13.45231292,11.48738884,9.231233732,19.18501107,9.176590232,id130,0.000006956645773,0.5263097364,11.48282812,3.354657425,13.58625787,13.53474708,12.2780683,17.04892915,6.36354365,id130,0.000009863732073,0.5947453975,11.17943089,3.384871145,13.30845612,10.34630622,14.41799079,16.94655567,7.749973174
resting_mav_normal - C4.csv,resting,mav,C4,39,,id131,2.417111365,1.503355047,12.91523335,5.60323428,7.460827624,13.18268044,4.285653629,0.0001216673198,4.465544709,id131,1.68028033,0.8616998874,11.86005233,3.968591728,6.655689002,13.14160908,4.181582767,0.0003345369625,3.719941142,id131,1.213321931,2.038227256,12.09229575,5.120735928,8.4999575,19.93340127,4.60638804,0.0005060276178,6.110631616
resting_mav_normal - C4.csv,resting,mav,C4,40,,id132,4.280404961,13.75151328,14.7646048,15.92534494,13.50833191,1.208841327,9.840054266,10.70927572,8.734522368,id132,3.520887742,10.64495004,10.53294842,15.09268209,16.98575573,2.268071581,11.61900264,8.95033685,7.953521401,id132,5.158192361,19.1395557,13.69947462,19.37429302,18.50152799,3.33128689,16.11282451,19.07881394,13.36295122
resting_mav_normal - C4.csv,resting,mav,C4,41,,id133,10.79559882,9.267864567,9.201569481,12.06875816,15.44267337,10.75369264,5.970885118,2.870564698,5.942520096,id133,9.294142744,7.756173885,7.852484601,12.13347376,15.65790456,8.819545433,7.245421227,4.966550128,6.958913898,id133,9.555378825,9.98091726,9.432141694,10.52009448,14.79671807,10.53729037,10.91020293,3.837866915,6.938698365
resting_mav_normal - C4.csv,resting,mav,C4,42,,id134,10.57565295,12.03663925,13.64158739,13.10450984,9.627130188,12.48476267,10.23636527,12.32658764,13.06077508,id134,6.378314776,8.853008824,10.14340598,10.14892453,5.843641256,10.5078781,7.325831571,9.977599127,9.435947569,id134,7.899179689,8.004935999,9.899252309,10.05734334,7.638386383,13.02664786,9.088027417,8.648388724,14.69219745
resting_mav_normal - C4.csv,resting,mav,C4,43,,id135,14.43185023,13.92913488,11.27441428,14.41193549,15.70133576,14.14569187,8.663219044,15.41257646,14.23460545,id135,13.49266358,15.98752783,13.65822394,9.747944124,14.20753531,11.18210841,9.729980887,16.4426181,8.77686868,id135,23.2569685,23.60586257,17.19353338,18.28282141,21.92813498,15.70993223,8.439419471,22.60912347,23.87360082
resting_mav_normal - C4.csv,resting,mav,C4,44,,id136,19.65001589,11.45248042,18.52879635,16.32111672,13.01715099,11.17442832,16.33248518,12.06007108,18.37565789,id136,19.32145459,10.83913166,16.76503227,15.79396721,15.35720839,9.730995881,19.65891017,15.6270493,14.32599946,id136,22.87953214,15.4042076,30.12749264,25.13434854,26.73652521,12.68439133,19.24858465,21.76665493,36.15142156
resting_mav_normal - C4.csv,resting,mav,C4,45,,id137,9.133107241,13.46145986,4.71661333,14.97121453,15.43847027,4.11505147,6.574002605,8.860799615,4.563329776,id137,7.860761814,8.545713084,2.751425787,8.914537578,10.734635,2.627158743,4.065886627,6.500891062,3.8495516,id137,8.202819446,7.830268819,1.735654873,11.7359744,9.763975004,2.316312522,5.260987408,5.590138848,4.245186205
resting_mav_normal - C4.csv,resting,mav,C4,46,,id138,14.67947318,14.18771205,18.15198589,8.478093956,8.787748073,11.00021545,8.441187629,12.8028473,13.58768066,id138,15.20334828,12.39204274,13.76900719,9.189276632,8.446498715,9.891979129,10.75574415,12.90282784,9.479427409,id138,17.24126193,15.92400522,17.43371393,8.397180742,9.884563949,12.71057189,12.37991984,13.3805545,13.69929265
resting_mav_normal - C4.csv,resting,mav,C4,47,,id139,15.27351945,19.61694221,17.94984913,20.24871745,18.72239244,18.76408315,14.29214974,14.44256299,13.74990975,id139,8.878677495,19.09625357,18.483613,17.7966416,18.54388541,16.72918744,15.73624802,18.94528986,13.45753889,id139,13.14925119,16.70612131,17.18451734,18.56421237,19.5742883,19.33585707,16.40216956,24.60082128,18.16036786
resting_mav_normal - C4.csv,resting,mav,C4,48,,id14,5.632672234,5.468865662,2.612324284,15.55820375,12.96640888,20.10216701,8.126688064,7.189295992,20.32748092,id14,9.643668522,7.305713176,3.01150372,10.25553588,14.99695208,16.26144067,11.80187527,6.421181133,17.21536766,id14,9.403042107,5.945194445,3.959826835,16.3690343,20.70726636,12.14300801,21.71565165,8.809907231,24.71910452
resting_mav_normal - C4.csv,resting,mav,C4,49,,id140,18.71010965,15.96730134,15.18384914,14.46889652,21.29289507,19.29416002,9.623401431,15.38757124,16.51021008,id140,17.06343715,19.09241132,15.11835326,12.92565913,17.96458136,22.82506893,10.15959991,17.6391311,13.32791475,id140,15.35379838,14.7082248,14.60722993,12.65379654,26.47875625,15.76576979,9.174559028,14.5195484,14.3489392
resting_mav_normal - C4.csv,resting,mav,C4,50,,id141,19.12674864,18.13257672,16.50546119,19.72355079,21.24981634,17.57362153,18.44712259,15.15764612,20.36298578,id141,16.04637995,15.94000814,16.66514551,16.03371922,17.99324395,14.45184343,15.73402878,10.59946739,15.34923469,id141,18.17317488,21.44560891,14.64094775,25.77541934,24.44963279,20.73163403,21.39674674,12.29875211,24.28191768
resting_mav_normal - C4.csv,resting,mav,C4,51,,id142,16.732331,19.01976268,13.67143884,16.03595956,7.122823639,20.62419837,14.91748433,8.118542581,14.33951794,id142,15.10891546,13.60010335,12.31662125,14.59359387,8.173762245,16.95011234,15.65328781,6.668296682,14.14602143,id142,23.09606737,26.34080305,15.38104829,23.8511683,10.06064476,25.07890778,19.09902875,9.660707495,23.1404709
resting_mav_normal - C4.csv,resting,mav,C4,52,,id143,14.55746169,20.12571298,18.4090981,17.58776517,21.45268628,15.17334207,15.01508844,18.1182374,14.75035625,id143,8.92395008,15.30333613,13.85311663,16.65279605,15.05569654,15.14991426,13.94223969,16.3792482,19.55339975,id143,17.79492801,21.74850174,17.72568126,23.54317437,21.08672021,17.35636927,21.44953781,23.78672045,22.63003755
resting_mav_normal - C4.csv,resting,mav,C4,53,,id144,17.36914408,9.929102385,18.94973927,20.00181225,17.94691581,16.46794151,10.67908665,15.69614177,10.52107871,id144,18.44591718,10.44107917,16.6680534,18.56034838,19.20016278,17.83950864,9.639204995,13.15053122,12.61853945,id144,23.82711995,16.37708651,20.82347298,29.55185576,25.23134472,23.28752486,11.44515614,16.33503696,16.21784346
resting_mav_normal - C4.csv,resting,mav,C4,54,,id145,17.95070492,23.76715206,12.72352026,13.71402629,12.01719978,13.30030094,11.83815792,9.608680128,16.80269983,id145,18.27193941,17.83471242,18.27107337,14.38292878,13.05372751,13.71474775,12.10711655,13.96636385,16.34113,id145,20.57040173,20.52287787,18.48619214,15.7426944,14.84145981,19.78051847,19.71194559,16.25825156,25.22191863
resting_mav_normal - C4.csv,resting,mav,C4,55,,id146,19.07261684,11.16245312,15.0816875,6.511909439,16.43239855,19.39524059,16.89709381,16.52384561,15.39361148,id146,15.79285655,9.195358323,12.7684348,4.583960933,10.50172521,15.57899367,17.55123841,17.39077623,13.65816268,id146,15.39028855,13.96243404,16.74673723,5.381164365,18.69947728,18.814744,17.16981844,22.42016279,19.22484294
resting_mav_normal - C4.csv,resting,mav,C4,56,,id147,9.664673135,4.069292432,13.47672533,10.94917951,14.28951669,14.16587411,14.59612559,12.85804353,12.9068443,id147,7.615717185,3.959530579,13.65712441,10.75800234,11.4200958,14.359854,14.55259992,9.296634688,8.958726459,id147,14.41537237,7.17044141,28.26738507,24.66013195,39.02384313,24.81587477,35.13426206,16.85412276,36.33388112
resting_mav_normal - C4.csv,resting,mav,C4,57,,id148,22.29615877,16.28215978,17.85181651,24.64842619,14.04589081,7.762158518,13.72729468,10.36198732,4.511367492,id148,20.18510693,11.68011384,14.87184729,15.76111357,13.12004784,10.60329703,10.59347115,8.285901177,7.44400307,id148,23.31104139,12.58089475,9.695155034,13.72889644,15.53988665,13.48492401,17.18207501,17.99576329,6.318859112
resting_mav_normal - C4.csv,resting,mav,C4,58,,id149,19.76102468,15.80281294,16.52534099,21.03999752,24.81463059,11.23518092,17.08582979,13.97972008,14.59092041,id149,16.99778655,12.6804942,16.43615693,20.80059519,24.01953903,6.091469583,13.41791243,9.429420841,14.45643453,id149,17.28471708,17.26478322,17.12252625,19.08401768,16.16968909,8.234558181,12.03488478,16.26161398,19.921652
resting_mav_normal - C4.csv,resting,mav,C4,59,,id15,5.017309586,10.40753172,4.326273497,15.63269149,12.93404037,15.32184395,15.25522861,12.87037863,18.19330308,id15,3.269805312,7.132383365,1.866871405,13.33181775,10.17300657,12.4487947,10.24229738,6.963779733,18.43993524,id15,4.567773873,7.574510087,3.698856986,17.91811376,11.06595124,16.85880634,10.74252399,9.92572043,14.57317027
resting_mav_normal - C4.csv,resting,mav,C4,60,,id150,5.361389699,13.93738616,12.26947163,9.903101529,15.15881295,14.04214081,16.90774816,14.76719921,19.47881685,id150,4.752194531,11.15757517,9.883093069,10.22584368,15.5948279,10.12096884,14.56542964,13.55328259,14.04038247,id150,3.631304831,10.44214572,13.57972755,11.56049703,12.61523541,11.13307696,17.16515199,13.9291354,18.6028825
resting_mav_normal - C4.csv,resting,mav,C4,61,,id151,11.90231789,20.7623865,15.80619194,8.06176917,11.46216603,19.18221211,16.48776624,16.21547186,16.34544324,id151,8.142856558,10.9649304,11.11238419,4.879019608,8.517067147,17.75094955,14.6495577,13.10002363,13.95893825,id151,7.552194262,11.52949843,14.15071469,6.47627981,10.78607278,18.90422072,22.8285574,15.83185804,14.13854046
resting_mav_normal - C4.csv,resting,mav,C4,62,,id152,1.181763286,0.9479960816,23.40569829,4.885865379,1.062332935,1.536147405,11.46905097,10.55377765,5.927711396,id152,0.6733785568,0.6893068229,14.70865335,3.981342406,0.4537280914,1.188255727,8.506875764,9.420489057,4.032507816,id152,0.944409882,0.6391528848,15.24811392,4.168549017,0.4026490866,1.212366686,9.476957129,7.397256866,5.115942884
resting_mav_normal - C4.csv,resting,mav,C4,63,,id153,18.1708022,17.27838945,20.75676011,1.920375752,30.49736275,27.22154937,21.51559484,23.98103158,21.06352723,id153,18.22270572,15.17639208,16.41391495,1.968927095,23.32859456,19.37091253,17.00121116,17.81147885,20.19616651,id153,23.54852486,14.92669562,22.12125414,2.183397973,28.25629472,22.72761258,15.99547945,23.36770597,24.97448805
resting_mav_normal - C4.csv,resting,mav,C4,64,,id154,15.84376718,19.03017135,15.81706912,11.88023134,14.1625665,12.63157265,13.36912562,14.84876489,10.03701469,id154,18.86368766,16.27861962,12.53893565,10.1999648,12.43125618,11.50101886,9.06154987,9.89664404,8.361480152,id154,24.06935947,21.30301898,15.62446319,9.544536967,16.33746507,14.10438134,16.47422164,11.40769373,18.27682016
resting_mav_normal - C4.csv,resting,mav,C4,65,,id155,16.05444375,15.21742711,13.99312884,9.113891414,9.331420313,13.72649747,10.34278403,4.677813844,9.320247411,id155,14.60531866,14.53485622,12.50449885,8.212546851,7.797721812,12.98100694,10.27331908,4.132155357,6.547462874,id155,20.41631695,18.9549273,14.7929673,11.12251595,8.455607678,12.58694431,9.995281711,6.056497603,8.726493533
resting_mav_normal - C4.csv,resting,mav,C4,66,,id156,14.64044906,13.7969205,14.52835722,13.77159467,11.33448846,6.583262262,15.6058593,18.73087786,1.652935156,id156,8.852009523,11.15344473,13.66155783,11.17881149,10.86128331,7.655333813,11.60067531,17.6386677,1.20397083,id156,10.66145376,11.65227854,13.42608381,9.600911183,12.0340482,8.053518225,10.71049065,20.84296668,1.363683365
resting_mav_normal - C4.csv,resting,mav,C4,67,,id157,17.59588252,17.86332383,15.29003619,16.6363933,16.13577468,13.96217071,16.12869773,22.35764951,19.38372624,id157,10.88035924,14.94059888,12.1241859,13.78586625,15.35481759,10.3755286,11.5771372,15.55135658,10.21826409,id157,16.55193675,12.81122609,12.8168992,15.1170582,12.56664599,12.87565471,12.08360556,22.77422086,13.41169106
resting_mav_normal - C4.csv,resting,mav,C4,68,,id158,12.17004266,11.74877615,6.767697954,7.963362182,4.396356899,9.379821283,12.51631052,22.43320041,11.29864303,id158,9.487219005,9.271761105,4.798346469,5.886396915,2.074895188,7.231631346,10.44337737,11.09558455,7.946327241,id158,9.109238918,8.714851106,4.476866486,8.300148368,3.33436129,6.392298728,8.998885795,16.21641245,6.828281874
resting_mav_normal - C4.csv,resting,mav,C4,69,,id159,14.64628117,12.19553322,14.36143039,18.70880021,18.60331667,0.3451104664,18.1095956,16.90978144,3.607854569,id159,16.09848407,11.92984656,11.80521538,15.08323892,15.7115755,0.2746602648,18.40834246,14.19382253,2.591932869,id159,14.30733149,14.10151122,13.15719897,19.55928743,22.58599392,0.3196298681,22.16852221,16.02424488,2.623944352
resting_mav_normal - C4.csv,resting,mav,C4,70,,id16,13.49602292,11.12883507,6.235233238,1.734745872,0.8092562009,1.897140915,11.0830615,12.60379727,0.4898199466,id16,9.102865724,9.108719953,3.699979225,0.8752325778,0.9001099995,2.131281367,10.31138398,8.170876271,0.3601988908,id16,10.00169347,8.548392938,5.764185979,1.055321015,1.282172666,2.747382911,9.100891338,9.305224185,0.4932839673
resting_mav_normal - C4.csv,resting,mav,C4,71,,id160,9.263379019,13.17268331,12.79493388,9.10709734,1.49037086,12.5152478,12.93491046,11.61585227,15.59864183,id160,10.71687991,14.51137226,10.81530324,11.31108446,1.057127177,9.007389299,10.08857649,11.13597721,11.62245141,id160,13.15855336,19.21955162,18.22992752,13.981671,1.189751382,13.05794101,17.5172088,13.83070244,25.41425179
resting_mav_normal - C4.csv,resting,mav,C4,72,,id161,12.16313341,17.22479702,8.755957112,13.09680049,13.88076474,8.26395751,13.9151099,7.8738456,13.6831194,id161,8.881060051,12.67714525,7.611691591,11.77224426,11.59044825,3.953139727,13.14276436,7.104404258,11.20893579,id161,10.31581608,19.74516218,8.133614729,11.86103615,17.03634832,5.4953653,16.69566444,8.887437503,12.27735108
resting_mav_normal - C4.csv,resting,mav,C4,73,,id162,11.02048026,7.149994407,6.460342964,7.476887486,10.87549184,11.24171224,11.73022773,15.52310822,4.840232373,id162,13.97771007,7.857631462,8.180037666,8.438189199,8.609659843,19.1073196,14.76434862,12.40791389,8.941398575,id162,13.44416755,9.101328119,7.852730019,9.396143744,13.49342355,18.3337066,21.77720904,12.40875003,7.587200666
resting_mav_normal - C4.csv,resting,mav,C4,74,,id163,15.43201863,12.96860378,9.667088338,11.3927664,8.346780344,0.9063123017,2.177571972,7.994787218,8.175767882,id163,13.02657382,11.33433139,12.50451559,11.66459001,8.469892891,0.7692618136,2.118063083,9.837048774,10.59326614,id163,20.11623079,15.8320402,17.04886864,14.59191592,9.256534183,1.160108657,2.824451467,10.58403686,11.34719386
resting_mav_normal - C4.csv,resting,mav,C4,75,,id164,9.501427586,7.611060595,16.11664746,11.19034348,6.448316367,14.65079404,3.865270196,14.56132602,12.46928902,id164,5.648579464,3.951543059,13.91923925,9.797638095,5.492186373,10.48290837,2.873897879,12.01038869,9.217471161,id164,7.273595434,3.560508052,18.48058957,9.832705239,4.777987837,10.54429765,3.705055854,15.30056853,9.83310968
resting_mav_normal - C4.csv,resting,mav,C4,76,,id165,19.86851393,25.04114413,0.7100620423,10.08196162,13.25197846,14.41209464,1.452091943,18.23734671,13.83383983,id165,16.9998522,15.99755649,2.268392391,8.771998276,9.593105271,11.13772353,1.936378543,11.17392647,13.55756251,id165,26.69795037,28.53567942,3.265089513,13.60710116,13.8623652,20.12124474,2.565074133,25.25967465,16.24120268
resting_mav_normal - C4.csv,resting,mav,C4,77,,id166,18.01763206,2.171804838,10.40431806,3.281525796,17.0415008,0.632503025,1.340207717,2.247230886,6.12386138,id166,10.88439109,4.337307714,8.894776221,3.66474572,12.89943685,1.035732961,0.6007298018,4.730082414,2.061429671,id166,14.49956026,4.768824956,11.1075202,4.789447703,18.62429028,1.477431137,0.4039610368,6.728135139,4.745243305
resting_mav_normal - C4.csv,resting,mav,C4,78,,id167,16.93440471,12.73291067,12.02866421,13.72979981,12.09334103,17.03228477,21.42021831,7.716766007,10.5908109,id167,10.47402265,11.35903621,9.307701914,9.566380999,10.4512254,15.73379439,18.48473595,4.42097598,6.664729003,id167,14.59766985,8.447813348,8.02907668,13.17818725,11.44257164,10.73388204,15.99735093,4.937860102,11.34364061
resting_mav_normal - C4.csv,resting,mav,C4,79,,id168,19.29677054,20.56891984,15.28580981,13.39182182,16.73533153,22.99327399,14.63907309,20.86286523,16.40945912,id168,12.33075048,15.64509969,14.66094538,12.00292409,15.94025087,19.28965503,11.89925939,17.91332382,19.31730516,id168,23.02134875,27.52288311,17.51822711,14.46713463,26.86852773,29.45278933,19.76231425,26.42645215,24.9536108
resting_mav_normal - C4.csv,resting,mav,C4,80,,id169,16.56039065,15.04125459,8.025938506,12.76006618,9.050016316,3.330627538,3.007197286,3.520432349,6.990819411,id169,11.28411107,10.94281303,8.578742598,9.26709112,7.893227666,4.455208003,3.49209744,3.04671716,5.063211215,id169,15.42461661,18.65991995,9.115867693,21.15945443,12.06670011,9.475570878,4.722786018,6.838729544,8.845892328
resting_mav_normal - C4.csv,resting,mav,C4,81,,id17,15.63251596,5.455776221,14.67151702,0.01141288193,3.009003966,5.049519734,4.388121599,0.7076402438,0.6207232501,id17,9.815957253,2.025040674,7.445978832,0.01175714594,2.165944116,4.303610907,1.681632842,0.3330180575,0.8315568119,id17,10.93824007,2.630577242,7.885473258,0.01217568306,2.4398124,4.019450711,2.353294709,0.5142121586,0.6265140975
resting_mav_normal - C4.csv,resting,mav,C4,82,,id170,2.731314556,9.212768137,23.8129162,2.115955211,8.840125278,9.316352688,21.99582962,22.23494598,18.98942883,id170,2.298240978,10.70324062,23.12581854,3.217751384,8.379978958,9.367784725,22.30085807,27.02489468,18.88919813,id170,2.33353821,13.35001381,24.52368738,4.077949268,11.62749628,12.62213826,36.99806026,29.84930407,24.12017157
resting_mav_normal - C4.csv,resting,mav,C4,83,,id18,9.69829715,13.76450826,5.680881279,13.30356687,14.28603407,5.898671196,4.13846911,11.71478024,6.019404632,id18,7.047139982,12.25219552,6.864934329,14.87209198,9.719386975,5.528476231,3.857688236,10.74157289,6.192358727,id18,9.259986948,14.62653055,7.592958225,19.6292724,13.49795084,9.400652226,5.73816678,13.75857794,8.176829743
resting_mav_normal - C4.csv,resting,mav,C4,84,,id19,17.27897087,14.28165645,11.93484145,9.769712186,13.22872072,13.84235821,9.221056472,8.873439078,14.11523414,id19,11.55075682,7.674518471,9.547184416,4.573683862,9.412237257,12.55627157,7.193551963,5.794573303,10.97849581,id19,5.005299624,12.4846101,10.81220206,11.93550975,7.882428783,8.83601813,5.360341237,6.056380856,10.03213141
resting_mav_normal - C4.csv,resting,mav,C4,85,,id2,12.18222687,18.89236247,17.25113726,15.02967793,11.24279942,1.141043102,10.77288822,12.90062334,13.37452383,id2,7.945597414,12.13079831,12.12045428,11.0872655,9.304471171,1.134972349,10.97551032,8.2080886,9.869511899,id2,8.115300806,12.17959589,10.43348558,8.127912016,9.386282682,1.582258934,9.062585313,8.742429056,10.74258662
resting_mav_normal - C4.csv,resting,mav,C4,86,,id20,20.45556314,18.78627711,16.45473742,14.11663029,20.8740924,10.82545889,15.82616713,9.887607413,13.42776323,id20,16.59742789,14.16399033,9.244085508,9.76127141,15.03914956,12.80082877,16.36941591,5.529835159,11.7566218,id20,19.8330127,12.3563281,14.90643446,12.10223686,16.78382159,12.43084382,16.93707384,6.991726981,12.37843136
resting_mav_normal - C4.csv,resting,mav,C4,87,,id21,20.13952861,14.07239337,17.22059459,32.36443872,23.35315766,5.610555397,6.454361456,11.022498,11.82554677,id21,16.77715966,9.48783767,15.14077638,19.28529466,18.67373239,5.037452076,3.660120208,7.733028814,6.873375768,id21,17.59260074,9.258792344,14.880617,21.04326201,21.77131262,4.928289331,4.656459185,8.757203849,9.687180217
resting_mav_normal - C4.csv,resting,mav,C4,88,,id22,19.5375921,0.8033588537,0.02387702863,0.3649663688,0.6805629281,26.91645887,5.72786242,2.480425088,0.5283548515,id22,8.423157201,0.677308159,0.01584930682,0.2568457922,0.314802403,15.99529173,3.12402812,2.233556819,0.3463133348,id22,10.60632442,0.5031322221,0.0160531701,0.5117191316,0.3749865996,14.06206512,3.625336068,2.439747981,0.4264762766
resting_mav_normal - C4.csv,resting,mav,C4,89,,id23,13.74065559,4.978354108,1.089997736,19.41714875,3.4557553,15.21408827,2.187700931,19.60957867,9.092805487,id23,14.59970328,2.730328223,0.9456833653,16.03271287,4.67406485,16.07437408,1.71763806,13.07515055,11.09333724,id23,9.893648293,3.603108714,1.183763792,14.6856514,5.06660849,15.28107642,2.655877462,13.31762624,9.643343167
resting_mav_normal - C4.csv,resting,mav,C4,90,,id24,13.93326158,8.540800496,29.27760851,25.31316181,10.25179608,0.00004913708078,17.02120154,14.75262273,8.257615466,id24,17.24361083,12.33384102,17.77066386,25.95373324,17.16965083,0.0001442803899,11.70991432,12.31781871,7.713459866,id24,12.12904091,10.39132658,15.56442206,30.05812741,16.63727201,0.0003203823541,16.83406678,16.03829407,7.368501568
resting_mav_normal - C4.csv,resting,mav,C4,91,,id25,10.15778849,12.13750031,0,12.30440205,0.3501502258,0.0001438345849,0.00003288060396,0,0.07685648106,id25,10.5683903,17.88781959,0,11.73067317,0.1543303836,0.0004699435251,0.00005176126898,0,0.06929607804,id25,9.19144655,18.21022212,0,14.04908753,0.1667084665,0.0006430371184,0.00006915793942,0,0.0678724992
resting_mav_normal - C4.csv,resting,mav,C4,92,,id26,7.28978482,0.7291880478,10.81956053,11.73831561,0.3275281618,0.2483461383,6.133014222,9.661710209,4.298824881,id26,5.302404893,0.4823119081,12.08828699,10.62965504,0.2668743082,0.4210886999,4.502200499,8.304514547,6.051333252,id26,8.06353522,0.6071471068,12.69445726,10.87590931,0.346220295,0.3974284223,7.331655902,10.85671411,5.252820921
resting_mav_normal - C4.csv,resting,mav,C4,93,,id27,17.32062585,11.26085197,19.84997228,8.688985915,11.69756932,4.708942645,7.189733895,13.53936295,6.218653969,id27,16.49489628,9.881109259,14.59885193,7.95116629,12.97896683,2.424826045,4.739262786,13.09888613,4.85952401,id27,17.12090744,11.21345086,24.41587852,7.947096463,14.71595546,5.110239185,3.899805226,12.17810508,5.078998807
resting_mav_normal - C4.csv,resting,mav,C4,94,,id28,0.0000004677370754,13.17743949,12.5713171,9.600366791,26.85262169,13.44544801,17.46616928,6.059921976,4.888027271,id28,0.000001244255412,13.68778366,9.135879724,6.686568311,14.02538489,8.83158227,13.03023344,6.382565704,4.705522322,id28,0.000002055193077,14.02436049,11.5157235,10.35974871,17.01644693,8.785054384,12.82683732,8.188401595,4.940382384
resting_mav_normal - C4.csv,resting,mav,C4,95,,id29,3.057234349,10.51289992,12.2486774,9.507049276,10.15136511,6.910365541,12.13779998,5.408728952,10.71874161,id29,2.190690698,10.33884208,9.299920405,10.54581682,7.0197966,8.353490382,7.996986568,5.579187099,7.713645449,id29,1.285875375,9.152695158,6.521006242,9.703037013,7.240913266,10.29504469,8.030176945,7.964984382,9.714441022
resting_mav_normal - C4.csv,resting,mav,C4,96,,id3,13.63585984,18.57780223,1.799736476,2.302355804,0.1151627584,8.838670065,15.98791753,14.11051286,10.2590109,id3,11.39783348,14.32817374,1.316297211,2.712538393,0.05513344362,5.846966296,13.70923337,10.42931853,6.588367152,id3,13.99506816,16.004262,1.425528709,2.535516253,0.08365464785,6.997783955,11.56189989,14.8175561,8.294001788
resting_mav_normal - C4.csv,resting,mav,C4,97,,id30,11.31508725,11.94057493,15.70341461,12.94810368,17.67650684,14.85950616,2.331783689,10.13751328,3.788338137,id30,6.025355438,5.996427807,9.98380792,7.559719177,14.27161235,11.65223032,1.315300251,6.796216585,1.385208012,id30,8.472650634,8.765228794,8.394674265,11.72101814,12.05802851,15.57374905,1.249785128,8.717918051,1.67316057
resting_mav_normal - C4.csv,resting,mav,C4,98,,id31,7.1063932,19.1483745,15.21905152,15.43461377,7.89116988,8.946082908,13.76178226,15.68353601,11.98647488,id31,7.36914686,13.0218086,8.402281466,6.278298971,4.392206181,7.943219039,8.520114168,10.09011965,9.858486288,id31,4.286661177,14.92325287,8.596004553,13.95409573,5.432024888,10.87328396,10.81154719,11.09338204,10.42065544
resting_mav_normal - C4.csv,resting,mav,C4,99,,id32,1.092092689,11.52557216,6.174284599,0.5654280705,7.089906364,14.40532099,5.955984521,1.824384927,5.818032271,id32,1.40942138,10.35229848,9.910099705,0.2781738507,5.830792568,5.250301637,4.65467228,1.817400107,4.180690796,id32,1.746998215,16.81222719,10.18678821,0.376612788,6.034839143,6.277099217,5.899933485,2.617435265,5.32804136
resting_mav_normal - C4.csv,resting,mav,C4,100,,id33,14.42417958,8.570866828,10.809727,16.41259289,16.25259453,10.43904613,0.05808002894,2.482471646,16.7338164,id33,13.94476375,6.370924104,8.133668664,15.57128413,14.32781743,10.17840126,0.0316319493,1.812949725,13.1645348,id33,19.61785287,10.78353562,14.17732072,12.81898841,32.75432954,9.495894766,0.04104150229,2.736474184,23.9884218
resting_mav_normal - C4.csv,resting,mav,C4,101,,id34,10.77165249,8.330683024,5.737109689,0.7174295417,12.23260865,2.965721719,0.1121379193,2.408182756,9.033848651,id34,8.879433992,3.988392211,2.427906871,0.2923064858,6.839038475,2.754969,0.05936657553,1.895664287,3.395476705,id34,6.854882018,5.213098694,2.737502718,0.3422066281,6.391597714,4.06596761,0.07442724028,2.355848493,3.87383427
resting_mav_normal - C4.csv,resting,mav,C4,102,,id35,11.99495148,14.12001466,17.64765999,15.895558,8.194647851,17.44255274,15.51639852,2.844965506,10.08034871,id35,4.289288624,10.60852277,14.34968446,11.85247645,6.713036236,13.27776426,12.57313504,2.565010755,7.99489453,id35,4.949248847,11.82605561,17.32619313,14.40355411,8.585247505,17.07195747,11.32288662,2.145030924,7.392294925
resting_mav_normal - C4.csv,resting,mav,C4,103,,id36,0.6461527761,5.307390589,11.24223339,9.687886166,14.1345645,2.324723694,13.64835546,22.22174558,18.63975482,id36,0.2035985655,3.192823469,6.942853022,7.563635611,7.591440037,2.318858492,4.609222766,16.39022681,13.19358819,id36,0.2551453032,2.763905871,7.542872265,5.204313783,11.03441492,2.841391906,9.170947056,14.83731,16.68596071
resting_mav_normal - C4.csv,resting,mav,C4,104,,id37,26.62722983,15.06545514,14.3285335,9.324363049,1.063283527,7.965367857,8.261780852,8.646926711,14.8147096,id37,17.73361486,16.17286801,28.38143484,8.453660114,0.4714040197,13.55527151,6.52426273,7.343509693,9.153791193,id37,20.79068541,24.78139537,21.21180361,8.680648567,0.526623129,11.99656288,12.2937031,9.668072697,14.75085819
resting_mav_normal - C4.csv,resting,mav,C4,105,,id38,1.39320401,1.410831301,7.07885394,10.74225994,4.221638036,0.00006887143146,1.819895112,0,9.213853331,id38,1.687250193,1.733845231,5.690353626,7.206598787,4.874789412,0.0001791001057,1.343642828,0,11.97235666,id38,1.880753189,2.256013967,8.60326424,10.26295009,6.639476471,0.0003880751376,0.9444422298,0,12.06755837
resting_mav_normal - C4.csv,resting,mav,C4,106,,id39,16.90018222,0.3638781335,7.772755161,11.9691122,5.170316868,8.040639506,22.29328545,19.3898265,10.4225482,id39,17.5554913,0.2198240004,6.834500373,7.552952977,3.795230842,5.554717913,17.46608173,13.39597866,8.85088446,id39,14.08260805,0.228611061,5.731329069,7.842707633,2.571956285,5.523564692,17.46939076,19.02350307,9.886363126
resting_mav_normal - C4.csv,resting,mav,C4,107,,id4,10.58464695,19.70700675,2.40237246,12.38266129,1.996009739,15.80451378,5.039193634,16.47048127,9.282742175,id4,9.319828895,15.93633855,1.045584669,10.70588274,0.9859906761,15.49621584,3.889821985,13.86900854,8.344611595,id4,9.619825745,15.55592171,1.253257768,11.10340452,0.9015430941,18.76413141,4.977413613,16.28220023,8.754541049
resting_mav_normal - C4.csv,resting,mav,C4,108,,id40,1.979898548,2.88438556,0.1235738374,10.42238069,1.219310734,3.8779005,15.13624795,6.497461049,4.047126909,id40,1.379028288,0.898633172,0.1306539184,8.076287364,1.202675093,1.102748381,8.64257954,5.697318168,5.372487834,id40,1.003569821,2.330070995,0.0482633924,25.39026989,1.254406502,0.8709174905,9.777844579,7.02429066,5.153926564
resting_mav_normal - C4.csv,resting,mav,C4,109,,id41,5.426479183,1.172426103,2.089917494,4.471715058,2.897578445,16.44925101,4.980267651,3.768146561,3.566083834,id41,6.991650389,2.045311259,1.455549358,1.693907199,1.509406821,12.93615648,5.000934254,2.595646893,3.432383354,id41,3.726312182,2.108753634,1.857867995,3.20548077,2.979269489,24.01133025,6.106177257,4.461007078,4.799308575
resting_mav_normal - C4.csv,resting,mav,C4,110,,id42,1.885083496,0.0004382421977,7.846365831,1.852093249,5.462724423,2.279144684,12.75917395,5.622421255,9.865676619,id42,3.022993731,0.001927252277,7.905223533,3.130369957,8.682833107,3.413408172,17.65553062,3.784286999,8.85697577,id42,4.285374829,0.003403593073,4.234028281,4.522143193,6.807655598,4.842060077,18.21136976,4.784979413,12.75460113
resting_mav_normal - C4.csv,resting,mav,C4,111,,id43,6.587964404,17.29836681,6.494247565,0.3404377376,8.739504415,9.061952133,2.242471558,12.64214196,13.5371127,id43,8.355774403,17.61370151,7.1260566,0.4045547591,7.166014728,4.265515755,1.738498756,12.28529178,10.38497305,id43,9.298002668,21.8260749,13.03396622,0.4538141348,6.997143595,7.011909264,3.375772359,13.85545408,17.95575134
resting_mav_normal - C4.csv,resting,mav,C4,112,,id44,3.357325149,5.002228572,0.01551579075,6.555920646,1.501889492,1.438445208,0.8779665993,9.673086029,13.01972308,id44,0.8940269503,2.606412226,0.01484288232,3.764647761,0.942301921,1.865575564,1.612329556,7.435944166,8.712167644,id44,0.8151434893,4.319228096,0.01493224483,5.708471772,1.036322805,3.623540729,3.227569468,13.03995102,19.57553172
resting_mav_normal - C4.csv,resting,mav,C4,113,,id45,2.346156698,12.88550387,13.80636362,4.930320675,16.64938837,9.528045844,16.22143814,8.006007984,14.63995542,id45,1.598042157,15.3801152,7.489042862,4.29455393,12.64167464,9.15346457,15.63713276,5.549812928,12.44118541,id45,2.669659572,18.71565638,14.74205596,3.426275663,21.8885145,13.31992495,17.37205746,10.48151591,14.89821893
resting_mav_normal - C4.csv,resting,mav,C4,114,,id46,9.471902967,4.984534744,9.032092187,7.095299964,11.55969783,0.00002535425223,0.06075613681,7.145620592,16.91168774,id46,6.108519741,2.698827228,5.396435797,9.195745985,8.419240343,0.00003025271577,0.0310740509,5.671953893,12.14248627,id46,6.414519425,3.33355748,5.469172512,8.468379952,7.057938704,0.0001052780418,0.07541113215,5.839107373,15.52481035
resting_mav_normal - C4.csv,resting,mav,C4,115,,id47,11.45485218,8.984577367,12.00107104,9.856262171,10.14797609,11.79398774,9.746413869,11.94595981,9.968637065,id47,9.309546198,6.870237493,8.51573412,6.771722558,5.933409385,7.237066998,5.919081187,9.249728584,4.599410513,id47,8.527881853,8.860678883,6.52865407,9.346066953,7.281291574,7.425454655,5.710242252,9.187704669,7.400728561
resting_mav_normal - C4.csv,resting,mav,C4,116,,id48,2.28301219,9.053452994,10.91245258,11.27647449,9.421158953,15.66031327,12.45942625,8.749051713,13.57770692,id48,0.9851724289,5.278690715,7.889604397,6.430865656,5.50956565,9.998071162,8.712492415,4.826012102,8.287828817,id48,1.379480716,5.452038924,6.912535825,7.79423624,7.086435437,8.166044217,8.89458739,5.368784577,8.231505671
resting_mav_normal - C4.csv,resting,mav,C4,117,,id49,11.47933268,15.19355783,17.31449642,11.22423345,6.25247645,7.207982619,7.076408137,8.273777304,21.59882121,id49,6.694608264,12.59962733,13.25532402,8.782114499,4.759535068,5.807355567,4.623639641,6.39438185,15.97607802,id49,9.774906129,11.57375967,16.5515943,7.468542508,7.461999976,5.265557292,6.195316647,7.607371332,19.86365294
resting_mav_normal - C4.csv,resting,mav,C4,118,,id5,14.88978714,8.60104268,14.64992814,15.1802169,0.574641915,11.81544198,8.010564406,13.44264554,10.43295771,id5,14.69137142,7.779198115,10.03100203,8.495200577,0.6655993809,10.6219293,7.844161342,13.61815067,7.834833748,id5,15.66380019,9.030045455,14.19108269,9.169814169,1.411829175,15.49576602,7.958478958,19.80445543,10.31154789
resting_mav_normal - C4.csv,resting,mav,C4,119,,id50,23.67945278,16.83702098,7.049132103,13.33084526,1.471026877,10.27419061,11.34225987,19.42845845,20.81078884,id50,16.01261207,14.72344631,9.858349726,11.39210746,1.301296927,6.351822016,7.497411884,18.60333351,19.91706909,id50,17.64729677,10.70961339,6.600879332,12.72621866,1.294657533,7.963434098,10.69468614,19.41319472,21.60635895
resting_mav_normal - C4.csv,resting,mav,C4,120,,id51,7.869690861,9.05509849,16.43202264,9.408235243,7.484687406,6.822225098,5.781888767,7.93148111,11.76880994,id51,4.756896683,5.452216048,8.367499503,6.445545826,3.742776868,4.996304166,5.24448813,6.7108275,8.871186793,id51,5.737245071,6.631725387,10.00856839,8.482767258,4.966070726,6.549101638,3.674206182,7.237795506,11.95566238
resting_mav_normal - C4.csv,resting,mav,C4,121,,id52,15.09570007,3.3257998,22.02298469,10.44969263,12.89995557,6.773650556,5.130334887,10.73671091,17.88907779,id52,12.12888099,3.772848436,12.74081309,9.146470953,8.001352442,4.359964452,3.855346532,5.597669206,21.46331444,id52,10.69084227,2.571627231,13.89531516,12.04096444,7.983254006,4.694044274,4.872190509,6.807821324,12.95580562
resting_mav_normal - C4.csv,resting,mav,C4,122,,id53,13.12309836,1.676278369,9.921198354,12.13938973,3.921928635,0.00000006546516237,11.97151845,0.00002117969526,2.773892164,id53,7.310866152,1.99964131,8.579083162,8.532421566,2.719568809,0.0000001478103643,7.215687101,0.00001543029654,0.7700029833,id53,12.40167115,1.987345569,10.73299492,9.925793146,2.653201227,0.0000003212626931,12.56483874,0.00003759999079,0.9253325075
resting_mav_normal - C4.csv,resting,mav,C4,123,,id54,5.009464129,5.726630412,9.94724493,12.11132454,18.53979109,13.50866547,11.65807694,14.64432279,11.77743967,id54,5.738180685,4.360345557,10.89619434,14.67659029,15.81878215,11.54496577,11.22863178,10.15985213,10.30999743,id54,7.016469958,6.977749698,13.5976288,16.40417043,17.0437014,16.85549663,14.74119391,14.8330626,15.80037389
resting_mav_normal - C4.csv,resting,mav,C4,124,,id55,5.790709956,2.895315029,13.50432018,12.68189742,9.536695282,20.55945711,18.6744806,15.79606368,18.51759774,id55,4.892705828,2.465366046,12.48302568,13.01262474,9.548305531,18.63078965,14.3574144,13.77740431,16.34943571,id55,5.894660345,2.361016204,24.33554687,14.19837776,11.0866731,19.11644696,16.5769773,18.60584201,27.25133414
resting_mav_normal - C4.csv,resting,mav,C4,125,,id56,13.87116127,1.320831524,1.764112311,0.223995962,3.227474782,13.17860414,13.9239192,15.01735933,4.547215455,id56,11.2168598,2.191149318,1.820902418,0.2000975028,3.185924818,9.580952185,7.972498967,13.3711944,2.712306439,id56,12.05719862,2.815040199,2.651512488,0.3099686247,4.248132753,16.14181673,6.988661182,22.32608906,4.550627752
resting_mav_normal - C4.csv,resting,mav,C4,126,,id57,9.398906067,8.358322101,11.55553097,14.38808839,12.95859766,14.43811884,4.188726086,10.40428941,11.79113113,id57,6.12239179,4.275870451,13.37249415,10.8387984,8.803911691,12.33709287,2.19029103,8.821199428,11.59543017,id57,9.647344982,8.168872713,11.68747286,19.00636364,13.59473617,15.46773082,2.692789327,11.02441934,12.86071863
resting_mav_normal - C4.csv,resting,mav,C4,127,,id58,14.01650198,11.32468148,10.35061254,3.583551687,14.09551542,5.398968795,2.774860451,6.622620112,2.831581084,id58,14.05598898,11.05590218,8.758369453,4.718504157,14.31665128,8.37916308,4.030182111,7.056814573,2.524385439,id58,18.20607592,16.85819859,14.1107257,5.974005639,22.99045001,9.06091761,5.394434429,10.16765178,4.020776374
resting_mav_normal - C4.csv,resting,mav,C4,128,,id59,4.826345091,12.12389063,16.02488661,11.33967064,16.26633773,3.969207363,14.44728725,1.839259226,11.28995505,id59,5.032437932,8.81694215,13.89945953,8.342274072,15.63158987,3.365112989,12.99654047,2.358433096,13.33270797,id59,5.040457617,15.20786183,16.53823671,13.7035275,15.4784727,5.027834071,14.32862053,2.505460129,14.97169347
resting_mav_normal - C4.csv,resting,mav,C4,129,,id6,1.361641021,5.924997321,3.675773975,12.28624473,8.625533988,7.578108109,8.972095151,7.260713689,8.544924632,id6,0.9660035731,4.520006925,1.90765725,5.255158239,9.297007351,9.134580463,8.032192088,5.14902031,5.906760725,id6,1.240527779,4.480345284,2.787430395,8.528092403,11.19278725,6.530467865,10.62862209,7.304274969,4.401929142
resting_mav_normal - C4.csv,resting,mav,C4,130,,id60,9.934232513,1.470513812,16.92375826,6.588667635,12.57778555,13.02071129,14.15918604,17.44827138,14.45903862,id60,7.733629084,1.669377475,10.22915426,6.459460205,12.32295141,11.33647267,11.04229912,13.37424948,10.27579754,id60,10.52669546,1.593771434,13.00727482,6.285562792,15.13800996,8.474642587,14.00153071,17.6678479,23.58054626
resting_mav_normal - C4.csv,resting,mav,C4,131,,id61,16.50036893,22.07981028,20.93709011,17.29571639,5.567977384,20.45852652,20.99644509,21.75132404,22.24470086,id61,13.52429478,19.84859761,17.10810513,15.35231497,4.167089672,17.87691222,19.36916768,20.15665902,18.36926845,id61,14.2844173,20.64975805,23.05043711,20.01329221,4.437851434,18.03186758,23.69783565,22.79056984,20.16762542
resting_mav_normal - C4.csv,resting,mav,C4,132,,id62,12.12102145,4.620401149,11.36359022,4.328431706,4.50741814,9.817124928,13.29664125,10.58025275,11.80715265,id62,10.22423509,6.03932993,13.77893489,4.941113034,4.618774838,9.415223053,10.5196064,13.29862284,10.03326176,id62,15.79045014,8.230001569,16.07350515,4.701009052,5.190941568,14.66456177,17.83326664,11.88488212,13.76603681
resting_mav_normal - C4.csv,resting,mav,C4,133,,id63,8.668552771,4.331811661,3.823521982,0.8048905141,15.73733201,6.931232396,1.40548844,18.62044259,3.704282443,id63,8.650179562,3.566487778,4.576232085,0.9034958481,16.24237484,5.990757059,2.163613209,14.79865789,5.666990814,id63,10.01037346,7.107709101,5.664466042,0.9321649036,21.46951534,8.572829451,2.974141411,20.77904754,6.161432373
resting_mav_normal - C4.csv,resting,mav,C4,134,,id64,15.69946075,17.80506484,13.93651201,17.43172166,15.52068847,8.168950036,10.72787375,13.77520975,12.78245401,id64,7.86252069,11.95820997,10.76516422,16.9075449,11.98729834,8.359788761,11.58785887,13.26660746,11.98919856,id64,22.81059861,14.94753423,14.81505282,23.76122489,24.75518732,12.64537058,22.49357787,15.30489389,25.99887182
resting_mav_normal - C4.csv,resting,mav,C4,135,,id65,12.70383137,10.08807354,7.827021464,20.41876754,20.16245557,2.660467755,0.00007019038974,7.895355191,11.65158613,id65,27.94652683,5.282236982,16.24828461,8.620802521,12.45095593,2.385034727,0.0007705238585,9.441982943,12.30894398,id65,35.91061713,7.239081269,21.30952627,11.53768761,30.03860415,2.443671421,0.001720229991,8.880638067,12.75113077
resting_mav_normal - C4.csv,resting,mav,C4,136,,id66,21.82603313,17.82767111,15.08809694,7.657265706,19.0842337,19.07409849,15.30758483,4.335225732,15.52258336,id66,22.75137158,23.5998352,8.659976568,13.48001567,15.44632751,13.78250553,5.979862284,3.257471929,15.48385268,id66,33.68068298,40.02633327,18.47875359,18.01722773,36.35333386,51.72142387,31.32793413,8.206008422,30.32894937
resting_mav_normal - C4.csv,resting,mav,C4,137,,id67,2.433923175,0.2028420521,0.2008811839,0.7722415334,1.948491827,2.390494699,0.01762423911,0.2333908556,2.789991234,id67,1.974421645,0.1109894646,0.1192010754,0.5542771667,1.167619423,2.097613293,0.01897676533,0.1378502278,3.570711159,id67,1.67341359,0.2460914085,0.2285866405,0.6142488861,1.259172212,2.220881947,0.01294355832,0.1678536839,3.866918295
resting_mav_normal - C4.csv,resting,mav,C4,138,,id68,2.399352242,1.438209703,0.0007997761667,6.517488645,5.265673136,12.43299988,4.356421983,3.580196998,6.777144746,id68,2.553689945,0.439566366,0.001837226809,3.690194587,1.430127602,8.088070858,2.930351444,4.818270283,5.270212654,id68,3.50585139,0.3933467331,0.00311945435,7.701347618,1.059973476,9.611106639,3.279566877,5.036261684,7.627329689
resting_mav_normal - C4.csv,resting,mav,C4,139,,id69,8.050113912,13.36568056,3.673153874,8.196349806,14.53227923,4.305432934,4.02174028,11.59947573,12.00109664,id69,5.729507778,11.82955861,3.119409768,8.919432154,10.88689814,4.71861232,3.232056592,8.893501989,9.454635487,id69,6.593870701,15.08500126,2.125414237,8.40735974,14.04527709,10.79804402,3.19553498,12.63615337,15.27480095
resting_mav_normal - C4.csv,resting,mav,C4,140,,id7,10.02861248,7.363687075,8.635553498,5.548665181,20.68933925,11.17013352,8.250617341,18.99831256,9.937521284,id7,5.890470413,6.28800598,3.894104452,6.190396645,15.99875163,8.284048241,5.339584951,13.93310524,7.504071579,id7,7.282064568,7.228571173,8.539558429,4.226956894,24.24055209,12.17775912,4.550367603,15.41448359,9.998520061
resting_mav_normal - C4.csv,resting,mav,C4,141,,id70,15.99786521,2.971884729,18.05437785,22.02479089,9.358890113,6.860787014,11.510875,11.75268471,16.99925168,id70,10.6310014,0.88288486,14.83598595,15.84297088,16.23945007,9.129161844,8.532085039,9.544920891,14.93706883,id70,24.7576386,2.931585041,18.44944647,17.31592539,13.53724964,5.714247817,8.008871922,12.8970044,17.46464755
resting_mav_normal - C4.csv,resting,mav,C4,142,,id71,17.89209829,0.9296491159,1.86002557,12.41350351,1.131371148,0.0006025166045,0.1393879882,1.544073414,0.9191846203,id71,17.76140144,0.9191692203,2.106445523,11.64865336,1.838414867,0.001409905924,0.08316249605,0.9638491692,0.6972902468,id71,20.45906234,0.9236644929,2.175357917,11.29936921,2.629456841,0.002020322771,0.1565764786,1.043339546,0.8035279878
resting_mav_normal - C4.csv,resting,mav,C4,143,,id72,9.4174638,4.592889433,10.47450592,3.914009428,13.36506094,6.109642083,3.217229107,12.06023987,16.02378284,id72,5.421196603,4.124927314,7.282506495,0.7753278773,8.223077369,5.341652517,3.908520565,10.0876785,9.841466114,id72,16.91495939,4.379870838,13.49762721,1.351048742,17.04624632,5.343891928,4.225514758,13.46193548,9.141740874
resting_mav_normal - C4.csv,resting,mav,C4,144,,id73,12.45255122,10.19498855,17.83475578,16.5045183,8.589551408,16.7176315,17.3339246,21.82039681,15.80398396,id73,8.423025531,8.260701379,15.29897139,11.99413954,8.900385472,13.86009054,11.52092025,14.81757196,10.15257251,id73,12.00030375,11.1778537,16.52506642,20.99164044,13.10965686,17.68255539,17.2104291,18.68445253,13.48528519
resting_mav_normal - C4.csv,resting,mav,C4,145,,id74,13.08135921,6.343367205,15.27130378,16.83987941,16.60742726,19.65161518,9.787065762,12.00249048,17.17372899,id74,16.3743984,6.129325312,11.64073967,13.26412982,13.5681323,13.28634703,8.043305409,9.1519962,11.85086951,id74,17.36043228,6.009113016,13.98054777,18.15441618,20.28793259,17.69340289,9.685701696,14.17660089,15.91394356
resting_mav_normal - C4.csv,resting,mav,C4,146,,id75,5.043152623,18.27090101,16.47610008,13.71985262,2.378526132,13.43632698,14.40990528,17.0932056,15.17794523,id75,6.277601357,19.65180528,13.20494475,10.4259034,1.702330061,16.76249668,17.54247113,11.86393214,13.92919197,id75,6.957379367,17.01011094,16.97471267,13.05628439,1.849283272,12.8598176,24.35196518,18.44425288,13.49084188
resting_mav_normal - C4.csv,resting,mav,C4,147,,id76,20.38625736,13.91929284,0.4331185789,5.688389618,7.146498475,8.699929702,5.229565057,2.085987775,5.284963145,id76,19.53402352,11.76186938,0.9915520277,3.743451568,7.253989426,14.83837037,5.473639687,2.575898251,4.430544688,id76,22.85685917,18.16384835,1.939160186,5.261454328,9.648394318,17.120846,5.672039328,3.106907911,8.021231932
resting_mav_normal - C4.csv,resting,mav,C4,148,,id77,17.80627214,19.51329031,12.19681783,11.90119461,10.66526309,10.26012035,13.38423486,6.157304254,2.295343906,id77,16.03042815,14.2193771,10.74010008,12.71020404,9.790235294,10.40440084,12.40407195,7.951649173,2.412547033,id77,23.94078772,19.81286543,15.40852833,13.35685291,11.668004,11.78375087,16.68391825,9.669988759,2.971985225
resting_mav_normal - C4.csv,resting,mav,C4,149,,id78,13.26316024,11.15495205,8.706039922,13.06360308,5.319061648,15.91498355,0.2354295793,14.37879706,7.941754262,id78,12.48339244,8.831021534,8.512933505,12.9235014,5.108778095,15.18197796,0.1646480686,13.2007063,7.996191634,id78,17.40727345,9.64980156,8.862486958,12.1931151,6.696253314,21.86096849,0.2166903444,13.36115728,6.394915346
resting_mav_normal - C4.csv,resting,mav,C4,150,,id79,15.80435151,8.328740481,15.70578828,8.940926437,23.24002935,18.75713581,1.748158181,15.27676974,2.090790481,id79,13.87938427,3.729394322,13.39200422,8.652192141,20.78814594,10.52226724,4.462024141,13.51622048,2.550345646,id79,18.61857511,3.906647895,26.17738351,10.99094636,40.48465236,20.96227458,7.399141546,19.95889612,3.232062364
resting_mav_normal - C4.csv,resting,mav,C4,151,,id8,20.06458311,5.608516896,,1.79561261,13.34835718,18.14039439,24.94950158,11.9173514,13.1767472,id8,10.70708661,5.629026731,,1.884873379,5.014164528,10.49780065,9.99204796,8.938788207,7.435902537,id8,23.21104846,6.294650675,,1.891945374,11.03367644,11.56106306,13.53322649,7.996600968,11.8655147
resting_mav_normal - C4.csv,resting,mav,C4,152,,id80,0.001056001791,1.499113165,11.01936845,2.800521934,0.009115418659,17.84965035,2.865970011,8.567282332,7.713334231,id80,0.002153019738,1.996727246,15.11866474,4.516416173,0.007116137237,15.54824061,5.134017743,7.232297524,5.275209444,id80,0.004681197354,3.126278696,20.15029956,5.673648212,0.009773649354,30.76942542,6.144748884,15.60144396,14.28239842
resting_mav_normal - C4.csv,resting,mav,C4,153,,id81,3.809840991,0.1072085754,4.523819387,10.07679289,5.696480969,0.9358099589,1.531063388,7.179252318,4.361845048,id81,5.782748336,0.09785483564,4.005993306,7.074961043,5.598474299,0.1675089849,1.631222203,6.952117407,2.37269958,id81,8.370293703,0.09785816508,4.476655352,10.46913945,6.662265405,0.245422834,2.643807332,6.930112029,2.664315496
resting_mav_normal - C4.csv,resting,mav,C4,154,,id82,16.75008945,15.31694041,12.00764337,17.17772301,11.82177562,10.39800676,13.44860975,11.92459429,2.709536911,id82,18.9859036,13.45378502,12.07210656,17.13746374,16.24615434,16.25392959,13.03446969,13.37297506,1.513316436,id82,17.3684395,31.68842281,25.49038442,23.77832915,30.08700371,15.62580101,21.87231048,15.35531509,1.721046663
resting_mav_normal - C4.csv,resting,mav,C4,155,,id83,18.56935262,3.701792572,6.958871805,10.84871038,11.14266869,8.819575131,11.87090343,2.145341699,9.627929282,id83,12.04922623,3.617045279,4.760678953,9.17652633,12.83838608,7.628989788,10.42186118,2.226775236,9.139242265,id83,16.89807245,4.047615275,5.06845708,8.867574474,18.30858586,6.641336651,13.89637969,3.326072834,10.66670483
resting_mav_normal - C4.csv,resting,mav,C4,156,,id84,14.40944603,4.321568115,8.090136947,13.75034464,7.099645359,8.033687458,5.891741419,6.598467528,4.445028405,id84,13.56281653,4.798635905,7.737801264,17.2214912,4.206546013,6.304551388,8.423963972,7.629636879,4.214649029,id84,15.80449181,6.230371033,9.162329022,14.61278069,6.588910433,5.855109969,8.678544023,9.79454376,4.952587376
resting_mav_normal - C4.csv,resting,mav,C4,157,,id85,8.619438628,6.549291411,4.043326615,0.9044402052,1.885968675,4.136651996,8.48924161,1.433112853,2.303573058,id85,7.844965507,6.000745212,4.661732119,1.167594524,1.921624351,2.945782632,5.346076613,1.809269367,2.430287149,id85,6.249098765,8.911963996,6.538848934,1.737310185,2.959051132,5.599627608,8.02229027,2.437263728,3.123735075
resting_mav_normal - C4.csv,resting,mav,C4,158,,id86,2.19004675,12.22763611,9.491038085,9.087243585,8.650165651,12.25699156,14.28754826,7.198573464,16.49612856,id86,1.505553336,16.04715117,8.445086359,10.26356451,8.460085683,13.43556458,15.23307507,6.13563637,15.59974237,id86,1.740883708,28.36417733,10.40002745,17.71237891,12.66758201,17.95368688,23.54488099,8.758048506,23.04896829
resting_mav_normal - C4.csv,resting,mav,C4,159,,id87,10.9168337,9.748477944,10.18735088,13.66710285,16.33653086,19.6626923,12.4306584,16.18320117,13.48365656,id87,8.347742143,8.77662807,10.73757855,10.06216977,13.18188228,14.3188221,9.914826262,15.28701999,13.12136738,id87,14.34688492,7.664795314,13.53423451,17.97522356,24.06076303,24.71548963,13.92496272,18.91155942,16.20565868
resting_mav_normal - C4.csv,resting,mav,C4,160,,id88,16.59963017,6.543809594,21.16135238,2.931236824,9.932280778,18.39092892,8.446158145,10.66826342,13.68177695,id88,18.67316657,6.544321746,17.54664063,2.647558786,8.428295579,19.14088697,8.404378704,9.621537125,14.91627588,id88,18.86685141,6.623057005,22.29361935,4.149106848,8.625363869,20.98995,12.56972032,11.14755789,16.9199686
resting_mav_normal - C4.csv,resting,mav,C4,161,,id89,2.055886414,10.90647863,1.789305214,10.1720311,0.0001177041678,1.63225235,10.38561473,1.473383846,5.312445845,id89,3.043322855,10.53074371,2.675944392,12.1469988,0.0003288470702,9.322658067,28.43126849,2.301566988,7.781767241,id89,6.308516076,13.58439443,3.787482214,14.60970824,0.0006379593603,10.76535442,20.50817142,2.563881796,10.65420983
resting_mav_normal - C4.csv,resting,mav,C4,162,,id9,16.54863393,15.22594833,13.89620137,15.36603806,2.180091653,3.268506489,2.063625713,7.447032242,7.940566998,id9,8.816776385,9.398565818,8.57292633,9.892477644,1.574751814,2.507183286,1.653131468,5.945086974,5.550704217,id9,8.241712242,9.429990823,9.587450742,11.50301877,1.947421602,3.293112258,1.684062636,8.338774011,7.792359268
resting_mav_normal - C4.csv,resting,mav,C4,163,,id90,11.8676222,8.681595934,11.468235,10.54044396,0.5018707671,9.947336039,10.30151048,7.821121379,1.130055355,id90,10.015568,3.744152097,10.9773997,7.479213516,0.6561326234,8.47982085,16.20919923,11.28857554,0.4968178918,id90,9.626745878,3.698062496,13.76647374,7.034947028,0.9278409166,8.72780256,16.73028859,9.550858345,0.5298867805
resting_mav_normal - C4.csv,resting,mav,C4,164,,id91,0.2582229788,0.02621128174,4.57023074,8.677580576,0.5614762018,1.112990511,9.099244166,5.931571157,2.577549432,id91,0.1691489612,0.03774767302,4.95196567,8.83794258,0.08636802302,0.5196215271,5.616756011,4.133428073,2.146663082,id91,0.2709507404,0.05364580858,5.478212437,11.81441862,0.1006965356,0.3726026486,24.54456528,4.475250501,3.494071584
resting_mav_normal - C4.csv,resting,mav,C4,165,,id92,11.84744298,9.571757175,11.58825565,16.08541149,8.402872288,13.97873384,11.1671744,0.5451344657,11.2054166,id92,11.20683636,13.6670069,9.740471347,10.61978304,13.4132527,13.94004347,8.986231139,0.1830029084,8.884236227,id92,10.5736317,10.53425693,15.59841886,13.91271352,11.77203686,18.18214165,12.6758834,0.1926081022,15.29364204
resting_mav_normal - C4.csv,resting,mav,C4,166,,id93,22.25461087,16.52274202,1.445117583,26.58410859,12.84731552,17.02835098,25.82860501,17.99700106,5.656896805,id93,29.4080391,10.95710848,0.9082594721,32.88646867,8.744615549,19.0276675,23.79811302,14.45828318,6.113457355,id93,30.26936889,20.60799408,1.403180813,42.85973861,10.50995746,46.16097235,28.04399249,17.70759241,4.705945082
resting_mav_normal - C4.csv,resting,mav,C4,167,,id94,17.6563234,13.13089049,8.64110253,9.37935674,7.210915275,8.954669144,13.14566739,6.71737027,13.35862558,id94,11.50358597,10.56756186,6.376919838,8.446733706,9.141650562,7.279804563,11.77003982,7.69664065,7.300025748,id94,17.12994527,18.60618362,9.51482168,11.22676819,12.10631552,9.823263626,13.71211316,9.168828076,9.369251317
resting_mav_normal - C4.csv,resting,mav,C4,168,,id95,16.43662055,5.270678872,15.80108847,4.097177595,6.867619225,1.459365665,8.206086717,4.473695856,7.999985279,id95,13.2373332,8.128677228,17.31419294,5.133102295,8.923759325,1.881453705,7.579572348,4.7717966,8.873257501,id95,23.473058,11.66657544,28.86836544,7.62127563,16.23429096,1.802187018,12.87199773,8.222051424,8.2045055
resting_mav_normal - C4.csv,resting,mav,C4,169,,id96,5.204966536,2.398985239,0.1764346385,4.720053405,4.092431697,2.421149747,15.67142372,5.475265835,19.46087013,id96,5.354307384,2.415000017,0.3513588561,4.370598192,2.54574126,2.772612823,14.31193879,5.812510196,16.9761558,id96,5.251719953,2.568409828,0.7328534218,5.142978674,3.413009702,2.497556188,17.66530425,9.026109965,24.65868125
resting_mav_normal - C4.csv,resting,mav,C4,170,,id97,15.84357942,17.57713513,16.72716381,8.095094178,12.34957654,0.001695279181,15.44129431,15.46419321,11.63859397,id97,13.83826983,11.88358931,16.78775383,6.149926298,9.652331817,0.002762473719,14.95661047,12.91269573,10.58195362,id97,11.78645068,17.18538863,20.24044528,5.814007064,12.80866492,0.004033170951,18.79129751,17.71222258,12.52562567
resting_mav_normal - C4.csv,resting,mav,C4,171,,id98,7.642056539,6.988823809,16.45680152,9.093398864,3.578085795,2.198892965,1.615638669,16.81080854,11.08213356,id98,4.771889194,8.379069024,14.10154858,5.528882034,4.459252092,2.050789425,1.52433333,18.09214473,8.389508713,id98,7.331441576,7.125772974,17.45120474,6.901817998,4.67841669,2.255175808,2.40884386,15.82882605,8.292019965
resting_mav_normal - C4.csv,resting,mav,C4,172,,id99,19.15671706,7.506093843,23.03803353,16.26160854,16.55211797,4.062225576,8.62978595,18.66274121,17.07491113,id99,15.81422378,5.25026421,17.69498426,15.45971321,14.4669651,2.068483751,5.791862053,15.64712615,17.45817895,id99,27.30109546,7.532249005,27.57124092,32.63392675,24.59199666,3.023311974,5.85236518,22.88548101,24.52827793
resting_mav_normal - CZ.csv,resting,mav,CZ,1,,High_Beta,mav (µ),,,,,,,,,Low_Beta,mav (µ),,,,,,,,,Mu,mav (µ),,,,,,,,
resting_mav_normal - CZ.csv,resting,mav,CZ,2,,ID,scenario1,scenario2,scenario3,scenario4,scenario5,scenario6,scenario7,scenario8,scenario9,ID,scenario1,scenario2,scenario3,scenario4,scenario5,scenario6,scenario7,scenario8,scenario9,ID,scenario1,scenario2,scenario3,scenario4,scenario5,scenario6,scenario7,scenario8,scenario9
resting_mav_normal - CZ.csv,resting,mav,CZ,3,,id1,6.597785932,4.79895066,11.3250744,4.092029418,3.686032756,1.14346254,0.7880823363,0.02423315403,5.295953878,id1,2.703202638,4.849762331,8.119140781,4.156824376,3.18568422,1.022043489,1.255922943,0.03032261586,2.543457121,id1,3.467530577,5.932599444,8.995475626,4.048733507,5.494267,1.122526312,2.182166075,0.03068141858,2.937543515
resting_mav_normal - CZ.csv,resting,mav,CZ,4,,id10,6.409969733,15.06914056,11.17738296,3.767130258,16.03224908,22.24081665,1.252909439,9.028218403,15.16486246,id10,3.562445402,11.29872609,10.16349841,0.8687427192,14.3175004,16.25784542,0.4164605418,5.488391142,10.51348015,id10,6.114231863,15.18424183,11.85198581,0.7999744856,21.40025378,18.83884502,0.3865945927,7.9283795,10.93710585
resting_mav_normal - CZ.csv,resting,mav,CZ,5,,id100,8.174608412,10.37126745,17.30113112,14.845634,18.98155075,17.72244539,11.10723315,13.79958672,5.675169786,id100,9.534005644,7.129755822,16.93382471,11.67737677,11.09658393,16.09002269,9.985333529,9.037557083,5.437376607,id100,12.22599781,12.82090163,19.18895345,15.78077382,17.1952138,27.19361072,10.67569651,12.54064625,8.319432466
resting_mav_normal - CZ.csv,resting,mav,CZ,6,,id101,13.60964266,12.1721876,8.005984801,13.00303635,10.83475474,15.80087084,17.66773604,16.47429472,15.41694524,id101,10.47300115,9.539280483,7.374428195,11.96950119,8.455654552,13.0874317,12.15925357,11.28836067,11.01770435,id101,13.93780609,12.56579195,9.530713889,16.8362441,10.44240584,14.34445794,18.83164628,13.29369116,15.96663541
resting_mav_normal - CZ.csv,resting,mav,CZ,7,,id102,16.1577027,16.12445584,22.07642272,16.50604488,13.08228137,19.16438532,20.67915699,17.47291519,16.46037189,id102,18.10963246,14.28785594,18.48788073,11.75638544,8.668694913,15.68672028,16.25872067,9.736219131,10.97763162,id102,16.55691788,18.03494341,23.02391692,15.72474882,14.09412416,12.65309384,17.93148566,13.31246687,13.76835126
resting_mav_normal - CZ.csv,resting,mav,CZ,8,,id103,14.66908917,19.40590245,11.63767255,10.59493334,15.7374287,21.82998055,18.30833337,12.27047157,12.55301089,id103,13.63999229,20.01561134,11.6235523,10.62886914,18.37438106,19.91926778,13.80751644,9.942737998,11.25712181,id103,14.46226287,21.22185521,14.40331735,14.88348539,17.15995523,29.73363084,26.15330384,11.6269599,16.29303961
resting_mav_normal - CZ.csv,resting,mav,CZ,9,,id104,13.03127216,13.92985403,5.838261835,11.15925957,4.519040396,8.600535006,12.31631537,14.62690723,14.77301445,id104,12.28285635,9.797019151,5.535693575,13.59914274,5.641608919,7.748420971,13.46287146,15.34352844,17.32651633,id104,25.50224675,20.06531371,9.193917381,20.98685783,8.430899222,15.71899162,22.48256187,18.94778456,18.38258369
resting_mav_normal - CZ.csv,resting,mav,CZ,10,,id105,13.35215976,13.03323598,9.29760585,12.06727219,17.19462047,21.04458709,18.1033463,19.60568516,19.07490661,id105,9.4680491,9.166687188,6.564011647,8.798786289,9.956366897,13.40657444,10.87441659,11.73448768,19.73745263,id105,9.677496944,9.453515598,7.68046168,11.33671262,10.53481005,11.78510716,11.69120705,15.28682021,15.97686807
resting_mav_normal - CZ.csv,resting,mav,CZ,11,,id106,3.123261634,0.0001375811083,6.352528316,6.533571785,0.3674134034,10.74806287,6.29886204,11.06388977,5.607608486,id106,3.227620968,0.00007015039829,5.629867117,4.45318552,0.2997093915,9.294962974,6.733076845,6.847247674,6.295564763,id106,2.745218623,0.0002577722924,7.175385663,4.451562862,0.3220817792,12.69849972,8.291514308,10.00253825,6.72956908
resting_mav_normal - CZ.csv,resting,mav,CZ,12,,id107,11.19196846,18.51857781,12.72581137,18.52025819,15.32396711,17.62573729,13.97226899,14.43410084,12.70472489,id107,7.370517073,11.55534273,10.18385571,14.79745363,12.00526732,13.02488534,16.05006683,9.078037054,13.23043686,id107,9.544589935,16.86985601,10.26205912,19.77643534,19.45579087,17.05327058,16.35790786,12.0947547,14.39490306
resting_mav_normal - CZ.csv,resting,mav,CZ,13,,id108,15.96095749,19.46531845,10.54435389,14.3830659,16.65022763,13.59620041,9.886391509,20.6366764,14.32969504,id108,10.21729546,15.72760613,8.163470582,10.67146376,9.678417788,9.065281154,6.557018957,12.81502445,11.15896584,id108,11.6837144,11.65889829,8.129011706,12.57691454,10.38376228,8.891111205,6.761708095,15.69239233,12.44497179
resting_mav_normal - CZ.csv,resting,mav,CZ,14,,id109,8.726943253,10.08086756,10.09369087,0.4550596959,1.7608226,11.02455826,2.002439978,3.363470552,9.364048065,id109,9.549235641,9.780096704,9.299757586,0.75987127,2.491683309,11.74351543,2.150894516,4.565937434,8.719275567,id109,11.23567153,13.70110298,8.601538682,1.090491354,3.516257925,16.62007966,3.683441388,4.96037044,11.37579796
resting_mav_normal - CZ.csv,resting,mav,CZ,15,,id11,18.62636551,7.363259147,1.107590335,0.1757177087,9.807599112,18.02945373,6.9314379,20.95745472,10.89797972,id11,16.03762066,7.272755257,1.135990877,0.2121183888,8.385217835,13.08328452,6.217749279,17.52098644,4.232064247,id11,20.47420732,5.694862283,1.183265217,0.3588143154,6.110192605,20.90538157,3.531182579,30.42723514,4.889891816
resting_mav_normal - CZ.csv,resting,mav,CZ,16,,id110,13.97167029,7.549579582,19.2741358,11.25883673,7.772365867,8.280945089,6.069219627,12.18515627,14.96967748,id110,10.98143273,7.948890824,16.65812356,7.522709229,5.572729812,5.784168948,4.995627949,7.970477585,13.22012661,id110,9.922687359,9.195960726,15.22063738,8.668677461,8.101776762,5.622162484,5.940854594,11.80590642,20.98557503
resting_mav_normal - CZ.csv,resting,mav,CZ,17,,id111,7.345649598,2.231030414,6.362790768,6.450392915,12.15975732,21.06878006,8.88683555,16.5685636,13.35925124,id111,5.858164398,1.29241609,3.823359328,5.324232691,9.684947513,16.96364956,5.668260211,8.450167289,11.52053631,id111,6.123042007,1.326000688,3.863334942,5.136447258,10.96004242,17.03054858,7.398950352,10.35731426,12.82632653
resting_mav_normal - CZ.csv,resting,mav,CZ,18,,id112,2.030858143,4.937468463,14.09273368,0.795905603,5.775339588,6.715868299,14.44699296,9.047510055,17.50607368,id112,1.459490994,4.140038146,9.972437509,0.4452959258,4.120038927,5.507980264,10.46959561,7.585097386,13.24337475,id112,1.940654648,3.037093815,9.980949916,0.516932432,7.897156763,6.620316134,9.980791925,6.838290335,11.94399586
resting_mav_normal - CZ.csv,resting,mav,CZ,19,,id113,12.30900228,15.91962918,10.69729738,12.93330912,14.19171693,14.50289915,17.95530659,16.92410506,13.96643361,id113,11.49168407,14.34986174,11.58300093,12.23391461,9.920811393,12.29266838,15.03974882,13.4511562,12.3170083,id113,14.75433358,20.39712015,20.134907,19.71006371,18.70458765,17.81596332,26.99945602,24.01948421,20.69573896
resting_mav_normal - CZ.csv,resting,mav,CZ,20,,id114,11.66759965,11.99880402,10.37904578,12.68205843,17.43277664,20.75199268,9.478688231,8.478972938,9.622363399,id114,8.308785494,6.675169832,7.817246133,12.32232563,13.73719051,15.6927266,8.207253341,6.88318219,10.29876652,id114,11.03241307,9.039239361,10.4602266,14.83170232,17.06363327,21.855662,8.75795944,7.281673748,11.36702994
resting_mav_normal - CZ.csv,resting,mav,CZ,21,,id115,7.205302995,7.754318859,7.280227723,11.74933523,8.128351775,10.54980851,5.058762288,7.173192437,15.21142717,id115,5.208685463,5.28496679,3.866926458,7.75273339,5.932311025,7.375330923,3.849083676,4.768861252,13.2673457,id115,5.660097498,6.243747418,4.568802628,8.945847038,6.679673716,9.379335759,3.853837942,5.598377027,18.2091885
resting_mav_normal - CZ.csv,resting,mav,CZ,22,,id116,12.43290424,6.537691145,10.16413586,10.01095219,15.56815042,8.137755164,10.13895892,9.69904497,10.20637045,id116,9.739425222,7.757755407,7.860812109,8.978233764,17.50525636,8.921448482,9.302289542,10.49769986,9.954169114,id116,15.03762152,13.73740647,19.03877036,12.45894962,18.39557624,11.6500081,14.18278689,13.51870835,20.53308591
resting_mav_normal - CZ.csv,resting,mav,CZ,23,,id117,6.664517481,11.71002022,20.53115786,16.97652652,13.43487718,1.935548559,6.598847143,8.139296817,0.01239528105,id117,7.213478673,11.30787581,14.76705421,17.54156406,11.23779307,2.046780866,6.395043302,6.498842882,0.01117477307,id117,8.561037939,9.739168913,14.50472727,16.26032432,13.40616854,3.86163819,7.713143906,8.457403648,0.01747808223
resting_mav_normal - CZ.csv,resting,mav,CZ,24,,id118,10.51262958,7.693746711,7.403829052,8.083585804,7.636857834,8.821092289,8.295411056,9.245900092,6.786404032,id118,8.04550115,4.516767369,6.592554198,4.826684163,5.74953526,6.632337511,6.208973377,7.729717628,5.855333773,id118,8.091238751,5.020406236,6.233160361,5.098317938,7.639008015,8.080021403,6.446081886,5.405937335,6.027159823
resting_mav_normal - CZ.csv,resting,mav,CZ,25,,id119,15.88476143,12.63598015,16.3057291,12.0428639,13.22451523,11.15827497,12.21802553,17.42486541,9.490689151,id119,15.57480927,13.27378117,18.64011629,10.57612014,11.15358702,11.16743139,15.62282735,15.04206175,9.513746131,id119,20.76075021,19.39871361,27.78178387,23.69195014,24.63664753,22.19269007,22.92299894,23.85757836,17.65304865
resting_mav_normal - CZ.csv,resting,mav,CZ,26,,id12,18.36360305,9.003579971,7.329299596,2.533935085,13.23493877,0.0001303920791,21.34663308,15.19986536,6.252485882,id12,11.59627289,6.941395365,7.183822498,0.8497845585,14.32253381,0.0002320349777,15.6384465,16.77665594,5.89687001,id12,18.53584751,5.761400462,9.00460562,1.177172879,16.29533989,0.000485587899,21.92340595,19.06052461,5.999329092
resting_mav_normal - CZ.csv,resting,mav,CZ,27,,id120,13.86702883,15.66221312,2.841990811,11.57895121,18.49993092,11.12233312,17.80156535,16.16846322,14.78178253,id120,12.37397694,11.5358397,1.872381193,11.21466117,15.15006274,8.858968603,10.7344178,10.63786867,12.48972337,id120,12.57256637,14.67848329,2.164134728,13.87833781,19.1065476,15.7387628,15.26518454,22.54892357,18.40809981
resting_mav_normal - CZ.csv,resting,mav,CZ,28,,id121,14.27463517,13.54203508,12.76462185,14.14610188,15.03014851,13.50984289,15.56074881,0.6911128748,8.330994702,id121,12.4989658,8.670054589,11.77934865,10.10499299,12.34728496,12.08322156,12.82984826,2.497876561,11.52859009,id121,14.72381864,10.86476701,16.82628452,12.46677006,12.41018385,13.96514918,16.1329304,3.264888299,7.152462533
resting_mav_normal - CZ.csv,resting,mav,CZ,29,,id122,13.70447255,12.94549086,13.42535491,10.64387974,9.589498103,4.960780119,7.996680614,6.686297408,13.46570878,id122,10.06238202,12.4464424,11.17985148,14.73042474,10.1846056,5.309510502,9.5426396,9.135436546,12.4684475,id122,14.88919704,14.19078313,13.43075311,11.56106206,10.70958974,5.00895453,12.63719602,6.806307845,19.04723672
resting_mav_normal - CZ.csv,resting,mav,CZ,30,,id123,17.0511405,14.09465929,17.46282779,13.10340707,17.91323062,0.7958913526,17.51261112,21.55152901,17.01618574,id123,15.04209718,9.461644833,17.60792935,12.67466677,14.80261972,0.6334334592,11.94441924,16.51681918,12.26564515,id123,18.87128833,11.0826094,24.47914711,16.53808871,20.20482612,0.7681199825,14.69380638,21.95688276,22.5440598
resting_mav_normal - CZ.csv,resting,mav,CZ,31,,id124,17.2761101,3.253929533,12.74101761,0.000008755672256,6.127293059,12.99426218,9.115263294,6.683919577,0.4950578506,id124,11.98086358,2.438878672,7.953694554,0.00001535145341,4.851056725,7.426908668,6.182302912,3.899996144,0.7689627041,id124,15.29029232,2.564066234,9.801104124,0.00002711100781,5.338642826,13.68718707,6.74213503,3.235983157,1.037495953
resting_mav_normal - CZ.csv,resting,mav,CZ,32,,id125,16.54344974,21.15993325,14.21019747,17.62527117,17.11207338,20.19225951,17.80015602,12.04891625,19.05588332,id125,12.16433985,14.58518019,12.59783425,12.9746378,15.19358447,17.09059892,18.32267551,11.49440601,17.41493362,id125,17.15838157,23.57050426,10.05713485,17.9408999,28.51823407,25.34091106,22.37833347,20.29937988,27.91064729
resting_mav_normal - CZ.csv,resting,mav,CZ,33,,id126,17.93728023,19.76064427,13.49544229,17.73262087,10.69054078,9.871082318,4.64014055,12.28339303,3.281570573,id126,16.79470659,9.902033136,11.31081895,14.10978597,7.679888082,6.602251344,4.675778837,9.512003989,2.567300733,id126,14.55095569,17.83547078,14.07018221,17.29941065,10.04021844,10.76828857,5.79903796,10.40521359,2.199664388
resting_mav_normal - CZ.csv,resting,mav,CZ,34,,id127,19.76064556,16.69889049,19.06471228,17.03968544,19.60998572,2.808306073,11.34394389,10.21769098,7.285341131,id127,15.71936861,15.24843129,12.42686456,13.28223754,14.75670545,1.880092974,9.492383517,7.834409073,9.492094357,id127,18.05472894,18.93872072,16.37784441,12.45520072,19.43138275,2.132012649,10.16357713,8.663652692,10.61381572
resting_mav_normal - CZ.csv,resting,mav,CZ,35,,id128,19.42743452,16.52411305,18.65373089,20.96676449,13.4240683,11.13742665,18.45852172,1.894444457,22.4268582,id128,16.33115508,10.44010023,12.77698348,16.41859104,11.5947605,7.427997417,12.09241073,2.376771561,13.37219987,id128,21.95638813,13.8393718,15.20521114,20.33478852,13.08377091,16.7828399,16.27096726,3.784789406,20.95152391
resting_mav_normal - CZ.csv,resting,mav,CZ,36,,id129,16.99551878,13.91364103,9.868917033,10.49835137,13.78791522,15.39580555,8.489389429,14.02385054,7.802801073,id129,11.59725689,11.01364748,7.203900266,5.206816385,8.667337754,12.59623664,8.200337608,8.331555962,4.481883225,id129,15.55060144,15.84413365,8.197156444,9.303308822,14.43783534,13.55268114,7.178232632,13.07044084,7.797682508
resting_mav_normal - CZ.csv,resting,mav,CZ,37,,id13,0.001167145304,1.285030846,10.10016349,13.89211422,9.683884926,9.911788834,6.789980781,9.428339985,7.607862581,id13,0.00304613352,0.9039881754,12.46016616,14.07986947,6.593948655,11.57516479,3.519553208,7.863474069,9.994431477,id13,0.005271562561,1.237536532,14.62077084,18.31607723,7.068635829,10.49733062,2.883583631,7.722136378,6.286049253
resting_mav_normal - CZ.csv,resting,mav,CZ,38,,id130,0.000000524757034,3.370633498,7.375596522,0.08881458091,12.78440117,6.726303844,3.836504181,13.83098468,19.15876409,id130,0.0000008495999341,1.074343318,6.063413098,0.08942321918,9.161061502,7.711004119,3.428741247,9.003849044,17.08357992,id130,0.000001204636027,2.639968459,8.266441924,0.06277202196,12.47098554,5.141106709,4.408823774,13.48032072,23.08398098
resting_mav_normal - CZ.csv,resting,mav,CZ,39,,id131,3.773696438,1.595992689,12.35663583,17.00504907,5.506698629,14.10090601,21.50214756,1.53756939,6.203909423,id131,2.690616619,0.6804566803,10.47287203,12.66773221,5.506630092,15.75779553,14.54686335,1.712154199,6.206274856,id131,4.289555712,0.850514769,14.58041682,12.80891389,7.247660586,13.32846146,23.35406528,1.762980104,6.62258801
resting_mav_normal - CZ.csv,resting,mav,CZ,40,,id132,4.264652949,11.65110235,14.32642157,16.02000696,7.987393069,9.806729416,15.28404293,2.419414197,8.392316395,id132,4.162250591,7.914272404,10.84560354,17.03195732,8.084369037,7.432518968,10.96975059,2.963536451,8.841434363,id132,6.746623094,21.34328795,15.00890243,21.70458398,13.67243532,15.71375727,18.9122406,2.236715029,14.35939524
resting_mav_normal - CZ.csv,resting,mav,CZ,41,,id133,10.1760005,9.422224015,10.98288329,16.03581593,18.90913457,12.63749246,7.132360955,2.446031924,6.588631153,id133,8.528583697,7.638921424,9.967675267,12.95146412,15.34286681,12.01646559,8.783097463,3.503273999,5.038639119,id133,10.14227488,11.14049888,13.5857225,16.24964596,15.44072487,15.91893739,10.34705123,3.074430163,5.711862723
resting_mav_normal - CZ.csv,resting,mav,CZ,42,,id134,10.56945509,14.39678031,15.38647803,13.21548561,8.704404292,14.70901864,10.61644364,12.49233562,12.02244144,id134,5.589271516,9.364018811,12.27300929,8.852807678,4.714580264,10.45254428,7.885868384,10.50754716,8.259109101,id134,7.479665508,11.16634067,11.37317143,8.399788852,5.470536527,11.51586871,7.975621823,7.32852224,9.503644321
resting_mav_normal - CZ.csv,resting,mav,CZ,43,,id135,16.62780308,18.03905809,15.53191419,11.1750047,14.22627638,15.54459727,6.686196113,16.57851185,9.77232406,id135,15.21664868,16.49313742,13.29170964,8.778311145,11.85930336,12.11770069,7.412150442,17.42528262,12.17862863,id135,21.24470978,23.95102206,17.8818705,20.47275853,22.19626852,16.82699795,7.225466897,26.28535188,17.86858818
resting_mav_normal - CZ.csv,resting,mav,CZ,44,,id136,17.02498209,15.08702615,17.0469967,17.30420883,12.58613128,9.250229493,11.7767571,9.942422558,13.16355106,id136,11.05476625,12.02631262,14.46163099,12.39345762,11.41103126,9.683228008,13.56855382,8.680959494,13.01847655,id136,21.64227624,21.77357821,22.46420484,21.77748473,24.86198848,11.73552431,22.15592893,16.2999755,24.34136468
resting_mav_normal - CZ.csv,resting,mav,CZ,45,,id137,15.6409062,13.80591525,3.110405488,13.69680014,15.89805502,6.78615858,10.83637159,18.0536148,3.438952463,id137,10.11164414,7.919021356,1.923025925,11.08717733,9.645253384,4.37846318,7.38491509,11.39189758,2.526865969,id137,14.19584492,8.183735913,1.27390741,13.44925785,9.612551859,4.17843816,7.752379408,10.90934047,3.107204229
resting_mav_normal - CZ.csv,resting,mav,CZ,46,,id138,21.55934614,16.30013297,19.54710408,16.04028768,15.53431223,19.694781,12.99071636,6.280237992,16.11164335,id138,19.25725755,16.7091607,16.65652647,18.00876171,15.66456662,16.85345853,15.14167274,5.572699313,15.89854304,id138,22.70300528,21.00534241,18.94393493,16.66274235,18.57583384,19.49925236,17.94812727,7.999478307,14.1821918
resting_mav_normal - CZ.csv,resting,mav,CZ,47,,id139,16.63378356,18.46996533,20.74802557,12.01875464,17.38803519,18.2603717,16.98206706,11.50710616,17.74034163,id139,13.28693817,15.77763194,20.2673476,13.5050957,16.66639566,13.63512269,13.4131328,9.561943659,19.00349697,id139,13.77184446,15.05807697,21.07620441,14.03107023,22.28988178,17.05117878,19.62365094,9.971515761,23.83011863
resting_mav_normal - CZ.csv,resting,mav,CZ,48,,id14,6.807786,4.759467471,1.139917909,12.22856943,13.90939524,16.62004464,7.20728028,15.93644095,14.81549233,id14,14.2401114,3.886701565,1.307232565,11.85730596,17.40404127,10.24132351,9.569644172,15.99373185,10.9456052,id14,14.80099828,6.415077862,1.707403352,20.65194424,13.65890115,10.63837005,23.71677731,16.06985668,14.06457707
resting_mav_normal - CZ.csv,resting,mav,CZ,49,,id140,14.03470445,12.23376346,14.54254272,14.04569961,7.674949362,20.43687329,19.2181909,13.68926597,11.22628093,id140,12.78516268,12.1073555,18.88501576,12.56488742,7.103842013,23.17427823,23.46802485,13.77318707,9.443313557,id140,16.1460608,16.14433806,15.8464139,14.0752567,10.08720829,20.10724319,17.9061646,11.6212327,13.51653757
resting_mav_normal - CZ.csv,resting,mav,CZ,50,,id141,16.19507684,17.90850477,18.89617414,17.60719579,19.02217208,18.60800642,16.5497975,13.39186981,18.72841043,id141,13.49644837,16.95243815,12.80161913,14.65169485,15.13206219,14.66824261,13.2199755,12.03097074,16.40975332,id141,16.71252204,21.03926665,16.20420651,18.65273543,21.21603301,19.68999753,20.55224054,13.29291337,18.79858781
resting_mav_normal - CZ.csv,resting,mav,CZ,51,,id142,17.85425181,16.40202567,16.46051322,13.9923665,13.78198106,17.0370808,13.54462806,7.218490889,17.38549308,id142,11.95666828,14.24469447,13.81058914,11.89856455,13.85757934,15.59524299,16.30407734,6.708583098,16.34074192,id142,21.53554583,23.68976499,13.16760072,25.25264219,19.54084381,19.24558902,19.55367659,8.492173238,23.90012632
resting_mav_normal - CZ.csv,resting,mav,CZ,52,,id143,13.41439075,17.58072733,17.1236763,17.27497977,15.84522067,16.72827418,13.88119815,20.8395534,15.39598914,id143,12.38373839,12.63542354,18.45606056,16.53715078,13.74030109,13.92554907,13.64703308,20.18947678,16.84726234,id143,19.69453207,20.95389128,19.26559177,19.74333453,21.94425466,21.8606315,16.49819971,24.4052457,25.65651112
resting_mav_normal - CZ.csv,resting,mav,CZ,53,,id144,18.45429856,14.839216,15.67054332,16.97138286,18.60727518,10.08897143,10.94132132,7.82098662,7.273627846,id144,15.82609583,16.265779,13.04529838,16.02670755,15.09674453,11.11071298,14.05156073,9.867800932,8.401849617,id144,21.52141066,18.95304786,20.39737444,21.42668951,20.2549619,11.81609477,17.55602921,7.408980152,13.12022849
resting_mav_normal - CZ.csv,resting,mav,CZ,54,,id145,15.59545966,24.79151952,15.87189811,14.45889015,17.54645668,11.95493258,12.30107693,8.600488819,22.43961848,id145,15.32141642,21.07387536,24.50761502,14.10133324,18.70998704,15.35370615,11.4278246,10.42480356,19.74864571,id145,16.68111939,24.14211311,15.71971491,12.80173,18.75533725,17.51764015,14.60922418,12.54904746,26.20338297
resting_mav_normal - CZ.csv,resting,mav,CZ,55,,id146,19.91384133,13.28313208,14.28435615,13.49461741,18.79326818,18.26419605,12.85500949,15.45090011,14.37009712,id146,14.33650838,9.289677534,13.8817327,10.3753057,13.99202047,17.86781004,12.99900682,14.46593951,14.61192545,id146,15.02027354,13.77562143,11.40345006,13.92907399,20.1936905,18.32637678,15.25781172,16.03611863,18.23150527
resting_mav_normal - CZ.csv,resting,mav,CZ,56,,id147,10.94068843,5.361595311,11.69559831,10.63879849,15.34793923,12.69661168,14.76014068,10.48772239,14.55289463,id147,8.911424896,5.481877276,13.76944679,9.321492785,13.5158311,11.46487115,14.03022147,11.93702108,6.878591417,id147,18.4691422,6.877735224,26.52867855,22.98541188,35.17309786,20.44260304,35.93570262,17.61630922,35.38051329
resting_mav_normal - CZ.csv,resting,mav,CZ,57,,id148,25.52502948,12.6573589,15.35059167,23.57984104,14.45311174,16.89722856,13.64768954,19.4093256,11.961145,id148,14.26616926,11.81235765,14.15830696,12.91962167,12.83938064,13.88985091,11.97633951,12.70692137,15.59584165,id148,23.24586483,12.37720448,14.36388156,15.12156627,14.56773398,18.1293539,11.92239641,21.07941601,10.57283098
resting_mav_normal - CZ.csv,resting,mav,CZ,58,,id149,16.98260088,18.3808867,7.417525661,10.09769484,22.85233334,11.63352767,6.495377693,1.634109359,14.46775495,id149,13.18914638,15.94760534,6.918687233,11.49169657,21.77752927,8.042810879,6.372293346,1.163291599,11.50512223,id149,18.66687475,20.65275737,10.36549064,14.10299191,18.48199305,7.814275422,7.574586436,1.389175974,16.21099999
resting_mav_normal - CZ.csv,resting,mav,CZ,59,,id15,13.95868128,18.95167364,15.69118385,14.3667004,17.0404123,19.54501655,18.92043964,21.52392523,19.78701239,id15,8.212094664,23.67030341,13.51939258,14.9073062,9.319400142,18.56643337,10.14376699,17.06056369,14.1966831,id15,17.01317187,16.89821068,13.6313114,18.31383524,10.97199319,17.01893203,13.46198999,25.04628528,12.12335637
resting_mav_normal - CZ.csv,resting,mav,CZ,60,,id150,10.08398262,13.39486249,14.23031587,8.329656425,12.28182586,17.01197429,13.65695059,12.20167776,22.6933395,id150,8.739035951,11.20744953,15.44215121,6.418956393,12.21611407,13.6015897,9.941332923,9.884435672,18.17041322,id150,13.78817732,12.3126278,14.56750748,7.056785775,14.08475162,16.8519446,15.09801472,10.83946043,26.32153562
resting_mav_normal - CZ.csv,resting,mav,CZ,61,,id151,8.957469905,23.70474025,19.06148811,15.95022217,15.26844437,21.18921405,18.27571606,15.75692088,16.80899921,id151,5.812812501,12.9491207,9.156944543,10.33861624,13.98481236,17.40606454,12.80821005,12.31148949,13.23279285,id151,5.714227321,12.93859326,13.23393758,11.45363213,12.7421179,18.95471805,15.25935516,16.21298945,17.7132719
resting_mav_normal - CZ.csv,resting,mav,CZ,62,,id152,1.626890285,3.622621754,9.4516028,11.06292152,0.4412009524,4.147703671,11.37009105,10.05027899,17.5363119,id152,1.163879042,2.644340203,5.368268452,5.834951065,0.2737598446,2.896472268,8.307380033,7.348437077,11.1503754,id152,1.277428632,2.651326745,5.552022972,9.276140679,0.2754777277,2.533242478,6.95523701,7.233420794,17.95208052
resting_mav_normal - CZ.csv,resting,mav,CZ,63,,id153,17.43861968,17.33199887,10.60904006,3.034906886,18.12619952,20.56875637,16.07242066,14.34557563,15.29813505,id153,17.47573519,15.81347665,12.44255841,3.814194359,14.62119099,17.26622667,11.22688469,13.69516609,13.63153936,id153,17.52869774,17.01068389,15.03878098,3.917352737,18.9410777,23.58758048,19.08186082,15.5248816,18.64429455
resting_mav_normal - CZ.csv,resting,mav,CZ,64,,id154,12.00516832,18.10713616,17.50004142,11.3417087,16.11977512,13.47158897,15.50816726,17.39557312,16.14986992,id154,11.24743409,13.99714916,13.15543256,11.49814301,15.41772642,10.92203726,13.20124215,13.59257445,15.38332001,id154,17.9192576,16.55973568,20.77555793,9.980009681,16.9963617,18.23743101,19.94206857,15.44408838,39.24034263
resting_mav_normal - CZ.csv,resting,mav,CZ,65,,id155,11.90701431,11.15860661,11.06608056,14.95415224,12.83805983,13.53726155,13.76023929,7.004212669,9.749067054,id155,12.45244114,12.21703538,8.017256029,13.64365437,13.28745142,8.66273661,11.76030197,4.10695029,7.58675917,id155,15.53590861,13.25187672,10.9052709,22.24441616,10.10140136,10.86334805,14.99590622,8.256367998,8.954739576
resting_mav_normal - CZ.csv,resting,mav,CZ,66,,id156,11.57960283,18.29720577,12.77483801,17.03850206,11.96261003,13.05734934,13.17901838,17.00871903,0.1985437037,id156,10.68469198,14.0165991,10.68571541,10.10768297,14.60157265,10.18730564,11.26076233,16.45687319,0.1213433525,id156,10.41373206,13.93810191,13.93171384,11.87895991,14.28863678,12.53875376,10.1004994,20.62489054,0.1912257373
resting_mav_normal - CZ.csv,resting,mav,CZ,67,,id157,15.65432457,11.87142511,14.51237597,18.35565315,15.43832453,15.52068354,15.52959117,21.61340598,15.51666955,id157,11.58288821,8.17956283,9.724109275,13.85873606,12.78616403,11.49372627,11.47050613,13.15522713,15.60250199,id157,13.62490689,8.782171003,12.13691508,12.27975476,12.64480975,10.09474705,14.89399476,14.58362913,18.55946177
resting_mav_normal - CZ.csv,resting,mav,CZ,68,,id158,8.993333982,10.30845359,5.635690068,10.2240521,6.080305158,6.46461987,4.299841712,21.10421131,17.34189685,id158,6.166311982,9.702629399,3.596700125,6.041957041,6.497302578,5.226227373,3.863595953,21.66543095,11.93065883,id158,7.37892981,9.841207599,4.951447815,7.152909783,6.551625067,9.565586657,4.891672663,17.87042495,16.63987653
resting_mav_normal - CZ.csv,resting,mav,CZ,69,,id159,8.906133548,12.40248138,12.8952935,15.50906654,17.76373874,1.41908261,16.34580607,13.24278999,10.20061123,id159,8.954581421,11.82563345,13.20719904,12.94027858,14.81421313,1.129449637,14.21056308,12.1867124,10.53574219,id159,7.758710801,14.30725272,16.58315194,15.42416768,21.64974072,1.314528118,12.84562428,16.05860601,12.71114076
resting_mav_normal - CZ.csv,resting,mav,CZ,70,,id16,14.22307579,18.31864664,5.30655818,0.8801375193,0.8396799249,1.370882314,5.396370341,14.56318618,5.098503849,id16,8.60239945,13.92679512,3.619029716,0.9164264752,0.9339493426,2.09305036,7.200640555,10.49867619,3.476186631,id16,9.343280019,13.75882361,4.445053177,0.96421659,1.33037553,2.866656987,7.654885918,11.70914337,3.369604281
resting_mav_normal - CZ.csv,resting,mav,CZ,71,,id160,11.82188977,14.83643888,13.81273148,11.15803231,3.110371099,10.68385755,7.609198681,6.298166519,16.12062325,id160,7.882662313,14.51352526,10.97430406,13.78835432,2.980753079,11.18686247,7.482791887,8.081613061,16.13914913,id160,13.18038968,20.73296237,19.60496248,15.84917868,2.585633988,11.94886542,9.403693751,9.270690282,39.09459048
resting_mav_normal - CZ.csv,resting,mav,CZ,72,,id161,12.92571653,9.679552781,12.134448,17.52112688,14.40654233,16.47385016,13.06058501,8.442185078,18.72255459,id161,9.929110753,8.099485462,12.65302972,14.64825566,10.44751556,11.99977687,10.16186803,6.747531048,15.21281029,id161,10.14891088,11.54078107,14.9609629,15.87473798,15.27869411,16.13517289,16.73056796,8.656381554,17.84042038
resting_mav_normal - CZ.csv,resting,mav,CZ,73,,id162,14.41643241,8.336346859,8.89094324,17.56577677,6.403499922,9.91136104,14.92699497,8.011385006,6.217107908,id162,13.52293897,7.558961025,8.262521466,18.11539502,5.53099267,12.11760254,22.87016717,5.100678217,4.413157619,id162,15.60980382,11.13643679,10.72652234,23.23355283,4.342203567,14.08421964,22.928106,9.416018627,10.40551952
resting_mav_normal - CZ.csv,resting,mav,CZ,74,,id163,13.7824829,15.97103844,10.68665398,10.4978912,10.14171748,9.858710434,10.17920003,12.37140846,9.894176166,id163,14.14225477,12.74703989,9.654787716,11.08502013,10.38846381,13.7170794,13.08486117,12.94628154,14.91380382,id163,19.91884769,20.24353317,13.83308829,13.43533332,14.28578197,18.82799413,19.90482571,14.76721259,14.7719453
resting_mav_normal - CZ.csv,resting,mav,CZ,75,,id164,7.417160079,6.252131331,11.04146129,11.50443484,14.58271787,9.89733432,9.373916144,16.78889366,12.91837871,id164,4.744376981,5.043478702,10.80338515,10.68943301,10.59877598,9.212376499,8.368713914,15.07120179,13.28882316,id164,5.094974273,4.284613022,11.23297667,9.957162602,9.245375916,10.34057512,8.894114245,13.37617328,12.50816707
resting_mav_normal - CZ.csv,resting,mav,CZ,76,,id165,18.60997671,23.03439254,4.623763987,11.04233457,12.28551577,10.81733356,3.823812095,16.0075345,16.87435464,id165,18.89997136,13.64696269,4.160533683,8.023384973,10.33669676,9.992234562,4.616050012,11.51890602,12.75125568,id165,19.68270515,21.485793,9.437572099,11.37197128,15.97027581,16.5575112,4.495276031,28.84257168,30.02744176
resting_mav_normal - CZ.csv,resting,mav,CZ,77,,id166,14.73182882,2.807667241,8.203337071,3.645776661,19.07501938,1.050292336,0.5791960635,1.626776771,5.395747141,id166,11.93854544,3.553520411,6.912693309,2.859436689,13.17806863,1.552765648,0.9620145249,3.222114473,2.673011083,id166,13.64012679,3.63248492,9.757373202,4.07016544,18.54089388,2.250077506,1.380586505,4.634443807,5.478154105
resting_mav_normal - CZ.csv,resting,mav,CZ,78,,id167,17.74268137,11.98297848,16.48413896,13.15214292,12.80400723,19.72475185,14.75949541,8.090447843,6.189029128,id167,12.89724024,9.067592187,10.83120288,12.00591658,8.498314917,13.24508687,11.7191963,6.777080136,4.042468754,id167,16.45964034,7.244773283,10.64589819,16.15621254,12.60742704,12.88813903,11.74441065,8.090273806,11.13028674
resting_mav_normal - CZ.csv,resting,mav,CZ,79,,id168,19.38267434,22.60866149,15.19307752,20.36158183,18.93104399,24.82892745,12.99622238,15.62800748,19.27675972,id168,12.81509407,14.6319144,14.16025495,13.54679703,13.23406773,16.29944452,12.59682752,19.93826844,14.58582095,id168,14.00822458,22.89851343,20.68560615,21.33789031,25.23520526,28.05473294,23.37733198,28.81393415,22.06802341
resting_mav_normal - CZ.csv,resting,mav,CZ,80,,id169,17.99359584,5.570589274,5.330816594,5.917408576,6.091843391,2.612762044,7.962367305,1.219712228,7.813560131,id169,14.88382381,4.721481418,2.905460509,3.990973035,5.363275425,2.220347247,4.590992961,3.786700046,8.88753772,id169,19.97718804,4.838153041,4.445608322,8.070847943,7.156220672,5.296731932,11.89246536,3.981431715,9.806916132
resting_mav_normal - CZ.csv,resting,mav,CZ,81,,id17,16.57320995,9.03845904,8.386717149,0.06506868045,1.403168934,2.121034129,6.453389233,5.658184568,0.2186335455,id17,7.862435737,5.871061185,4.755611141,0.06704306666,0.9416167635,0.8570793432,2.632160044,5.755763506,0.1574643499,id17,13.76198716,4.288695082,4.861466269,0.06925903285,1.311807174,1.109411978,2.830198249,4.936187463,0.09251328327
resting_mav_normal - CZ.csv,resting,mav,CZ,82,,id170,0.637542348,8.578294109,14.9882917,2.154488463,15.63819594,7.637716579,15.50388142,21.76173415,16.34965938,id170,1.116631035,8.198679407,19.95469787,2.515148212,17.33652566,9.520172158,16.33640766,26.62069151,19.42553734,id170,1.280348248,12.78351849,18.87302267,5.556610163,16.15903316,10.52666947,21.70799632,34.33625828,28.75942713
resting_mav_normal - CZ.csv,resting,mav,CZ,83,,id18,17.7055828,9.883421289,3.740715886,0.0007610546038,14.67477247,14.10755754,13.9922324,2.857033517,13.41127679,id18,13.72977302,11.0517941,6.266807129,0.0007118464347,10.03588574,13.44757146,14.45857863,2.538244058,13.26784559,id18,20.06739898,10.47411838,6.087323396,0.001650300493,16.56485018,16.44003899,13.04798806,5.711359919,13.50848148
resting_mav_normal - CZ.csv,resting,mav,CZ,84,,id19,9.569979385,12.98682472,9.442022895,9.05992541,13.90895268,14.71579954,12.98387644,7.89871623,14.70261876,id19,2.78086419,7.090053498,6.813027088,7.933435708,11.64754719,10.81249057,12.46695176,6.648114779,10.6238758,id19,10.54593217,8.635395695,9.041381611,9.079538487,12.56017948,7.878329635,8.860673753,8.65338057,9.158373786
resting_mav_normal - CZ.csv,resting,mav,CZ,85,,id2,21.19762514,18.45412807,18.09646036,13.97491374,13.98324501,1.64503121,12.61533093,13.36741152,16.02153024,id2,12.63033647,14.01846348,13.68211006,11.01541456,10.47858276,1.638692824,10.29707803,11.56891489,12.73869752,id2,13.80592879,11.61454416,12.70770196,9.609359477,9.878575417,1.898285823,12.7748592,10.35565593,12.00780652
resting_mav_normal - CZ.csv,resting,mav,CZ,86,,id20,20.18558387,23.37770458,14.61176293,15.26369004,21.05154499,7.637530036,9.699953817,10.21212026,17.14221277,id20,17.38108741,20.45427206,10.80626741,13.30007019,13.69598402,8.052354019,13.33889043,5.690064343,17.90992798,id20,17.87373947,20.03597666,14.0264109,19.46420972,17.13972135,7.72885078,12.38408023,7.09461545,19.38214873
resting_mav_normal - CZ.csv,resting,mav,CZ,87,,id21,17.86562458,27.57467594,22.86700111,26.74744187,17.48034374,16.26283062,2.502499512,15.90146316,19.6718361,id21,18.96008241,24.31033735,17.98461761,19.40188704,14.8751632,15.12217539,2.225642987,11.78195121,16.06825622,id21,19.68729463,22.62628169,19.88586029,25.86193353,16.62100956,14.15907652,2.279318801,15.90810136,18.80828995
resting_mav_normal - CZ.csv,resting,mav,CZ,88,,id22,8.747317341,0.7138674341,0.04169492036,0.6820940153,1.125909134,9.285789607,4.58442771,3.936390749,0.9372793714,id22,4.153668392,0.36266854,0.02762690276,0.2965903568,0.7911763948,6.766305467,3.49119353,1.586547957,0.5412025908,id22,7.472119905,0.6017760533,0.02802440664,0.6069326847,1.22192947,6.8574369,5.892425145,2.500060187,0.7836998314
resting_mav_normal - CZ.csv,resting,mav,CZ,89,,id23,6.111209365,3.549034387,1.370071075,24.10286754,8.9482416,5.979358395,3.545910306,11.53431652,12.29982996,id23,6.980105207,1.921629463,1.16179467,14.34911876,6.398751387,3.951866379,1.061696255,8.139699679,7.380401046,id23,7.854781037,2.403708076,1.551254139,22.28256746,9.87075121,5.130276526,0.6880839347,10.32308917,9.495499817
resting_mav_normal - CZ.csv,resting,mav,CZ,90,,id24,10.04673608,0.0001135769549,13.01648773,14.81111678,1.023632418,0.0001898856413,10.35506981,16.67497413,7.920678047,id24,18.33421084,0.0001078091768,12.08789368,19.96260958,0.7334993621,0.0002522032128,15.64816391,13.81834392,8.811594725,id24,6.37607969,0.0009445952077,13.55788668,21.68986847,1.487558656,0.0001913859573,13.76049384,17.22005525,9.346187557
resting_mav_normal - CZ.csv,resting,mav,CZ,91,,id25,5.569113229,13.27417265,0,0.00003189057503,0.2002782471,0.0002814950557,0.00003053409568,1.911586165,0.03737901579,id25,6.105587783,17.02994694,0,0.0001256013744,0.08800802068,0.0005905930463,0.00004806735124,2.984128323,0.03370202694,id25,8.179860856,10.95133438,0,0.0003586017228,0.09510529314,0.0007611562976,0.00006422251678,3.721613801,0.03300967184
resting_mav_normal - CZ.csv,resting,mav,CZ,92,,id26,13.22010584,0.8008181864,9.575435452,12.64808556,0.6626321636,0.00008236058336,3.438247914,13.1186322,9.630838625,id26,11.40737204,0.519241579,6.82882683,11.85288346,0.8562672636,0.0002306533131,2.807184034,12.34132842,9.887142028,id26,9.719127241,0.5190014934,8.535299689,12.05579369,0.9256877882,0.000494983756,3.087071073,12.76287164,11.58759347
resting_mav_normal - CZ.csv,resting,mav,CZ,93,,id27,17.4773867,6.053964749,13.2318146,12.85287751,12.36677551,11.50505674,14.77548154,14.25189585,17.23895913,id27,15.90139118,4.060984744,13.57058248,10.39801163,11.85120927,7.619544297,8.473195363,16.32394911,12.72904988,id27,16.67597937,9.209069379,14.41211498,11.57325176,14.01306371,8.717388981,17.95928261,15.78761976,13.5735892
resting_mav_normal - CZ.csv,resting,mav,CZ,94,,id28,0.00001007693295,6.007083558,7.829544409,3.669733102,10.06100679,9.378822476,8.157041384,2.116259653,11.88692207,id28,0.00002737446559,4.370297828,4.548751511,2.54999783,8.210686955,5.673638181,5.213686396,1.97644474,6.293376024,id28,0.00006335449318,5.890853791,5.883225468,2.678390711,9.469143092,5.702616643,4.394564449,1.677471684,5.294861594
resting_mav_normal - CZ.csv,resting,mav,CZ,95,,id29,2.585242859,7.617697234,16.4695734,12.91010603,13.02108703,1.976079553,8.649267282,7.290655768,4.163423654,id29,1.886745324,6.111532866,16.04539394,9.571514503,8.423171971,1.098650786,7.720125357,4.697379056,3.107930544,id29,1.142190551,5.75111244,11.67915877,13.75249342,7.741748152,0.9795061053,9.355567801,8.440900797,4.484379665
resting_mav_normal - CZ.csv,resting,mav,CZ,96,,id3,15.22256922,20.59282729,0.9261061403,2.41529378,2.355921153,14.40340666,18.7326656,9.861860795,9.624485185,id3,11.56070859,16.0730257,0.635807124,2.489655019,3.288266391,10.67616599,14.95622181,10.29067016,6.464255455,id3,12.91515683,15.62861921,1.444936488,2.3407014,4.251736547,12.03442256,17.0225504,10.83113144,7.881462709
resting_mav_normal - CZ.csv,resting,mav,CZ,97,,id30,26.07624409,10.22060922,14.09520438,7.244606399,13.53219321,1.035669253,13.6020799,14.06832818,29.43125114,id30,12.44888845,6.875680837,10.5231829,3.91833793,11.21418721,0.7132787182,7.514977563,7.188253514,14.59315816,id30,20.93597052,7.489886706,10.56805625,4.560096716,12.78581692,0.8406011936,10.12245051,15.96798061,18.91732541
resting_mav_normal - CZ.csv,resting,mav,CZ,98,,id31,7.27663304,8.884790467,16.73228691,7.916189005,5.813080025,7.255174454,18.68285002,10.84744,7.731663851,id31,3.590398122,7.174741286,9.248410431,6.21520493,4.394145926,4.977463199,4.737525017,8.726782724,4.037810889,id31,5.450160444,7.917601978,9.340129304,7.15844245,4.258614228,5.834756852,8.509103548,9.235646801,3.530962292
resting_mav_normal - CZ.csv,resting,mav,CZ,99,,id32,3.032325181,9.552051134,11.30773271,8.228961224,2.375860785,6.22671047,8.857532758,10.74843913,20.18049826,id32,2.014921128,6.303419298,11.05299448,7.473464081,4.784888936,6.052178822,6.614222727,7.668242042,7.825476645,id32,1.653625911,10.1465387,9.252095403,5.559542176,5.611059829,7.915435946,3.689489927,8.102002114,14.1539174
resting_mav_normal - CZ.csv,resting,mav,CZ,100,,id33,22.95669924,4.250902904,11.17248825,24.47883265,21.62256927,9.607938311,0.06170923668,4.542176261,14.02453874,id33,11.59759772,3.066202616,8.350322187,16.66366389,15.27507644,8.815733734,0.03375396348,2.772550321,8.801627022,id33,13.62594921,2.281153413,11.61781969,16.13827144,21.01764445,10.93329091,0.04391022691,3.19292172,11.81585186
resting_mav_normal - CZ.csv,resting,mav,CZ,101,,id34,10.79853984,10.00635837,5.330584602,3.041725215,14.67548592,2.158854093,0.4685847862,5.572080802,4.729018976,id34,8.206444798,3.42772843,3.859311453,1.206234897,7.62921153,1.59221357,0.1188501426,2.21508557,0.9060421607,id34,10.41724391,5.327397285,5.463913035,1.667078376,8.220110166,2.181729604,0.2282769565,2.617470994,1.475733508
resting_mav_normal - CZ.csv,resting,mav,CZ,102,,id35,8.728206386,13.48946887,6.804862243,17.4053032,11.73746935,14.19493796,9.673899016,8.755216526,12.76668815,id35,3.074350938,8.888432234,5.178143763,9.952739684,8.121084214,7.738152708,4.840465653,4.45037321,7.085853929,id35,4.219838041,12.65397416,5.458176768,10.02139486,10.30636112,8.738821858,3.907074182,4.670856819,7.3073982
resting_mav_normal - CZ.csv,resting,mav,CZ,103,,id36,0.6460834141,5.932194578,5.895242836,9.766174802,15.86806671,3.573074639,4.989213421,16.32078528,20.16204152,id36,0.1349772098,2.903650002,3.713193869,6.940118289,13.92896899,2.13969897,1.749664672,7.943101354,11.16034234,id36,0.1698568781,3.449448963,4.141909757,6.321462068,15.29182536,4.687192736,1.559869304,16.15116316,12.27986794
resting_mav_normal - CZ.csv,resting,mav,CZ,104,,id37,15.4588065,11.01481087,14.94951315,17.3815614,1.165427209,3.787806321,3.860867403,21.03516056,13.13620621,id37,8.647818674,9.931258908,14.13758961,7.400255686,0.5168349124,5.258357812,2.810661133,11.26040952,7.468340531,id37,8.064691695,11.54826786,16.13301581,10.43559769,0.5772682516,5.514798365,6.945065768,18.26301247,9.856270107
resting_mav_normal - CZ.csv,resting,mav,CZ,105,,id38,1.707818179,2.133983048,1.81579489,2.236256469,3.412965957,3.080098365,1.906243042,0.0003001671854,5.280170123,id38,1.546221573,2.267462063,1.625786661,2.047092019,4.045959055,1.675950718,0.7078261656,0.000507040699,4.011999206,id38,3.055696633,3.979508458,2.087950805,2.052862614,6.343253664,2.77774365,0.6809751357,0.00113878945,6.746742866
resting_mav_normal - CZ.csv,resting,mav,CZ,106,,id39,18.17155294,0.4566587429,0,16.82442689,7.703776471,8.854743681,20.35830336,11.19685281,10.90334883,id39,8.148753842,0.2618015228,0,15.96361875,7.700928239,4.339568712,23.17176524,10.73598974,8.003335326,id39,7.556457927,0.2494699334,0,20.57419286,15.0907,5.5891515,16.30013891,12.84505355,9.469839138
resting_mav_normal - CZ.csv,resting,mav,CZ,107,,id4,16.70842334,18.55630988,5.958618467,11.29898153,4.385088156,15.85141603,3.042382285,16.16671452,6.999097425,id4,13.73396633,11.83043475,4.42089582,8.786469556,3.50926919,17.29759815,2.219825525,14.21790941,7.033654578,id4,12.21618229,13.64173793,4.999265107,9.459746112,2.831154646,13.4385934,3.091070589,15.928484,9.929488843
resting_mav_normal - CZ.csv,resting,mav,CZ,108,,id40,3.132398506,11.70265621,0.3379775678,5.79161171,7.912711598,0.9025962901,7.156733246,12.74589095,4.001318168,id40,0.716918925,7.470927935,0.3574224502,5.221143542,6.930435034,0.7258804575,3.419362961,5.339829612,3.183325516,id40,1.354778007,7.94392852,0.1320658239,3.581265731,8.571527757,0.696091846,4.05510988,4.211201434,3.074572976
resting_mav_normal - CZ.csv,resting,mav,CZ,109,,id41,3.784466835,2.018806599,2.596056016,3.22557221,2.055490301,8.289259871,5.144137344,3.225566346,5.103662935,id41,4.148710738,1.663540914,1.850356069,1.418572839,1.5558366,5.485381769,3.118087044,3.169126228,5.227305291,id41,4.021491215,1.576302067,3.152883136,2.176428652,2.158710082,5.653119466,4.821854298,3.941639778,7.697960983
resting_mav_normal - CZ.csv,resting,mav,CZ,110,,id42,3.060829544,0.0003522851349,10.3077155,5.187940665,0.1501718264,9.128345331,12.59610474,6.707523049,5.31671164,id42,4.94307908,0.000628490402,10.72893325,5.385319127,0.1348872757,10.48488415,10.96867557,5.23616172,5.716278766,id42,7.328411133,0.001379349332,10.60568803,10.82081444,0.1003077734,10.50030008,9.399464323,5.672928519,5.811540437
resting_mav_normal - CZ.csv,resting,mav,CZ,111,,id43,8.492762969,16.31452964,3.732084793,0.5046820882,13.15197937,6.236156587,1.606958895,13.80041899,12.52962397,id43,7.748510368,16.11267266,5.909690922,0.6123489169,5.504952702,4.1024368,1.329966405,9.346544343,13.71964342,id43,10.44902571,20.9258765,10.13651411,0.7080969107,7.539479226,6.248473668,2.029904913,11.44466079,19.02793178
resting_mav_normal - CZ.csv,resting,mav,CZ,112,,id44,0.4168754204,1.237386131,0.02355216202,2.095927548,3.442635992,1.645007281,1.830483096,7.401364528,12.75249915,id44,0.2320910132,0.6488610575,0.02253043628,0.5597267039,1.02544484,2.719242925,2.331395518,5.345911626,9.400744408,id44,0.1826676351,0.9388136765,0.02266577755,1.084320004,1.438608334,3.443809813,3.521549975,10.64009735,23.35073548
resting_mav_normal - CZ.csv,resting,mav,CZ,113,,id45,2.131951239,12.00548099,9.342452376,3.909970186,9.279405439,10.26009877,17.64674341,6.19309864,16.2045346,id45,3.570499623,10.41421374,6.472353856,3.244145037,6.427932325,10.52878538,16.34062787,6.581566939,12.06163601,id45,3.101305296,20.9698031,7.590214548,2.625109469,12.18095307,14.98713413,17.4483928,8.803241803,13.69796085
resting_mav_normal - CZ.csv,resting,mav,CZ,114,,id46,17.03690018,8.557218825,12.45909152,15.55173764,9.137199362,0.00001804247949,0.00213629391,8.545196275,12.50144424,id46,9.646557644,6.46906218,11.11242529,15.69840415,12.82758921,0.00003227324717,0.001099885437,5.884185425,8.294713144,id46,17.41166487,13.86055256,11.90641117,10.21765798,15.31715925,0.00006255888766,0.002676541026,5.43839678,9.879409562
resting_mav_normal - CZ.csv,resting,mav,CZ,115,,id47,10.23206565,10.20034496,9.249023089,12.17134745,9.86357332,11.61898796,11.24256301,10.44398426,9.783565158,id47,6.737710333,6.29065389,5.591832632,6.819812708,6.24530235,7.801360643,6.983489337,9.522021355,7.089774248,id47,6.700187222,5.480694462,6.411615106,7.164668349,7.746594715,8.08071248,7.001778936,9.580136491,8.173884607
resting_mav_normal - CZ.csv,resting,mav,CZ,116,,id48,1.627563386,10.84378682,8.220718068,11.40473515,11.39459065,15.12265036,10.21840112,10.17902462,12.21400918,id48,0.8486393696,7.321577232,5.675567402,8.677700025,7.572007112,8.830593087,7.00628949,6.216165717,8.432019727,id48,1.206731487,7.073581262,7.713677984,8.573210352,8.085597676,8.763580839,6.227424688,6.358296556,9.327255861
resting_mav_normal - CZ.csv,resting,mav,CZ,117,,id49,14.04721784,11.28374041,15.32697939,8.19507013,6.063935913,7.483949536,6.092936974,4.497105414,19.54578287,id49,11.18945852,9.633014565,9.532830101,4.950587039,5.250313113,6.719620372,4.237267556,3.713429334,15.61361724,id49,14.30446402,8.904112343,11.25037999,6.046202017,8.368085055,9.669748818,6.840815799,3.718471926,16.55691332
resting_mav_normal - CZ.csv,resting,mav,CZ,118,,id5,13.85035834,8.501076517,14.00533117,7.364757813,0.2532327627,10.43294106,18.53375439,22.28842227,14.94696178,id5,14.28181111,7.426699771,11.73833911,10.79110505,0.279685792,9.109106692,15.24297534,11.88184401,12.80807483,id5,15.87893576,11.87313462,12.71559249,7.497450502,0.5970883047,11.73648328,17.13099421,27.23682249,18.93895385
resting_mav_normal - CZ.csv,resting,mav,CZ,119,,id50,12.52584976,9.17220455,13.81662069,14.10347674,2.35998963,2.183755035,14.39753744,17.6202745,13.5595267,id50,10.67145948,10.56338989,12.09675212,15.02959824,2.059732588,1.490894165,9.45644285,16.06020272,10.18590792,id50,14.50933551,8.593873846,15.42208545,13.55653753,2.144056805,1.87607134,10.67096212,14.64619546,14.03041162
resting_mav_normal - CZ.csv,resting,mav,CZ,120,,id51,6.018247419,9.746007193,13.61593309,12.62840766,4.013041561,8.809612573,6.97779841,6.872087781,18.03307703,id51,4.76013058,6.809172737,8.987459891,7.251866141,4.039400961,6.989282939,6.432836766,6.305974927,13.25075262,id51,5.333773288,8.226807722,11.76103563,11.59664186,4.297103462,8.681404341,7.066279856,7.746023485,15.61317128
resting_mav_normal - CZ.csv,resting,mav,CZ,121,,id52,0.9255887395,28.55434921,13.77203899,5.687150298,17.60098388,5.881264003,4.052713884,13.99640385,17.33904106,id52,0.7994565727,17.22666582,7.734554715,6.40370594,15.84116208,3.532207524,1.771754544,10.56471129,13.14952394,id52,0.9088348946,17.74391948,9.889835043,8.205983363,11.65872363,4.628025657,2.567500047,8.41725017,8.97247917
resting_mav_normal - CZ.csv,resting,mav,CZ,122,,id53,14.15534446,0.8495346407,9.335794958,9.165253322,2.134142357,0.000001955957018,7.561679275,0.0000729941922,4.084424553,id53,10.48023289,1.580073417,9.509302473,8.039834429,0.8332078659,0.000004416253058,5.605667653,0.00006093139934,1.100532733,id53,12.77787611,1.860775956,8.774209535,9.38341866,1.390093914,0.000009598632436,8.468758569,0.0001115908998,1.374463245
resting_mav_normal - CZ.csv,resting,mav,CZ,123,,id54,4.970364559,16.75175868,5.835911443,19.37873572,9.804288306,12.24269246,15.57420202,13.92279925,12.20653219,id54,4.987689883,16.25965373,6.675542918,18.43917294,6.491324763,8.714382834,13.45203485,12.69974352,11.38952006,id54,6.696594765,17.53219205,10.11340643,23.54847794,7.296757046,16.01728181,17.84372412,18.16610473,19.07886208
resting_mav_normal - CZ.csv,resting,mav,CZ,124,,id55,5.535589127,3.094246211,16.7893818,11.32033497,3.318129889,19.60598217,17.31599885,14.50204292,17.08721238,id55,4.840310502,3.180586598,13.95446798,9.690246821,2.683586698,14.91040421,14.30311392,15.12879674,16.40710642,id55,5.861127045,4.261932695,31.09673523,12.08281542,2.625067284,20.71292359,20.80671022,20.98589929,26.18124148
resting_mav_normal - CZ.csv,resting,mav,CZ,125,,id56,9.147996413,2.169624971,1.715699333,0.234319946,1.171498323,11.53075475,17.54473111,17.99420954,2.164448591,id56,6.185390343,1.825232573,1.655746673,0.2181926873,1.792302374,8.091879646,9.58637096,15.26594484,1.344496318,id56,8.003591478,3.267540136,2.103786851,0.2942193635,2.70551743,12.9309838,13.65368096,28.00050918,2.367068472
resting_mav_normal - CZ.csv,resting,mav,CZ,126,,id57,4.762798889,6.389991632,9.749048761,12.77645043,13.953085,13.26670448,2.900672586,14.89326568,14.82022341,id57,4.717127519,4.320092731,9.04289344,9.406013701,10.73655874,8.644993942,2.560258385,12.33315278,12.62221723,id57,7.879610435,6.465480867,9.943018203,19.10070474,15.93029602,17.14504459,2.656689909,17.16151688,16.76052068
resting_mav_normal - CZ.csv,resting,mav,CZ,127,,id58,15.42510147,9.290496711,8.031977547,9.923539576,12.38173621,3.635288086,3.332843104,6.052789703,6.81816977,id58,16.7737975,11.68454655,8.911522373,9.352737068,12.56659907,3.963767695,4.078438905,4.702872495,6.284936799,id58,22.83179637,9.303533593,11.33900449,9.848004908,20.82274497,4.645711452,6.513015332,7.531688655,10.89881758
resting_mav_normal - CZ.csv,resting,mav,CZ,128,,id59,13.66097245,11.03353877,17.83675425,6.629809909,17.7927105,4.824280653,7.052627168,1.713319773,13.67420893,id59,11.92734083,10.96134062,14.98505932,5.919153897,17.54828883,4.160650846,6.772375219,1.667294106,11.53567073,id59,12.17051435,14.23060065,23.11199618,13.54821807,17.59172452,6.09572895,10.48017736,1.76308777,15.26499794
resting_mav_normal - CZ.csv,resting,mav,CZ,129,,id6,1.607201913,4.229016132,3.886324783,13.6491709,9.001061408,12.75435033,20.02825715,7.403031029,14.63954422,id6,1.140136795,4.479786682,2.081592235,7.5510702,8.483467755,10.87665446,14.15561015,5.305814727,10.69836354,id6,1.464275627,4.867603478,3.004405135,13.63559641,8.02818496,10.81288622,30.29202797,7.026224844,10.00947277
resting_mav_normal - CZ.csv,resting,mav,CZ,130,,id60,7.827693457,1.181701162,12.42910406,6.954235865,10.3580977,12.47281089,14.46159872,8.707517999,11.57895124,id60,6.141453996,2.562257415,10.82036779,7.164150235,10.07339373,10.75562842,9.329685333,5.938706069,9.331613733,id60,6.789996227,2.608633082,10.06430419,8.765262469,13.02397102,12.46753352,15.93492083,9.461545482,19.86665669
resting_mav_normal - CZ.csv,resting,mav,CZ,131,,id61,21.27190598,22.72197202,15.00932042,18.31983515,18.02720112,18.60911972,15.56459131,19.67913677,20.23195795,id61,15.12427751,16.72504626,14.73611302,18.70273722,16.72849957,18.30841944,17.93797316,17.8167125,18.96288708,id61,13.95779908,18.53401676,21.47487367,19.13105606,15.06871632,16.58438251,16.7956002,22.78792995,22.01344509
resting_mav_normal - CZ.csv,resting,mav,CZ,132,,id62,13.37798623,11.18998645,14.94474795,0.4777225238,7.8756229,11.17936826,17.73374476,10.66358162,13.96221064,id62,12.92742689,9.461667751,13.03213845,0.4407218148,9.357833074,8.768295802,12.69147515,9.311432754,10.8243535,id62,17.42530754,12.34409864,16.37428772,0.4789953335,10.41277803,17.72008993,21.54778458,12.07272532,13.63484729
resting_mav_normal - CZ.csv,resting,mav,CZ,133,,id63,11.36803145,5.283592109,4.2225067,3.18443255,13.14935678,11.80786164,2.122177765,19.33182307,2.253766214,id63,10.9928916,5.091131972,5.214132252,4.756161064,13.96735321,10.28663545,3.89915668,16.76046659,2.487626748,id63,14.13542821,7.475558717,5.467106578,3.733187324,15.82882324,17.15024497,4.327663007,23.31913239,3.915575826
resting_mav_normal - CZ.csv,resting,mav,CZ,134,,id64,22.09030886,14.37166888,4.074120852,5.003219706,17.99418415,11.9187607,9.302969098,18.66804987,17.86068643,id64,11.30790456,9.150749165,2.545068771,4.367278638,8.120878552,12.31001379,9.613105231,9.071959009,9.803421263,id64,29.77200357,22.63358036,3.163897644,5.136240105,52.09075121,25.94307843,23.70896989,11.90213023,23.22353054
resting_mav_normal - CZ.csv,resting,mav,CZ,135,,id65,14.29112985,5.936984407,5.581383547,10.01461791,18.44441058,2.362337834,0.00005815200945,10.00954234,12.93223697,id65,19.41155784,4.985376449,5.069898272,7.593514347,18.98216727,2.201880404,0.0006313790348,11.73346783,11.16260794,id65,37.49844892,9.179527174,7.64225359,17.96682891,25.97713332,2.167851072,0.001407898312,13.69813087,21.2396273
resting_mav_normal - CZ.csv,resting,mav,CZ,136,,id66,12.03440622,13.25217429,12.66561209,18.1218018,18.37850228,21.01553686,14.09726635,6.861696493,17.57768911,id66,7.190399129,9.688352731,8.971035243,19.71588344,11.77278988,10.0591808,5.830365545,4.844810534,11.06051089,id66,15.63998723,30.93380024,28.43339989,22.5766129,29.82332763,54.72230817,32.95567217,15.81215686,29.62573204
resting_mav_normal - CZ.csv,resting,mav,CZ,137,,id67,5.627513051,0.3231711967,0.6159973147,0.4464570984,0.2455226213,3.103151132,0.03336503759,1.415585738,13.5440232,id67,2.670720983,0.1768301875,0.5333910109,0.3315252349,0.1572042572,1.762560264,0.03583004433,0.8278950824,11.01871473,id67,4.317749074,0.3920767621,0.7160899354,0.4662303965,0.1271881481,3.14399892,0.02429931106,1.168797008,13.7050036
resting_mav_normal - CZ.csv,resting,mav,CZ,138,,id68,18.11044769,8.183899398,4.768656898,9.055641535,8.04846378,7.148753464,8.37901088,12.28581668,9.253246764,id68,23.20473295,4.888774317,4.509342634,6.808660121,8.757107797,8.50545424,14.03761413,16.3575881,5.92779352,id68,19.80399708,9.991225253,4.049099703,6.689977629,9.820686634,15.89198691,19.40149537,16.55352367,6.853420182
resting_mav_normal - CZ.csv,resting,mav,CZ,139,,id69,19.43927718,12.5831518,7.923909052,9.79190211,16.02845166,8.632639233,13.34120413,14.74318553,16.73450622,id69,13.77456833,12.53854508,4.839034541,8.673986627,15.39585403,8.941348082,11.53559043,11.80946648,15.36842611,id69,16.49514591,12.2279604,8.549252928,5.609241529,16.52802288,8.075457797,13.74874626,15.51304311,20.56684915
resting_mav_normal - CZ.csv,resting,mav,CZ,140,,id7,9.564812526,12.69719599,10.69201364,9.107791949,16.75244018,20.35783127,6.610069932,18.61309569,9.908291561,id7,6.907692715,8.301583902,8.222238301,6.473259123,18.16251015,14.68514453,6.313592211,10.45126012,7.900707966,id7,8.725763402,8.969109983,8.893235887,6.111352963,17.8059771,22.69706519,7.041754561,16.81284664,10.7369522
resting_mav_normal - CZ.csv,resting,mav,CZ,141,,id70,21.17456942,12.74021968,12.47590355,15.21278398,13.53605192,14.35029706,13.47450289,15.58313174,12.18357058,id70,14.73313245,9.485130787,11.93989866,9.603171479,14.02281639,9.947894594,7.062850404,9.264365943,11.70136725,id70,36.98136203,17.91979003,13.56331941,18.86657085,14.56359399,14.30665909,13.94925487,18.53480711,15.97166729
resting_mav_normal - CZ.csv,resting,mav,CZ,142,,id71,9.840352432,0,0.0003503313508,4.793417311,0.0002920061377,0.0004284252775,4.102610478,0,1.796203336,id71,5.482788668,0,0.0004831883623,3.560105612,0.0005207420072,0.0007444300679,3.419730292,0,1.014489389,id71,6.9375271,0,0.001109221833,3.210349578,0.001047131732,0.001390339854,6.372014076,0,1.17468945
resting_mav_normal - CZ.csv,resting,mav,CZ,143,,id72,6.309034542,8.678163853,10.34121115,3.732899588,17.71063459,6.793244817,7.198696614,20.85772558,16.33394511,id72,2.479968649,9.632051868,9.800102418,0.7658812958,12.31733815,5.811841628,7.330271297,14.55264537,13.02941715,id72,8.227248938,10.67019024,10.65535892,1.275097148,15.83527405,8.526795811,8.732860112,21.84492007,16.83072454
resting_mav_normal - CZ.csv,resting,mav,CZ,144,,id73,11.19393403,12.22421047,16.00892242,13.46623041,15.58852156,17.69461635,12.26500611,21.70237109,17.17714676,id73,6.339528126,8.542125948,14.04586155,13.6117308,12.91621111,12.69555421,8.969037274,14.45508791,11.60532438,id73,7.436490132,11.4497548,18.93597902,18.6074769,18.93061429,15.66999061,9.929969092,16.73575098,17.85973578
resting_mav_normal - CZ.csv,resting,mav,CZ,145,,id74,18.5024816,9.275883069,13.2137101,15.1895085,20.28723618,18.99891684,15.59320424,7.625649207,20.46654124,id74,18.06848647,6.724392423,12.18269429,9.536512478,13.61389862,13.7587815,16.61433593,5.382049489,17.34101816,id74,21.88606842,8.496372405,16.62025376,15.15990103,22.23584629,19.85915554,21.62379567,4.692322439,24.99791642
resting_mav_normal - CZ.csv,resting,mav,CZ,146,,id75,4.316290659,10.4773381,5.761650018,9.928003136,7.910563258,1.984340289,14.5002829,18.17215974,14.71943699,id75,4.695789924,12.33132408,5.847883388,8.040353625,4.846043097,2.252208849,13.75278175,15.27791493,10.17780496,id75,7.119337705,19.00158943,10.78627494,12.72242256,11.32184291,4.326938751,28.39025732,17.05706227,16.22747726
resting_mav_normal - CZ.csv,resting,mav,CZ,147,,id76,10.36450495,15.79748922,2.392306359,0.4951179906,5.9189058,16.29802787,6.940002914,1.046206668,7.87280487,id76,10.16395701,16.73112126,1.057116636,0.3040745073,4.608267753,15.85587343,7.303358765,3.611457424,9.103766743,id76,11.51443785,17.99564232,0.6959046799,0.3818365052,9.1570979,18.90454199,5.333873725,4.234870242,13.25738042
resting_mav_normal - CZ.csv,resting,mav,CZ,148,,id77,14.78800608,22.2378298,16.06718427,12.64018335,7.580858848,7.830361119,11.85391159,4.688941188,6.051387385,id77,13.44814711,16.46478154,16.76681814,10.84946585,5.700390433,7.644443729,10.23007795,5.372918407,6.650152622,id77,22.30461184,19.05822861,18.39525528,14.60914938,9.981365719,10.42689326,19.4168236,6.522680139,8.213119902
resting_mav_normal - CZ.csv,resting,mav,CZ,149,,id78,12.77824239,8.043148465,8.864611871,12.94893046,0.0005646621666,9.946128791,0.2858829213,15.38380492,5.811836736,id78,16.42155477,8.625083453,5.715596863,13.15226491,0.0005482419547,13.2093132,0.2004637932,12.64499527,4.647678464,id78,25.77588487,9.178804283,12.45407691,29.53630283,0.001635089751,18.88948212,0.2630152361,13.66702134,4.692934836
resting_mav_normal - CZ.csv,resting,mav,CZ,150,,id79,12.70836135,9.059966027,15.90152762,4.351467271,20.9116057,5.689404462,3.497996919,8.679673204,1.278577199,id79,14.50051247,7.02112902,15.86727505,10.14962047,16.4607108,3.802800311,2.371765428,10.53972769,1.386486536,id79,19.7499258,7.744568752,27.55582058,16.46322254,24.08839072,3.935520697,1.731117119,11.51244646,1.889688669
resting_mav_normal - CZ.csv,resting,mav,CZ,151,,id8,17.51078311,2.511713599,,1.754241497,20.50277948,18.27182287,27.29174607,15.90180602,12.46700222,id8,13.41128128,2.325621872,,1.695815171,9.988117887,13.02492093,13.57345472,8.735200782,10.2460429,id8,19.11633393,2.762083672,,1.745642892,18.30544562,22.83877946,16.11876054,10.57424233,10.0509191
resting_mav_normal - CZ.csv,resting,mav,CZ,152,,id80,0.0008053310494,1.528720764,3.161871016,2.283659171,0.0002439533438,8.377612635,1.235256805,2.562679101,5.288783914,id80,0.002206200367,1.865885615,4.131027057,0.9826062512,0.0007861125854,9.900253593,2.019877395,3.947451665,6.228120354,id80,0.003807847626,2.535358052,4.883853804,2.305226439,0.002050854279,8.679710663,2.895659714,3.193207835,9.173880269
resting_mav_normal - CZ.csv,resting,mav,CZ,153,,id81,4.047902375,0.02959840541,3.655020825,9.793662244,8.683530766,2.61069064,1.054618792,6.65141281,1.814930799,id81,5.310542418,0.02692427608,2.050253661,7.897148978,11.11887208,2.774387719,1.513587772,9.486478604,1.666816482,id81,7.064826236,0.02733934495,2.326606697,8.267082805,9.369908685,2.616931295,2.234214061,9.116732724,2.27452979
resting_mav_normal - CZ.csv,resting,mav,CZ,154,,id82,20.56309761,21.05666971,12.35802857,7.530304798,21.52438236,17.97107073,13.80419407,11.59506333,3.135245048,id82,13.6538634,14.27902554,8.664122057,9.094090423,16.62151707,14.33493407,11.77691647,10.8366808,3.027055361,id82,22.71289588,35.39918507,26.02411805,5.599897466,37.87487407,19.34247033,21.83066012,15.6793415,4.908247255
resting_mav_normal - CZ.csv,resting,mav,CZ,155,,id83,12.34761633,4.315939685,4.843321912,12.85510348,12.40120927,2.252898132,16.6442849,8.077606255,11.2370593,id83,7.036672545,3.939355034,3.642930254,10.38180659,11.09441798,1.457070588,13.94281512,6.570175947,11.41474364,id83,9.49077156,3.57107318,4.357827533,14.51863409,15.44018801,1.999986356,19.50066594,7.228247434,14.8313225
resting_mav_normal - CZ.csv,resting,mav,CZ,156,,id84,13.86672165,5.256994843,16.85882491,17.53796174,7.35717949,6.76284721,10.12267251,9.414046602,5.722296114,id84,12.33306977,4.140417933,14.49864192,14.93402526,5.13978727,6.335351188,9.171984611,9.605066509,5.017410738,id84,13.15198537,5.200710051,11.94899796,15.06406207,7.404724113,7.989830037,11.2633685,11.84694581,6.723626305
resting_mav_normal - CZ.csv,resting,mav,CZ,157,,id85,8.844204866,3.380783695,7.517033262,0.924163136,2.596349084,4.302160558,8.83476371,1.609074309,2.865279017,id85,10.31074094,3.993732973,7.7401927,1.401682197,1.999466158,4.095245034,5.377821589,1.449525225,2.213103917,id85,9.555951676,5.421807889,7.085734619,1.550646807,3.245427364,4.96901282,7.339514247,2.263689016,2.883469998
resting_mav_normal - CZ.csv,resting,mav,CZ,158,,id86,2.850493736,20.86990417,15.84582884,12.87347076,6.623373861,14.96395735,17.66790077,6.477064552,14.4584925,id86,2.174686895,15.85311578,12.41859845,10.40099306,7.183127536,13.68103256,11.51721066,6.176853238,11.03119595,id86,2.554249819,24.78232659,15.4654682,17.19645705,11.21800493,14.57389101,21.76087045,10.03471856,18.60345394
resting_mav_normal - CZ.csv,resting,mav,CZ,159,,id87,4.844210972,12.78127623,11.46654838,15.38370674,14.70106014,14.18004677,13.64897944,17.81495815,15.04693373,id87,3.608148223,10.87821353,10.49416798,13.89212632,11.73105349,10.23826061,11.34769457,15.43246051,11.82450114,id87,5.141418935,10.40205226,18.12505028,26.39564524,28.79610862,21.1885911,14.55522863,22.1429534,17.52285094
resting_mav_normal - CZ.csv,resting,mav,CZ,160,,id88,14.92675741,14.34563324,21.0670013,6.45430501,8.288773514,18.54431865,6.727538832,20.35077477,15.5942508,id88,15.32433038,17.92413673,18.66902499,8.533544368,8.188851648,15.63624969,7.708277928,16.22756419,15.27010839,id88,19.08385631,23.70293672,24.39977934,10.41246014,10.52658421,23.28744285,7.05491005,25.00063408,19.79305775
resting_mav_normal - CZ.csv,resting,mav,CZ,161,,id89,4.179379978,10.07889003,4.097221648,0.00003746947429,0.0002886226892,1.987176291,8.729247051,1.491377569,8.862159407,id89,3.766324783,5.406218941,1.608429462,0.0003254548961,0.001118830783,2.999762602,5.139301902,0.956061461,5.57922375,id89,5.809252606,6.13408007,0.7669589872,0.0006915750581,0.002576274629,4.205657785,6.766361942,1.216492721,7.33605595
resting_mav_normal - CZ.csv,resting,mav,CZ,162,,id9,18.05540072,21.50766163,9.705014842,21.20397167,3.851026696,6.659577245,1.828923299,16.04862864,9.196245055,id9,7.145074892,15.04258266,6.794647631,19.91262595,1.996401508,6.249116247,1.424126955,10.9610046,8.189061584,id9,10.27425596,19.12306743,9.389037247,21.07086327,2.641003541,6.951563613,1.453480637,24.79033832,8.66299449
resting_mav_normal - CZ.csv,resting,mav,CZ,163,,id90,14.29931144,12.53861553,8.381076256,4.929112603,0.5870535709,5.109678196,6.5135754,8.143468589,1.014633538,id90,10.4737678,7.78579228,12.89268154,3.991403989,0.8591409206,8.194749933,13.25553699,8.618304425,0.3963053654,id90,10.59789646,15.21950002,10.76170241,2.67919578,1.086974053,10.33880275,9.560889376,10.41061455,0.4293600107
resting_mav_normal - CZ.csv,resting,mav,CZ,164,,id91,8.672707963,0.006138888278,5.398142427,12.18784574,0.4236484194,0.3178351599,14.84672871,4.691338823,3.432753601,id91,6.774419763,0.008769663158,5.266397118,8.280364682,0.06515600305,0.1482970551,6.068995991,3.616413209,3.417437417,id91,6.079776491,0.01223232841,7.300204221,14.10759331,0.07603982551,0.1065635093,23.50375961,4.072787944,4.039757455
resting_mav_normal - CZ.csv,resting,mav,CZ,165,,id92,14.93401397,4.436216202,9.387793021,14.56453913,11.71576327,4.90504061,18.3156375,0.3310701485,13.70560552,id92,11.77514032,5.799660631,12.45828388,15.58446295,9.357866418,4.519090912,13.8520032,0.1915893773,12.18808935,id92,13.46126868,5.693557056,14.14092281,24.05084134,12.04200983,5.028602088,14.76740073,0.1790939824,16.16058514
resting_mav_normal - CZ.csv,resting,mav,CZ,166,,id93,24.46626175,27.71625162,2.99756943,0.08598178704,0.1404178725,1.054385189,38.00903491,0.2184014428,18.54996259,id93,8.257036757,11.27210023,2.550874718,0.1364657705,0.1054985273,0.4638622335,7.591567692,0.1482193136,3.802137074,id93,24.67774134,18.79483599,2.960123003,0.2016140997,0.05002011666,0.3404039988,8.988209756,0.208001941,4.380067346
resting_mav_normal - CZ.csv,resting,mav,CZ,167,,id94,14.95382854,17.93308644,11.30329628,3.199963197,9.30875739,8.870505436,12.20437541,7.046128427,12.00197544,id94,9.207386437,13.9705113,9.478238856,5.181187659,11.85164739,8.536255918,11.03692307,5.522212784,6.350474316,id94,12.84732088,18.88107205,11.63644292,5.008772681,13.72919798,11.22839518,15.31307122,6.990890223,7.423701205
resting_mav_normal - CZ.csv,resting,mav,CZ,168,,id95,13.12247832,5.936448602,21.87079384,5.49206208,7.064017021,2.914215408,7.086296458,3.6223021,4.39720662,id95,10.28355035,4.61265584,15.51079783,7.223393476,6.159040375,5.677821261,5.928158625,4.598467065,3.570719874,id95,13.31757901,9.120981008,29.38314449,10.00474671,9.881266125,6.892777052,15.53838502,7.408534164,5.731281516
resting_mav_normal - CZ.csv,resting,mav,CZ,169,,id96,3.823386485,1.649030442,0.2499989441,1.441967161,4.77451108,0.5701276156,13.87529514,5.709574702,17.88946999,id96,4.387838542,1.31680718,0.07802051551,1.262681638,2.45828697,0.7490925102,9.646972504,5.053725862,16.00981706,id96,4.50274477,3.121363281,0.1443122473,1.582156601,4.250844791,0.5681222268,18.52057868,11.14719902,25.20420768
resting_mav_normal - CZ.csv,resting,mav,CZ,170,,id97,14.78909276,16.56634064,14.19401473,17.00190612,11.51876877,0.002966164244,17.95961292,16.09101802,10.64760877,id97,12.73763911,14.58933356,16.33078293,12.78771433,10.89366016,0.004816565306,17.44950319,13.35645133,10.59661638,id97,15.69755093,16.77616716,19.04312072,13.85259639,17.48379785,0.006907137091,18.92093864,16.2539579,12.85351244
resting_mav_normal - CZ.csv,resting,mav,CZ,171,,id98,4.872518657,8.686418566,11.37881981,5.746589618,8.611636129,4.942424049,1.111286402,14.943046,12.82929594,id98,5.340465946,9.545702017,12.13013315,4.115298706,9.216802874,7.477238866,0.7498317157,18.70631748,12.33677743,id98,8.527888086,10.4793692,11.93726241,6.617297738,10.10217291,6.602939069,0.6515714175,14.71667971,12.09862438
resting_mav_normal - CZ.csv,resting,mav,CZ,172,,id99,20.55889087,10.65250328,22.14513022,17.25335421,15.07935564,4.249167495,14.50308442,16.65469599,14.13134849,id99,16.95802282,7.468046054,15.69566999,13.60173378,10.63264361,2.677059176,11.82711063,16.55037903,14.26106401,id99,16.3429856,18.27651716,27.44143859,24.59641509,12.92790479,3.097605822,17.02241856,22.24848295,19.9702522
resting_var_normal - C3.csv,resting,variance,C3,1,,High_Beta,variance (µ),,,,,,,,,Low_Beta,variance (µ),,,,,,,,,Mu,variance (µ),,,,,,,,
resting_var_normal - C3.csv,resting,variance,C3,2,,ID,scenario1,scenario2,scenario3,scenario4,scenario5,scenario6,scenario7,scenario8,scenario9,ID,scenario1,scenario2,scenario3,scenario4,scenario5,scenario6,scenario7,scenario8,scenario9,ID,scenario1,scenario2,scenario3,scenario4,scenario5,scenario6,scenario7,scenario8,scenario9
resting_var_normal - C3.csv,resting,variance,C3,3,,id1,0.00008879493958,0.0001118458638,0.0001485202693,0.0000134390492,0.0001596719806,0.00008014845573,0.00003468768318,0.00000004015087893,0.0000191415944,id1,0.00003444332171,0.00008795059585,0.00004813790988,0.00001352162222,0.00005098559415,0.00003055726469,0.00001055350157,0.0000000296328631,0.000003287107386,id1,0.000054688663,0.00007253137787,0.00007643701247,0.00001529453717,0.0000983910859,0.00004060584925,0.00002874177943,0.000000031969218,0.000004119644927
resting_var_normal - C3.csv,resting,variance,C3,4,,id10,0.00004410285434,0.00008058329861,0.000004230694921,0.0000171740906,0.00006925824541,0.00004539524559,0.00001693113495,0.0000195773785,0.0001039859033,id10,0.00002983580432,0.00005223473049,0.000001874538414,0.000003118715853,0.00001853021779,0.00003744091622,0.000004018284736,0.0000367851038,0.0001347012333,id10,0.00005168379134,0.00009893318425,0.000003421209041,0.00001751666492,0.00002705131571,0.0000640156316,0.000004315256402,0.00005635674107,0.0003283240409
resting_var_normal - C3.csv,resting,variance,C3,5,,id100,0.00001850720418,0.00007443212288,0.00008659379389,0.00004895543793,0.00004092737737,0.0001123816861,0.00005517067856,0.0001039625675,0.00004388303399,id100,0.00002406741591,0.00004654427189,0.00006467482273,0.0000261717701,0.00003370412954,0.00009059077874,0.00006737920386,0.00005550133676,0.00005014821949,id100,0.00001417248293,0.00009027335529,0.0001387025486,0.0001303262297,0.00003318013282,0.0001654663452,0.00006221174039,0.00009308793157,0.00007633198581
resting_var_normal - C3.csv,resting,variance,C3,6,,id101,0.0001178400861,0.0001639496639,0.0004696018913,0.0001799254793,0.0001235112572,0.0001455236733,0.0002152033481,0.0002521416069,0.000198691691,id101,0.00004468024583,0.0001410338668,0.0002309585409,0.00005103441516,0.00004719876876,0.0001053941892,0.0001296678137,0.00007960158373,0.0001180043473,id101,0.00007430882071,0.0002286444103,0.00017032516,0.000112785669,0.00006947065585,0.0001018981238,0.000136218821,0.0000862961911,0.0001293773607
resting_var_normal - C3.csv,resting,variance,C3,7,,id102,0.0005541200782,0.0003815728849,0.0004949175478,0.0007345063677,0.0003579044246,0.0007345976993,0.0005018874808,0.0001006159293,0.00003375681044,id102,0.0003508564742,0.0001398331232,0.000343528018,0.0002915446188,0.0001699441933,0.000257468343,0.0003045281139,0.00004460198042,0.00001217532669,id102,0.0004113614815,0.0001898177851,0.000442117359,0.0006022060026,0.0002983079568,0.0005061779098,0.0003908903245,0.00004912474998,0.00001330300602
resting_var_normal - C3.csv,resting,variance,C3,8,,id103,0.0004851872268,0.000437637751,0.0003424071,0.000383639343,0.000569889938,0.000435102234,0.00009051322144,0.0002812438444,0.0002943846287,id103,0.0003194241131,0.0005150819142,0.0002801838347,0.0001795001282,0.0003053360583,0.0003241930518,0.0002559087506,0.0003009023924,0.0002880501908,id103,0.0004401631602,0.0005562496763,0.0007196447443,0.001054694645,0.0006071392043,0.001450930913,0.00007272325565,0.0005728830404,0.0009783846747
resting_var_normal - C3.csv,resting,variance,C3,9,,id104,0.0003396431145,0.00047194298,0.0004892472471,0.0001510454614,0.000170300359,0.0003941492236,0.0002105444162,0.0002891051701,0.0003979412815,id104,0.0002632793997,0.0002250292325,0.0002959121057,0.00009195427523,0.000164499687,0.0002378357198,0.0002269454362,0.0007087453824,0.0002168114769,id104,0.0005516537989,0.0002883755544,0.0005573836132,0.0002077638011,0.0002875244353,0.0006596698955,0.001082334414,0.0005396447458,0.0003396470882
resting_var_normal - C3.csv,resting,variance,C3,10,,id105,0.0001384797149,0.0001665113356,0.00004459743361,0.0003303746296,0.0002848397849,0.0002847104362,0.0003211205706,0.00039845927,0.0005338609393,id105,0.00006808508196,0.00005940605867,0.00002366431882,0.0002113833812,0.0001879969345,0.0001654025212,0.0001888316845,0.0002008083668,0.0007733599858,id105,0.0001059165971,0.00008781657869,0.00002511576395,0.0001662691657,0.0001713843047,0.000126241965,0.0001342266569,0.0003099928343,0.0003754784758
resting_var_normal - C3.csv,resting,variance,C3,11,,id106,0.0001576646444,0.00001761846611,0.00004375088629,0.000208835168,0.00007697265718,0.0002164920154,0.0001921164704,0.0004900909222,0.000064546881,id106,0.00008328372275,0.00003128552105,0.00001659318057,0.00007100982477,0.00002931223407,0.0001429474225,0.000172994942,0.0002433510427,0.00002722292478,id106,0.00007875664679,0.000004464853249,0.00001478932691,0.0001045760454,0.0001004769049,0.0001025497007,0.0001796516574,0.0003478578129,0.00003222669155
resting_var_normal - C3.csv,resting,variance,C3,12,,id107,0.0003623011673,0.000408470677,0.0005727824299,0.0006465207517,0.000682037032,0.0007498134058,0.0008681528799,0.0004737803422,0.000486531333,id107,0.0002084131773,0.000187073142,0.0001765584868,0.0003457500192,0.0005568167611,0.0008797944753,0.0006139643822,0.0005107628449,0.0005258277431,id107,0.0002738210678,0.0003998912751,0.000339878008,0.001019456466,0.001116009803,0.0006693857728,0.001108071046,0.0005851423356,0.001030311727
resting_var_normal - C3.csv,resting,variance,C3,13,,id108,0.000199143273,0.0002839973778,0.0002116230652,0.0003547254134,0.0004039542367,0.0002765699766,0.0001363995673,0.0007101896494,0.0001889884644,id108,0.00009417512531,0.0001392699341,0.0001092529343,0.000148674726,0.0002680486185,0.0001105646555,0.00005108173408,0.0002204910776,0.000114115918,id108,0.00008223240613,0.00006410354464,0.00009668866104,0.0003194368629,0.0003478280796,0.000116986233,0.00005729536671,0.0003900126446,0.0001180453603
resting_var_normal - C3.csv,resting,variance,C3,14,,id109,0.0002420468756,0.0003511470972,0.0002217019414,0.00008106902915,0.0002463599511,0.0002610780035,0.0003718953894,0.0006205635621,0.0004636503036,id109,0.0001850529872,0.0002545698513,0.000169896174,0.00006432958209,0.00008386170847,0.0001541308882,0.0002510655697,0.000431458506,0.0003664942757,id109,0.0001918541332,0.0003405569022,0.000276148666,0.0001004689619,0.0002198139613,0.0004156151224,0.0003194551922,0.0008788455983,0.0003596651687
resting_var_normal - C3.csv,resting,variance,C3,15,,id11,0.0001689843307,0.00008118227853,0.00004323233784,0.000000004827607607,0.00004690081684,0.0001916187529,0.00009963495648,0.0002159023873,0.00002410570304,id11,0.00005856078754,0.000118187766,0.00005651369564,0.000000005161133471,0.0001207251803,0.0001567889714,0.0001144070049,0.0003337682731,0.00001225192227,id11,0.0002733304664,0.0001043491397,0.0001114024007,0.00000001160110774,0.00008458188696,0.000624476334,0.00018959468,0.0005506815415,0.00002219087937
resting_var_normal - C3.csv,resting,variance,C3,16,,id110,0.0003950774253,0.0001409976488,0.0001177853292,0.00009672717321,0.0005194606081,0.0002215108727,0.0001983016891,0.000341337785,0.0005055529431,id110,0.0002359012595,0.0000881698571,0.0000590224499,0.00008735284988,0.0001301079512,0.000144743665,0.00008476834608,0.00008271506265,0.0003364292891,id110,0.0002626536466,0.00009915658507,0.000136537994,0.0001088944572,0.000570093592,0.0002798947606,0.0002954032189,0.00008226618475,0.0005109675799
resting_var_normal - C3.csv,resting,variance,C3,17,,id111,0.0002049252334,0.00003376634914,0.0001967643801,0.0002695908701,0.0002913125186,0.00001642056631,0.0002128025643,0.0005159020469,0.0004821199683,id111,0.00008874585953,0.00003287066236,0.00006304407176,0.0001048115717,0.0001317032057,0.000009358794224,0.00005792024856,0.0001293231961,0.0002063035031,id111,0.00009256310447,0.00002336988407,0.00004802671651,0.00008677968779,0.0001221580978,0.00001005687274,0.00005802384293,0.0001369157012,0.0002599782745
resting_var_normal - C3.csv,resting,variance,C3,18,,id112,0.000008045931857,0.00005640584797,0.00003480282411,0.0003976925335,0.0002107134026,0.0001158205026,0.000489096629,0.0001994127656,0.0001801463799,id112,0.00001046165106,0.00003332095597,0.00002181804326,0.0001639152526,0.00009307702197,0.00008307594699,0.0001765185082,0.0001149260381,0.0001205025098,id112,0.000009540838936,0.00001887191575,0.0000239527645,0.0001959259399,0.0001433795754,0.00005088708234,0.0002840579772,0.0001226491679,0.0001549153271
resting_var_normal - C3.csv,resting,variance,C3,19,,id113,0.00005326382473,0.0003864380406,0.000151452048,0.0001568357373,0.000292792607,0.0005182181791,0.0007546416794,0.0003169383241,0.0002842173741,id113,0.0001174737719,0.0002126577569,0.0001087750496,0.0001263335409,0.0002391224499,0.0004776764289,0.0003645543827,0.000211594293,0.0001395378577,id113,0.0002448525817,0.0005993947087,0.0005768130377,0.0002472924763,0.0003286800167,0.000664921394,0.001143480727,0.0005111279609,0.0002756148758
resting_var_normal - C3.csv,resting,variance,C3,20,,id114,0.0002522632114,0.0001564860011,0.0002105696451,0.000356924613,0.0005133095687,0.0008116886401,0.0002288079253,0.0001834063402,0.0004678027314,id114,0.0001151733678,0.00006298666885,0.0001058781865,0.000316246573,0.000209905442,0.0003258694115,0.0001116366583,0.00006580915274,0.0003241716393,id114,0.0001273180108,0.00007707790678,0.0001043009826,0.0003661640072,0.000312064058,0.0004685007572,0.0002584380632,0.00006690717857,0.0004956276362
resting_var_normal - C3.csv,resting,variance,C3,21,,id115,0.0003852632407,0.00007415824079,0.0002714375896,0.0002464868247,0.00008832449785,0.0001707741751,0.00007698486301,0.00067876388,0.0005290331083,id115,0.0001754383283,0.00004199826684,0.00005227508906,0.00005838862735,0.00005104488518,0.00008826750837,0.0000262212601,0.0006449961112,0.0003026218383,id115,0.0002572339229,0.00002777267905,0.00008992016351,0.00009692761174,0.00005054995089,0.0001246891328,0.00006813752743,0.0004128783485,0.0002676201932
resting_var_normal - C3.csv,resting,variance,C3,22,,id116,0.0001433179178,0.0001885198193,0.000367097399,0.000159615404,0.000308209816,0.0001811373687,0.0002351736999,0.0003681245601,0.0001889625247,id116,0.000136058583,0.0001171224654,0.000288217596,0.0001480871006,0.0001963291618,0.0001542241372,0.0001526280581,0.0002409646765,0.0001803143566,id116,0.0001613921754,0.000729810355,0.0007021441858,0.0005012279719,0.0007001554213,0.0002743724496,0.000380016207,0.0004615420242,0.0007065592726
resting_var_normal - C3.csv,resting,variance,C3,23,,id117,0.0002223027158,0.0005275025471,0.0008829393029,0.0008268920048,0.0002662150065,0.0001156467611,0.0004143503293,0.0003301328563,0.0003192664916,id117,0.00002733397685,0.0003199476242,0.0004537550547,0.0004069960123,0.0001296754124,0.00001811701359,0.0002285654981,0.0001491759673,0.0001111891059,id117,0.000148758729,0.0002972061936,0.0008327149325,0.0007142076839,0.000358419886,0.00001891322606,0.0004399157566,0.0002440758372,0.0001405518768
resting_var_normal - C3.csv,resting,variance,C3,24,,id118,0.0001826462628,0.0001021398963,0.0001353139827,0.0001267412458,0.0001439268379,0.0001490762661,0.0001089784821,0.0001604557237,0.0001467696869,id118,0.0001117051447,0.00005446869765,0.00006950842795,0.00005200493283,0.00004818564514,0.0000761846339,0.00004648046249,0.00009979314731,0.00007893061306,id118,0.00009939077237,0.00005773967245,0.00005998369823,0.00007189282404,0.00009884421099,0.0001525115459,0.00007679151579,0.00006346961382,0.00009700637926
resting_var_normal - C3.csv,resting,variance,C3,25,,id119,0.0004294073506,0.000407305384,0.0005241165558,0.00024227692,0.0005335722834,0.0004455388106,0.0006170686638,0.0005587897378,0.0002589446913,id119,0.0005643436329,0.0003272659771,0.0004877659838,0.0002172823313,0.0006110125544,0.0002575961462,0.0005025716737,0.0003485369028,0.000128088701,id119,0.001031004577,0.0005822612002,0.001342361998,0.0009453641947,0.001275101412,0.001498274812,0.001434908046,0.001458248273,0.000919975966
resting_var_normal - C3.csv,resting,variance,C3,26,,id12,0.0002326948607,0.0002558799193,0.000088583066,0.00008818098882,0.0003495235156,0.00008123835277,0.0001635532878,0.000192883123,0.0000424584303,id12,0.0001114361692,0.000109499869,0.00004312162054,0.00007382407616,0.000188558785,0.00004204745247,0.0001057685136,0.0002077670962,0.00002696559175,id12,0.0001327834607,0.0001693469376,0.000193313623,0.00007211321272,0.0002400232243,0.00003207579473,0.0001686970466,0.0002742347856,0.00005268104092
resting_var_normal - C3.csv,resting,variance,C3,27,,id120,0.0005287177814,0.0003386667039,0.0000714242535,0.0002694198455,0.0004311206071,0.00009858051834,0.0005927374189,0.0005279753836,0.0002742987157,id120,0.0002938741945,0.0002135473218,0.00004754175668,0.0003917460063,0.0005160506989,0.0001640680945,0.0002418464398,0.0001500648759,0.0002877733284,id120,0.0003279205071,0.0003083367502,0.00005951246912,0.0004728576696,0.0006396836862,0.0007189373479,0.0004564402895,0.0005458227124,0.00142247715
resting_var_normal - C3.csv,resting,variance,C3,28,,id121,0.0004563926547,0.0004449962458,0.0004545722325,0.0003757403384,0.000392876467,0.0004206032455,0.0004423609514,0.00001170987675,0.0002998059526,id121,0.0002285710657,0.0001880505397,0.0003443031642,0.0002149050141,0.0002535810509,0.0003507071194,0.0004108420144,0.00003713343293,0.0001527802272,id121,0.0003359442946,0.0002529017744,0.0003597291177,0.0003227468952,0.0002420829827,0.0005050433112,0.0006576373493,0.00008835936961,0.0002690151703
resting_var_normal - C3.csv,resting,variance,C3,29,,id122,0.0004655970397,0.0003790305427,0.0004400492792,0.0004236808452,0.0002406636383,0.0001513303574,0.00005158992756,0.0002837137301,0.0002433343688,id122,0.0002524895485,0.0002554586653,0.000265041287,0.000258278356,0.0001323688005,0.0001157819838,0.00002327730637,0.0001494207476,0.0002182351626,id122,0.0004122504302,0.000439467971,0.0003315263958,0.0005123903548,0.0001165781803,0.0001184151981,0.00003185059784,0.0001943953858,0.0004405110648
resting_var_normal - C3.csv,resting,variance,C3,30,,id123,0.0005067040076,0.0002404941186,0.0007148364906,0.0004103568116,0.0005701727953,0.00008772616815,0.0007695250037,0.000644114979,0.000474339022,id123,0.0003089074194,0.0002263610521,0.000612851991,0.0002043672009,0.0002737768458,0.0001109014754,0.0002950217285,0.0004207816465,0.0002400867733,id123,0.0009194787278,0.000260347219,0.0009933786522,0.0007515772964,0.0006299799826,0.0001290717373,0.0003640092041,0.001241709378,0.0004601999531
resting_var_normal - C3.csv,resting,variance,C3,31,,id124,0.0006457531144,0.00003713472872,0.0002671327219,0,0.0001430228676,0.0004575505332,0.0001203133752,0.0000731806259,0.000008066854636,id124,0.0004260426171,0.00001385105664,0.000133174184,0,0.00003621647713,0.0001839975786,0.0000501494853,0.00002940247133,0.000006452367388,id124,0.0004715477968,0.0000158908627,0.0001175653216,0,0.00004066524206,0.000450717604,0.0002020244119,0.00001184400621,0.000008961955577
resting_var_normal - C3.csv,resting,variance,C3,32,,id125,0.0004298759573,0.0005434467831,0.0004547768013,0.0001874170368,0.0004125974082,0.0002451297159,0.0003680335135,0.0005261982896,0.0003475738702,id125,0.0003932436435,0.000194045051,0.0003168132697,0.0002618587773,0.0005195439397,0.00008177096166,0.0001990064229,0.0004676846456,0.0002919559548,id125,0.0003629401145,0.0004181393627,0.0006336925373,0.0001460558402,0.001108569029,0.0001281624195,0.0003009587077,0.001178103934,0.0004038927184
resting_var_normal - C3.csv,resting,variance,C3,33,,id126,0.0002297472319,0.0006242747941,0.00007239793606,0.00005502092477,0.000383714744,0.0003761316447,0.00005606894556,0.000297663674,0.00002458156622,id126,0.0002140194589,0.0005142298214,0.00002165640143,0.00002616890466,0.00009342038636,0.0003457806507,0.00005432941363,0.0002490843364,0.00001059355235,id126,0.0003882558405,0.0004880091438,0.00002383491482,0.0000651152535,0.0004304656361,0.0004339437122,0.0001024924937,0.0002302216448,0.000008942624766
resting_var_normal - C3.csv,resting,variance,C3,34,,id127,0.0005719944878,0.0005641121621,0.0008468876109,0.0007031808669,0.0005743714225,0.0001092415958,0.0004727818708,0.0002264601897,0.0002791966468,id127,0.0003062569969,0.0003018181905,0.0003930599922,0.0003999823186,0.0003615132702,0.00009276530454,0.0002869361471,0.00009299376184,0.0002909224232,id127,0.0008154523591,0.0003728430918,0.0006653661198,0.0003448707222,0.0006021094688,0.00006824188414,0.0002863091144,0.0001674626728,0.0004218750663
resting_var_normal - C3.csv,resting,variance,C3,35,,id128,0.0007246365628,0.0004744514072,0.0006956081528,0.0008045985021,0.0007787709185,0.0002505249494,0.0003100544691,0.0001329952617,0.0006583290767,id128,0.0003643555737,0.0001946278254,0.000239089116,0.000355127313,0.000318914612,0.0001745980632,0.0002480327029,0.00005270540496,0.0004236220553,id128,0.0005680585274,0.0001888149074,0.0003850319364,0.0006481902687,0.0003705662156,0.0006402359361,0.0004002375951,0.0000677690807,0.0003550006903
resting_var_normal - C3.csv,resting,variance,C3,36,,id129,0.0004599561311,0.0003684671849,0.0001748078226,0.0001035024248,0.0001388478252,0.0002408743006,0.0001513716728,0.0002417381543,0.00005466703244,id129,0.0001789957246,0.0001981466925,0.0000799397471,0.0000526952938,0.00009612846666,0.0001141232103,0.0000598445732,0.0001174099816,0.00001746234529,id129,0.0003464577451,0.0002729616152,0.0001093048135,0.0001244040311,0.0001590345885,0.0001763947603,0.00007325534197,0.0001989350183,0.00003356099336
resting_var_normal - C3.csv,resting,variance,C3,37,,id13,0.0000526462755,0.000283999537,0.000000001590417787,0.0001162412933,0.00002380338097,0.00004995212442,0.000000001471000195,0.000149401519,0.00002975558673,id13,0.00005379569463,0.0002053222607,0.0000000009657880635,0.0001203303504,0.00002617281569,0.00006709101888,0.0000000007472785594,0.00010990164,0.0000279869935,id13,0.0001353208011,0.0001644178718,0.000000001562479951,0.0002342428128,0.00005192786632,0.0001139005863,0.000000001569174616,0.0000753794205,0.00005750641375
resting_var_normal - C3.csv,resting,variance,C3,38,,id130,0,0.000510150493,0.0000993964415,0.00003922610713,0.00005191696356,0.0001570846873,0.0004170911722,0.0002257622977,0.0002383129871,id130,0,0.000229058373,0.00008256048617,0.00007586647092,0.00004707075434,0.0001256506533,0.0005761382346,0.0001378229183,0.0001570137516,id130,0,0.0003330383448,0.0001789905937,0.00005619413807,0.0001249244672,0.00005186567714,0.000498707408,0.00009602792016,0.0001290637436
resting_var_normal - C3.csv,resting,variance,C3,39,,id131,0.00002863874131,0.00003471093248,0.0004394303302,0.00048590874,0.0002695705551,0.0005082368701,0.0001686554849,0,0,id131,0.00001305403874,0.000003090404975,0.0002684027185,0.0001855492534,0.0001644240318,0.000732135977,0.0001004231638,0,0,id131,0.00002423812212,0.00000702159009,0.0003287800116,0.0006368739328,0.000350248624,0.0006908227328,0.0001013074275,0,0
resting_var_normal - C3.csv,resting,variance,C3,40,,id132,0.00007686219568,0.0004339571658,0.0001591067648,0.000784957063,0.0001177103632,0.0006593204768,0.0003137641066,0.0003075405647,0.0004739990333,id132,0.00001642513716,0.0001664100721,0.00006494552347,0.0004421212061,0.0001266995447,0.0004578273292,0.0002598345372,0.0001916037111,0.0004444168614,id132,0.0002019410768,0.0007735072812,0.0007063521444,0.0008412348076,0.0006772828916,0.0009885486902,0.0007540815435,0.0007314647463,0.001619781132
resting_var_normal - C3.csv,resting,variance,C3,41,,id133,0.0003094271215,0.0002528684665,0.0001936887984,0.0000846696543,0.0003626764267,0.0004269757918,0.000079648787,0.000162080795,0.0001209184106,id133,0.0002031518249,0.00005827218413,0.0001472224411,0.00004303093841,0.0001225946316,0.0001898757599,0.00001297732119,0.0001762029593,0.00007015009315,id133,0.0002660317798,0.00015439831,0.0001014006002,0.00004779759563,0.0001941294935,0.0001981428343,0.00005675348185,0.0002739815056,0.00004485107492
resting_var_normal - C3.csv,resting,variance,C3,42,,id134,0.000153223086,0.0001348103798,0.0003814077229,0.0002643428336,0.000308579166,0.0003738358547,0.0002899382098,0.0004615532417,0.0002894835463,id134,0.00009834184129,0.00009351912043,0.0002151023408,0.0001766414501,0.0001387858266,0.0001835183551,0.0001009464177,0.0002236443408,0.00002804996471,id134,0.0001125471781,0.000100238101,0.0001677670356,0.0001402014385,0.000210543114,0.0003039881774,0.0001125846112,0.0002354793414,0.000360963278
resting_var_normal - C3.csv,resting,variance,C3,43,,id135,0.0003596047699,0.0004771481277,0.0004017755454,0.0005052693291,0.0003809948038,0.000432568235,0.0002550409506,0.000323624515,0.0007095368254,id135,0.0002338095852,0.0003258584646,0.0002761807503,0.0002572765983,0.0002391047835,0.0002641641549,0.0002129181418,0.0003044848926,0.0001358652955,id135,0.0006461274719,0.000979761657,0.0003565897439,0.0005528442526,0.0004795193904,0.0005780871912,0.0002895237806,0.0007738024457,0.0008494286848
resting_var_normal - C3.csv,resting,variance,C3,44,,id136,0.000401395541,0.0003437274775,0.0003559026545,0.0004812794671,0.0003471340564,0.0002163710513,0.00009050103844,0.0002160359627,0.0003243246671,id136,0.0002581335582,0.0002372129142,0.0002915031875,0.0003679781345,0.0002915376414,0.0001457737871,0.00007301511242,0.0001299517775,0.0003233559811,id136,0.0008508589392,0.0004586237454,0.0005380399709,0.0003481478585,0.001205118491,0.0004650042262,0.0002197437997,0.0005303255128,0.002061078432
resting_var_normal - C3.csv,resting,variance,C3,45,,id137,0.0001469217277,0.0002785939752,0.000002388232181,0.000168284182,0.0001491880788,0.0001204641605,0.00006270558746,0.0001462782061,0.0001625913143,id137,0.00008152980981,0.0001105414878,0.0000004900380049,0.00005204433548,0.00004464681306,0.00002770716356,0.00002727501346,0.00006972560617,0.00006165956847,id137,0.00009288716774,0.000105571484,0.0000004770884332,0.0001007469129,0.00005444396406,0.00002671259533,0.00003210388116,0.00002886027147,0.00007896310661
resting_var_normal - C3.csv,resting,variance,C3,46,,id138,0.0005243467888,0.0005834004935,0.0007383520626,0.0006696504611,0.0006827722819,0.0004142997296,0.0002424516185,0.0004559005371,0.0005596071745,id138,0.0003794479916,0.0003980274195,0.0002721381893,0.0003024435775,0.0002627115855,0.000323544098,0.000112897539,0.0003850112042,0.0003948879777,id138,0.000380243969,0.0005817524578,0.0005651087927,0.0005771586058,0.0004180006268,0.0003442609373,0.0002912848326,0.0004681705572,0.0003876727591
resting_var_normal - C3.csv,resting,variance,C3,47,,id139,0.0005965000751,0.0007900500119,0.0007975271024,0.0007989368433,0.0005637231956,0.0005595945012,0.0006556869235,0.0007848527925,0.0004540542478,id139,0.0004119262918,0.0004374729565,0.0005052336052,0.0006331150891,0.0003202404872,0.0003626362201,0.0002171443866,0.000568833076,0.0004644633115,id139,0.0003602325596,0.0004185196208,0.0006517501702,0.0007313324986,0.0004793541346,0.0006267785304,0.0009237484537,0.001138279703,0.0007828567259
resting_var_normal - C3.csv,resting,variance,C3,48,,id14,0,0.000005310742112,0.00001162544762,0.00002642842232,0.0000002099279284,0.00001365125586,0.00005721201353,0.00004086648584,0.000008937948141,id14,0,0.000004648447823,0.00001365467626,0.00001871107787,0.00000005798731105,0.000007620125638,0.00003491791012,0.000027612108,0.000003563948206,id14,0,0.00001008276039,0.00002089871896,0.00001230863829,0.0000002325137924,0.000008808459528,0.00006551237308,0.00004636692028,0.000003553547265
resting_var_normal - C3.csv,resting,variance,C3,49,,id140,0.0005302216371,0.0005610478254,0.000644158725,0.0004452493805,0.0004612597556,0.0004168829519,0.0007840791369,0.000520810218,0.0002013523867,id140,0.0003681790437,0.0005039396153,0.000568771403,0.0007097902523,0.0003465176043,0.000424746494,0.0009070520707,0.0005526820615,0.0002372777163,id140,0.0003147607435,0.0002946132212,0.0004643839853,0.0004538882818,0.0008540718644,0.0004087834793,0.0009436357289,0.0004619602259,0.000431615564
resting_var_normal - C3.csv,resting,variance,C3,50,,id141,0.000642389826,0.0007216640251,0.0006659936837,0.0005958767374,0.000704932014,0.000655116026,0.0003509361053,0.0003678979355,0.0004117995927,id141,0.0002795487843,0.000461607842,0.0003480797245,0.0003917845475,0.000456357512,0.0004379832914,0.0003551121228,0.0003195069082,0.0002554126681,id141,0.0003492272088,0.0004800313047,0.0004199451319,0.0004527531375,0.0005194011681,0.0008099535891,0.0004728847218,0.0002576720007,0.000513367648
resting_var_normal - C3.csv,resting,variance,C3,51,,id142,0.00057302682,0.0008739565298,0.0004682119942,0.0005524507217,0.0001675270437,0.0005283486281,0.000461520655,0.000248113565,0.0004574938247,id142,0.0002692478974,0.0003049164273,0.0004231866851,0.0002258750326,0.0001320605893,0.0003020379309,0.0003436003346,0.0001031118884,0.000449892434,id142,0.001331176596,0.001106539977,0.0004839152863,0.001031559207,0.0003464593198,0.0006298297216,0.0005821856932,0.0002701155006,0.001192819348
resting_var_normal - C3.csv,resting,variance,C3,52,,id143,0.0004665118118,0.0007214984221,0.0005706644576,0.0005023808701,0.00065494037,0.0006545260071,0.0002877471293,0.0006090760366,0.0003654316324,id143,0.0002156417383,0.0004429959152,0.0003824189475,0.0004150863384,0.0005175590243,0.0005623439897,0.0002121274696,0.0001740717292,0.0004375970626,id143,0.0004540770194,0.0006654630102,0.0004916617558,0.0008269027531,0.0004277607576,0.0008407378454,0.0002824135329,0.0003928575343,0.001419862361
resting_var_normal - C3.csv,resting,variance,C3,53,,id144,0.0005730513156,0.0004367467147,0.00081100001,0.0006156908661,0.0009071527676,0.0004320126206,0.000536669434,0.0002006866496,0.0005446195898,id144,0.0004966921753,0.0005150077534,0.0005969066056,0.0005709095521,0.0006947076731,0.0003824311211,0.0003997921587,0.0001804704548,0.0006576468888,id144,0.0007960526792,0.0003487572932,0.0006972724489,0.0007059854078,0.0008483365997,0.000488342263,0.00115241504,0.0001268576094,0.0007046395756
resting_var_normal - C3.csv,resting,variance,C3,54,,id145,0.0005532894518,0.0005275771368,0.0006508289164,0.0004330203417,0.0004927300445,0.0002606890237,0.00034408293,0.0002737855302,0.000518607642,id145,0.0002589435328,0.0006532506416,0.001035246578,0.0002960417399,0.0005070168159,0.0003277750885,0.0003383178631,0.0004065780949,0.0004828496778,id145,0.0004230259938,0.0005657349156,0.0005073402542,0.0002325518624,0.0008152823151,0.000455142512,0.0005861114941,0.0002487164453,0.0008336989024
resting_var_normal - C3.csv,resting,variance,C3,55,,id146,0.0004729394523,0.0003945876759,0.0005661867867,0.0003688872992,0.0003264520593,0.0006419102183,0.000315281574,0.0001961952947,0.0004757089491,id146,0.0002803318825,0.0004141644792,0.0004913867382,0.0003935156442,0.0001359534146,0.0004706440283,0.0002277027594,0.00007411000691,0.0004548434931,id146,0.0002057455308,0.0004178542606,0.0003029677383,0.0002618971065,0.0003639007898,0.0005446068831,0.0004417152124,0.0001295277422,0.0009450328127
resting_var_normal - C3.csv,resting,variance,C3,56,,id147,0.0002840752474,0.0001249283778,0.0003315008882,0.0001479416713,0.0002788389828,0.0003317521426,0.0001546048887,0.00002885587871,0.0004623654286,id147,0.0001504410873,0.00008114586606,0.000176156036,0.00007928987817,0.0003194688326,0.0002930402008,0.0003026192055,0.00008945321684,0.0002596351609,id147,0.00091669761,0.0001440915914,0.001415463335,0.0002093959797,0.0006191868466,0.001433048619,0.0008677137814,0.0001294475607,0.001977561162
resting_var_normal - C3.csv,resting,variance,C3,57,,id148,0.0008241614532,0.0004751340147,0.0002517739706,0.0003754150694,0.000599146339,0.000532057246,0.0005764686756,0.0006354008748,0.0003415434607,id148,0.0003856907559,0.0002220915877,0.0001007763336,0.0001638789832,0.0002158241032,0.0003812233257,0.0001858269,0.000406709396,0.0004038429468,id148,0.000381759549,0.0002906558589,0.00008035745253,0.0001760802981,0.0003475563724,0.0002685214156,0.0003356924189,0.0006457417368,0.0002694306286
resting_var_normal - C3.csv,resting,variance,C3,58,,id149,0.0006545595669,0.0005000743505,0.0005064523169,0.0007878368781,0.0008036427329,0.0006646028614,0.0005347165245,0.000534278326,0.0004188387242,id149,0.0007137885562,0.000310294388,0.0004059699143,0.0006565683499,0.000501656512,0.0002020358438,0.0002595503994,0.0003875061441,0.0004227277222,id149,0.0007127800518,0.0004318099626,0.0006098877143,0.0008336623211,0.0005264522406,0.0002236565885,0.0004956646401,0.001027964001,0.0005500593701
resting_var_normal - C3.csv,resting,variance,C3,59,,id15,0.00003962948268,0.00001948674769,0.00005366149577,0.0001816747382,0.000223386644,0.0001607861721,0.0005030026925,0.0002090492534,0.0001651904243,id15,0.000009983996099,0.000006997256265,0.00004426410208,0.00006937473713,0.0001306665302,0.00006213047314,0.000141011177,0.0001312684683,0.0002383889121,id15,0.00002172040609,0.000008415123096,0.00008571715252,0.00009311302451,0.0003099017966,0.000327269133,0.0002272989092,0.0001271329904,0.0002314027399
resting_var_normal - C3.csv,resting,variance,C3,60,,id150,0.0002573357492,0.0005028982421,0.0005352143528,0.0002014036102,0.0004255591743,0.0008282494725,0.0008045534061,0.00038539934,0.001102558022,id150,0.0001490400217,0.0003948414419,0.0003194440552,0.0001936219135,0.0002190783351,0.0003043728709,0.0003964072646,0.0005560578645,0.0006125734778,id150,0.0003837600765,0.0003964503072,0.0004589511885,0.0003410698763,0.0002334731777,0.0003291181797,0.0006483556372,0.0002849938433,0.000840670847
resting_var_normal - C3.csv,resting,variance,C3,61,,id151,0.0002976985417,0.0007753897472,0.0004490179617,0.0003277003468,0.0006111893035,0.0009984024118,0.001023294954,0.0004836135323,0.0005323708746,id151,0.0001083902685,0.0002369239327,0.0002550653042,0.0001902086394,0.0003327675919,0.0004591327302,0.0005356789651,0.0002766685565,0.0002002007889,id151,0.00008324579138,0.0002826599058,0.0004190821735,0.0003154668948,0.0004266299114,0.0008866045669,0.0007691393319,0.0003523066567,0.0002868194956
resting_var_normal - C3.csv,resting,variance,C3,62,,id152,0.000005063276628,0.00009014592867,0.0004051254702,0.000373130953,0.0000003940226171,0.00006390926104,0.0001218573829,0.000122445171,0.0001321163994,id152,0.000000678927449,0.00006583896505,0.0001413060098,0.00008606890164,0.0000001243183281,0.00001892144692,0.00004937339418,0.0000431618943,0.00009335851632,id152,0.000001141983415,0.00004593666574,0.0001480002315,0.0002558893056,0.00000006093354132,0.00002489271815,0.0000454391422,0.0001471845411,0.00006281829635
resting_var_normal - C3.csv,resting,variance,C3,63,,id153,0.000433576704,0.0003170649761,0.0003485309058,0.00003240548561,0.0005375783279,0.0006025200589,0.0006539830388,0.0005108578379,0.0004277815208,id153,0.000323934514,0.0001574440994,0.0002258687208,0.00004077981196,0.0002368690732,0.0003109209708,0.000286295993,0.0004932538275,0.0003647836572,id153,0.0004708748477,0.0004222850626,0.000297700935,0.00006036890546,0.0004441983781,0.0006175414685,0.0005929561934,0.0004720055964,0.0005625890078
resting_var_normal - C3.csv,resting,variance,C3,64,,id154,0.0005456241252,0.0005130053551,0.0005901966048,0.0004240347067,0.000495051684,0.0002123054384,0.000653221845,0.000399836482,0.0004909540926,id154,0.0004247569927,0.0001403706622,0.0002542062612,0.0001305631832,0.0001735432679,0.0002343315142,0.0006326150062,0.0003079358646,0.0004132383019,id154,0.0006267406395,0.0002912189914,0.0007453238272,0.0002826101489,0.0002308365245,0.0001507371869,0.0008955584621,0.000370976845,0.002498712902
resting_var_normal - C3.csv,resting,variance,C3,65,,id155,0.0005291401643,0.0002825444782,0.0004888941886,0.0003551010763,0.0006094886818,0.0003834461668,0.0002371968762,0.0001453699732,0.00007306114795,id155,0.0004030541273,0.0003323314443,0.0003567126006,0.0001076165356,0.0004012938066,0.00006511517584,0.0001813633015,0.0001297611604,0.00001723152439,id155,0.0006491622311,0.0004841499634,0.000429920022,0.0007632522105,0.0004447652616,0.0001646250116,0.0002187097816,0.0003321665558,0.00009350868238
resting_var_normal - C3.csv,resting,variance,C3,66,,id156,0.0003657964417,0.0002711746036,0.0002922476409,0.000360700437,0.000484398026,0.0006893474385,0.0000355230413,0.0003138946137,0.0000001121427056,id156,0.0001132742632,0.0002105682158,0.0001522573798,0.0001534506531,0.0004869718868,0.000558382898,0.00004058190256,0.0002480494661,0.00000004333887206,id156,0.0002282875832,0.0001397725127,0.0002761132661,0.000245336042,0.0005639799649,0.0004856321679,0.00004265534066,0.0003436033382,0.00000007299481694
resting_var_normal - C3.csv,resting,variance,C3,67,,id157,0.0002743137078,0.0002744358968,0.0003381240113,0.0003188637229,0.0004253657661,0.0002823251687,0.0003201304902,0.0001561641935,0.0001267689058,id157,0.0001835854485,0.0001494056057,0.000227431754,0.0002005288131,0.0001660579204,0.0001377216362,0.0002024962654,0.0001266000101,0.00004436817117,id157,0.0002272892518,0.0002242968662,0.0001680935665,0.0002461111145,0.0001750564575,0.0001377874549,0.0001944082676,0.0001392919368,0.00003178634891
resting_var_normal - C3.csv,resting,variance,C3,68,,id158,0.0002838457022,0.0003939232848,0.00007496680034,0.0001020588271,0.0001160004767,0.0002774780781,0.0003668506294,0.0006226945511,0.0007833649073,id158,0.0001476596599,0.0002170408151,0.00005145381305,0.00005270250243,0.00003738441047,0.00005413258419,0.00009915290716,0.0002898279549,0.0003322503442,id158,0.0001486000557,0.0001302151516,0.00007630791531,0.0001046788166,0.00007361848073,0.0001408430678,0.000111348561,0.001191757335,0.0005486758622
resting_var_normal - C3.csv,resting,variance,C3,69,,id159,0.0001765721261,0.0003944407105,0.000330141164,0.0005264470179,0.0003781297025,0.00000652728801,0.0006342940783,0.0004322517688,0.0004007486851,id159,0.0001199112424,0.0002866985829,0.0002484833645,0.0003714304022,0.0005352932039,0.000003397934718,0.0006869678598,0.000286304383,0.0004084111677,id159,0.0002065745076,0.0002651352638,0.0003777345666,0.0002901947575,0.0003268517589,0.000004647538945,0.0007103196901,0.0007237845442,0.000318064082
resting_var_normal - C3.csv,resting,variance,C3,70,,id16,0.0001796065461,0.00008800590803,0.00003892863352,0.0000148568535,0.00001186778446,0.00005169494735,0.00007487340722,0.0001085920606,0.0001278943827,id16,0.00006554802348,0.00003199884543,0.00001489063245,0.000003353619027,0.00001353477683,0.00004325441804,0.00004745799734,0.0001490459236,0.0000687831032,id16,0.000103273263,0.0001056064413,0.00002865194673,0.00001023588309,0.00002657533665,0.00008961885397,0.00008457987796,0.00016522716,0.00008240489416
resting_var_normal - C3.csv,resting,variance,C3,71,,id160,0.0003938357865,0.000399949122,0.0003228374342,0.0004183510822,0.0001642025916,0.0005305273086,0.0005026887886,0.0003232892919,0.0006475816747,id160,0.0001553733885,0.0002655320825,0.000262704536,0.0004271103978,0.00008195453538,0.0003606614725,0.0005113518225,0.0001296446312,0.000514967297,id160,0.0001910445119,0.0006578821053,0.0005855568269,0.0004406574666,0.0001033038681,0.0004774816339,0.0009305158331,0.0002742308764,0.002301963905
resting_var_normal - C3.csv,resting,variance,C3,72,,id161,0.0002653873251,0.0005120208339,0.0002411048171,0.0005469154524,0.0005285763962,0.0004861452086,0.0006129263454,0.0002095905072,0.0005345380012,id161,0.000108402929,0.0001366434988,0.0001424170734,0.0004709097291,0.0003412256638,0.0003516712829,0.0002602747498,0.0001187578327,0.0004043295026,id161,0.0001854979778,0.0006030941988,0.0002152632185,0.0004403351361,0.0007461964805,0.0007702284638,0.0003167959706,0.0004058566658,0.0008845592432
resting_var_normal - C3.csv,resting,variance,C3,73,,id162,0.0002501193371,0.0002168405704,0.0003399973147,0.0001086213816,0.0003744019778,0.0003932754803,0.0004909930412,0.00002008108877,0.0003233272101,id162,0.000119895099,0.0001612881895,0.0001716270503,0.0001432646265,0.0006762703826,0.0004727518966,0.0008576839622,0.00001924664252,0.00004466589969,id162,0.0002894144002,0.000376479863,0.0004903198319,0.0001326848454,0.00012203035,0.0004894536418,0.0008733637235,0.00003578054578,0.0001318222373
resting_var_normal - C3.csv,resting,variance,C3,74,,id163,0.0004364003824,0.000620277896,0.0002805884267,0.0003076875419,0.0004950128246,0.0004669771593,0.0005345486925,0.0002581930119,0.0003646476678,id163,0.0006545330197,0.0005866349455,0.0002848739672,0.0002180810421,0.0005505794617,0.0004973328538,0.0005369868541,0.0003677917662,0.0006067830611,id163,0.0008057693195,0.001173220817,0.0006782140528,0.000525600164,0.0009573825041,0.001448985722,0.001675145544,0.0003241397116,0.0006054871089
resting_var_normal - C3.csv,resting,variance,C3,75,,id164,0.0001263290641,0.0001213622271,0.0004668161572,0.000656343057,0.0004055195853,0.0004117849252,0.0004740737964,0.000953238949,0.0006189581372,id164,0.00007385182709,0.0000481857717,0.0003290492765,0.0004536137505,0.0003750988253,0.0001534674798,0.0002686684316,0.0004165546181,0.0003248479427,id164,0.00007954443426,0.00003699253579,0.0005438331821,0.0002303054254,0.0004448779008,0.0002199255385,0.0002514869478,0.0003647822554,0.0005532954418
resting_var_normal - C3.csv,resting,variance,C3,76,,id165,0.0007139307765,0.000946225553,0.0002474640627,0.0003151297882,0.0005132715392,0.0003870553411,0.00002839695613,0.0003488761422,0.0005863459796,id165,0.0004549738797,0.0002990109098,0.0001355268077,0.0002099219932,0.0002097446813,0.0002190232509,0.00001775612888,0.0001623369459,0.0002825780854,id165,0.000682856837,0.0007743976402,0.0007813683952,0.000382712388,0.0008594492303,0.0007068738145,0.00004803543075,0.0006729170154,0.001534737075
resting_var_normal - C3.csv,resting,variance,C3,77,,id166,0.0007923460046,0.00003131236941,0.00005035868768,0.0001188224662,0.0006108186637,0.000007784706441,0.000007360329393,0.00002218909171,0.00004518039037,id166,0.0002159868926,0.00001925585047,0.00002411823333,0.0000660099179,0.0003518043804,0.000008956367454,0.00000846829031,0.00005148462796,0.000008604372451,id166,0.0004005036418,0.000042188042,0.0001041746865,0.00006683693488,0.0003761869139,0.00001752962134,0.00001657613352,0.0001762243181,0.00006006546228
resting_var_normal - C3.csv,resting,variance,C3,78,,id167,0.0004866844405,0.0004938539396,0.0008895724135,0.0009433139318,0.0002766553301,0.000765166203,0.0006081665746,0.0003631993295,0.0005831534121,id167,0.0001720452289,0.0001956188216,0.000520401363,0.0005513867382,0.000117891829,0.0005122611104,0.0003797944377,0.0002513364575,0.0003195848869,id167,0.0004871827437,0.0001990074289,0.0004015251538,0.0007024950438,0.0002849453553,0.0002738866246,0.0003127388092,0.000189864869,0.0007090541453
resting_var_normal - C3.csv,resting,variance,C3,79,,id168,0.0006294268548,0.0005776995518,0.0003857106872,0.0005356384598,0.0007909148289,0.0009495049445,0.0002623459047,0.0004634475422,0.0004159703415,id168,0.0004475256002,0.0003181816606,0.0002952051462,0.0002791435366,0.0003053162383,0.0006261785422,0.0001977219894,0.0004441022048,0.0004565512066,id168,0.000820172076,0.0003551039854,0.000545034835,0.0008265147624,0.0009573948799,0.001118310105,0.0007387748974,0.001296565718,0.00053755927
resting_var_normal - C3.csv,resting,variance,C3,80,,id169,0.0007049961855,0.0003284066401,0.0001187996997,0.0001213785719,0.0004280279981,0.00008014309885,0.0001973934879,0.00001393805955,0.0001582185981,id169,0.0005089301609,0.0001680150877,0.0001268857719,0.00007521738298,0.00003802659999,0.00001754133163,0.00006684559168,0.00001522645443,0.0002082012512,id169,0.0009102889534,0.0007002744427,0.00005425867443,0.0002355917608,0.0001645083405,0.00008168667056,0.000503659803,0.00002196788246,0.0002136418966
resting_var_normal - C3.csv,resting,variance,C3,81,,id17,0.0001708166416,0.00004338126543,0.0000529715639,0.0000002624859107,0.0000008529164353,0.0001356668481,0.00003174748816,0.000315285183,0.000000008990621041,id17,0.00005686157468,0.00001385431596,0.00001901290821,0.0000001294618408,0.0000008614882122,0.00003465884089,0.000004858384048,0.00004802028442,0.000000007782969273,id17,0.0001015127067,0.00001666747832,0.00001419082955,0.0000001355073303,0.0000006879925376,0.00003958407824,0.000006531285707,0.00003313110049,0.000000008025181524
resting_var_normal - C3.csv,resting,variance,C3,82,,id170,0.00007804358428,0.0002371737837,0.0004780915062,0.00002474576238,0.0003900134099,0.0002043738283,0.000589103346,0.0008087557268,0.0004192834441,id170,0.00008552203114,0.0002827044835,0.0005736781531,0.0000514249991,0.0005850470366,0.0001091884051,0.0004868042508,0.001010585382,0.0004622395422,id170,0.00009843303095,0.0003491267887,0.0006470418268,0.0001296580518,0.0005200679851,0.000247614323,0.0006442925701,0.001455312205,0.00120351252
resting_var_normal - C3.csv,resting,variance,C3,83,,id18,0.0001435126424,0.000002336648857,0.00005005638007,0.00006942002776,0.0001616449322,0.00007126660225,0.0000122160259,0.000004060865861,0.00005086027839,id18,0.0001314433586,0.000000599197514,0.00008724121275,0.00009451015955,0.0002394226486,0.0001061096995,0.000005348747572,0.00003759547242,0.00005658122837,id18,0.0002150040877,0.000001439911268,0.00002319522532,0.00002089471748,0.0003134961991,0.0001946936302,0.000005301240363,0.00006485785055,0.0001068194889
resting_var_normal - C3.csv,resting,variance,C3,84,,id19,0.00003638186984,0.0001387006238,0.0001192399239,0.00011840998,0.0001814726586,0.00008231689668,0.0001013900197,0.00007312233,0.0001997870492,id19,0.00000690011176,0.00006317104624,0.0001289561611,0.00006342492793,0.0001729231541,0.00002643207772,0.0000862162629,0.00003312571898,0.000192112202,id19,0.000009293125989,0.00009403778942,0.00005338955649,0.0001289103465,0.0002164932929,0.00002993140642,0.00007167559,0.00006188500106,0.0001391323997
resting_var_normal - C3.csv,resting,variance,C3,85,,id2,0.0005532029421,0.00045444899,0.0003574865974,0.000176288901,0.0002702523909,0.00002789524636,0.0003453632054,0.0003910568803,0.0004150280237,id2,0.0002658055767,0.0001528330115,0.0002177160463,0.00008705398869,0.0001215171623,0.000006910132313,0.000138719335,0.0001067618335,0.0002874824963,id2,0.0002434504983,0.0001326088248,0.0002021977225,0.00006394832109,0.0001317718569,0.00003049499535,0.0001532381309,0.0001485757412,0.0002580635426
resting_var_normal - C3.csv,resting,variance,C3,86,,id20,0.0004595163196,0.0004008266485,0.0002561317745,0.0003047523658,0.0004753134109,0.0002626590324,0.0004066194148,0.00009815582348,0.000147427154,id20,0.000173073148,0.0001028027084,0.0001545313115,0.0001818809959,0.0001849702379,0.0001374206756,0.0002838218248,0.00002142299864,0.0001408659786,id20,0.0004942688884,0.0001178668905,0.000121452331,0.0002163201568,0.0002340021153,0.0001314400599,0.0003325513661,0.00002910618909,0.0001808612856
resting_var_normal - C3.csv,resting,variance,C3,87,,id21,0.00004597584004,0.00004904202213,0.00009084852498,0.00008262582219,0.00002911117981,0.0004041220613,0.000251665699,0.0001950189624,0.0002209411313,id21,0.0000323014338,0.0000188719002,0.00006992310021,0.00003435499861,0.00002075322668,0.0002523616822,0.0001370123496,0.0001192916091,0.00008792798237,id21,0.00001425541589,0.00003156729975,0.0001036549769,0.00003834171161,0.00001326981526,0.0001933640852,0.0001281881934,0.0002454442618,0.000201536619
resting_var_normal - C3.csv,resting,variance,C3,88,,id22,0.0001783630847,0.000001517402212,0.00000007044919755,0.00002024845922,0.0000001511292939,0.0008897070374,0.00002291596823,0.00006447119465,0.0000004313906785,id22,0.00006625991639,0.000001055154757,0.00000002895307422,0.000005248572736,0.00000004114348608,0.0002451988895,0.000009560610006,0.00001510328115,0.0000001085117709,id22,0.00002994270326,0.0000004107503037,0.00000002730927368,0.00001199026045,0.000000123502543,0.0003540995479,0.00002387788821,0.00003648935294,0.0000002706923119
resting_var_normal - C3.csv,resting,variance,C3,89,,id23,0.0002519191547,0.0001413341568,0.000002855258748,0.0000373634916,0.00003409460675,0.0001140456764,0.0000499693117,0.0001795665577,0.0002675515559,id23,0.0001487461476,0.0001129595129,0.000001560765055,0.00001424822691,0.00001568830025,0.0001717576031,0.000009716749973,0.00009576423769,0.0001094019344,id23,0.0002581122145,0.000128767807,0.000001927651111,0.00002608773494,0.00004509511639,0.0002199346427,0.00001284788525,0.0002062807593,0.0002198403539
resting_var_normal - C3.csv,resting,variance,C3,90,,id24,0.0007389630269,0,0.000921889762,0.000464814462,0.000002490295579,0,0.0004029997608,0.0003166361331,0.0002257216165,id24,0.000503056503,0,0.0002535916946,0.0007531341033,0.000001186008512,0,0.00009425673997,0.000237710438,0.0004270062501,id24,0.0007015565161,0,0.0005820851888,0.0006131499862,0.000004731220893,0,0.0004058083741,0.0006648948722,0.0003456642442
resting_var_normal - C3.csv,resting,variance,C3,91,,id25,0.0002229287657,0.0003576993764,0,0.0001947861658,0.0000001094531357,0,0,0,0.00000007840340291,id25,0.0001311166848,0.0003258901863,0,0.0001449844513,0.00000000952927319,0,0,0,0.00000003375273612,id25,0.0001810451249,0.0004586354669,0,0.0001617970391,0.00000001166819742,0,0,0,0.00000002892300064
resting_var_normal - C3.csv,resting,variance,C3,92,,id26,0.0002416900438,0.000001850909217,0.00009532392651,0.0002929650739,0.00000004653425159,0.00000279860598,0.0000799805606,0.0003019826478,0.0001758423443,id26,0.000131601382,0.0000008614407698,0.00003617884883,0.0002271904408,0.00000002229551831,0.000001969129765,0.0000678674747,0.0003739248317,0.00005262756388,id26,0.0002131612584,0.000001624049615,0.00004840541507,0.0001884483883,0.0000000295717524,0.0000005957209481,0.00007802164562,0.0002385258425,0.00005996681109
resting_var_normal - C3.csv,resting,variance,C3,93,,id27,0.0001179852959,0.000000004462743353,0.0006763781035,0.0001543596307,0.0005267346405,0.0002296697698,0.0001049647308,0.0004598787483,0.00008594183377,id27,0.00008605853917,0.000000002611472505,0.000893420983,0.0002322442352,0.0002656559825,0.00024563509,0.00004193286021,0.0005182434888,0.00003277932203,id27,0.00005943948992,0.00000000245731148,0.0004516941089,0.0001050084259,0.0005455834372,0.0001309429742,0.00009759043594,0.0006430261698,0.00006786688773
resting_var_normal - C3.csv,resting,variance,C3,94,,id28,0,0.0009893192765,0.0003508501759,0.0003830576397,0.0007076393634,0.0006973463502,0.0006793893409,0.0001240968289,0.0002260156045,id28,0,0.0005067203109,0.000183133486,0.0001532326829,0.0003158079,0.0002868808426,0.0003150163081,0.00009506091313,0.0001402094083,id28,0,0.0005110663852,0.000146663514,0.0002586595154,0.0003393460719,0.0001887223211,0.0001615123053,0.0001152259001,0.0001533391276
resting_var_normal - C3.csv,resting,variance,C3,95,,id29,0.0001377531045,0.0002813130819,0.0002567044062,0.000479889155,0.0004703964218,0.0002990469909,0.0003445679455,0.0003623806424,0.0006167569923,id29,0.00008223055504,0.0003023908895,0.0002078251635,0.0001590022013,0.0001566879423,0.0002081950109,0.0000982346381,0.0001989530343,0.0004211514887,id29,0.0000461303867,0.0002744471297,0.0001506365587,0.0001964463853,0.0001509229856,0.0001622176238,0.0002980509512,0.0002769355348,0.0003142674871
resting_var_normal - C3.csv,resting,variance,C3,96,,id3,0.0005130455151,0.000723000104,0.00001592063037,0.00002438092198,0.0000006218334252,0.0003125023771,0.0004818050737,0.0004477157293,0.0002230223124,id3,0.0002257287769,0.0003315630969,0.000002071707904,0.00001648901297,0.0000001389300315,0.0002121718419,0.0003036497867,0.0003788330633,0.00006439898128,id3,0.0003616094939,0.0003679830579,0.000006721277143,0.00001636766778,0.0000002659277432,0.0002759786773,0.0002146510838,0.0002444937484,0.0001354187706
resting_var_normal - C3.csv,resting,variance,C3,97,,id30,0.0001788023234,0.0001844996239,0.0002947739328,0.0004078333086,0.0001031306594,0.0005166431392,0.0002151694486,0.0003964535596,0.0001885555559,id30,0.0001295894118,0.0001717770542,0.0001174177043,0.0002330155472,0.00006591195244,0.0004285894679,0.0001175560212,0.000303665335,0.00004790900094,id30,0.0001038465436,0.0001256518616,0.0001234178939,0.0001736022333,0.00006384064,0.0004904134163,0.00003490155152,0.0004864746948,0.00005518207992
resting_var_normal - C3.csv,resting,variance,C3,98,,id31,0.00008318434163,0.0006859569915,0.0002269484862,0.0002086652326,0.0007174011459,0.0002705864459,0.0004705988153,0.0004910880165,0.000154329202,id31,0.00006091456128,0.0002628789953,0.0001596773823,0.0001549812504,0.00007190643328,0.0002209607397,0.0003678634223,0.0002055132283,0.0001046499223,id31,0.0000885349434,0.0003533709809,0.0001864528619,0.0004385203567,0.00009847198661,0.000312070023,0.0002890966721,0.000330841331,0.000105502499
resting_var_normal - C3.csv,resting,variance,C3,99,,id32,0.00002999507207,0.0001552605978,0.0001135364415,0.0000003549408855,0.0002154863729,0.0003209653902,0.00002295023005,0.00001337864213,0.00009080000936,id32,0.0000336725145,0.0001091571006,0.0001049493536,0.00000006804024342,0.0001223776443,0.0000856535256,0.0000170769325,0.00001284862895,0.00009379076661,id32,0.00005607087896,0.0001424694083,0.0003343841587,0.0000001144963614,0.0003264724737,0.0001754734067,0.00002775222069,0.00002807754667,0.0004078953988
resting_var_normal - C3.csv,resting,variance,C3,100,,id33,0.0002600244874,0.0001941175978,0.0002798513458,0.000639998111,0.0001772950042,0.0003215421521,0.00000005438279701,0.0001630103628,0.0003333324631,id33,0.00007772166383,0.00006746701178,0.00003377660293,0.0007553127595,0.00009110085314,0.0003805877876,0.000000005863190051,0.00008911091045,0.0001216740374,id33,0.0001184987289,0.0001096856195,0.00009314018115,0.0009392927341,0.001242324178,0.0002975046993,0.000000004667985677,0.0002008762367,0.0002225634848
resting_var_normal - C3.csv,resting,variance,C3,101,,id34,0.0003117069066,0.0001122623598,0.00008650943896,0.00001385067126,0.0004217413777,0.00004556898659,0.00000009489734903,0.00004174809058,0.0001516920279,id34,0.0001356924562,0.00004848753463,0.00002871016283,0.000002261930022,0.00008738253323,0.00002659112393,0.000000009176824876,0.000009375398593,0.00002503034339,id34,0.0001526461708,0.00002886202636,0.00005263823425,0.000003638003245,0.0001273853684,0.00002346620698,0.00000002055678859,0.00001956105173,0.00001154299023
resting_var_normal - C3.csv,resting,variance,C3,102,,id35,0.0001133685018,0.0003246556936,0.0001698748596,0.0006604059741,0.0004478911551,0.0004892967939,0.0001968425225,0.0001518621093,0.0001621668351,id35,0.000007113031482,0.0001995780291,0.00007014632921,0.000184956601,0.0001858575431,0.0002837931441,0.00003963755464,0.00003956138881,0.00007962609354,id35,0.00001496816462,0.0002439509134,0.00008110817602,0.0001669503853,0.00022920279,0.0004029857629,0.00005557925804,0.00005710085255,0.0000807174167
resting_var_normal - C3.csv,resting,variance,C3,103,,id36,0.000004590982084,0.0001095377026,0.00008674373819,0.0005383151677,0.00003548223808,0.00001704218733,0.0002484757747,0.0003282105503,0.0005384901727,id36,0.0000001776325458,0.00002442071982,0.00005064110905,0.0000300974655,0.00002212570413,0.00001366233076,0.00006460432625,0.00009093733225,0.0002483609125,id36,0.000000259230576,0.00005856994285,0.00004696496246,0.00008964965099,0.00003682201094,0.00005385892822,0.0002299089241,0.0003924031446,0.0002425464828
resting_var_normal - C3.csv,resting,variance,C3,104,,id37,0.0006435451805,0.0004959235432,0.0006329679086,0.000403155943,0.00009792788342,0.00018708729,0.0000000723525235,0.0003583099249,0.0003480306446,id37,0.0005550856721,0.0002340822329,0.0002881297626,0.0001225600363,0.0000439117669,0.00007281453912,0.00000005063633749,0.00008186256798,0.0002457095998,id37,0.0005392477018,0.0006162304397,0.0009928023004,0.0001422922739,0.00003941650026,0.0001551987351,0.0000001273755246,0.0002379333683,0.0002983438565
resting_var_normal - C3.csv,resting,variance,C3,105,,id38,0.00009103224626,0.00005486719316,0.0001996697759,0.000571995189,0.0007144762374,0.00006008495503,0.00003124437176,0,0.0002794204747,id38,0.00007662970397,0.00003161740014,0.0003452320126,0.0003097084748,0.0002148274242,0.00008231995513,0.000001235576389,0,0.0003069084617,id38,0.0001356493297,0.00002585519565,0.0002425581687,0.0005475919234,0.0003431784899,0.0001307061164,0.0000007676474525,0,0.0002839503126
resting_var_normal - C3.csv,resting,variance,C3,106,,id39,0.0003182666493,0.00002679693815,0.0002816608593,0.000221818575,0.0004362636616,0.0002213431394,0.0003378020229,0.0003020828234,0.0001839848452,id39,0.0001632388719,0.00001060515524,0.000489598816,0.0004960121019,0.0002105174026,0.0002337063396,0.0002722810974,0.0001033489292,0.00005381432833,id39,0.0001032743723,0.00001204935463,0.0003805951322,0.0001971344909,0.0004411089796,0.00005364638655,0.0001994593763,0.0002805619311,0.0001160471244
resting_var_normal - C3.csv,resting,variance,C3,107,,id4,0.0001448966014,0.000113762507,0.0002677919778,0.00008014522669,0.00003444240802,0.0001113032809,0.00005593212713,0.00007264295377,0.0001068325678,id4,0.0001092985227,0.00006712775059,0.0001072145117,0.00007264150403,0.00002904268227,0.00005888547799,0.00003512869474,0.00008383151073,0.00006531888559,id4,0.0001306739623,0.00005733475681,0.0001029046098,0.00006223384086,0.0001021640831,0.00005809442412,0.00005376951142,0.0001499680552,0.0001269858002
resting_var_normal - C3.csv,resting,variance,C3,108,,id40,0.000007338305221,0.0008981079685,0.00000000290660744,0.00003819700582,0.0000002089851429,0.00007765235308,0.0002563952951,0.00003836536323,0.00005590617042,id40,0.000001426621541,0.0001444266833,0.000000002087955405,0.00005371229203,0.00000009070547715,0.00001760611528,0.0002586832161,0.00001795451075,0.00002027044836,id40,0.000000730977324,0.001308135805,0.000000000205557026,0.00006024995399,0.00000006722665044,0.00002787993439,0.000242132472,0.00002339355615,0.00003182565508
resting_var_normal - C3.csv,resting,variance,C3,109,,id41,0.00004238561112,0.000008864493945,0.00001934701683,0.00003365575406,0.000008947234183,0.00007221637935,0.0001854213714,0.00002945358441,0.00009489808856,id41,0.0000266785841,0.000005143169033,0.00003173972233,0.000006323483894,0.000002243268788,0.0000321019648,0.00009268884468,0.00001567965085,0.0001182176968,id41,0.0000225576668,0.0000134194686,0.00006585222762,0.000007841517042,0.000009649230461,0.00002848615449,0.000151087331,0.00003372141343,0.0001310286469
resting_var_normal - C3.csv,resting,variance,C3,110,,id42,0.00004273569233,0,0.0002965269892,0.000162860786,0.0001538925116,0.0002768408234,0.0002849014921,0.0001580123892,0.000467882948,id42,0.00003678015946,0,0.0001571744903,0.0001713686767,0.0000732849841,0.0001952745149,0.0004595694991,0.0001004724296,0.0002877409105,id42,0.00005148962976,0,0.0001334716876,0.00007025791738,0.000191581439,0.0004793166768,0.000255237009,0.0001123672456,0.0003461277138
resting_var_normal - C3.csv,resting,variance,C3,111,,id43,0.0001032636341,0.00009696462457,0.00009862104164,0.00000316281001,0.0005620996244,0.00005289187726,0.000006884655499,0.0004221755691,0.0003158560742,id43,0.00002408707331,0.00004423609432,0.00002064496139,0.000001181887479,0.0001241174165,0.000006504133901,0.000002868298362,0.0001686543813,0.00007790162679,id43,0.00007618469299,0.0003683948064,0.0001369263811,0.000001797320023,0.0001845718025,0.00005265943712,0.000008628960389,0.0005501356804,0.0002049674586
resting_var_normal - C3.csv,resting,variance,C3,112,,id44,0.00000386552369,0.000003190779883,0,0.0000172306484,0.0000113855486,0.00001230929818,0.00005566786532,0.0002154313588,0.0004044116694,id44,0.0000006413796769,0.0000005546648017,0,0.000003723781313,0.0000005853276995,0.000007679685892,0.00000412165621,0.0001524375079,0.0003079701172,id44,0.000001195957861,0.000001413968412,0,0.000004425537288,0.000001545394629,0.0000436414458,0.00001405131255,0.0006389309295,0.0008100490202
resting_var_normal - C3.csv,resting,variance,C3,113,,id45,0.00002678082611,0.0002090076485,0.0003480662069,0.0003687719129,0.000125355639,0.00009877222671,0.0005893329253,0.0001756440546,0.0004165445921,id45,0.00002087552631,0.0002818396607,0.0001115782094,0.00007584373999,0.0001562814627,0.00006934993115,0.0001383906061,0.0001971891026,0.000182725339,id45,0.00004076869894,0.0003371585739,0.0004109745663,0.0001927092457,0.0001154445992,0.0001421312313,0.0004394781597,0.0001877488533,0.0003332959306
resting_var_normal - C3.csv,resting,variance,C3,114,,id46,0.0004191903579,0.00009304526408,0.0001638753516,0.0000271627979,0.0002487295624,0,0,0.0001178028829,0.0002077199114,id46,0.00008205413573,0.00002149059325,0.00005562094819,0.00003017201672,0.00004841288355,0,0,0.00004178901081,0.0001084607203,id46,0.0002661432426,0.0001177915423,0.0001027907927,0.00007053965386,0.0001889134789,0,0,0.00005926584392,0.0001285089845
resting_var_normal - C3.csv,resting,variance,C3,115,,id47,0.0002512252893,0.0001755492434,0.0001240065058,0.0001487449303,0.0001255120274,0.0001795124495,0.0001787274538,0.00001459192877,0.00008638767247,id47,0.00009509671113,0.0000674964199,0.00006001647405,0.00004625683666,0.00001795221553,0.00007335646589,0.00008168168828,0.000008631324028,0.00002586221753,id47,0.0001186619227,0.00005538082765,0.00003119078082,0.00003405582349,0.00005484185106,0.0000702969302,0.00008909905086,0.000005396856468,0.00003721386226
resting_var_normal - C3.csv,resting,variance,C3,116,,id48,0.000009488702691,0.0001105974576,0.00009973904291,0.0001365437487,0.0003093635634,0.0002593370238,0.0002697586741,0.0001871259179,0.000127453259,id48,0.000004497527901,0.00002629976475,0.00004066701573,0.00007339924123,0.00009788051845,0.00008730486698,0.00005120648714,0.00008497406791,0.00005322509845,id48,0.000002139732946,0.0000514081671,0.00005189182434,0.00006438599107,0.0001185889509,0.00008998097355,0.0001010097324,0.00005571822548,0.00006175689122
resting_var_normal - C3.csv,resting,variance,C3,117,,id49,0.0002406420664,0.0004159261516,0.0007100547958,0.0001427821382,0.0003075432496,0.0004305921965,0.000191117132,0.0002508681721,0.0008692248829,id49,0.0001101986569,0.0002115610061,0.0003070027276,0.0001184580577,0.0003212449292,0.0002064162701,0.00006161696678,0.0001065709899,0.0003542582251,id49,0.0001510042536,0.0002472071516,0.0004987628783,0.00009701150167,0.0003559381884,0.0002086710981,0.0001276084358,0.0001523899567,0.0008196832028
resting_var_normal - C3.csv,resting,variance,C3,118,,id5,0.00003210618779,0.000001916669392,0.00008069833881,0.000007573674204,0.00002095926409,0.00003620079689,0.0000980840829,0.00008498995647,0.00005827869846,id5,0.00002237368887,0.000001063188162,0.00005105882328,0.000002883943227,0.00002740110661,0.00002613456478,0.00005462926202,0.00002396315627,0.00001326000772,id5,0.00002970629193,0.000001300294252,0.00007918398369,0.000001185724343,0.00005896277803,0.00004177444911,0.0001614211175,0.00005837023757,0.0000196908356
resting_var_normal - C3.csv,resting,variance,C3,119,,id50,0.0002345576342,0.0002622328874,0.000509834686,0.0002719836311,0.0003303201565,0.00002510832313,0.0007150638749,0.0007976938832,0.0006957158629,id50,0.000189370933,0.0002399426991,0.0004039661062,0.0002137793667,0.000157224423,0.00001188252044,0.0001927376319,0.0005587798767,0.0005180725694,id50,0.0001831324285,0.0001271226768,0.0002400949218,0.0001404791944,0.0003057046393,0.000008009043008,0.000298912551,0.0006649237489,0.0009951764601
resting_var_normal - C3.csv,resting,variance,C3,120,,id51,0.00002602825848,0.0002206107529,0.0002535574792,0.0001262667049,0.0002410011,0.0001918021359,0.00007094348026,0.00008339316475,0.0006203335752,id51,0.00001792184573,0.00007472554708,0.000142120115,0.00005814094571,0.00005284210013,0.00007789946958,0.00003656546247,0.0001197469347,0.0001739619288,id51,0.00002203649275,0.00007406104671,0.0001207603291,0.00005980128057,0.00007108734562,0.0001136432759,0.00002194970006,0.00008588210506,0.0002848997536
resting_var_normal - C3.csv,resting,variance,C3,121,,id52,0.0002389330712,0.00002817579571,0.0006474155054,0.0003917293905,0.0005597620207,0.00009881914284,0.0002448721798,0.0008243678985,0.001244453729,id52,0.0002054446568,0.00001134347942,0.0004071505532,0.0002739176332,0.0002629133305,0.00006084315291,0.0002263940745,0.0005772118648,0.0008201406089,id52,0.00009712544668,0.00001122030999,0.0003293177316,0.000212346721,0.0002663170959,0.0000563488583,0.00004649660874,0.0003326741242,0.0003461133974
resting_var_normal - C3.csv,resting,variance,C3,122,,id53,0.0003303001334,0.00001124126607,0.0002821205021,0.0002247041989,0.00001737290913,0,0.0002092641234,0,0.000002543317374,id53,0.0001590012143,0.00003772362561,0.0002967792479,0.0001833724802,0.000009143547933,0,0.00007170853326,0,0.0000002198234138,id53,0.00008895774161,0.00007165511956,0.0002419468593,0.00005750851411,0.000003357916241,0,0.0001404301584,0,0.0000004549582758
resting_var_normal - C3.csv,resting,variance,C3,123,,id54,0.0001763655017,0.00004226681316,0.0003938680812,0.0007438925552,0.000565250282,0.0006154619807,0.0003458368723,0.000478312435,0.0004107319237,id54,0.0001731184146,0.000009800114868,0.000119744735,0.0007851466808,0.0003016331198,0.0003847700825,0.0002582839278,0.0002759542204,0.0003430954764,id54,0.0002225616266,0.000004945234647,0.0004924007504,0.001309032696,0.0007564519579,0.0007762123144,0.0004910199503,0.0004263169028,0.0006034555726
resting_var_normal - C3.csv,resting,variance,C3,124,,id55,0.0002435011187,0.00009342253643,0.0006437148769,0.0001599812211,0.0002201570291,0.0006306084598,0.0006203747728,0.00058668579,0.0005013757639,id55,0.0001029204144,0.0000779930258,0.0004418928798,0.00002253491231,0.0002018722653,0.0003256877005,0.0004621124572,0.0003804392754,0.0003893692902,id55,0.0001443818149,0.0001272928701,0.001451187449,0.0001344019547,0.0003069263562,0.0006677185279,0.0007405991099,0.0005949140151,0.001330148087
resting_var_normal - C3.csv,resting,variance,C3,125,,id56,0.0004409556255,0.00002719453536,0.00003988063534,0.0000001171560477,0.000337725146,0.0003051793229,0.0002530900238,0.0003164819267,0.00002984607389,id56,0.00009639421037,0.00002723668836,0.00001286939693,0.00000007051256276,0.000146381476,0.0001399245819,0.0000802575691,0.0001720044177,0.00002658790163,id56,0.0001968922726,0.00009691378248,0.00003805889368,0.0000001828455636,0.0003525316957,0.0003459159656,0.00007407376684,0.0006259213625,0.00004225759236
resting_var_normal - C3.csv,resting,variance,C3,126,,id57,0.0002533335757,0.0003031030984,0.0002861178786,0.0003015538221,0.0004026420538,0.0002484532365,0.00008767368333,0.0004713548071,0.0007081160453,id57,0.0001261760758,0.0001411905047,0.0002111831027,0.0001543456255,0.0001691231644,0.00006349648396,0.00008791982706,0.0002716094262,0.000392997874,id57,0.0001803437007,0.0001710750892,0.0002804555389,0.0004515161086,0.0002389900584,0.0001046522837,0.0001401227368,0.0004770234149,0.0003904502722
resting_var_normal - C3.csv,resting,variance,C3,127,,id58,0.0003145352509,0.0004388645775,0.0001476756784,0.0004408469014,0.0002540122572,0.0001470355281,0.00017513827,0.0001762041687,0.00008713967509,id58,0.0001690318884,0.0004556224292,0.0001153995278,0.0002462079255,0.0001979781243,0.00006844097618,0.0001549231462,0.0001777076186,0.00005225964832,id58,0.0003195467426,0.0002171237119,0.0002604780175,0.0002420220505,0.0005425459269,0.0001205774339,0.0003118670487,0.0004042041079,0.000171697234
resting_var_normal - C3.csv,resting,variance,C3,128,,id59,0.0003857972637,0.0003129237854,0.0004412419275,0.0003174596016,0.0004580652538,0.0000542508001,0.0003777801904,0.00004606116791,0.0006138788751,id59,0.0002950552858,0.0002069002907,0.0002717686339,0.0001291351211,0.0002713874432,0.00003210712404,0.0002138866215,0.00007687184154,0.0002719737898,id59,0.0004182666311,0.000437162529,0.0008766722735,0.0002331354815,0.0002938659008,0.00004552859479,0.0005576459969,0.00001736709751,0.0006271439138
resting_var_normal - C3.csv,resting,variance,C3,129,,id6,0.00008805460992,0.00002905912287,0.00005373169642,0.00004660119992,0.00005155903345,0.00007360011885,0.0002835179198,0.00004354672397,0.00001841598733,id6,0.00002766524533,0.0000177982705,0.00001436587013,0.000005640818879,0.00003864049186,0.0001176266256,0.0001117624033,0.00002082657445,0.000008740025255,id6,0.00003587824763,0.00005332640907,0.00001357215146,0.00002408323917,0.00006577748638,0.0002754890612,0.0001065393093,0.00005475038684,0.00001214994658
resting_var_normal - C3.csv,resting,variance,C3,130,,id60,0.0003646427508,0.00001318915797,0.0005114652108,0.0006710035076,0.0003294601938,0.0002305762447,0.0002809207726,0.0005854379361,0.000249935045,id60,0.0002372139168,0.00001504402066,0.0002713424096,0.0004299110604,0.0001258178102,0.0001839975807,0.00007827862934,0.0001796600599,0.0001075050724,id60,0.0002696226245,0.00002591246116,0.000239711951,0.0005633767808,0.0001668913164,0.000191216434,0.0001232290707,0.0005514097539,0.0004045941008
resting_var_normal - C3.csv,resting,variance,C3,131,,id61,0.0008864809089,0.0007310639478,0.0004515232508,0.0007567467731,0.0006767505883,0.0008321610652,0.001002419606,0.000548205056,0.0008713420494,id61,0.0004684937406,0.0004207875677,0.0003027889112,0.0005463262086,0.0004030145954,0.0006807001256,0.0006087486195,0.0003519074841,0.000362595114,id61,0.0004474593116,0.000450884051,0.0003262166578,0.0005621615122,0.000298921515,0.0004538842288,0.0005281372933,0.0005163929078,0.0006586486218
resting_var_normal - C3.csv,resting,variance,C3,132,,id62,0.0002179087141,0.0001949018227,0.0003380869842,0.00004530171633,0.000002058620477,0.0005600356667,0.0004409948181,0.0002679144911,0.00001062884192,id62,0.0002595427527,0.0002130476408,0.0004279835642,0.00008413287653,0.0000007308542078,0.0001972485204,0.0002349223348,0.0003035442522,0.000005353132593,id62,0.0003192876795,0.0002149430827,0.0003074471384,0.00006248543582,0.000001957910833,0.0007294691971,0.0002945751174,0.0003778748193,0.000011096817
resting_var_normal - C3.csv,resting,variance,C3,133,,id63,0.0004485456607,0.00003910021618,0.000147991188,0,0.0005341196406,0.0002832914087,0.00004380986506,0.0005725276771,0.00006041382082,id63,0.0001779519882,0.00005276100648,0.0001970219276,0,0.0004670916507,0.0001043800204,0.00006713858804,0.0004880945774,0.00007480574354,id63,0.0005435874506,0.0001222167952,0.0002219271619,0,0.0004739734067,0.0009523325356,0.00006724742111,0.0008522705996,0.0000189359251
resting_var_normal - C3.csv,resting,variance,C3,134,,id64,0.0003726020171,0.001347470457,0.0002143441319,0.0006294346796,0.0003248513616,0.0001414606813,0.000318299863,0.0003521012566,0.0004519295224,id64,0.0001660507657,0.0004660141609,0.0001230304629,0.0002429215365,0.0002418548086,0.0001988260857,0.0002365867667,0.0002257768831,0.000456287534,id64,0.001394295835,0.002597025908,0.0009071536293,0.001275059288,0.004520753445,0.002079802085,0.002398607773,0.0002042385417,0.001861062354
resting_var_normal - C3.csv,resting,variance,C3,135,,id65,0.000158349897,0.00004271180432,0.00006679823391,0.0002284236942,0.0001401516717,0.0008369593674,0,0.000263312347,0.0002482016962,id65,0.0002684688193,0.00005408895202,0.00003705932073,0.000174436825,0.00004983424452,0.0002157796892,0,0.0001498373467,0.0001150087478,id65,0.000825843694,0.0001046975533,0.00006722715278,0.0001874011442,0.000707832418,0.0006013922714,0,0.0002209207729,0.0002302465587
resting_var_normal - C3.csv,resting,variance,C3,136,,id66,0.0007093465667,0.0003138403582,0.00009993162533,0.0002593147094,0.0003985430375,0.0005335393578,0.0003531812497,0.000228994537,0.0003941917609,id66,0.0004840297846,0.0001756943874,0.00008787337802,0.0001541084954,0.0001026152872,0.00006891801371,0.0001047724956,0.0001335196295,0.0001921368454,id66,0.001185131946,0.003726453346,0.0008239101016,0.001167628212,0.0008707097575,0.00269700639,0.002720075378,0.001289831393,0.0009023008516
resting_var_normal - C3.csv,resting,variance,C3,137,,id67,0.0002315640592,0.000000004441473934,0.000007212715275,0.000001441562378,0.000004361310533,0.00008621360627,0.00000001512943805,0.0001060034601,0.0002171692789,id67,0.0001416884865,0.000000001250876106,0.000005437387383,0.0000004804601532,0.000001051776248,0.0001191748847,0.00000001029288521,0.00009249269501,0.000210890738,id67,0.0001666743266,0.000000005567771047,0.000002105276342,0.0000006708431349,0.000001054249908,0.00001267828014,0.000000004541118974,0.00007938705111,0.0001791494255
resting_var_normal - C3.csv,resting,variance,C3,138,,id68,0.00001896809517,0.00002143507719,0.00008882093571,0.000009951393513,0.00001574085137,0.0002835593272,0,0.00001172995248,0.0002996036405,id68,0.00001617036937,0.00000483141024,0.00002032620378,0.000003882239869,0.000005510366303,0.00003374777849,0,0.00001705677163,0.00003245770073,id68,0.00001487104947,0.000005269831601,0.00005550497438,0.000005258935768,0.000005603699779,0.00005556660193,0,0.00003070493699,0.00005297549117
resting_var_normal - C3.csv,resting,variance,C3,139,,id69,0.00024461237,0.00002484126179,0.0001480718146,0.0005368270803,0.0002419271759,0.0001441660372,0.0003952645298,0.0001404917719,0.0001292795411,id69,0.0001640661953,0.00005799610353,0.0001188439388,0.00006014157979,0.0002229871655,0.00019958336,0.0002347073052,0.0001754862761,0.00002417928812,id69,0.00009813499978,0.00005318821624,0.00007155605442,0.0002561368013,0.0001158083341,0.001037196894,0.0002459500369,0.000210213122,0.00008760722574
resting_var_normal - C3.csv,resting,variance,C3,140,,id7,0.00006534201686,0.00000717599357,0.00000436893516,0.000003851148805,0.00001045530025,0.0001619673422,0.000001641354788,0.000001299644011,0.00008399255132,id7,0.00005610076454,0.000001272743412,0.000003568005883,0.000002232633961,0.00007777657847,0.00002389491001,0.000000422680948,0.0000004605688594,0.0000656274326,id7,0.00005102257868,0.00000596954929,0.000004272825914,0.000001865203201,0.0001443925662,0.00003038419572,0.0000004384833172,0.0000008757238124,0.0001138203604
resting_var_normal - C3.csv,resting,variance,C3,141,,id70,0.000000006689365974,0.0000001067153759,0.0001434819858,0.000004013291913,0,0.0000002752428579,0.00003503365027,0.00006290936366,0.0001403448389,id70,0.0000000003960427591,0.000000007837338552,0.00002612602293,0.000001667261047,0,0.0000002103103441,0.00001795199593,0.00003607180739,0.000101896193,id70,0.000000002109879862,0.0000000949296707,0.00005525246735,0.000004334374711,0,0.0000005952895095,0.00009752450609,0.0001120006423,0.0001989465959
resting_var_normal - C3.csv,resting,variance,C3,142,,id71,0.00002795249047,0.0003059443303,0.00017363548,0.00001802625286,0.0001139458423,0.0001504198574,0.00004127218272,0.0000001213281415,0.00007174142889,id71,0.00001882601902,0.00008078082635,0.0001754734152,0.00002369353111,0.0001470214336,0.0004755651538,0.00009126514313,0.00000003556838004,0.00004201863273,id71,0.00002033540373,0.0002940395344,0.00009702493868,0.0000349171874,0.0003549184601,0.0003178961119,0.0001434089977,0.00000006495890779,0.0000907234314
resting_var_normal - C3.csv,resting,variance,C3,143,,id72,0.00005582315673,0.0001516543051,0.0001491149686,0.00006283927568,0.0002184814905,0.0001454820149,0.000372321034,0.0003002842249,0.0002056593125,id72,0.00001071206834,0.0001105877184,0.00009607214663,0.00005501499577,0.000231854776,0.0001353218651,0.0001207629038,0.000116804915,0.0001034380434,id72,0.00001949997675,0.0001089366575,0.0001439951395,0.00003966596874,0.0003014668269,0.0001720333874,0.0002333250847,0.000119395227,0.0002747305157
resting_var_normal - C3.csv,resting,variance,C3,144,,id73,0.0003045983303,0.0002298703818,0.0001602161565,0.0001838179225,0.0000997762812,0.0001859668861,0.000251989204,0.0005882467179,0.0003491487019,id73,0.0001432292571,0.000134215678,0.00009839151588,0.000117527674,0.000107134098,0.0001341791426,0.0001420393265,0.0002332977763,0.00009148318858,id73,0.0002475757188,0.000275409222,0.0001777321886,0.0003019702995,0.0001678420842,0.0001275528965,0.0002334682897,0.0001853052791,0.0001808470099
resting_var_normal - C3.csv,resting,variance,C3,145,,id74,0.0001260068988,0.00006244960477,0.0001049541359,0.00007743056036,0.00008935185054,0.0001550648768,0.0002308117499,0.0001286231962,0.0002018095864,id74,0.0001740623576,0.00005718840321,0.00007969580304,0.00002068814607,0.00004652879142,0.0000966720196,0.0001418735707,0.00004481082519,0.00009539029756,id74,0.000163594519,0.0001073338989,0.0001171756887,0.00006207831237,0.00007510984415,0.0002066961037,0.0002037275706,0.00007487218245,0.000196390289
resting_var_normal - C3.csv,resting,variance,C3,146,,id75,0.00007112125531,0.0001477406531,0.0002013958232,0.0002919781828,0.00003282769426,0.00001351666633,0.00009422443712,0.0001368320548,0.0000894193031,id75,0.00008053820229,0.0000873533839,0.00006388510524,0.00007868306226,0.00003829922805,0.00001554219106,0.00006839408465,0.00007023812786,0.00006968659951,id75,0.0002714247415,0.0001956341031,0.0001303678643,0.0001477022586,0.0000431926385,0.00003042185778,0.0001924894401,0.0001112602679,0.00007451173785
resting_var_normal - C3.csv,resting,variance,C3,147,,id76,0.00009784298571,0.000152534205,0.00001323532983,0.0000847252548,0.00007902043326,0.0002118653855,0.00009868920812,0.00001810922633,0.0002804243568,id76,0.00002242810796,0.0001193744158,0.00001523001525,0.00002387805894,0.00004597094068,0.0001013512811,0.0001195468458,0.00001208710371,0.0001906516871,id76,0.00002736936922,0.00006110923433,0.00002980403267,0.0001226997037,0.00009374308959,0.000145096836,0.0003328333951,0.00002066589703,0.0002005480943
resting_var_normal - C3.csv,resting,variance,C3,148,,id77,0.0001553210606,0.0003554087477,0.00006454406275,0.0001317377124,0.0000460736333,0.0000776307627,0.0001391600258,0.00005994537118,0.00005275070904,id77,0.00009309618301,0.0002216659709,0.00006791439781,0.00005034681779,0.00006638919792,0.00005991261023,0.00006296701899,0.0001643598416,0.0001125043277,id77,0.000597459661,0.0003496815344,0.00009750144153,0.0001533595271,0.000118945911,0.0001346754769,0.0001251780161,0.0001123455263,0.00008060912713
resting_var_normal - C3.csv,resting,variance,C3,149,,id78,0.0001400839789,0.00005686578958,0.000007074037837,0.00002089402139,0,0,0.000002945946311,0.00002435484406,0.00002224858838,id78,0.00005055648668,0.000028860544,0.000002804581845,0.000008683128154,0,0,0.0000007580001639,0.00001823998076,0.00002055998171,id78,0.0001677297698,0.00005129243494,0.000003249356751,0.00006930093909,0,0,0.00000168705569,0.00001904365188,0.00003278756612
resting_var_normal - C3.csv,resting,variance,C3,150,,id79,0.0003947878211,0.0001005366871,0.0003263936985,0.0003172168793,0.0001753280272,0.0001687309933,0.0001795273957,0.0001458745939,0.00007683878144,id79,0.0002312377499,0.00007713360317,0.0004281844761,0.0002187712381,0.0002513994406,0.00009647748868,0.0001261401757,0.0002094669573,0.00005677206067,id79,0.0006572748515,0.00009576228363,0.0006861673986,0.0006338738855,0.0004795766062,0.0002114344972,0.0001217706407,0.0004413315618,0.00009966688664
resting_var_normal - C3.csv,resting,variance,C3,151,,id8,0.00008788490142,0.0001027400066,,0.0000251381598,0.0001126612397,0.0001152742872,0.00004433755308,0.00004656298693,0.0004532272886,id8,0.00006585500312,0.00004203228766,,0.000007923600398,0.00005170318024,0.00002987140406,0.00001322460929,0.00001487265234,0.0001593214298,id8,0.0001946268697,0.00008963908501,,0.000004799076671,0.00006072518944,0.000126982496,0.00002594565458,0.00002492281605,0.0001340316386
resting_var_normal - C3.csv,resting,variance,C3,152,,id80,0.00007295264581,0.00001544079013,0.00002163953883,0.00008001847956,0.0002974977998,0.0006858884611,0.00001595849404,0.000006637455364,0.00003445666949,id80,0.0001043528269,0.00001797196545,0.00002345175843,0.00009236525572,0.00007973250511,0.0001960186188,0.00001842181367,0.000007636930281,0.00002306903954,id80,0.0003240280018,0.00003453040768,0.00004546099762,0.0001683012601,0.0008563457503,0.001796573151,0.00003581208253,0.00001494675688,0.00001634666374
resting_var_normal - C3.csv,resting,variance,C3,153,,id81,0.00001559994332,0.000000006192454547,0.00001179747962,0,0.00009650424403,0.000002501061925,0.0000226765141,0.00003567848046,0.00009812912326,id81,0.00001239849151,0.000000002352308442,0.000008938403877,0,0.0001162821542,0.0000000724131428,0.00003098740576,0.00002786979876,0.0001412504863,id81,0.00002047479325,0.000000002337024755,0.00001726022168,0,0.0002224975449,0.000000166524929,0.00007469121668,0.00009593918165,0.0003328427419
resting_var_normal - C3.csv,resting,variance,C3,154,,id82,0.00005170636467,0.0002249230677,0.0002819751844,0.00007365205601,0.0006256269341,0.0001828494745,0.0001624022843,0.0001756717714,0.00001776270961,id82,0.00004245246356,0.0003960501111,0.0002991594719,0.00004576312892,0.0001682870647,0.0004076470075,0.0000886679021,0.0001748431539,0.000006978095516,id82,0.00008307178876,0.00187117256,0.0008046814659,0.0001329266324,0.003723744227,0.0004298188574,0.000214702102,0.0001399302725,0.000003963310074
resting_var_normal - C3.csv,resting,variance,C3,155,,id83,0.0002115242724,0.0001127031299,0.0001135435783,0.0004667868877,0.0001395374921,0.00001246138092,0.00005066924293,0.0004163565342,0.0001411342151,id83,0.00003570391209,0.00006135374854,0.00002293553271,0.00009096707674,0.00005143781402,0.00001522760793,0.00007748997217,0.00007082701403,0.00009591885878,id83,0.00006937031676,0.0000808872019,0.00006653315145,0.0001243691472,0.0002734032673,0.00001760370865,0.0001088186822,0.0002973006653,0.0001377292807
resting_var_normal - C3.csv,resting,variance,C3,156,,id84,0.0002754354651,0.00005385025542,0.00005801678133,0.0001967613557,0.0001289407603,0.00007754473,0.0002449325636,0.0001872756273,0.00008431226367,id84,0.0001622750742,0.00004773171645,0.00007159106784,0.00006853652073,0.0001678558905,0.00009072035136,0.0002727322148,0.0001719866901,0.00009592107314,id84,0.0005756495926,0.000122779288,0.0001004125756,0.0002636000521,0.0002704623875,0.0001481776999,0.0003617479152,0.0005226253325,0.0001789237869
resting_var_normal - C3.csv,resting,variance,C3,157,,id85,0.0003736684986,0.0002367594777,0.0001011579074,0.000008683479908,0.0001268802031,0.00006566202392,0.0001429185474,0.00002030360882,0.00004529850733,id85,0.0001865022449,0.0001525369151,0.00008049389457,0.00001367256582,0.00005092366512,0.00002796129328,0.00003019536572,0.00003319953758,0.00002851172361,id85,0.0002464733975,0.0003235918129,0.0001633214035,0.00001899159958,0.0000682951272,0.00005144465066,0.00003699376334,0.0000539284438,0.00003713993123
resting_var_normal - C3.csv,resting,variance,C3,158,,id86,0.00005598800621,0.0003442942345,0.0002245469369,0.0003634828165,0.00009744240537,0.000269151488,0.0003692799919,0.0002091434808,0.0004786498571,id86,0.00003275741834,0.0003023443112,0.00009553185782,0.0001027382861,0.0002033445589,0.0001113061163,0.0001853881294,0.0001830814151,0.0004571342593,id86,0.00004400265487,0.0009225647485,0.0005017071203,0.0004282375532,0.0003047442998,0.0001732389492,0.0008351387718,0.0002544329981,0.0009460038605
resting_var_normal - C3.csv,resting,variance,C3,159,,id87,0.000141442665,0.00008381747164,0.00004103999747,0.00009056770843,0.00005096964288,0.0001078390539,0.0004002461656,0.00006627648797,0.00009119489792,id87,0.0000803533584,0.00003946282832,0.00004976939058,0.00004198503439,0.0000283221374,0.00006306550942,0.000169066133,0.00004129741005,0.00007401751072,id87,0.0001858031968,0.000113987542,0.00006523991588,0.0001747584243,0.00006047702757,0.00008566765915,0.0002922478688,0.00005964121091,0.0001099819551
resting_var_normal - C3.csv,resting,variance,C3,160,,id88,0.0002095859485,0.000271708917,0.000437453964,0.0001511946754,0.0002352682521,0.0001278506238,0.0004344068056,0.0005503339007,0.00009186763015,id88,0.000233082733,0.0000269085712,0.0002619610447,0.0001566876536,0.000307000992,0.00008978774311,0.0001383506732,0.0002390356422,0.0001149044011,id88,0.0003333951376,0.00005225719282,0.0005399325971,0.0003235340347,0.0002152073509,0.0001382679014,0.0006897131827,0.0003412785439,0.0002745934718
resting_var_normal - C3.csv,resting,variance,C3,161,,id89,0.000001165714935,0.0002824738264,0.00002346141749,0,0,0.00002639296482,0.0002387289272,0.00001554028051,0.000214301963,id89,0.0000007216610281,0.0002064412573,0.00002544721622,0,0,0.00003010997193,0.0003849049234,0.00001748116928,0.000196713718,id89,0.000001406165963,0.0001760536114,0.0000492176084,0,0,0.00005875154756,0.0001670561844,0.00003406593692,0.000461279102
resting_var_normal - C3.csv,resting,variance,C3,162,,id9,0.00004548312521,0.0001097098826,0.0001836862433,0.0003822109478,0.00004416343386,0.00003748605635,0.00006834326492,0.00006886256973,0.0002889891313,id9,0.00002043686178,0.00006668577596,0.0000690307366,0.0001568547923,0.00003579247118,0.00003929847924,0.00004689791759,0.0001156142607,0.0001799843389,id9,0.000007267234091,0.0001061902611,0.0001256792604,0.0002052664529,0.00002968547759,0.00007066176054,0.00005716545408,0.0001433382952,0.0002071776344
resting_var_normal - C3.csv,resting,variance,C3,163,,id90,0.0006865809674,0.0004092129055,0.0002838830718,0.00009843089572,0.0000909399278,0.00005317703385,0.000001107741447,0.0001042052098,0.00001056038596,id90,0.0002300693907,0.0001853133666,0.00009648229388,0.000105757578,0.00003640142676,0.000003689644118,0.0000004353820771,0.0002031682147,0.0000008544533385,id90,0.0002857847796,0.0009424444005,0.0001706856577,0.0001251966955,0.000059936313,0.00001993926323,0.0000003507303482,0.00005939301283,0.000001170566534
resting_var_normal - C3.csv,resting,variance,C3,164,,id91,0.000001182197385,0.0000000005032755776,0.0000321423799,0.0005375134033,0.0000002321552838,0.000001130204073,0.0003925038708,0.0001839803533,0.00005965955229,id91,0.0000003198157335,0.0000000004143811223,0.00001146602426,0.0001901059168,0.000000003996129464,0.0000001398859939,0.0002156895808,0.00004696345046,0.00003810448444,id91,0.000000472059436,0.000000000788152131,0.00001705030936,0.0002790322393,0.000000004939475902,0.00000006797487431,0.0009996819817,0.000165897381,0.000116176932
resting_var_normal - C3.csv,resting,variance,C3,165,,id92,0.0004396522695,0.0002181984645,0.0004784955221,0.0007844316689,0.0003470926706,0.000882795863,0.0006156050004,0.0000007179472189,0.0002872517978,id92,0.0004072157629,0.0002425414855,0.0004051088058,0.00008337716196,0.0001714961548,0.0006039604569,0.0001693429807,0.0000001916551874,0.0001250015662,id92,0.0002471425943,0.0001808124061,0.0002602943635,0.0003806944884,0.0002297254908,0.0002929467647,0.0006044663075,0.0000001376019245,0.0001849888785
resting_var_normal - C3.csv,resting,variance,C3,166,,id93,0.0008912621872,0.0006078572551,0.0003327775502,0.0004232075318,0.00156955706,0.0003768324633,0.0008159548912,0.0008831381061,0.0001582155068,id93,0.001149627174,0.0001818643646,0.0003318818345,0.0001588168243,0.001138518636,0.000654980373,0.0008755987223,0.0003234699064,0.00004382665197,id93,0.0009867229618,0.0006874408717,0.0004130467196,0.0003545113889,0.001726171091,0.001867432575,0.0009919838191,0.0008370959551,0.00006587441625
resting_var_normal - C3.csv,resting,variance,C3,167,,id94,0.0003584017839,0.0002004429436,0.00004668329023,0.0002341315135,0.0001799882187,0.0002699392314,0.0001049391926,0.0001733338184,0.0002980620327,id94,0.00005725177111,0.0001760441867,0.00003342904691,0.0002551872374,0.0001398483691,0.0001831276941,0.00005750155201,0.0001181912291,0.0001073550235,id94,0.0001277361901,0.0006916066373,0.00007331303896,0.0001039671089,0.0001780078097,0.0002503206279,0.0002097832281,0.0002665428563,0.0004457287698
resting_var_normal - C3.csv,resting,variance,C3,168,,id95,0.0001352763492,0.00004370596783,0.00008632187295,0.0001358482078,0.0001075834029,0.00003464622238,0.0001157799641,0.00009198572898,0.0001542250537,id95,0.0001019341409,0.00005245283396,0.00007090603837,0.00008276092592,0.00007416529364,0.00005942282625,0.00009810536586,0.0000698476807,0.0001325503219,id95,0.0001827185735,0.00008606149657,0.0001088332729,0.0002350920811,0.0002024961558,0.00006262316806,0.0005089743677,0.0001848998095,0.0002006195348
resting_var_normal - C3.csv,resting,variance,C3,169,,id96,0.0001399203924,0.0000678830711,0.000006791832796,0.0001354182699,0.00008081900927,0.0000366706462,0.00009445760973,0.0001536197211,0.0004070643581,id96,0.00007706607685,0.00003374370578,0.000003425367391,0.00006633137365,0.00003711384284,0.00001076996416,0.00007511563683,0.00007982816623,0.0002262534652,id96,0.00006582283912,0.0001251576954,0.000009637327174,0.0001343781742,0.0000559187531,0.000007863227833,0.0001335651488,0.0002947174655,0.0007690940992
resting_var_normal - C3.csv,resting,variance,C3,170,,id97,0.0001062358496,0.00002086693492,0.00009461723768,0.00008946720991,0.0001462020617,0.000004377719518,0.0003100021411,0.00008734910204,0.0001386678526,id97,0.00003839921097,0.00002286882389,0.00003950942525,0.00007768252633,0.00008598445618,0.000005029268462,0.0001414906202,0.00007588914763,0.00009948216369,id97,0.00007234504811,0.00003711661461,0.00007110033295,0.00006855049015,0.0001222966884,0.000009834036531,0.0001748697289,0.0001298937465,0.00009003774729
resting_var_normal - C3.csv,resting,variance,C3,171,,id98,0.00009959769931,0.0002897961091,0.0000436825791,0.00005438366385,0.00001667219118,0.000153401197,0.00006562648889,0.0001912306614,0.0001485241616,id98,0.00007377682734,0.0001924740128,0.00003284311995,0.00005105820865,0.000006159020994,0.000104397012,0.00005424723059,0.0001469859404,0.000129995563,id98,0.00009840993008,0.0001699711261,0.00005980023992,0.00007137226363,0.00004703052205,0.0001431527401,0.0001022660761,0.0003246867956,0.0002535184455
resting_var_normal - C3.csv,resting,variance,C3,172,,id99,0.0006177456265,0.0001637826988,0.000493013008,0.0004364172054,0.0001418642981,0.0000776121627,0.0002339846429,0.0003584699003,0.0001695499333,id99,0.000278992871,0.00009525064537,0.0001030191281,0.00008440780976,0.0001154108019,0.00001043429428,0.000172956217,0.000265934874,0.000132642962,id99,0.0003011242787,0.0001194657045,0.001526235053,0.0007032673086,0.0003625281496,0.00003776481605,0.0005836540317,0.0003348691191,0.0004699170379
resting_var_normal - C4.csv,resting,variance,C4,1,,High_Beta,variance (µ),,,,,,,,,Low_Beta,variance (µ),,,,,,,,,Mu,variance (µ),,,,,,,,
resting_var_normal - C4.csv,resting,variance,C4,2,,ID,scenario1,scenario2,scenario3,scenario4,scenario5,scenario6,scenario7,scenario8,scenario9,ID,scenario1,scenario2,scenario3,scenario4,scenario5,scenario6,scenario7,scenario8,scenario9,ID,scenario1,scenario2,scenario3,scenario4,scenario5,scenario6,scenario7,scenario8,scenario9
resting_var_normal - C4.csv,resting,variance,C4,3,,id1,0.00004427828272,0.000201026006,0.000039877359,0.00002668936669,0.0004824929988,0.000002536007787,0.00001412452802,0.00000003451430012,0.0001175595351,id1,0.0000181846167,0.00008559217731,0.00001578318491,0.00002407166029,0.00004698271165,0.00000127991774,0.00001193088627,0.00000002548508474,0.00001173417048,id1,0.00002646315822,0.0001725335455,0.00002039707048,0.00002236398123,0.00009451971231,0.000002741847505,0.00003284241624,0.000000027460447,0.00002742791415
resting_var_normal - C4.csv,resting,variance,C4,4,,id10,0.00009534194955,0.0001105027504,0.000264399762,0.00004730490409,0.0004472385778,0.0002474165477,0.0000004188137452,0.0002130478098,0.0005250103163,id10,0.00003547927672,0.00004306442467,0.0001181364501,0.00002913156472,0.0003121726085,0.0001110024151,0.00000005325022434,0.00009286406993,0.00016612322,id10,0.00004823138692,0.00004725151877,0.0001721947809,0.0000324305362,0.000721391076,0.0004061208273,0.000000039867268,0.000259717339,0.0002777178662
resting_var_normal - C4.csv,resting,variance,C4,5,,id100,0.0005720937696,0.0003325160794,0.0003545874208,0.0005754651948,0.0002840076078,0.0003555992989,0.0006765847671,0.0004827966095,0.00006087075549,id100,0.0005339790152,0.0002182226278,0.0005385245404,0.0003879412546,0.0001925249877,0.0003726520874,0.0002957595848,0.0004906178953,0.0001206586749,id100,0.00085245589,0.0003664951112,0.000884685937,0.0008090090499,0.0004439331757,0.000516294527,0.0004429492125,0.0004221807433,0.0001698906498
resting_var_normal - C4.csv,resting,variance,C4,6,,id101,0.0003146377277,0.0002923267064,0.0001288863085,0.0002365619219,0.0003236132846,0.0005144156791,0.0002935708366,0.0006508546781,0.0006379101684,id101,0.0000917762155,0.0001821402277,0.00005259886088,0.0001050286354,0.0001295848828,0.0001539715057,0.00009980434348,0.0002751999606,0.0003935590546,id101,0.0002717345115,0.000310729977,0.00005032971521,0.0001003851658,0.0002431429307,0.0002867460603,0.000124739554,0.0004971722816,0.0009000139309
resting_var_normal - C4.csv,resting,variance,C4,7,,id102,0.0008889972703,0.0004411331715,0.0005657337341,0.0007445204022,0.0007147622922,0.0009042638314,0.0008067267761,0.0007619802213,0.0004985585453,id102,0.0009024068372,0.0003893191435,0.0002784502841,0.0003153943223,0.000355348179,0.0003581420566,0.0003344836615,0.0002710025568,0.0002240109899,id102,0.0005176919255,0.000531932581,0.000571065759,0.0005188673302,0.0004473499973,0.0002978654373,0.0004041123084,0.000454333316,0.0002504375029
resting_var_normal - C4.csv,resting,variance,C4,8,,id103,0.0002471966298,0.000229624336,0.0004688744972,0.0002998094049,0.0003593027752,0.0005476233443,0.0006062604278,0.0002554039301,0.0002852046525,id103,0.0001953768331,0.0003800441404,0.0002613687729,0.0002111708539,0.000318293276,0.0003791313329,0.0003755330431,0.0001990271745,0.0002300902086,id103,0.0002550285537,0.0005151289059,0.0007528929882,0.0001949252713,0.0005458007046,0.001235337444,0.0009321560267,0.0002578645829,0.0005669088124
resting_var_normal - C4.csv,resting,variance,C4,9,,id104,0.0005746663161,0.0003916601276,0.0003644868456,0.0003985755712,0.0001053928009,0.0001993812721,0.0003258303177,0.0002959801553,0.0003627507482,id104,0.000515932273,0.0002055994649,0.0004931754197,0.0004743352201,0.0001205432595,0.0003562437154,0.0002242512507,0.0001729122863,0.0002894806957,id104,0.001436118464,0.0007584692592,0.0007578670309,0.0005796994282,0.0002616927184,0.0005786211659,0.001289757046,0.0008829429725,0.0005113728559
resting_var_normal - C4.csv,resting,variance,C4,10,,id105,0.0001644078427,0.00005532184943,0.00003686545105,0.0002239639362,0.0003056760052,0.0004676359665,0.0002543658095,0.0005157014102,0.0005627435639,id105,0.00008727346557,0.00002907572748,0.00001869007801,0.0001121312351,0.0001202756848,0.0001691194178,0.0001442097909,0.0003941450906,0.0004385821207,id105,0.00007718416315,0.00001856982957,0.00003183437775,0.0001659035357,0.000196677481,0.00014931944,0.0001861556804,0.0005408687472,0.0003928774219
resting_var_normal - C4.csv,resting,variance,C4,11,,id106,0.0002290218621,0.00002590999289,0.0001243312523,0.00003867105461,0.0003160729113,0.0007303307079,0.0006995618859,0.0005743543655,0.00006603866517,id106,0.0001596791241,0.00006671467709,0.00008763065831,0.00002116768328,0.0004382695951,0.0005516734889,0.0003365644003,0.0003440868499,0.00006947334616,id106,0.0003412550224,0.00009708663635,0.00007868269038,0.0000374944493,0.000195080286,0.0004404839143,0.0006080178546,0.0005040042074,0.00006429351773
resting_var_normal - C4.csv,resting,variance,C4,12,,id107,0.0005760122402,0.000554562328,0.0004503356981,0.0006471134493,0.0007428683708,0.0004895967385,0.0006085181631,0.0003302992064,0.0005149019238,id107,0.0003319449657,0.0003125671356,0.0003620797021,0.0004220744701,0.0005480744928,0.0004316149596,0.0004663229077,0.0003031350203,0.0006795205588,id107,0.001056426534,0.001189117448,0.0004432242741,0.001022131782,0.000831016631,0.001015086456,0.0009067189673,0.0002024799615,0.0008984708206
resting_var_normal - C4.csv,resting,variance,C4,13,,id108,0.0006566202574,0.0007690540117,0.0001408329144,0.0002941245689,0.0004642445837,0.0004679853984,0.0004030772442,0.0006050513505,0.0003546487329,id108,0.0003340932237,0.0002192391481,0.00006891345303,0.0000874438769,0.0002243622656,0.0001225320306,0.0003197499398,0.0001805557546,0.0002377016127,id108,0.0003288652226,0.0001419343742,0.00006463578309,0.0002127493582,0.0002771171443,0.0001803937531,0.0001078287606,0.0003026464479,0.0002435312766
resting_var_normal - C4.csv,resting,variance,C4,14,,id109,0.0005441114665,0.0004343191296,0.0003236603952,0.0001846041921,0.0003171563319,0.0003994435715,0.0005558435204,0.0002690280028,0.000300901797,id109,0.0003116079515,0.0002943894578,0.0002668758754,0.0002863941302,0.0001649756788,0.0002886746498,0.0002634801243,0.0001405571257,0.000179371134,id109,0.0007769574843,0.0004450439668,0.0003520021709,0.0004125664798,0.0003422512987,0.0005588337239,0.0009819865355,0.0001886781171,0.0003143479486
resting_var_normal - C4.csv,resting,variance,C4,15,,id11,0.0006182989261,0.0003962551735,0.000005005838817,0.00000001060868409,0.0003126914178,0.0006908245335,0.0001842496681,0.0003440192646,0.0001028340664,id11,0.0003817159597,0.0002725338582,0.000002045914948,0.00000001134195379,0.000172156891,0.0002621479523,0.00004321993119,0.0002261336773,0.00001045253311,id11,0.001178823963,0.0001768596322,0.000002985621717,0.00000002549590435,0.0002052633306,0.0008052257875,0.000101428831,0.000790973532,0.0000107366547
resting_var_normal - C4.csv,resting,variance,C4,16,,id110,0.00004482105544,0.000141193912,0.0006465650369,0.0003546523371,0.0003073679791,0.0002743378481,0.0001171986849,0.001080801697,0.0007318746161,id110,0.00001643740318,0.00007159977573,0.0006342550339,0.0002043180587,0.00008674615421,0.0001127527361,0.000128988215,0.0003859854365,0.0003569683821,id110,0.00003636077084,0.000131884203,0.0004692740395,0.0002415077945,0.0001426280407,0.0002078363698,0.00006991198423,0.0008253538868,0.0008980026902
resting_var_normal - C4.csv,resting,variance,C4,17,,id111,0.0001888852814,0.00002664239305,0.000375464301,0.0001583117807,0.0002729707894,0.000503504766,0.0003210033655,0.00050294123,0.0004622634605,id111,0.00006260973213,0.00001562219779,0.00009906457731,0.00007236349338,0.0001140067418,0.0002638495928,0.0001181837562,0.0001266071451,0.0002016471759,id111,0.00007210036261,0.000009402915915,0.0001038271331,0.00008601595163,0.00008623746292,0.0003298027028,0.00008211178827,0.0001982042715,0.0001686994147
resting_var_normal - C4.csv,resting,variance,C4,18,,id112,0.000001281395477,0.00009782220065,0.00004324502949,0.0005220226175,0.0002947043465,0.0004646777544,0.0004840795221,0.0004909980216,0.0006078787382,id112,0.0000003504302293,0.00003392995465,0.00003894065327,0.0004844080343,0.0001086264598,0.0002078853139,0.0002445631268,0.0002052421999,0.0002842576186,id112,0.0000007038192163,0.00006191853442,0.00004170354478,0.0005105918161,0.0002681308796,0.0002848369885,0.0001162217477,0.0001926679018,0.0002992097786
resting_var_normal - C4.csv,resting,variance,C4,19,,id113,0.0006322321279,0.0008192359195,0.0003505680286,0.0004546852718,0.0005639131918,0.0005930718413,0.0008297956751,0.0005918935998,0.0005684597755,id113,0.0002685471675,0.00033571706,0.0002828759496,0.0005109836061,0.0003505704132,0.0002986246389,0.0004263036328,0.0003063701395,0.0003707058954,id113,0.0008584954808,0.0006427588248,0.0008070928145,0.000503734965,0.000520975348,0.0006857132484,0.001309467583,0.001152056825,0.001090996374
resting_var_normal - C4.csv,resting,variance,C4,20,,id114,0.00008870348786,0.00006666086046,0.0002423766854,0.000374825845,0.0004233193883,0.0006637140029,0.0004328949717,0.0000694700366,0.0003918689562,id114,0.00004948331878,0.00002246664895,0.0001524580838,0.0004252653025,0.0001905737943,0.0005836250675,0.0003718890724,0.00004491416548,0.000493507198,id114,0.0001324047006,0.00002509172645,0.0003031946772,0.0003902088048,0.0005696927011,0.001498034271,0.0003177410007,0.0000772437424,0.0008585893223
resting_var_normal - C4.csv,resting,variance,C4,21,,id115,0.0005936397677,0.00003085843121,0.00003461801427,0.00007758296115,0.0001238747757,0.0001461948033,0.00001047665542,0.0004854901443,0.000372421969,id115,0.0003753163524,0.00001178573474,0.00002008182652,0.00002413681393,0.00005617867852,0.000110900851,0.000002797211703,0.0001642612486,0.0001565876905,id115,0.0004450649363,0.00001433383053,0.000007267501344,0.00004727542029,0.0001294812984,0.0001554308325,0.000004961973897,0.0002214145278,0.0005151424163
resting_var_normal - C4.csv,resting,variance,C4,22,,id116,0.0004911637239,0.0002351816718,0.0003475209505,0.0003567399549,0.0006140114299,0.0003527854185,0.000447708402,0.000332810241,0.0004677332165,id116,0.0002573096089,0.0001304461833,0.0001596366788,0.0003997088266,0.0005462104481,0.0001627364293,0.0002256505588,0.0003902729388,0.0004246960175,id116,0.0005381294262,0.0005747216915,0.0007710684636,0.0007391315443,0.0009111522352,0.0005938057475,0.0005981728926,0.0004690569536,0.0007986565863
resting_var_normal - C4.csv,resting,variance,C4,23,,id117,0.0002428063072,0.0005120786824,0.001114352621,0.000007444479663,0.0001350340759,0.00007454268287,0.0003019430457,0.00035089652,0,id117,0.00007969946906,0.0004234939916,0.0006719836677,0.000002975111285,0.00006679631125,0.00002603924443,0.0001678989494,0.0003201575379,0,id117,0.0001093387169,0.0003935115213,0.001183417679,0.000002965034649,0.000220881031,0.00007602665395,0.0001615380769,0.0002840751323,0
resting_var_normal - C4.csv,resting,variance,C4,24,,id118,0.000145574505,0.00008771525387,0.00009939170198,0.00006492095107,0.00007458514256,0.0001067986649,0.00004814966845,0.00009579918593,0.0000386028389,id118,0.00008917750859,0.00005085366381,0.00006706953853,0.00004224987705,0.00003752643756,0.00006419097423,0.0000282960625,0.00007375628898,0.00002470678313,id118,0.0000875473228,0.00005939025562,0.00004345758103,0.00008354827177,0.00007465492642,0.00009821040107,0.00004516619342,0.00004965836552,0.00001837951898
resting_var_normal - C4.csv,resting,variance,C4,25,,id119,0.0005314021149,0.0004608049626,0.0004941555406,0.0003827413879,0.0004825984666,0.0005686840618,0.0005085163593,0.0006155903661,0.000231064282,id119,0.0003104379179,0.0003952417012,0.0007872987871,0.0002896794129,0.0002843715785,0.0005064829721,0.0003585645916,0.000422794756,0.0002578390494,id119,0.0007746148844,0.0008835414551,0.001165791466,0.0008925998771,0.001240109153,0.001239669644,0.0011645153,0.001881890405,0.0008562254005
resting_var_normal - C4.csv,resting,variance,C4,26,,id12,0.0004066443174,0.0001595958698,0.000116942621,0.00001101001331,0.0003659993747,0,0.0004754971091,0.000284604932,0.0006413042873,id12,0.0001130672107,0.0001786157256,0.00007921365467,0.000002653402353,0.0001391145023,0,0.0002016668741,0.0001185553416,0.0002618457022,id12,0.0003180696849,0.00015378188,0.0001414939593,0.000002396575115,0.0004525419107,0,0.0005806929941,0.0002359106725,0.0003050207202
resting_var_normal - C4.csv,resting,variance,C4,27,,id120,0.0006877070698,0.0006347368934,0.00003343379204,0.0001822203827,0.0005284619043,0.0003184024899,0.0006483981778,0.0005134211198,0.0007608532863,id120,0.0003316099227,0.0001889848127,0.00003865876043,0.0003214922896,0.0002745467459,0.000281385411,0.00033985284,0.0002407809971,0.0002289250183,id120,0.0004379943263,0.0002226383195,0.0001050147549,0.0003158015903,0.0007082771247,0.000860082283,0.0003996966129,0.001368767038,0.001011305361
resting_var_normal - C4.csv,resting,variance,C4,28,,id121,0.0002127727979,0.0005380131653,0.0005083459169,0.0003205881906,0.0006614728673,0.0003560301823,0.0004525712728,0.00003617225978,0.0003142025339,id121,0.0002754698193,0.0001864881726,0.0003086355963,0.0002391854681,0.0002751441619,0.0003823847023,0.0003258592452,0.00001884184731,0.0003428504202,id121,0.0001851673448,0.0002133616395,0.0004615106769,0.0002470130956,0.0003123493098,0.0003092699727,0.0004008228033,0.00001995645742,0.0002534887386
resting_var_normal - C4.csv,resting,variance,C4,29,,id122,0.0007845449823,0.000563898965,0.0004619583342,0.0003843965273,0.0002969217099,0.00009967956907,0.0002105743169,0.0002101891396,0.0003202451242,id122,0.0002737355462,0.0003049778715,0.0003472869981,0.0003908156661,0.000116841332,0.0001415569442,0.0003111525491,0.0001523055075,0.0002926101565,id122,0.0003874977363,0.000517109898,0.0004066826536,0.0003771006572,0.0001644721595,0.00008483735032,0.0001977086532,0.0001301376653,0.0004017890949
resting_var_normal - C4.csv,resting,variance,C4,30,,id123,0.0007475049793,0.000439469276,0.0003258648253,0.0004327724182,0.000486971756,0.0001513537311,0.0006813555318,0.0008564440144,0.0004763975934,id123,0.0005913848203,0.0001592702173,0.0002884323371,0.00021770735,0.0001879664917,0.00008508460345,0.0003019795441,0.0004179312054,0.0002993333349,id123,0.001081010297,0.0002200232012,0.0004930933379,0.000847285283,0.0003678941857,0.0001027062168,0.0003468324519,0.0009700936925,0.0008448491061
resting_var_normal - C4.csv,resting,variance,C4,31,,id124,0.0003927669951,0.00001276313683,0.0003425570198,0,0.00007942912065,0.0004876174788,0.0001526661854,0.0003114446432,0.00000650984453,id124,0.0002376849014,0.000005536431777,0.000155636986,0,0.0001117297276,0.0001470340674,0.00009252260761,0.0001988194557,0.000005569955824,id124,0.0003722404322,0.000009630151566,0.0002603650348,0,0.00004540810544,0.0006442689814,0.0001164706815,0.0002012188171,0.000003690025458
resting_var_normal - C4.csv,resting,variance,C4,32,,id125,0.000151584779,0.0006554996048,0.0003215845942,0.0006926347573,0.0006737201451,0.0007243952563,0.000608957927,0.0004352040288,0.0006818868225,id125,0.0001041558494,0.0005901392372,0.0003328189524,0.0004300249007,0.0003967222093,0.0004663342705,0.0004760506759,0.0003072357519,0.0006707186652,id125,0.0003138745334,0.00132337588,0.0004300978065,0.0003838586157,0.001537933356,0.001043454858,0.000908716625,0.001014451825,0.00121433116
resting_var_normal - C4.csv,resting,variance,C4,33,,id126,0.0005951888036,0.0007088341681,0.0004493417841,0.0005346333652,0.0002760877865,0.0003359883368,0.0002351904762,0.0001396173581,0.00001899037405,id126,0.0003465339344,0.0001986296773,0.0004063259511,0.0002558395891,0.0001541288363,0.0001549390608,0.00007960699559,0.0001406319202,0.00001063366905,id126,0.0002353908848,0.00037974958,0.0005490661402,0.0003896297042,0.0003240810957,0.0003243091851,0.0001343687258,0.0002761893996,0.000007666636574
resting_var_normal - C4.csv,resting,variance,C4,34,,id127,0.0008602042158,0.0006680181861,0.0009619331779,0.0005245375606,0.0006874207944,0.0001788676907,0.000383115351,0.0001254285065,0.0003528434418,id127,0.0003781071342,0.0005566048753,0.000269338868,0.0002787555709,0.0004592804151,0.00007728796168,0.000249749154,0.00004330384768,0.0005432380838,id127,0.0005495643997,0.001369276702,0.0004252750646,0.00042364158,0.0008768726383,0.0001224917548,0.0004266679691,0.00009366645473,0.0008616827969
resting_var_normal - C4.csv,resting,variance,C4,35,,id128,0.0007363283905,0.0006397821573,0.0006549915372,0.0007191513378,0.0004336753521,0.0003266584479,0.0007444556892,0.00004285148788,0.0005180087476,id128,0.0004716580194,0.0002794232934,0.0002547954617,0.0003725491121,0.0001896256606,0.0002167482258,0.0004626431405,0.00003039189163,0.0003677321385,id128,0.001004419765,0.0005456213736,0.0004610554855,0.0004851542091,0.0002748000646,0.0005029685998,0.0006648576035,0.0001113331449,0.0005596396061
resting_var_normal - C4.csv,resting,variance,C4,36,,id129,0.0005099924399,0.0006188297162,0.0002253389075,0.0002804002099,0.0004016180751,0.0004843534758,0.0002914146271,0.0003180900936,0.0001192035912,id129,0.0002411657072,0.000244522605,0.00009584959615,0.000140041282,0.0002356939871,0.0002273557352,0.000076311842,0.0002041168423,0.00003559945812,id129,0.0004940169483,0.000489659028,0.00009926681306,0.0001784177263,0.0001727918416,0.0004812145524,0.00008555823128,0.0002329085192,0.0001977263776
resting_var_normal - C4.csv,resting,variance,C4,37,,id13,0,0.0001685200229,0,0.0001401054065,0.00007960508704,0.0001219701271,0.001151733143,0.00000742666013,0.0001325226601,id13,0,0.00007265729104,0,0.00006382421197,0.0001394868289,0.0004399765594,0.0009609132125,0.000004911465991,0.0001156520445,id13,0,0.0001640650479,0,0.00008425276582,0.0001172849589,0.0001144566993,0.0004376061329,0.000005426158357,0.0001394057808
resting_var_normal - C4.csv,resting,variance,C4,38,,id130,0,0.000001940297119,0.0002679790461,0.0001447388186,0.0004544148567,0.0003218012168,0.0002713847329,0.0007650624775,0.0002379925393,id130,0,0.0000004385371679,0.0002443164685,0.0000372078094,0.0004088139729,0.0003240585356,0.0003357756945,0.0006302329723,0.00008027780963,id130,0,0.0000005581581103,0.000247895999,0.00003908882131,0.0003648395361,0.0002264143739,0.0005081459898,0.0007106166169,0.0001188813565
resting_var_normal - C4.csv,resting,variance,C4,39,,id131,0.00006763408006,0.00004053978866,0.0004575617393,0.00008569043317,0.000183348524,0.0003285015494,0.0001069472156,0,0.00009412155178,id131,0.0000153370755,0.000003783432543,0.0003448559827,0.00004410363907,0.0001054930486,0.0002849994243,0.00007409261784,0,0.00003855538626,id131,0.000006569588397,0.00005698503534,0.0003531023021,0.00008116270677,0.0001663100123,0.0005844051567,0.00006694462956,0,0.0001470244879
resting_var_normal - C4.csv,resting,variance,C4,40,,id132,0.0001226198313,0.0005004426759,0.0005551713294,0.0005358364468,0.0003624472734,0.00002598464542,0.0002936115004,0.0003855114134,0.000210807456,id132,0.00005994408768,0.0002206988313,0.0002282956717,0.0004124171652,0.0004765202989,0.00005500428026,0.0003488709582,0.0002450861652,0.0001522306707,id132,0.0001648428044,0.0008886029191,0.0005110780921,0.000690372141,0.0007179862454,0.0001687699968,0.0006793693047,0.001150380795,0.0005410289876
resting_var_normal - C4.csv,resting,variance,C4,41,,id133,0.0003108378117,0.0002575383102,0.0001932812945,0.0003116241707,0.0005969978527,0.0003419313025,0.000145009004,0.00006176075778,0.000120268285,id133,0.000185809567,0.0001434996053,0.0001126887887,0.0002684612879,0.0004917017167,0.0001823346214,0.0001523163352,0.0001173138113,0.0001198913236,id133,0.0001926309802,0.0002279248891,0.0003110320603,0.0002085447093,0.0004839102032,0.000245591888,0.0004050660597,0.00006101673975,0.0001092519348
resting_var_normal - C4.csv,resting,variance,C4,42,,id134,0.000244522902,0.0002568787086,0.0003315135204,0.0002841954574,0.0001915116442,0.0002998155615,0.0001987647298,0.0003131734327,0.0003570102648,id134,0.00007496666492,0.0001201925924,0.000186680782,0.0001710039662,0.00006407607305,0.0002044607245,0.00008570399774,0.0001808099374,0.0001627304905,id134,0.0001232294899,0.0001086283206,0.0001649305941,0.0001599860055,0.0001027443259,0.0003231735614,0.0001323677851,0.0001355272664,0.0004242828755
resting_var_normal - C4.csv,resting,variance,C4,43,,id135,0.0004389139724,0.0003551843478,0.0002812679582,0.000501561659,0.0005119175078,0.0004589492361,0.0002308119896,0.0004845424362,0.0004057192554,id135,0.0003497005165,0.0004190535648,0.0003085328165,0.0002212562054,0.0003887909208,0.0002207117778,0.0002099451931,0.0004576269321,0.000120238067,id135,0.001081410175,0.001125888694,0.0005531069575,0.0008029620672,0.0008140361202,0.0005449575566,0.00013912303,0.000839814034,0.00109235957
resting_var_normal - C4.csv,resting,variance,C4,44,,id136,0.0007682977922,0.0003040728369,0.0006032428918,0.0005280900601,0.00037819711,0.0002861239013,0.0005927778265,0.0003133501357,0.0006001854413,id136,0.0006959290314,0.0002138101607,0.0004708550333,0.0003912891205,0.0004523654797,0.0002065645142,0.0006776313119,0.0004228645076,0.0003257971877,id136,0.0010592374,0.0006019763699,0.001554895417,0.001119180408,0.001381551228,0.000316629848,0.0006683021112,0.0009797448331,0.002366035366
resting_var_normal - C4.csv,resting,variance,C4,45,,id137,0.0001610969204,0.0002972141273,0.00007740374524,0.0004350927984,0.0003921148921,0.00004675225405,0.00009375930606,0.0001639013289,0.0001328909746,id137,0.0001283229288,0.0001145718987,0.00002038589928,0.0001578393688,0.0001924757846,0.00001730930691,0.0000318445408,0.00007610838398,0.00006203553774,id137,0.0001559453175,0.00009460111017,0.000006801122934,0.0002646420559,0.0001511479295,0.00001243337069,0.00005749990277,0.0000567192998,0.00006539810192
resting_var_normal - C4.csv,resting,variance,C4,46,,id138,0.0004744886876,0.0004458854885,0.0006332338125,0.0002444847711,0.0002747272063,0.0002895623417,0.0001820618468,0.0004415022491,0.0004108433031,id138,0.0004036915662,0.0002874040338,0.0003296323621,0.0002461845933,0.00016394374,0.0001955623297,0.0002678747211,0.0003371847437,0.0001717071759,id138,0.0005075476448,0.0004368351037,0.0005441865468,0.0001812153619,0.0003358010079,0.0003549201819,0.0003829030803,0.0003517127591,0.0003440912414
resting_var_normal - C4.csv,resting,variance,C4,47,,id139,0.0005253536065,0.0007304640402,0.0005758278293,0.0008034164183,0.0006705429187,0.0006485808065,0.0004812964613,0.0003610048475,0.0003939942036,id139,0.0001922109042,0.0006777979104,0.0005705262621,0.0006377021668,0.0005536246079,0.0004930495053,0.0004647171956,0.0006099955144,0.0003865088441,id139,0.0003192404249,0.0004610435888,0.0004909606884,0.0006660975233,0.0006319285474,0.0006045569202,0.0004931732729,0.001018449872,0.000645252469
resting_var_normal - C4.csv,resting,variance,C4,48,,id14,0.00009233616949,0.00009764136487,0.00001399316889,0.0006164403902,0.0003502933078,0.0008097546572,0.0001351298304,0.0001380631211,0.0006893468519,id14,0.0001969949262,0.0002051018838,0.0000166717761,0.0001861135576,0.0003692106832,0.0004028239667,0.0002366169393,0.00007897477567,0.0004457187066,id14,0.0001837894613,0.00007528227103,0.0000255909298,0.0005720642701,0.0006931902416,0.0002484488102,0.0009708967858,0.0001877588088,0.0009777882239
resting_var_normal - C4.csv,resting,variance,C4,49,,id140,0.0006752807933,0.0005506979206,0.0005116487152,0.0004007689645,0.0008132983285,0.0006560982155,0.0002986401834,0.0005639252284,0.0006520021562,id140,0.0004725788498,0.000723249733,0.0004566565143,0.0003066058092,0.0005416354546,0.0008605115785,0.0002854311836,0.0006538612164,0.0004266712341,id140,0.0003705203568,0.0005000533086,0.0004073213209,0.0002649675125,0.001285536371,0.0004071345231,0.0002092000254,0.0003834254514,0.0004094615361
resting_var_normal - C4.csv,resting,variance,C4,50,,id141,0.0006712105777,0.0006243551839,0.0005473367396,0.0007670637992,0.0007407948456,0.0006114192353,0.0006082051275,0.0005231574402,0.0007228937483,id141,0.0004323952842,0.0005134423018,0.0005351283708,0.0004240007548,0.0005459841736,0.0003357537483,0.0004167671592,0.0001989578475,0.0004088067875,id141,0.0005683300558,0.0008631986051,0.000401997672,0.00116759167,0.0008785198764,0.0007815382701,0.0009236934689,0.0002957219616,0.0009678297208
resting_var_normal - C4.csv,resting,variance,C4,51,,id142,0.0005764835848,0.0006821401613,0.0004171727174,0.0005082367279,0.0002200997389,0.0007792073978,0.0005760850533,0.0002088540108,0.0005134724728,id142,0.0004377625642,0.0003208978531,0.0003024927478,0.000400780658,0.0002231609991,0.0004610465104,0.0004677955782,0.0001353558344,0.0003983340661,id142,0.001162033553,0.00131303714,0.0004873937856,0.001360175902,0.0004210149823,0.001044786035,0.0007829572691,0.0003154856779,0.001214242901
resting_var_normal - C4.csv,resting,variance,C4,52,,id143,0.0004431938785,0.0007562681886,0.0007457893962,0.0005625117268,0.0008016106186,0.000546953058,0.000459133464,0.0006752905647,0.0003813388661,id143,0.0001465132051,0.0004163450007,0.0003756655824,0.0005344084443,0.0003999038684,0.0004558223523,0.0003391109783,0.0004473554306,0.0006947620261,id143,0.0006799547057,0.00083334241,0.0005780411356,0.001022971096,0.0007979666257,0.000587960293,0.0008975869018,0.001104290103,0.0009200807645
resting_var_normal - C4.csv,resting,variance,C4,53,,id144,0.0005634936018,0.0002683825102,0.0006326349107,0.0007588806897,0.000603294032,0.0004931473937,0.0003406879244,0.0005758718819,0.0002585654857,id144,0.0005333454653,0.0002458664659,0.0005235219435,0.0005713803384,0.0005909792939,0.0005508595795,0.0001919003468,0.000388392571,0.0002865964963,id144,0.000971594567,0.0006701900245,0.0008541304907,0.001550679421,0.001023680677,0.0008937381513,0.0003103044229,0.0005966464736,0.0005436316857
resting_var_normal - C4.csv,resting,variance,C4,54,,id145,0.0006377078385,0.001098660367,0.0003389155112,0.0004332306758,0.0003246265127,0.0003854419937,0.0003819244155,0.0002144550908,0.0005320833838,id145,0.0006551767792,0.0005436888139,0.0005683261332,0.0004548774005,0.0003267297732,0.0003714207952,0.0002961543717,0.0003618082396,0.0004710258792,id145,0.0007006646926,0.0007437801742,0.0006501379651,0.0005352532161,0.0004589350816,0.0006737038596,0.0009324050128,0.0005463877098,0.001136340645
resting_var_normal - C4.csv,resting,variance,C4,55,,id146,0.0006853743068,0.0003125230425,0.0004989887345,0.0001719881228,0.000473919783,0.0007249443768,0.0005449267426,0.0005613944108,0.0004423729161,id146,0.0003998241974,0.0002072048892,0.0002856053183,0.00005615246012,0.0001869867858,0.0004516694501,0.0005310617991,0.0004754320867,0.0003092349444,id146,0.0004044234461,0.0005368024706,0.0005194327632,0.00008666744141,0.000639208368,0.0007353337181,0.0005971973088,0.0008563972286,0.0008703564271
resting_var_normal - C4.csv,resting,variance,C4,56,,id147,0.0002821772515,0.0001026595658,0.0003870376831,0.0003110126334,0.0004405754744,0.0003939703569,0.0004190499874,0.0004299140519,0.0003503948288,id147,0.0001316314209,0.00005383776714,0.0003173796158,0.0002329472187,0.0002710581296,0.0004082130463,0.0003748718355,0.0002023580558,0.0001533425639,id147,0.0005430781845,0.0001983574154,0.001622158767,0.001430688277,0.002894933433,0.00124029359,0.002032707433,0.0006854595918,0.002660363654
resting_var_normal - C4.csv,resting,variance,C4,57,,id148,0.0008179541546,0.0005220108914,0.0005621943677,0.001005441781,0.0004464157392,0.0001873499525,0.0004127916142,0.000256633539,0.0001040927509,id148,0.0006515611433,0.0002321121828,0.0003504331788,0.0004539825244,0.0002991216114,0.0002886066911,0.0002059981341,0.0001704079148,0.0001814961163,id148,0.0009044875679,0.0002881817851,0.000153586966,0.0003047451906,0.0005095089008,0.0005233320985,0.0005778778886,0.0008263619664,0.0001186771067
resting_var_normal - C4.csv,resting,variance,C4,58,,id149,0.0007257023039,0.0004675406256,0.0005695276406,0.0008127816915,0.001086133729,0.0002125336379,0.0006120580705,0.000539832345,0.0004446306819,id149,0.000529756315,0.0002692352439,0.0005079980928,0.0007543456941,0.0009403274167,0.00005986772256,0.0003733195526,0.0001568908989,0.0004429469279,id149,0.00054563088,0.0005245801785,0.0005861084884,0.0006173547907,0.0004295396742,0.0001151963892,0.0002771739356,0.0004806407821,0.0007591285556
resting_var_normal - C4.csv,resting,variance,C4,59,,id15,0.00004218784247,0.0001770864961,0.00003348712916,0.0004877361484,0.0003264373501,0.0004386151102,0.0004227115624,0.0003212558742,0.0005433975207,id15,0.00001825034275,0.00008211397302,0.000006303329088,0.0002958565573,0.0001961927715,0.0002523570701,0.0002209912648,0.00008117565596,0.0006574727663,id15,0.00003126060501,0.00009737368572,0.00002604027848,0.0005298353726,0.0002622549427,0.0006161911028,0.0002044641243,0.0002033394747,0.000335876976
resting_var_normal - C4.csv,resting,variance,C4,60,,id150,0.0001459869797,0.0004805216478,0.0003460075537,0.0003402563859,0.0005794471459,0.0005825910492,0.0005935149969,0.0005421483005,0.000651634414,id150,0.00009143718826,0.0002451527755,0.0001810595266,0.0002374316518,0.0004653584072,0.0002186266719,0.0004137804725,0.0003773962268,0.0004123249108,id150,0.0000364345685,0.0002188266346,0.0003743388522,0.0003187350279,0.0003338237681,0.0002504666584,0.000527750843,0.0003471839201,0.0005152734534
resting_var_normal - C4.csv,resting,variance,C4,61,,id151,0.0002452589719,0.0007249220904,0.000418124181,0.0001089980781,0.0002749284161,0.0006794678264,0.000528720119,0.0004900916317,0.0004533094836,id151,0.0001017038773,0.0002063510177,0.0002463476471,0.0000400710283,0.0001558193361,0.0005679253982,0.0003830562076,0.0002994283502,0.000310952233,id151,0.00009196244324,0.0002110719871,0.0003109553798,0.00006645301694,0.0003110672931,0.0006569748102,0.0009605228591,0.0004910632578,0.000332048949
resting_var_normal - C4.csv,resting,variance,C4,62,,id152,0.000004172165488,0.000002564664147,0.001151324362,0.00009342729488,0.000001966151354,0.000004425600542,0.0003475015079,0.0003379476649,0.0001431212673,id152,0.000001124984745,0.000001319998143,0.0004214059345,0.00005023187473,0.0000003580602982,0.000002477880257,0.0001695317214,0.0002276002689,0.00005447544064,id152,0.000003262541216,0.0000009513406393,0.0004297261262,0.00006232735918,0.0000002547047953,0.000002416120954,0.0002277219697,0.0001263909231,0.0000868128717
resting_var_normal - C4.csv,resting,variance,C4,63,,id153,0.0005617456848,0.0006662054104,0.0007602738166,0.000006918687672,0.001478161477,0.001351596286,0.0008051020489,0.001036954199,0.0007670952587,id153,0.0005045947466,0.0005178493342,0.0004765191332,0.000006034992326,0.0008450706484,0.0005554732184,0.0005362138133,0.0005329115408,0.0007495909262,id153,0.0009159220508,0.0004400022843,0.0009794980493,0.000007587182819,0.001314807355,0.0009278311164,0.0004298671525,0.0009902783987,0.001170117106
resting_var_normal - C4.csv,resting,variance,C4,64,,id154,0.0004502608841,0.0006723980334,0.0004408428779,0.0003923999912,0.0004324253492,0.0003940195734,0.0004189532197,0.000426651878,0.0002877085707,id154,0.0006467872515,0.000465360776,0.0002697701454,0.0002428528116,0.0003006994459,0.0002696395114,0.0001569773904,0.0001755385579,0.0001516035572,id154,0.001019621237,0.0008457023417,0.0004481230748,0.0002319250808,0.0005796380245,0.0003805772702,0.0006495685294,0.0002573853279,0.0009617620674
resting_var_normal - C4.csv,resting,variance,C4,65,,id155,0.0005039527622,0.000500260735,0.0004410799617,0.0002603994623,0.0002398380032,0.0003766390106,0.0002322640733,0.00008569788731,0.0001627554772,id155,0.0003684269955,0.0003878445135,0.0003154048441,0.0001443723578,0.0001149089976,0.0002836291282,0.0002100627687,0.00004742346194,0.00007731937569,id155,0.0007226843172,0.000646061176,0.000461711632,0.0002932760934,0.0001323187498,0.0002549768262,0.0002036628952,0.000119312956,0.0001848562195
resting_var_normal - C4.csv,resting,variance,C4,66,,id156,0.0004134572862,0.0003666645528,0.0003801427706,0.0003294285175,0.0003924339524,0.0001661031557,0.0006904990054,0.0006576494679,0.00001796531749,id156,0.0001340723416,0.0003036270821,0.0003300095914,0.0002091930916,0.0002905031475,0.0001470656476,0.000326596784,0.0005465192195,0.000005704644042,id156,0.0002373698762,0.0002583004425,0.0002942654765,0.0001448281728,0.0004105005127,0.0001959924129,0.0002467815369,0.0006883799382,0.000007136357328
resting_var_normal - C4.csv,resting,variance,C4,67,,id157,0.0005019816358,0.0005455364989,0.0004332879263,0.0005199721619,0.000502674189,0.0003695754879,0.0005061275051,0.0008682625155,0.0007227121306,id157,0.0001970007977,0.0003304278948,0.000255887178,0.0003598586028,0.0003973675546,0.0001741837929,0.0002210444188,0.0004048703982,0.0001874085574,id157,0.0004729298411,0.0002953103519,0.0002840688463,0.0003883696587,0.0003127221423,0.0002525192982,0.0002695447722,0.000880704187,0.0004633656943
resting_var_normal - C4.csv,resting,variance,C4,68,,id158,0.0002614408388,0.0002738068769,0.0001216443932,0.0001156600158,0.00009927427987,0.0002142063172,0.0003710265024,0.0009350348282,0.0002913325656,id158,0.0001621804869,0.000137552851,0.00005948304147,0.00005810046505,0.00001118909651,0.00009973258576,0.0002760134633,0.0002288728111,0.0001048893809,id158,0.0001310532443,0.0001234099551,0.00005857085672,0.0001523433091,0.00004150116494,0.0000845097914,0.000144356176,0.0005504347139,0.00007906548558
resting_var_normal - C4.csv,resting,variance,C4,69,,id159,0.0004639869592,0.0003511320845,0.0004473203229,0.0006361264395,0.0006712499003,0.000000404730442,0.0005989768354,0.0005917738017,0.00002126289107,id159,0.0004781540816,0.0003444592078,0.0002762392145,0.000419464481,0.0004166415295,0.0000002106112086,0.0006141389115,0.0004235752653,0.00001057145866,id159,0.0003949116745,0.0004587460497,0.0003269301768,0.0006340799723,0.0008223299234,0.0000002880047827,0.0008729260849,0.0004605343017,0.0000142145937
resting_var_normal - C4.csv,resting,variance,C4,70,,id16,0.0003856886492,0.0002789910477,0.00009619246197,0.00001966924651,0.000002325635918,0.00003444215942,0.0004324447586,0.0004627278113,0.0000006408313035,id16,0.0001492657534,0.0001651734649,0.00003610704667,0.000002207622669,0.000003334975675,0.00002190240653,0.0002958927537,0.0001738771702,0.0000002491884304,id16,0.0002082591095,0.0001476989271,0.00006135215874,0.000002680169856,0.000005528615281,0.00003519898213,0.0002226366435,0.0001705334624,0.0000003975410504
resting_var_normal - C4.csv,resting,variance,C4,71,,id160,0.0002095120877,0.000412256014,0.0004100429544,0.0002095304723,0.00002583303462,0.0003749173534,0.0004399525016,0.0003093508228,0.0005390160597,id160,0.0002333264181,0.0003721993844,0.0002567964839,0.0002307613968,0.000002773384344,0.0001469526191,0.0001836489685,0.0002136487832,0.0002804473642,id160,0.0003484863342,0.000696747976,0.0008771561959,0.0003667105382,0.000003984207795,0.0003367346418,0.0006561056703,0.0003495924441,0.00134560423
resting_var_normal - C4.csv,resting,variance,C4,72,,id161,0.0003195351943,0.0005875750586,0.0001617655373,0.0003697000091,0.0004507700431,0.0001149396602,0.0004987338063,0.0001535581102,0.0003525717735,id161,0.0001423549043,0.0002648841288,0.0001112853365,0.0002760969282,0.0002638446263,0.00002476365083,0.0003288978715,0.00009806015462,0.0002236273017,id161,0.0001797939349,0.0007622402415,0.0001516747469,0.0002332242115,0.0006111527965,0.00004707954178,0.000516906001,0.0002537279666,0.0002587110936
resting_var_normal - C4.csv,resting,variance,C4,73,,id162,0.0003190941708,0.0001729477594,0.0001800430712,0.0002193839904,0.0002872805214,0.000348851381,0.0003955598703,0.0005244157918,0.00007183699266,id162,0.0003632139593,0.0001991449549,0.0001609450542,0.0003493977415,0.000123224362,0.0006733297552,0.0004645387526,0.0002748605549,0.0001859207071,id162,0.0003171990701,0.0002677752821,0.0001432804768,0.0003000964583,0.0003780324432,0.0006875224611,0.001099952675,0.0003358563357,0.0001771793395
resting_var_normal - C4.csv,resting,variance,C4,74,,id163,0.0004897382293,0.0003205078097,0.0002454779973,0.0003153968514,0.0002569835661,0.0000204108985,0.00006060174167,0.0002123142075,0.0002258801123,id163,0.0003153549946,0.0002565768944,0.000351343265,0.0002703694039,0.0002041768068,0.000006115854688,0.00003086795243,0.0002601140702,0.0002813644166,id163,0.0008086507685,0.0004438181884,0.0007511449943,0.0005149133741,0.0003013537376,0.00001419774439,0.00006103976806,0.0002852447613,0.000333131786
resting_var_normal - C4.csv,resting,variance,C4,75,,id164,0.0001805929977,0.0001615966121,0.0005334139148,0.0002554395134,0.00007209734554,0.0004507067787,0.00006833133475,0.0004053932508,0.0003845178893,id164,0.00005453406928,0.00003271607453,0.0003496348497,0.0002753093723,0.0000485429101,0.0002056652967,0.00002184821328,0.0002630001444,0.0001378593127,id164,0.00009699485427,0.00003566393925,0.0006991838291,0.0002216039639,0.00003814482804,0.0002153524808,0.0000389752635,0.0005273084149,0.0001552477137
resting_var_normal - C4.csv,resting,variance,C4,76,,id165,0.0006959925241,0.001098010994,0.00000648384772,0.000290025816,0.0005230649757,0.000436514858,0.0000136587855,0.0006910701435,0.0005528139533,id165,0.00044005525,0.0003945442511,0.00003938620003,0.0001840734921,0.0001983308216,0.0002182437708,0.00001582221356,0.0002313628473,0.0003868646588,id165,0.001248123211,0.001402272052,0.00009658352587,0.0005474943212,0.0004488159017,0.0008158374746,0.00002906966806,0.001552611356,0.0005230963763
resting_var_normal - C4.csv,resting,variance,C4,77,,id166,0.0007738529556,0.00002856489835,0.0003618057475,0.00007503938776,0.0005943854975,0.00000782336819,0.00004406835233,0.00003501153877,0.0001115949336,id166,0.0002089344799,0.00008847070023,0.0001850481685,0.00006274711208,0.0002834450404,0.000008969571657,0.000003200686948,0.00008105657786,0.000007672924548,id166,0.0003474935756,0.00008559643623,0.0003688232015,0.0001333244043,0.0007513045054,0.00001754949089,0.0000008620831238,0.0002151978222,0.00005742014026
resting_var_normal - C4.csv,resting,variance,C4,78,,id167,0.0005146397678,0.0002928355236,0.0003515794455,0.0004317973674,0.0003467830761,0.0006444254008,0.0008832905363,0.0001666911888,0.0003677684223,id167,0.0001928460132,0.0002158558229,0.0002337265391,0.0002131143658,0.0002440925849,0.0005195846818,0.0005744380541,0.00004857704881,0.00012402989,id167,0.000473499251,0.0001186416737,0.0001393139248,0.0004735566398,0.0002508526441,0.0002271793889,0.0004246014466,0.00007716145417,0.000385908809
resting_var_normal - C4.csv,resting,variance,C4,79,,id168,0.0006386355713,0.000770767178,0.000500879015,0.0003951147968,0.000524143545,0.0008588691379,0.0004993858221,0.0008411584691,0.0005679161473,id168,0.0002710097214,0.0003633243985,0.0004105566283,0.0002463457306,0.0004229632765,0.0005789101097,0.0002753000959,0.0005489519416,0.0006708641278,id168,0.001029699512,0.001244816525,0.0006401831809,0.0003658084939,0.001396110067,0.001509283244,0.0008248171606,0.001148682784,0.001254948774
resting_var_normal - C4.csv,resting,variance,C4,80,,id169,0.0006501457458,0.0004619283366,0.0003100018791,0.0004288178311,0.0002359972701,0.00006976242816,0.00005348843746,0.0001137228586,0.0001856554353,id169,0.0002313351443,0.0002283864778,0.0002195714193,0.0001988820919,0.0001553488044,0.00007450010997,0.00003839361416,0.00004444312314,0.00005631389148,id169,0.0004415409474,0.0007485533495,0.0002722401669,0.00126404419,0.0004045542204,0.0005118578103,0.0000679067417,0.0003563554313,0.000178538253
resting_var_normal - C4.csv,resting,variance,C4,81,,id17,0.0004339102211,0.00008023521923,0.0003531018724,0.000000002142258912,0.0000252743692,0.00005190044995,0.00003919120273,0.000001094722595,0.000001117622699,id17,0.0001432132858,0.0000068738299,0.00008317885199,0.000000001056569871,0.000009064337477,0.00004494341845,0.00000499769328,0.0000002118414167,0.00000205278247,id17,0.0002183023741,0.00001650356358,0.0001126543066,0.000000001106245049,0.00001004155741,0.0000336628392,0.000009525615718,0.0000005618608528,0.000001478417569
resting_var_normal - C4.csv,resting,variance,C4,82,,id170,0.0000627560812,0.0002748677796,0.000987645837,0.00004759569728,0.0003008609698,0.0002963853134,0.000787438032,0.0008259021624,0.0007264476514,id170,0.00003046732453,0.0002807581871,0.000850496721,0.0001111989454,0.0001798595917,0.0002458070331,0.0008119121899,0.001127356258,0.000708024542,id170,0.00002858870093,0.0005127171068,0.0009387390113,0.0001258113158,0.0004086311092,0.0005462204635,0.002083017362,0.001332441715,0.001197657884
resting_var_normal - C4.csv,resting,variance,C4,83,,id18,0.0002387900308,0.0003110913813,0.00008246749468,0.0003412265113,0.0004346871778,0.0001270944191,0.00008272541805,0.0003756147254,0.00009178593051,id18,0.00008268921124,0.0002728033562,0.00007657648768,0.0003147575472,0.0001535971119,0.00007338597467,0.00004856583923,0.0002289527412,0.00007527338441,id18,0.0001503008311,0.0003280752279,0.00009846353791,0.0006126188854,0.0003523184211,0.0002221522114,0.0001029445383,0.0004212878504,0.0001370946725
resting_var_normal - C4.csv,resting,variance,C4,84,,id19,0.0006286345114,0.0004080373296,0.0002576159507,0.0001888205084,0.0003308339522,0.0003534815821,0.0001504287622,0.0001940100305,0.000342615016,id19,0.0002628679698,0.0001004896238,0.0001595893933,0.00003079525621,0.0001328682277,0.0002985347817,0.0001040283966,0.00007730963826,0.0001931096291,id19,0.00004164367892,0.0002412499037,0.0001749425659,0.0002155993708,0.00009517092121,0.0001504951918,0.00004025242768,0.00007308561831,0.0001506675218
resting_var_normal - C4.csv,resting,variance,C4,85,,id2,0.0002594635329,0.0006924192315,0.0005489781095,0.0004558641679,0.0002365670404,0.00001457901711,0.0002269816885,0.0003258095217,0.0003608128263,id2,0.00009756707383,0.0002686257104,0.000242534742,0.0002411980185,0.0001432912888,0.000010567186,0.0002216825317,0.0001260224547,0.0001940361757,id2,0.0001137807217,0.000263033671,0.0001715792189,0.000124492059,0.0001504674365,0.00001937988774,0.0001613825252,0.0001362271619,0.000220195512
resting_var_normal - C4.csv,resting,variance,C4,86,,id20,0.0007895436007,0.0007832079716,0.0005158474039,0.0003965540473,0.0008490354432,0.0003215204304,0.0006072997908,0.0002019617438,0.000404638141,id20,0.0004627021591,0.0004451532067,0.0001698103213,0.0001611571893,0.0003828055899,0.0003458256765,0.0004664688538,0.00005977803427,0.0003306884765,id20,0.0006566326515,0.0003328161711,0.0003855599708,0.0002563481887,0.0004610108846,0.0003899486223,0.0005047053185,0.00008433235197,0.0003342497065
resting_var_normal - C4.csv,resting,variance,C4,87,,id21,0.000727404338,0.0004127269848,0.0006327088336,0.001678498598,0.0008543338168,0.0001412991324,0.00006808124861,0.0002155178199,0.0002212592424,id21,0.0004904565877,0.0001801481611,0.0004827083237,0.0005921033711,0.000576157104,0.00007969870158,0.00002188730949,0.0001132785381,0.00007570048521,id21,0.0005256345842,0.0001379285435,0.0003827112692,0.0007275795785,0.0008591148169,0.00007571705131,0.0000416779234,0.0001407733597,0.0001443535405
resting_var_normal - C4.csv,resting,variance,C4,88,,id22,0.0005553801525,0.000002344707746,0.0000000009232716819,0.0000003981867959,0.000001181234603,0.001090487175,0.00006967641287,0.00001531840503,0.0000006936047747,id22,0.0001019104064,0.000001354771558,0.0000000003802974662,0.0000001396525862,0.000000237781658,0.0003853120163,0.00001847981834,0.00001004450207,0.0000002493218826,id22,0.0002029453629,0.000000557045551,0.0000000003583657725,0.0000006634157588,0.0000003573137118,0.000283038932,0.00002637967752,0.00001878313048,0.0000004542772645
resting_var_normal - C4.csv,resting,variance,C4,89,,id23,0.0004101029323,0.0002431919347,0.000003168199858,0.0006807807114,0.00005017172082,0.0004454992803,0.0000208343548,0.0007338571275,0.0002347657216,id23,0.000374849438,0.00003926843681,0.000002411237902,0.000431587196,0.00007089231777,0.0003671495254,0.00001096473054,0.0003049564605,0.0002472679782,id23,0.000175227817,0.00007106517685,0.00000324063809,0.0003328050026,0.00007877637126,0.0003418271105,0.00002314970558,0.0003068552697,0.0001658962723
resting_var_normal - C4.csv,resting,variance,C4,90,,id24,0.0003770473868,0.0002198609824,0.001358174856,0.001128616808,0.0003207026652,0,0.0006193310213,0.0004641861137,0.0001854843319,id24,0.0004693315982,0.0002909685041,0.0004802005426,0.001004432843,0.000725647871,0,0.0002147274699,0.0002871178311,0.0001025133109,id24,0.0002356881762,0.0002561328291,0.0004432060584,0.00125246796,0.0007659265247,0,0.0004809463679,0.0005799807272,0.00009759638669
resting_var_normal - C4.csv,resting,variance,C4,91,,id25,0.0003985950246,0.0002441674976,0,0.0004353057705,0.0000007545080414,0,0,0,0.00000004390981327,id25,0.0002765977466,0.0005291370446,0,0.0002294948355,0.00000006570011651,0,0,0,0.00000001890321447,id25,0.0002225355553,0.0006365389371,0,0.0003668176537,0.00000008054495368,0,0,0,0.00000001619832189
resting_var_normal - C4.csv,resting,variance,C4,92,,id26,0.0001115828386,0.000001709846368,0.0002841019504,0.0003382884763,0.0000007033278395,0.000003800977543,0.0001693065581,0.0002873916709,0.0001038464549,id26,0.00005461269387,0.0000005840682494,0.0003250662184,0.0002441058651,0.0000002326516288,0.000003927876616,0.0000694057574,0.0001693908322,0.0002051237493,id26,0.0001791865843,0.0000009425056057,0.000329002477,0.000244542653,0.0000003542325076,0.000003490452453,0.0002398675327,0.0003206644487,0.00009538559116
resting_var_normal - C4.csv,resting,variance,C4,93,,id27,0.0005366742051,0.000314916031,0.0006568763661,0.0002429575873,0.0004563954899,0.0001153789914,0.0002257347823,0.0004977840158,0.0001032725307,id27,0.0004454035324,0.0001594209804,0.0003113632538,0.000167017268,0.000437208567,0.00001784728052,0.00007287268965,0.0004050954048,0.00005723380652,id27,0.0005741282589,0.0001858360696,0.0008522577843,0.0001652490241,0.000552149526,0.00008406854588,0.00004458919074,0.0003143823192,0.00009344165604
resting_var_normal - C4.csv,resting,variance,C4,94,,id28,0,0.0003534805569,0.0004163632688,0.0003080774827,0.001399455532,0.0004065136049,0.0006401915908,0.0001675849237,0.0001098332777,id28,0,0.0003243726323,0.0001592340227,0.0001014443717,0.0003604856727,0.0001681994662,0.000293707203,0.0001055098941,0.00007928522663,id28,0,0.0003161097152,0.0002458457316,0.0003365537014,0.000554444793,0.0001610617194,0.0002962024896,0.0002222198789,0.00008454064119
resting_var_normal - C4.csv,resting,variance,C4,95,,id29,0.00008582026596,0.0003153207012,0.0004450235279,0.0001715830343,0.000266006677,0.000205767934,0.0004520137739,0.00007368638071,0.0003230932917,id29,0.0000171992009,0.0002272612088,0.0001606276463,0.0002042645722,0.0001329986383,0.0002849467319,0.0001776375732,0.00008540361847,0.0001477911533,id29,0.000007536100254,0.000164889851,0.00008033153001,0.0002205673508,0.0001242261233,0.0003069958924,0.0001417226417,0.0001755145162,0.0002490661397
resting_var_normal - C4.csv,resting,variance,C4,96,,id3,0.000461766114,0.0006165431334,0.00004967096955,0.00001876374495,0.0000001022283643,0.0001467145357,0.0005405230735,0.0004765385086,0.0002790673451,id3,0.0003079673629,0.0003464533874,0.00001323307359,0.00002421984549,0.00000001505069579,0.00005824099866,0.0003574483202,0.0002114570129,0.0001014208061,id3,0.0004753573973,0.0004388145614,0.00001835821199,0.0000190944497,0.00000004234504123,0.0001291549094,0.0002751503803,0.0004804452119,0.0002014635621
resting_var_normal - C4.csv,resting,variance,C4,97,,id30,0.0003111049986,0.0003501989444,0.0004814028631,0.0003614340482,0.0005999312603,0.0004959500396,0.00000925831553,0.0002783958896,0.00002329334766,id30,0.00008084370953,0.00006758496475,0.0002156322777,0.00009744301628,0.0003336772355,0.000194812023,0.000002920582761,0.00008348619948,0.00000375320351,id30,0.0001612091241,0.0001357787743,0.0001259490681,0.0002316462845,0.0002304121988,0.0003887925712,0.000002406072617,0.0001380046526,0.000005224815285
resting_var_normal - C4.csv,resting,variance,C4,98,,id31,0.00008978835677,0.0005376632262,0.0004614561337,0.0004761916833,0.0001071433361,0.0001688742483,0.0003179975923,0.0004387756273,0.0002784182582,id31,0.0001078988814,0.0002810255149,0.000132856596,0.00006525729075,0.00002692444311,0.00009272627952,0.0001010339291,0.0002222090732,0.0001922521475,id31,0.00002710823328,0.0004489479252,0.0001266949146,0.0003564074163,0.00005861686317,0.0002230436704,0.0001864275909,0.0002152602273,0.0002238252063
resting_var_normal - C4.csv,resting,variance,C4,99,,id32,0.000002954950077,0.0003101213953,0.0001228752686,0.0000005986338488,0.0002917259034,0.0005242086976,0.0001804950128,0.00001373325838,0.0001057797702,id32,0.000004184652994,0.000239954195,0.0002542588017,0.0000001570826082,0.000130984656,0.00005501525312,0.0000623645075,0.00001492023357,0.00004801059691,id32,0.000008245734779,0.0006692191708,0.0004080165868,0.0000002549619658,0.0001367977348,0.00008016172341,0.00009318091281,0.00002845159182,0.00007972579096
resting_var_normal - C4.csv,resting,variance,C4,100,,id33,0.0004500641523,0.0002184652306,0.0003340359882,0.0006027193821,0.0005886793521,0.0002812574045,0.00000004440322935,0.00002258242478,0.0005495019771,id33,0.0004124584887,0.00009532179007,0.0001349205965,0.0004417937357,0.0004388271265,0.0002071922365,0.000000005117591243,0.000009535671667,0.0002881651741,id33,0.0008263701318,0.0002541785227,0.0005001282433,0.0003372167952,0.00198755254,0.0001944938245,0.000000005095320694,0.00003364153834,0.001088434719
resting_var_normal - C4.csv,resting,variance,C4,101,,id34,0.0001944253781,0.0001539316229,0.00006663750188,0.000001155953804,0.0003106381717,0.00001834464008,0.00000003300662287,0.00001544408114,0.0001661636265,id34,0.000122275486,0.00003312259751,0.00001090874145,0.0000001878576386,0.00008843289737,0.00001475962143,0.000000008285260154,0.0000164660515,0.00002322664111,id34,0.00007981785319,0.00006657736397,0.0000117111418,0.0000002330935385,0.00006843247963,0.00003689197423,0.00000001025591927,0.00002407640219,0.00002752994032
resting_var_normal - C4.csv,resting,variance,C4,102,,id35,0.0002395940158,0.0004149653967,0.0005601925983,0.0004756765052,0.0001410811354,0.0006106754407,0.0004649655094,0.00003598745905,0.0002003571405,id35,0.00003620298381,0.0002278233604,0.0003885367902,0.0002664751049,0.00008331803353,0.0003654264773,0.0003062389848,0.00002201278538,0.000109486889,id35,0.00005150801429,0.0002850225424,0.0005093551432,0.0003737939033,0.0001394820657,0.0005788736843,0.0002507388785,0.00001618200389,0.0001161039381
resting_var_normal - C4.csv,resting,variance,C4,103,,id36,0.000001198552871,0.00006992241994,0.0002143728477,0.0001462842735,0.0003401666359,0.000008821476496,0.0005463856433,0.000851794251,0.0006202884299,id36,0.0000001347945552,0.00002959599141,0.00008386385226,0.0000823507553,0.00009198721372,0.000009082961013,0.00003920329707,0.0004281238538,0.0002979281603,id36,0.0000002704278483,0.00001423198548,0.00009192487609,0.00005572142447,0.0001991594502,0.00001493740147,0.0001700290719,0.0003365780222,0.0004778720445
resting_var_normal - C4.csv,resting,variance,C4,104,,id37,0.001127240185,0.0003657228042,0.0003323406605,0.0002016743264,0.000001671543528,0.0001473115911,0.0001473178689,0.0002377976521,0.0005650621096,id37,0.0004498474127,0.0004716934141,0.001235851471,0.0001576426855,0.0000003212084756,0.0003072203947,0.00008063361465,0.0001589248011,0.000172676589,id37,0.0007395633154,0.0008898350141,0.0006274557464,0.0001499594227,0.0000004057798762,0.0002565794804,0.0003542931373,0.0003427020204,0.0004877145586
resting_var_normal - C4.csv,resting,variance,C4,105,,id38,0.00001482524909,0.00001661449066,0.0002372825339,0.0003606396711,0.0001151134299,0,0.00004999003648,0,0.0002629501112,id38,0.00002949305803,0.00002101927394,0.00006541222634,0.0001217465193,0.00009320823499,0,0.00001432412522,0,0.0004246628062,id38,0.00003357099152,0.00003391864573,0.0001660951978,0.0002395850398,0.0002335421925,0,0.000005000175284,0,0.0003514266798
resting_var_normal - C4.csv,resting,variance,C4,106,,id39,0.0006198065617,0.0000002763367109,0.0003126675546,0.0003499932565,0.0001755295047,0.0001429123595,0.000825383294,0.0007103641791,0.0002274633579,id39,0.0005412828005,0.00000007650018037,0.0001017643592,0.0001067057085,0.00004536893974,0.00004744537527,0.0004335558215,0.0003102427859,0.0001498671516,id39,0.0003519330229,0.00000008582588914,0.0000883245355,0.0001113878711,0.00001732387923,0.00005488018629,0.000451998797,0.0006501267619,0.0001729846732
resting_var_normal - C4.csv,resting,variance,C4,107,,id4,0.0002342443337,0.0007104357485,0.00001057150339,0.0003491215159,0.00001511995442,0.000515900051,0.00008854544758,0.0005959346201,0.0002028764781,id4,0.0001542555056,0.0004019855995,0.000001737309508,0.0002100288099,0.000002166615674,0.0004402970885,0.00003879151793,0.0004105675813,0.0001584180507,id4,0.0001777464048,0.0004003531237,0.000002632099967,0.0002217845436,0.000001905862766,0.0006501477601,0.00006087444172,0.0004632609133,0.0001867340694
resting_var_normal - C4.csv,resting,variance,C4,108,,id40,0.000007134243293,0.0000124053404,0.00000007936193196,0.0002141366373,0.000003441314434,0.00002394675599,0.0003903827081,0.0001520470373,0.00008090681619,id40,0.000002991189111,0.000001145843907,0.0000000569708337,0.0001052597062,0.000002470698329,0.000001972251731,0.0001290425452,0.00009572638213,0.0001038339375,id40,0.000001727124127,0.00000805648688,0.000000005558131831,0.001402211839,0.000002774449976,0.00000119829953,0.0001572018414,0.0001411964851,0.00009245714795
resting_var_normal - C4.csv,resting,variance,C4,109,,id41,0.00007197282163,0.000002835162486,0.00001184150352,0.00006042863642,0.00001835163994,0.0004508997691,0.00006262489875,0.00007499007171,0.00003184503223,id41,0.00009664785038,0.000008136735876,0.00000467328876,0.000004164462966,0.000003840363959,0.0002375024362,0.00004853742257,0.00001825541374,0.00002525909266,id41,0.00002197501176,0.000006894159505,0.000007936243204,0.00002242631072,0.00001541901848,0.0009300161317,0.0000898538743,0.00006165479322,0.00005463835012
resting_var_normal - C4.csv,resting,variance,C4,110,,id42,0.00002437364802,0,0.0003265564376,0.00003411147861,0.0001518676993,0.00002976814915,0.0004303523273,0.0001334269161,0.0003173285603,id42,0.00002797761377,0,0.0001979237688,0.00005129392993,0.0002212294881,0.00003439814717,0.0005736016217,0.00003597360786,0.0002179054786,id42,0.00005465200826,0,0.00005238866297,0.000105818855,0.0001491428644,0.00006678736419,0.0005432893865,0.0000685563541,0.0004925920352
resting_var_normal - C4.csv,resting,variance,C4,111,,id43,0.0001283120081,0.0006229701972,0.0001598376614,0.0000008869094949,0.0002118488901,0.0002570021905,0.000008384566197,0.0003456821098,0.0004313669455,id43,0.0001880596313,0.0006890469089,0.0001468054911,0.0000006805872794,0.0001416038058,0.00003316280967,0.000004588126887,0.000288852032,0.0002273123435,id43,0.0002350581607,0.0008865103159,0.0005039209936,0.0000008363841197,0.000105914048,0.0001099588096,0.00001631942637,0.0003759663064,0.0008285388317
resting_var_normal - C4.csv,resting,variance,C4,112,,id44,0.0001172362624,0.00008811250245,0.000000002105599496,0.0000789685553,0.000004023180684,0.000009722949937,0.000004115781462,0.0002377478257,0.0004115810944,id44,0.000006414874482,0.00001790502059,0.0000000009548640202,0.00002303066167,0.000001471471711,0.00001262683058,0.000008098250486,0.0001619246074,0.0001623209631,id44,0.000005142413051,0.00006268872232,0.0000000008804151106,0.00004815639551,0.000001664062291,0.00003458487987,0.00003202001344,0.0004925861346,0.000887439303
resting_var_normal - C4.csv,resting,variance,C4,113,,id45,0.00002999680731,0.0003701415087,0.000509756584,0.0000700946607,0.0006165240481,0.0002426412035,0.0004807456058,0.0002337291842,0.0005226006594,id45,0.000005776055447,0.0003688764959,0.00009616552973,0.00004375498364,0.0003062031419,0.0001588625073,0.0004292961111,0.00006141167882,0.0002814257647,id45,0.00001737777483,0.0005475463377,0.0005093737563,0.00003719065715,0.0008027628733,0.0003800235932,0.0004468292371,0.0002756136056,0.0004340836797
resting_var_normal - C4.csv,resting,variance,C4,114,,id46,0.0001583683785,0.00006570095587,0.000121543965,0.00012513931,0.0002754711038,0,0.00000002401146567,0.0001006378672,0.0005710461597,id46,0.00006702516477,0.00001225647844,0.00004400450705,0.0001517167379,0.0001186903644,0,0.000000002916150715,0.00006068564108,0.0002573945417,id46,0.00007374160072,0.0000212183436,0.00004733683728,0.0001257893699,0.00007776090698,0,0.00000001570195119,0.00006558591378,0.000440355877
resting_var_normal - C4.csv,resting,variance,C4,115,,id47,0.0002687632041,0.0001656667644,0.0002793080429,0.000178719135,0.0002458397655,0.000251612465,0.0001735847325,0.0002309254703,0.0001775497591,id47,0.0001516405653,0.00008264924576,0.0001221867411,0.0000910590471,0.0000655131502,0.00008664788684,0.00006390325385,0.0001434686254,0.00003417369892,id47,0.0001639694245,0.000144814928,0.00007705985927,0.0001722079676,0.000101072091,0.00009281200484,0.00005432262899,0.0001542495265,0.00009596748506
resting_var_normal - C4.csv,resting,variance,C4,116,,id48,0.00001497223321,0.0001374152826,0.0002789109723,0.0002307973663,0.0001441088941,0.0003632687552,0.0002493840947,0.0001400485812,0.0003261848802,id48,0.000002561631183,0.00004709318485,0.000109871272,0.00006988700037,0.00004684796945,0.0001791550451,0.0001253283916,0.00004381991993,0.0001093401321,id48,0.000004537315357,0.00005554909782,0.0001026050858,0.0001000271418,0.00007531756891,0.0001040463575,0.0001319611278,0.00004724158277,0.0001178260537
resting_var_normal - C4.csv,resting,variance,C4,117,,id49,0.0002645643397,0.0004450456218,0.0005039004394,0.000257189416,0.00009931853233,0.000211106825,0.0001738201538,0.0002423583937,0.0008511113511,id49,0.00008612630337,0.0003343731002,0.0003415981896,0.0001545735316,0.00005420705782,0.0001001119804,0.00006064346063,0.0001303977061,0.0004299117306,id49,0.0002154461854,0.000241446431,0.0004565948839,0.0001062954129,0.0001232015321,0.00007821507953,0.0001218645023,0.0001800453875,0.0006988956155
resting_var_normal - C4.csv,resting,variance,C4,118,,id5,0.0004350121794,0.0002872380515,0.0003989267829,0.0006951971566,0.000002924945245,0.0002937105813,0.0002268017349,0.0004566671077,0.0003410332469,id5,0.0003707020441,0.0001925292789,0.000155864736,0.0001414828014,0.000001568222236,0.0002361552771,0.0002099487954,0.0003522320165,0.0001490148135,id5,0.0004216584507,0.0002512008563,0.000345149972,0.0002089299115,0.00000813115845,0.0004375035967,0.0001541634996,0.0007383634787,0.0003527138445
resting_var_normal - C4.csv,resting,variance,C4,119,,id50,0.0009854456145,0.0006836900972,0.0001911869883,0.0004489281539,0.0000196368854,0.0003370913328,0.0003974592453,0.0007802820428,0.0008246183832,id50,0.0004213713633,0.0004732791271,0.0003790848901,0.0002572333788,0.00000813902535,0.0001131146273,0.0001397089923,0.0006709722882,0.0007963799472,id50,0.0005139374046,0.0001925199523,0.0001119730795,0.0003496097792,0.000007871047254,0.0001827802266,0.0003170634942,0.0006748631599,0.0008789852729
resting_var_normal - C4.csv,resting,variance,C4,120,,id51,0.0001565916021,0.000165779962,0.0004288913845,0.0002072757595,0.0003407241157,0.0001178614726,0.00006074692609,0.0001315633397,0.0002336540332,id51,0.00004303792844,0.0000483384673,0.0001080693233,0.0000651243659,0.00005753584855,0.00004822515436,0.00005035374386,0.00008512143994,0.0001328735381,id51,0.00006157235196,0.00006938288607,0.0001659307226,0.000116407519,0.00008256388954,0.00007564816306,0.00002176275728,0.00009984253223,0.0002228429027
resting_var_normal - C4.csv,resting,variance,C4,121,,id52,0.0006888984866,0.0000467321257,0.0009137911535,0.0002298353251,0.0002591931092,0.00008316462328,0.0001232166504,0.000421009259,0.0007665112126,id52,0.0003345038207,0.00008204817635,0.0003007900028,0.0001495252944,0.00009794064054,0.00004186905693,0.00004345633624,0.0000604850848,0.0009647957021,id52,0.0002627660964,0.00002167530876,0.0003943151877,0.0003062638027,0.0001153488971,0.00003857988791,0.00009066027698,0.0001022542594,0.0003531467383
resting_var_normal - C4.csv,resting,variance,C4,122,,id53,0.0003190807564,0.00004453232164,0.0002678853702,0.0003128348269,0.00003208332512,0,0.0002704378355,0,0.0000129079411,id53,0.00008799000288,0.00002655711237,0.00013643133,0.0001555561822,0.00001307464019,0,0.0000912532101,0,0.0000009748557139,id53,0.0002572909894,0.00002976817434,0.0002246047526,0.0002300162382,0.00001231138552,0,0.0002781123792,0,0.000001542017239
resting_var_normal - C4.csv,resting,variance,C4,123,,id54,0.0001361037902,0.000190771264,0.0002660672958,0.0004046250635,0.0005895690974,0.000459264484,0.0003887744627,0.0005304936067,0.0003389251882,id54,0.00009828226755,0.00004784307235,0.0003202011219,0.0004711497309,0.0004400914373,0.0003345843001,0.0002557409651,0.0002038996011,0.0001862681979,id54,0.0001514475984,0.0001962292921,0.0004519467592,0.0005898773677,0.0005160540752,0.0007263777665,0.0004764253739,0.0005016413631,0.0005204382561
resting_var_normal - C4.csv,resting,variance,C4,124,,id55,0.0000803392465,0.00006125786791,0.0004539767097,0.0003064434708,0.0002597819151,0.0008139471796,0.0007055707028,0.000521963794,0.0006964771076,id55,0.00004338698813,0.00002737120543,0.0003286964523,0.0003724765789,0.0002274483623,0.0005967027308,0.0004053433274,0.0003912455763,0.0004696470786,id55,0.00006327258767,0.00002658748597,0.001401288676,0.000408126803,0.0003226422654,0.0006130489423,0.0005476861005,0.0006507520015,0.001475603619
resting_var_normal - C4.csv,resting,variance,C4,125,,id56,0.0005081760991,0.00002223159848,0.00003125550607,0.0000002400378398,0.00007665756971,0.0004265164978,0.0003788648023,0.0004799499476,0.00004493028874,id56,0.0002625277121,0.00004811990628,0.0000197617713,0.0000001620381341,0.0000499620853,0.0002110315869,0.0001169464724,0.0003099761806,0.00001355462775,id56,0.0002894692114,0.00008290557513,0.00004249247454,0.0000003808676477,0.0001057656846,0.0006503069062,0.00009100122007,0.001044540183,0.00004283937562
resting_var_normal - C4.csv,resting,variance,C4,126,,id57,0.0003028557786,0.0003220450383,0.0003737380094,0.0004333808129,0.0003858795597,0.0004245912564,0.0000322010714,0.0002913314676,0.0003776572767,id57,0.00008952275631,0.00005253020632,0.0004367269157,0.0002335301868,0.0001348637369,0.0002790962083,0.000008057977502,0.0001688704207,0.0002727398438,id57,0.0002467754881,0.0002267308138,0.0003538509117,0.0008362230076,0.0003365650555,0.0004057422669,0.00001731839306,0.0002823666556,0.0003402973089
resting_var_normal - C4.csv,resting,variance,C4,127,,id58,0.0004265243331,0.0003033618938,0.0003120639871,0.00008162235762,0.0004493384631,0.0001367138014,0.00004516373181,0.000216538996,0.00006715951655,id58,0.0004016405673,0.0002444007563,0.0001807130542,0.0001183942289,0.0003845041913,0.0002640283212,0.00007249579146,0.0001854025215,0.00002835492167,id58,0.0006459501355,0.0006048994039,0.000641615688,0.00017974097,0.001128444887,0.0003165793117,0.0001208823863,0.000414416527,0.00008143636441
resting_var_normal - C4.csv,resting,variance,C4,128,,id59,0.0001353601046,0.000431958041,0.0005951133608,0.0003722273966,0.0006313994451,0.0001162997382,0.0004777054416,0.00002713837333,0.0003183721253,id59,0.0001009601637,0.0001681625889,0.0003307647648,0.0001753705444,0.0004654080228,0.00003547157453,0.0003549331887,0.00002666925674,0.0003530628971,id59,0.00009224497667,0.0005298557028,0.0005204394128,0.0005576072624,0.0004546618486,0.00009245557889,0.0004427508968,0.00002731905835,0.0005328223268
resting_var_normal - C4.csv,resting,variance,C4,129,,id6,0.00000929209956,0.0001448981678,0.00008497927042,0.000368627912,0.0002321788123,0.0001856606158,0.00020986529,0.0001974613659,0.000276440976,id6,0.000003106882429,0.0000509087194,0.00001846402574,0.00004443053433,0.0001866313591,0.0002474479158,0.0001571165484,0.0000636033824,0.00009839133738,id6,0.000004513986018,0.00004775355457,0.00003767803632,0.0001768424428,0.0002706336172,0.0001205778265,0.0003544264026,0.00018839886,0.00004040069269
resting_var_normal - C4.csv,resting,variance,C4,130,,id60,0.0003259931425,0.00002869271499,0.0005966785923,0.0002198123239,0.0004089233585,0.0004306107841,0.0004060114173,0.0007111926208,0.000516791444,id60,0.0001814425408,0.00002418317277,0.0001857988413,0.0001465178433,0.0003488178059,0.0002526250626,0.0002361720802,0.0003395640007,0.0002309464308,id60,0.0003513240909,0.00001877152635,0.0003087476418,0.0001310122669,0.0005468971097,0.0001520591546,0.0003463644722,0.0006100011486,0.00128581546
resting_var_normal - C4.csv,resting,variance,C4,131,,id61,0.0005566337811,0.0008640915335,0.0008522203177,0.0006100925997,0.0000594009706,0.0007257024933,0.0008275782707,0.0008759923095,0.000906904898,id61,0.0003587573991,0.0006054117233,0.0005345819751,0.0004104762917,0.00004127356851,0.0005665431583,0.0006217910877,0.0007421870015,0.0005628621747,id61,0.0003234505896,0.0006960911852,0.0009873597011,0.0007599590068,0.00003764209385,0.0005600281745,0.0008874415925,0.0008742256191,0.0006727485807
resting_var_normal - C4.csv,resting,variance,C4,132,,id62,0.0003588065389,0.0001234243359,0.0002959005355,0.0001381830769,0.00008872203308,0.0003243309156,0.0004149133399,0.0003178735966,0.0003409067167,id62,0.0002026832363,0.0001576863054,0.0003523465175,0.0001276131696,0.0000637232787,0.0002025029089,0.0002380374127,0.000435763041,0.0001903658379,id62,0.0004830201812,0.0002518466679,0.0005270399203,0.0001023529554,0.00008640746108,0.0005014483215,0.0006652027767,0.0002847302943,0.0003622055855
resting_var_normal - C4.csv,resting,variance,C4,133,,id63,0.0002465295266,0.00004427519651,0.00009013010627,0.00001972265848,0.0005764662097,0.0002421151133,0.00001813873882,0.0006955010261,0.00009182382236,id63,0.0001626578242,0.00002234173944,0.00009441375855,0.0000104621469,0.000499305559,0.0001203387443,0.00002082938883,0.0003727869724,0.0001597501324,id63,0.0002329134851,0.000103989606,0.0001903894333,0.00001107531448,0.0009389026685,0.0003398326317,0.00003932100476,0.0007770863814,0.0001364176272
resting_var_normal - C4.csv,resting,variance,C4,134,,id64,0.0005038555069,0.000607470887,0.0003512719221,0.0005417571839,0.0004797924067,0.0002485568064,0.0002877043622,0.0003650915537,0.0003262312548,id64,0.0001090594046,0.000215181559,0.0001608763799,0.0004046310764,0.0002372660657,0.0001931354529,0.000282923411,0.0003311692993,0.0002915114821,id64,0.001146614648,0.0003030747228,0.0003316434621,0.0008257599461,0.00128352389,0.0004641351973,0.001425283108,0.0004549981006,0.001276685772
resting_var_normal - C4.csv,resting,variance,C4,135,,id65,0.0003277312991,0.000336634961,0.0001541430972,0.0007350479163,0.0007247084321,0.00003826513997,0,0.0002324059943,0.0004098127908,id65,0.001170788473,0.00006573364296,0.00060380181,0.0001206914636,0.0002113744461,0.00001506117264,0,0.000286562381,0.0003657726263,id65,0.001948258755,0.0001051137229,0.001065619862,0.0002033750014,0.001615658277,0.00001511960368,0,0.0001847560168,0.0003425803411
resting_var_normal - C4.csv,resting,variance,C4,136,,id66,0.0008014617149,0.0004626392434,0.0004140694853,0.0001775563737,0.0005554048272,0.0005884895829,0.0003849036091,0.0001120868753,0.0004326878691,id66,0.0007235092227,0.0009011291149,0.0001099385047,0.000315191693,0.0004194987619,0.0002629881035,0.00008926803498,0.00005985614159,0.0003571572992,id66,0.001608135194,0.002665674356,0.000677572822,0.0006586990914,0.002259700578,0.003827500002,0.002377583297,0.0004888105302,0.001683744935
resting_var_normal - C4.csv,resting,variance,C4,137,,id67,0.00001664914217,0.00000007018046182,0.00000009700733529,0.000001265536125,0.00001006278496,0.00001109530393,0.000000001402636372,0.00000009178676453,0.00003467335594,id67,0.00001041348136,0.00000001978976952,0.00000002476525859,0.0000005059340891,0.000003554411691,0.000008279653981,0.0000000009530089154,0.00000003266026992,0.00007374661241,id67,0.000006457812219,0.00000008831505076,0.00000009095427647,0.0000007607717321,0.000004227285998,0.000007834817587,0.0000000004222331905,0.00000004853979596,0.00004496308556
resting_var_normal - C4.csv,resting,variance,C4,138,,id68,0.00007719041188,0.000003887341015,0,0.0001548433264,0.00005610469941,0.0004145753518,0.00009975991416,0.00009222405946,0.0001239205464,id68,0.00003610403848,0.0000003653572353,0,0.00003434182921,0.000002971638069,0.000132254998,0.000030333841,0.0001113668456,0.00007047752191,id68,0.00004690067427,0.0000002822180024,0,0.0001470182501,0.000001608451259,0.0001804125668,0.00003736131798,0.0001165864141,0.0002469007336
resting_var_normal - C4.csv,resting,variance,C4,139,,id69,0.0001063216224,0.0004950897564,0.00002962315579,0.0002066749075,0.0005943148177,0.0001318200902,0.00003701485274,0.0003019209002,0.0004332101307,id69,0.00004871961839,0.0003498340965,0.000022994045,0.0001838703637,0.0003234004423,0.00007860486247,0.00002026960528,0.0001593335446,0.0002085052537,id69,0.00006658209147,0.0005610186712,0.000009369476342,0.0001568532313,0.0004695187627,0.0006642346947,0.00002379935096,0.0004021068122,0.0006265136142
resting_var_normal - C4.csv,resting,variance,C4,140,,id7,0.0001672437612,0.0001207301853,0.0001617230622,0.00009464721412,0.0007315513772,0.0002529240206,0.0003107119232,0.000760388568,0.0002730043865,id7,0.00005758260615,0.00008218764914,0.0000354763452,0.00009684590785,0.0003693231201,0.0001341017969,0.00008366214734,0.0004763655308,0.0001398488359,id7,0.00007902787661,0.00008314536731,0.0001718112373,0.00003071048592,0.0009592019485,0.0002557831931,0.00004884544846,0.0004298892671,0.0002158375873
resting_var_normal - C4.csv,resting,variance,C4,141,,id70,0.0005092926898,0.00001567150129,0.00058560629,0.0008281224129,0.0003071084875,0.0001025785985,0.0004014851702,0.0003692784838,0.0006187249672,id70,0.0001691756385,0.000001160026215,0.0003099010066,0.0003822717882,0.0006069586446,0.0002006408297,0.0001537229679,0.0002053809513,0.0004039862724,id70,0.001221554786,0.00001392952137,0.0007195737362,0.0004386554749,0.0004146285906,0.00005880689726,0.0001197829433,0.0005197568846,0.0007054097155
resting_var_normal - C4.csv,resting,variance,C4,142,,id71,0.0005838661725,0.00001401288235,0.00004556541638,0.0003767965232,0.0000146237144,0,0.00000003161179866,0.00003539428306,0.000001332417126,id71,0.0004622179446,0.000005601006661,0.00002417592357,0.0002599378569,0.00001680610494,0,0.00000001028690637,0.000005995309351,0.000000713420076,id71,0.0007451843331,0.000005585392405,0.00002558227035,0.0002599414843,0.00003291215213,0,0.0000000386576518,0.000006639211547,0.000001143866741
resting_var_normal - C4.csv,resting,variance,C4,143,,id72,0.0001946966845,0.00009140096865,0.0002180012223,0.00002247028451,0.0004771161786,0.0001550550672,0.00007791038286,0.0002901980712,0.0005545508914,id72,0.00006001544848,0.00003608462117,0.00009159215496,0.0000009853432233,0.0001126582577,0.00008762185533,0.00007998338539,0.0002095384816,0.0002718299642,id72,0.001015606597,0.00004680801216,0.0004233754012,0.000002828809907,0.0006172262579,0.00007024526267,0.0001013788769,0.0004653919048,0.0002932990248
resting_var_normal - C4.csv,resting,variance,C4,144,,id73,0.0002778097225,0.0002261280862,0.0005623487041,0.0005306880341,0.0002878807255,0.0005407154367,0.000608208534,0.000764314638,0.0006488353767,id73,0.0001113626207,0.0001783866028,0.000375748487,0.0002677078473,0.0001870995675,0.0003469978959,0.0002242086024,0.0003431026724,0.0002244251822,id73,0.0002495349397,0.0003404267041,0.000481531734,0.0007676555639,0.0004705030342,0.0005736405562,0.0006177524256,0.0005673247278,0.0004338710965
resting_var_normal - C4.csv,resting,variance,C4,145,,id74,0.0003465589232,0.0001231862924,0.0004694272373,0.0005955468534,0.000603429116,0.0006537481623,0.0002717020129,0.0003856781676,0.0005924501027,id74,0.0005682300419,0.0001142353042,0.0002614591455,0.0003619960892,0.000321930574,0.0003652450087,0.0001510766046,0.0001986687451,0.000250920173,id74,0.0005277891739,0.00008107022422,0.0003187677999,0.0006949892897,0.0007963703246,0.0005486469863,0.0002106804794,0.0005615571093,0.0005046697061
resting_var_normal - C4.csv,resting,variance,C4,146,,id75,0.0001906338032,0.0007005244583,0.0006395316181,0.0004058532354,0.00001976791773,0.0004369079418,0.0003998313828,0.0005653934175,0.0004931957927,id75,0.0001585782231,0.0006158676429,0.0003126659173,0.0002080462125,0.00000669415422,0.0005923128846,0.0006480460884,0.0002515541449,0.0004008260022,id75,0.0001869497059,0.0005227210961,0.0005993583545,0.000415749818,0.000008215453135,0.0003088682014,0.001177428783,0.0007084873432,0.0003160564898
resting_var_normal - C4.csv,resting,variance,C4,147,,id76,0.0008056717623,0.0004236520839,0.000001867148602,0.0001726698239,0.0001997965564,0.0002104708775,0.0001159495521,0.00005374535582,0.0001765867708,id76,0.0006451492109,0.0002894891116,0.000004754420074,0.00005042899653,0.0001350402832,0.0005082486823,0.00007519107687,0.00004360480256,0.00009412561731,id76,0.0008515827176,0.000681159005,0.00001788184957,0.0001140982691,0.000302385289,0.0006155931305,0.00008169156327,0.00006745490324,0.0003788795184
resting_var_normal - C4.csv,resting,variance,C4,148,,id77,0.0006282003721,0.0007235877138,0.0003567531792,0.000299805105,0.0003320498037,0.0003184048663,0.0004345750866,0.0001559285352,0.00003175940397,id77,0.0004420836286,0.0003454612087,0.0002597006916,0.0002978987022,0.0002058726657,0.0002683955488,0.0003055774705,0.0002071123319,0.00002320174103,id77,0.001060217023,0.0007786952781,0.0005769066946,0.0003138233023,0.0003103348568,0.0003200977179,0.0005834948902,0.0002701158831,0.0000319398044
resting_var_normal - C4.csv,resting,variance,C4,149,,id78,0.0003816339477,0.0004038249539,0.0002570880029,0.0004509244196,0.0001577526178,0.0005544882801,0.0000003063785379,0.000449736686,0.0001690652271,id78,0.0002593573565,0.0002142872935,0.0001868468739,0.0003085068408,0.00007890569089,0.0003813742037,0.00000007835057173,0.0003027410084,0.0001760965447,id78,0.0006716285797,0.0002035544635,0.0001875414987,0.0003080658387,0.0001392040787,0.0009225416666,0.0000001735083905,0.0002884650313,0.000111170184
resting_var_normal - C4.csv,resting,variance,C4,150,,id79,0.0003902293559,0.0002113340683,0.0004684295507,0.0002142407143,0.0008773387042,0.0006768611836,0.00001352066633,0.0004669686547,0.00006245841871,id79,0.0003209838053,0.00003377385028,0.0002845540295,0.0001561817011,0.0005885947858,0.0001826323306,0.00006010843769,0.0003400237965,0.00005930520238,id79,0.0006665089348,0.00004733783379,0.001018309839,0.000353057073,0.002347596871,0.0008424444756,0.0001604622239,0.0007718499191,0.00009861772864
resting_var_normal - C4.csv,resting,variance,C4,151,,id8,0.0008372359845,0.0001372691656,,0.00002040424125,0.000351712889,0.0004920568401,0.001194633678,0.0002995960495,0.0002867307223,id8,0.0002116331998,0.00009571328447,,0.0000130611274,0.00004403830433,0.0001772017542,0.0001537612154,0.000161217279,0.00009662456839,id8,0.000971657525,0.00009087044092,,0.00001091649607,0.0001716724323,0.000200855413,0.0002851484117,0.0001299778624,0.0002367910296
resting_var_normal - C4.csv,resting,variance,C4,152,,id80,0,0.00001725887092,0.000261486534,0.00009532425675,0.000000001161688095,0.0007104268883,0.00006107960097,0.00029016579,0.0002603967222,id80,0,0.00001737332898,0.0003749555972,0.00009401405799,0.0000000002422848658,0.0004111394948,0.0001138434273,0.0001993561722,0.00008136489022,id80,0,0.00003857000128,0.0006197027302,0.0002116492433,0.000000000375488879,0.001576259978,0.0001599051932,0.0007511417367,0.0006278265555
resting_var_normal - C4.csv,resting,variance,C4,153,,id81,0.00005330227314,0.00000009964590749,0.00007600054913,0.0002996804164,0.0001135724487,0.000001576761343,0.00001792085806,0.0001512478991,0.0001448447641,id81,0.0000899633027,0.00000003786269754,0.0000399091653,0.00009485545804,0.00005654047994,0.00000004556045271,0.00001587233179,0.0001447409673,0.00003342714164,id81,0.0001873535195,0.00000003754867859,0.0000405162306,0.0002255557917,0.00007870065885,0.0000001046424958,0.00006038087128,0.00008677022576,0.00003534742207
resting_var_normal - C4.csv,resting,variance,C4,154,,id82,0.0005094654558,0.0004492310342,0.000308507905,0.0005514722056,0.0002811439158,0.000284223076,0.0004198899227,0.0003483480272,0.00002362594533,id82,0.0005236366486,0.0002717117023,0.0002812732073,0.0005010595616,0.0003862530309,0.000502323857,0.0003474900147,0.0003531860137,0.000006788086734,id82,0.0004549363897,0.00166805023,0.00118862239,0.001047535181,0.001967873212,0.0004753194544,0.001010968443,0.0005647801846,0.00001109940442
resting_var_normal - C4.csv,resting,variance,C4,155,,id83,0.0006148033676,0.00004027100854,0.0001407474495,0.0002843391258,0.0002779902371,0.0002495950693,0.0003687677677,0.00002409746153,0.0002859164615,id83,0.0002804021962,0.00002807858707,0.00005105019856,0.0001994670247,0.0003547189077,0.0001753073512,0.0002353275091,0.00001741802229,0.0002157836798,id83,0.0006935226774,0.00004188250025,0.00005098264103,0.0001722450783,0.0009983364954,0.000136096443,0.000503088284,0.00004117084963,0.0002839997438
resting_var_normal - C4.csv,resting,variance,C4,156,,id84,0.0004273746468,0.0001010578023,0.0001649365634,0.0004183182769,0.0001165622318,0.0002621004115,0.0001219159699,0.0001737786795,0.00007648329883,id84,0.0003710763703,0.00007367602301,0.0001674091124,0.0005567215821,0.00003901068952,0.0001105925712,0.0002239178918,0.0001890978681,0.00005393567875,id84,0.0004882347418,0.0001247972401,0.0002197715438,0.0004560903615,0.0001077618566,0.00009709167764,0.0002378702806,0.0004523713502,0.00006495355885
resting_var_normal - C4.csv,resting,variance,C4,157,,id85,0.0002411797642,0.0001940725485,0.00003838553436,0.000007446045595,0.00002523017614,0.0001394956519,0.0002004807547,0.00001362743502,0.0000259283161,id85,0.0001822335192,0.000125282189,0.0000825133562,0.000009000220369,0.00001527601318,0.00004737377209,0.00007501500035,0.00001577038403,0.00001794080284,id85,0.0001118897896,0.0002645861439,0.000161117921,0.00001974225598,0.00003463693737,0.0001968415094,0.0002204598752,0.00002468080986,0.00003676612509
resting_var_normal - C4.csv,resting,variance,C4,158,,id86,0.000008999362607,0.0002937004737,0.0002122400426,0.0001835645269,0.0002196034642,0.0003056972268,0.0004406258308,0.0001044646243,0.0005270861841,id86,0.000004209133542,0.0004283996407,0.000171642292,0.0002102717248,0.0001429987864,0.0003354375333,0.0004115800802,0.00007437759331,0.0004427652866,id86,0.000007127579241,0.00147986253,0.000198605795,0.0007070096644,0.0003912431244,0.0006451862247,0.001193169115,0.00017393751,0.0009481340699
resting_var_normal - C4.csv,resting,variance,C4,159,,id87,0.0002702311987,0.0001754800532,0.0002349877736,0.0004245228622,0.0005316328429,0.0007910030515,0.000415900408,0.0005058445798,0.0003756390011,id87,0.0001515350949,0.0001239042795,0.0002542601716,0.0001646368552,0.000329192697,0.000376122282,0.0001845878223,0.0004032265143,0.0003346578951,id87,0.0006187379691,0.0001008143822,0.0003536792606,0.0007497342353,0.001013927438,0.0009906697097,0.0003410775205,0.0007157326157,0.0005069471056
resting_var_normal - C4.csv,resting,variance,C4,160,,id88,0.0005323120001,0.00009968352361,0.0007993985507,0.00001470343185,0.0002479036299,0.0007833898627,0.0001905512923,0.0003230862722,0.0004547227175,id88,0.0006704179327,0.0001128995768,0.0005149726863,0.00001162488796,0.0002109641761,0.0007478909173,0.0001774842526,0.0002099977795,0.0005138680602,id88,0.0006883259849,0.0001148962813,0.0007884900893,0.00003150655433,0.0001530528332,0.0009427251549,0.000457448239,0.0003202588507,0.0006596387475
resting_var_normal - C4.csv,resting,variance,C4,161,,id89,0.00002828775296,0.0003469242428,0.00002346729354,0.0002704906737,0,0.00001240581649,0.0002533927101,0.00002062093654,0.0001324840207,id89,0.00004566925029,0.0002370246762,0.00002550985557,0.0003330983617,0,0.0002485269214,0.00147046815,0.00002758010006,0.0001720201771,id89,0.0002090143998,0.0004652907556,0.00004937053968,0.0007123406143,0,0.0003495263538,0.0007889922919,0.00003107253446,0.000460061366
resting_var_normal - C4.csv,resting,variance,C4,162,,id9,0.0005525012021,0.0003815691623,0.0004516110015,0.0004323636504,0.0000202967228,0.00001777852118,0.00001222997014,0.0002380058213,0.0002180277995,id9,0.000105687466,0.0001402847358,0.0001734427596,0.0001778268024,0.000007249307646,0.00001093116717,0.000007393786483,0.0001210411417,0.00008186335607,id9,0.00009605257449,0.0001325866627,0.0001920202668,0.0002268269226,0.00001235018468,0.00001631633921,0.000007757468446,0.0002276333441,0.0001840201763
resting_var_normal - C4.csv,resting,variance,C4,163,,id90,0.0003324706251,0.000155171681,0.000254197601,0.0002185938017,0.000007041498309,0.0004132445437,0.0002421476459,0.0001887092254,0.00001202022988,id90,0.0002726022594,0.00002457131065,0.000245981873,0.0001447087835,0.000005979677751,0.0001525252615,0.000489728374,0.0003741763187,0.0000007665102916,id90,0.0002528367209,0.00002774215252,0.0003522340807,0.0001031832827,0.0000119315418,0.0001393975234,0.0006111791725,0.0002378593346,0.0000009862111343
resting_var_normal - C4.csv,resting,variance,C4,164,,id91,0.0000003197336783,0.00000001137475514,0.00009520346835,0.0002308258302,0.0000007851683839,0.000007962996999,0.0002161034356,0.000164889342,0.00004852807524,id91,0.00000008788219096,0.000000009552915227,0.00008186559456,0.0001597583859,0.00000001350082907,0.0000009863984554,0.00005367577745,0.00004318308073,0.00001867777074,id91,0.0000002425206567,0.00000001816385224,0.00009326743822,0.0002959944492,0.00000001673624569,0.0000004795862439,0.001573634662,0.00006158882971,0.00006071124414
resting_var_normal - C4.csv,resting,variance,C4,165,,id92,0.0003407894853,0.0002777305916,0.0003552855047,0.0004656484655,0.0001630109753,0.0004642295554,0.0003542948918,0.0000007181652037,0.0002841898894,id92,0.0003039431559,0.0005116144663,0.0001873878677,0.0001674951152,0.0003528824718,0.0003524198318,0.0001908756032,0.00000005228600217,0.0001457856844,id92,0.0002077672784,0.000247073245,0.0005657629507,0.0003177141235,0.0002306388356,0.000576784743,0.0003554784887,0.00000005543722057,0.00053162738
resting_var_normal - C4.csv,resting,variance,C4,166,,id93,0.0007622586038,0.00069746275,0.000003120772444,0.001129302218,0.0003091593342,0.0004341845257,0.0009620323442,0.0007474959269,0.0001175083214,id93,0.001407538143,0.0001867939446,0.000001212018455,0.001657140954,0.0001135791972,0.0005504493908,0.0008358205255,0.0003494775007,0.0001322638613,id93,0.001445238699,0.001202279577,0.000002920972134,0.002513951325,0.0001677265612,0.003393473025,0.001139792224,0.0005777460237,0.00006467223796
resting_var_normal - C4.csv,resting,variance,C4,167,,id94,0.000634954753,0.0003460944868,0.0002382049358,0.0003090171892,0.0001914739367,0.0002147239814,0.0004423131553,0.0001546732181,0.0003186887986,id94,0.0002851998528,0.0002501862581,0.0001200855684,0.0001922180063,0.0002303089654,0.0001277105829,0.0003370854078,0.0001827246437,0.0001685341369,id94,0.0005594558529,0.000810800028,0.0002799629963,0.0002740554879,0.0004933340444,0.000265718878,0.0004321585309,0.0002720493186,0.0002628619603
resting_var_normal - C4.csv,resting,variance,C4,168,,id95,0.0005890308591,0.0001239212119,0.0005248786017,0.0001122330535,0.0001864862245,0.00003469295705,0.0002442605912,0.0001226323186,0.0002320491614,id95,0.000359048957,0.0001750590544,0.0005400773511,0.0001116363407,0.0002212216175,0.00002642927184,0.0001399373916,0.00007935523326,0.0002721514555,id95,0.001197156774,0.0004287406393,0.001490964766,0.0002588007183,0.0008791509338,0.00002094560319,0.0004833954915,0.0003191370516,0.0001741153232
resting_var_normal - C4.csv,resting,variance,C4,169,,id96,0.00006945981295,0.00004543416695,0.0000004003121601,0.0001301934823,0.00004042827825,0.00005887125607,0.0005448450134,0.0001561230909,0.0006651444239,id96,0.0001107997824,0.00002450412417,0.000001506706652,0.00006380606249,0.00001344326749,0.00005038918404,0.0004027908206,0.0001589101311,0.0004476226789,id96,0.00007811674027,0.00003041183607,0.000006967162636,0.00009739427738,0.00002406121232,0.00004048452655,0.0006393794941,0.0003888712779,0.001106335283
resting_var_normal - C4.csv,resting,variance,C4,170,,id97,0.0004626383582,0.0005740060989,0.0005530365558,0.0001722127459,0.0003866068355,0.0000000001032536199,0.0005289718031,0.0004415075019,0.0003252760288,id97,0.0003596069362,0.0002463191967,0.0005075769738,0.00005391876356,0.0002025913457,0.0000000001184545998,0.0003965256893,0.0003014584012,0.0001991191816,id97,0.0002406598272,0.0005487866499,0.0007287560398,0.00005931602094,0.0003382500784,0.0000000002371022167,0.0006481933408,0.0005871445187,0.0003006394749
resting_var_normal - C4.csv,resting,variance,C4,171,,id98,0.0002188502341,0.0001420825212,0.0006222490913,0.0002772498382,0.00008235959261,0.00007629503735,0.00003105672079,0.0006112161612,0.0003252381997,id98,0.00005172926881,0.0001662172033,0.0003858947243,0.00007289482371,0.00008459869275,0.00002731961656,0.00002213655746,0.0006805660746,0.0001468148537,id98,0.0001294933912,0.0001265456869,0.0006036246191,0.0001531231551,0.00008914873665,0.00003321677903,0.00005221778498,0.0004984373508,0.0001410240116
resting_var_normal - C4.csv,resting,variance,C4,172,,id99,0.0006549640389,0.0001446410265,0.0008547775453,0.0004837846615,0.0005722774823,0.0001168627805,0.0001775163875,0.0007111827852,0.0005758400194,id99,0.0003903429372,0.0000610865991,0.0004883708212,0.0004277023347,0.0004102397534,0.00002523883373,0.0001289573226,0.0004161176638,0.0004877268271,id99,0.001240133681,0.0001383127322,0.00132044259,0.001992831533,0.001259396331,0.00004608532208,0.0001346977655,0.001022757629,0.001118349198
resting_var_normal - Cz.csv,resting,variance,CZ,1,,High_Beta,variance (µ),,,,,,,,,Low_Beta,variance (µ),,,,,,,,,Mu,variance (µ),,,,,,,,
resting_var_normal - Cz.csv,resting,variance,CZ,2,,ID,scenario1,scenario2,scenario3,scenario4,scenario5,scenario6,scenario7,scenario8,scenario9,ID,scenario1,scenario2,scenario3,scenario4,scenario5,scenario6,scenario7,scenario8,scenario9,ID,scenario1,scenario2,scenario3,scenario4,scenario5,scenario6,scenario7,scenario8,scenario9
resting_var_normal - Cz.csv,resting,variance,CZ,3,,id1,0.0001282090953,0.0001534967512,0.0002978896001,0.0000792188178,0.00007786981945,0.000004944446137,0.000007884175123,0.00000001941688921,0.00005500710706,id1,0.00001514065826,0.00007425248958,0.0001352229579,0.0000755892933,0.00003105291229,0.000004205024678,0.00001379671191,0.0000000143378195,0.00001248099804,id1,0.00002423415743,0.0001084631324,0.0001554705407,0.00008096092499,0.000121239031,0.000005758491097,0.00003451632343,0.00000001546212605,0.00001542905026
resting_var_normal - Cz.csv,resting,variance,CZ,4,,id10,0.0002171174645,0.0005247339494,0.0002504580864,0.00002107675665,0.0005583518202,0.0008982017226,0.000002454467177,0.0003767562489,0.00049776652,id10,0.00004083037215,0.0002722066166,0.000179486155,0.000001352284045,0.0004122506232,0.0004022333583,0.0000003121477927,0.0001004103192,0.0002039718632,id10,0.0001196414905,0.0005086485239,0.0002539889177,0.0000009633944752,0.0009334212281,0.0006089900005,0.0000002338539733,0.0002207056877,0.0002009320771
resting_var_normal - Cz.csv,resting,variance,CZ,5,,id100,0.0001607067117,0.0002530164002,0.0006208827183,0.0004909662069,0.0006856176741,0.0005577566369,0.0003768291595,0.0005173969161,0.0001303709176,id100,0.0002123747151,0.0001049681437,0.000588185371,0.0002699824211,0.0002042538563,0.0003972320963,0.0002572030819,0.0001680886097,0.00009025901688,id100,0.000365129852,0.0004682231706,0.000906322702,0.000544743615,0.0005564516926,0.001117865472,0.000270963134,0.0003833958203,0.000278781212
resting_var_normal - Cz.csv,resting,variance,CZ,6,,id101,0.0003723522112,0.0003039264911,0.000112773814,0.0003280589951,0.0001996502332,0.0004666507582,0.000617662283,0.0004693304285,0.0004251992547,id101,0.0001650394463,0.0001755436406,0.0001189008285,0.0002554576154,0.0001235183045,0.0003803078191,0.0002290310257,0.0002283759396,0.0002023372343,id101,0.0003410684078,0.0003077467804,0.0002132275493,0.0005092070562,0.0001892721098,0.000364387486,0.0006328381931,0.0002975508349,0.0004667227347
resting_var_normal - Cz.csv,resting,variance,CZ,7,,id102,0.0005097861482,0.0006320671867,0.0009198378022,0.0005999235146,0.0004186345977,0.0007563543138,0.000781968935,0.0006963427695,0.0004811053546,id102,0.0005328527041,0.0003954335818,0.0005988611006,0.000276122752,0.0001729153682,0.0004091506345,0.000486327416,0.0001624861964,0.0002112252485,id102,0.0004345312241,0.0006044410003,0.0009308123316,0.0005928063764,0.0004381806806,0.0002741906843,0.0005817868172,0.0003563897806,0.0003240980751
resting_var_normal - Cz.csv,resting,variance,CZ,8,,id103,0.0004502765447,0.0007396097221,0.0003054843313,0.0003420077043,0.0005594739674,0.0007678451224,0.0006509089852,0.0004584063515,0.0003559715468,id103,0.00032723355,0.0006596994011,0.0002321671307,0.0002689912046,0.0007222148751,0.0006424449285,0.0003389621918,0.000228130825,0.0002169659343,id103,0.0003641260637,0.0007807156806,0.0003521534958,0.0005597046281,0.0005767960189,0.001556405997,0.001259803303,0.0003147380953,0.0006343522591
resting_var_normal - Cz.csv,resting,variance,CZ,9,,id104,0.0004168507992,0.0004773655801,0.0001801820891,0.0003153550195,0.0001261354281,0.0002189570218,0.0003664202873,0.0004550484497,0.0005506200291,id104,0.0003241311823,0.000181697457,0.0001146470851,0.0003489910468,0.0001511242249,0.0001417625304,0.0003301359167,0.0004129971068,0.000574692639,id104,0.001474462397,0.0008581610419,0.00032254508,0.001071561189,0.000306144108,0.0008194173188,0.0009879614503,0.0006491184178,0.0006993814467
resting_var_normal - Cz.csv,resting,variance,CZ,10,,id105,0.0002984718068,0.0003394991836,0.0001797680938,0.0002811154999,0.0005967185298,0.0008020832491,0.0005820253222,0.0009163272115,0.0006321925222,id105,0.0001602030179,0.0001403871696,0.00008366779141,0.0001396022466,0.0001970247058,0.0003057059808,0.0001921465016,0.0002607407797,0.0006382718428,id105,0.0001711939357,0.0001521361252,0.0001177027207,0.0002523458075,0.0001932857513,0.0002500208068,0.0002243530884,0.0004590781119,0.0004329749464
resting_var_normal - Cz.csv,resting,variance,CZ,11,,id106,0.00009907177657,0,0.0001369034821,0.0001221049007,0.0000003602986631,0.0002703164186,0.0001789575004,0.0002221308829,0.0001506905755,id106,0.00006367025829,0,0.00009077138497,0.00004478734538,0.0000001464245662,0.0001774599801,0.0001697903387,0.00007878596034,0.000104433603,id106,0.0000397335176,0,0.0001288282436,0.0000414758371,0.000000182686973,0.0003141422388,0.0002258635588,0.0001658193538,0.0001102842102
resting_var_normal - Cz.csv,resting,variance,CZ,12,,id107,0.0002405560506,0.0006087446725,0.0004144562057,0.0007201466411,0.0004885482245,0.0006446317512,0.0004630181923,0.0003975204925,0.0003391858117,id107,0.000101972795,0.0002247252469,0.000291614964,0.0003600692522,0.0002598932617,0.0003103634712,0.0005099771903,0.0001333383679,0.000387194347,id107,0.0001564773276,0.0004676977108,0.0001992903679,0.0007349680534,0.000752334728,0.0005111141268,0.0004879176278,0.0002400771541,0.0004371490572
resting_var_normal - Cz.csv,resting,variance,CZ,13,,id108,0.0005056532269,0.0007423043717,0.0002308269606,0.0003735034106,0.0004825513718,0.0003155170235,0.0001833854064,0.0007215033622,0.0003381199635,id108,0.0001949778677,0.0004061123123,0.0001252388479,0.0001926744029,0.0001555274473,0.0001520237145,0.00007945452053,0.0002796045202,0.0002526081183,id108,0.0002379257409,0.000240222331,0.000127508543,0.0002942175236,0.0001647568889,0.0001335535027,0.00007638720014,0.0004099193216,0.0002269881963
resting_var_normal - Cz.csv,resting,variance,CZ,14,,id109,0.0002437267787,0.0002351534555,0.0002777695001,0.000005876651758,0.0000267403973,0.0002757522029,0.00005288901372,0.00006353457573,0.0002594906255,id109,0.0001975852095,0.0001699803111,0.0002149047302,0.000006761979666,0.00002517242041,0.0002410817009,0.00004190962054,0.00008762438576,0.0001363890432,id109,0.0003380010852,0.0003250381114,0.0001568797062,0.00001323324626,0.00005317716896,0.0005776201942,0.0001127882116,0.00008069697795,0.0002257316424
resting_var_normal - Cz.csv,resting,variance,CZ,15,,id11,0.0007145564021,0.000112448966,0.000003343737984,0.0000001519221497,0.0003581007714,0.000588566792,0.0001128078213,0.0007500821569,0.0002604608494,id11,0.0003964897381,0.0001429312222,0.000003547697366,0.0000001624307731,0.0002382086614,0.0002957238484,0.00007111764285,0.0004981134059,0.00004724936275,id11,0.0006419884147,0.00008611321685,0.000003048892393,0.0000003651730161,0.0001214598727,0.0007337234195,0.00001993982525,0.001569085356,0.00004636450746
resting_var_normal - Cz.csv,resting,variance,CZ,16,,id110,0.000458590759,0.0001855313482,0.0007836084294,0.0003716027285,0.0002606583641,0.0002388392318,0.0001682719291,0.000351928349,0.0004023882954,id110,0.0002266515244,0.0001457549455,0.0004576968356,0.0001163538032,0.0001058583126,0.00008025941963,0.0000786787171,0.0001311016768,0.0003032592254,id110,0.0002045674133,0.0002399512136,0.0004159442663,0.0001647907277,0.0002265031324,0.00009551801068,0.00009047362479,0.0002726639425,0.0009123518613
resting_var_normal - Cz.csv,resting,variance,CZ,17,,id111,0.0001103405501,0.00001865587082,0.0000790247659,0.00007283535405,0.000283274291,0.0007904676194,0.0001861280048,0.0005351155835,0.0003097980411,id111,0.00006857563187,0.00000379225392,0.00002484908966,0.00004591889609,0.0001756241274,0.0004897047688,0.00006981884207,0.0001223935854,0.0002237826279,id111,0.00006883544147,0.000005624341642,0.00002524835009,0.00004626836159,0.0001938333653,0.0004923225726,0.0001335233017,0.0001704774173,0.0002747541285
resting_var_normal - Cz.csv,resting,variance,CZ,18,,id112,0.00001561053812,0.00007856902627,0.0003555425927,0.000001021460165,0.0001625268354,0.0001068559786,0.0004881346428,0.0001748117621,0.000546992011,id112,0.000006750071432,0.00005362283796,0.0001593468994,0.0000003187705143,0.00005759795385,0.00006653164218,0.000286729954,0.0001161708406,0.0003189489082,id112,0.00001249449495,0.00002855914812,0.000156378743,0.0000004243850602,0.0003233359086,0.00009734602834,0.0002202121358,0.00007698063816,0.0002277447043
resting_var_normal - Cz.csv,resting,variance,CZ,19,,id113,0.0003606318893,0.0005309717812,0.0002932580262,0.0003860038447,0.000367987161,0.0004691472426,0.0006635958607,0.0005902828664,0.0004529371825,id113,0.000261497233,0.0004083659947,0.0003168578683,0.0002644158005,0.0001605003496,0.0002667717197,0.0003579863549,0.0003060644301,0.0002635437571,id113,0.0005090451075,0.0007576731981,0.001032915488,0.0007940480844,0.0005527660873,0.0005950953395,0.001410816525,0.001149360707,0.0009752207541
resting_var_normal - Cz.csv,resting,variance,CZ,20,,id114,0.0003164526596,0.000266271242,0.0001903909162,0.0003225467351,0.0006844127655,0.0008274933057,0.0001681092299,0.0001503890892,0.0002309423375,id114,0.0001320247419,0.00007474680703,0.0000972628041,0.0002963401291,0.0003324497943,0.0004300940739,0.0001150007624,0.0001095186559,0.0002265218355,id114,0.0002207814602,0.0001418569117,0.0001879156312,0.0004814524263,0.0005704872304,0.0009097504336,0.000134888236,0.0000926276094,0.0003021611818
resting_var_normal - Cz.csv,resting,variance,CZ,21,,id115,0.00009259635598,0.0001243001812,0.0001576118968,0.0002475557879,0.0002038364541,0.0003021491467,0.00005413041965,0.0001321701475,0.0004502869499,id115,0.00004425239938,0.00005834371959,0.00003516500786,0.0001023210772,0.00009941310095,0.0001236135428,0.00002828482969,0.0000541351569,0.0003878212463,id115,0.00005609423729,0.0000724045666,0.00004425651366,0.0001418665928,0.0001267308362,0.0002032658356,0.0000293839648,0.00006780386334,0.0006629225859
resting_var_normal - Cz.csv,resting,variance,CZ,22,,id116,0.0004037399223,0.0001468588267,0.0003384684952,0.0002241593751,0.0004721961652,0.0002155703167,0.0002853111805,0.0002872592374,0.0002712992597,id116,0.0002178582405,0.0001392503725,0.0001490479715,0.0001725901641,0.0005287080995,0.0001920163035,0.000182794556,0.0002296353994,0.0001741382486,id116,0.000552286392,0.0006384782703,0.0008405113637,0.0004073341919,0.0008230598523,0.0004166231537,0.0004981272068,0.0004516344766,0.001148456262
resting_var_normal - Cz.csv,resting,variance,CZ,23,,id117,0.0002823203453,0.0004357828769,0.0008841771897,0.0006288286417,0.0005752041517,0.00003523767468,0.00022592335,0.0003073952324,0.000000005585001407,id117,0.0002614574792,0.0003670055801,0.0004484080578,0.0006281765359,0.0004150994289,0.00001678076241,0.0001678156722,0.0001600853616,0.000000001430394432,id117,0.0003284653819,0.0002761756594,0.0004516483968,0.0005375207789,0.0006032754191,0.00006729389988,0.0002402520784,0.0002679014679,0.00000000347957354
resting_var_normal - Cz.csv,resting,variance,CZ,24,,id118,0.000204955309,0.0001389274877,0.000143786514,0.0001464018201,0.0001330084649,0.0001841415518,0.0001447237167,0.0001452156225,0.0000954025955,id118,0.0001118124319,0.00004716712516,0.00008532302648,0.00004427998115,0.00006146437299,0.00007862167308,0.00007258291893,0.0001183391695,0.0000586253763,id118,0.0001114400698,0.00005058373315,0.00007297130774,0.00005220810116,0.0001083144808,0.0001158141138,0.00008751589419,0.0000453076514,0.00006121271807
resting_var_normal - Cz.csv,resting,variance,CZ,25,,id119,0.000518488233,0.0003790251926,0.0005214637609,0.0003428447515,0.0003902884893,0.0002863070581,0.0003505312509,0.0005991250113,0.000251972656,id119,0.0004339375155,0.000340468863,0.0006112405855,0.0002140012119,0.0002058101884,0.0002719531312,0.0004836133035,0.000461214365,0.0001944797912,id119,0.0007992137102,0.0008703130782,0.001373332062,0.001276883065,0.001240150617,0.001214375917,0.001191991907,0.001166675565,0.0007713462779
resting_var_normal - Cz.csv,resting,variance,CZ,26,,id12,0.0006189406924,0.0002044068111,0.0001023635547,0.00001222638966,0.000355541234,0,0.0009107093174,0.0004872514028,0.0001163990875,id12,0.0002263563353,0.0001306019715,0.0001119167943,0.000001260622796,0.0003104349982,0,0.000374134107,0.0005882946754,0.00008480727367,id12,0.0005025978564,0.00008029058952,0.0001603848726,0.000001946249143,0.000402375073,0,0.0007467036661,0.0006210050127,0.00008664092824
resting_var_normal - Cz.csv,resting,variance,CZ,27,,id120,0.0005564080084,0.0005126141891,0.00006377552849,0.00037971139,0.0007006081845,0.000362042871,0.0007560259685,0.0005837430391,0.0004905899545,id120,0.0003346933357,0.0002368944936,0.00001927291976,0.0002809713887,0.0003691823503,0.0001560664632,0.0001903571635,0.0002017128891,0.0002697365576,id120,0.0003441358377,0.0003535871831,0.0000238620885,0.0004492807238,0.0006941951592,0.0007147849086,0.00042153458,0.0009930959882,0.0008960745514
resting_var_normal - Cz.csv,resting,variance,CZ,28,,id121,0.0004026007711,0.0004472666671,0.0003337409024,0.0004344000731,0.0004565955187,0.0003736944459,0.0004875317443,0.000005079535824,0.0002325507793,id121,0.0003007381799,0.0001585494909,0.00025317722,0.0001716409013,0.0002621328464,0.0002757415883,0.000277783998,0.00004594579819,0.0003234931515,id121,0.000447524279,0.0002285141105,0.0005308975196,0.0003007475388,0.0002779369732,0.0003227911528,0.0005272367516,0.0000790708928,0.0001404940291
resting_var_normal - Cz.csv,resting,variance,CZ,29,,id122,0.0003937202819,0.0004394013528,0.0004847064241,0.0003041641971,0.0002748890383,0.0001599500375,0.0002133042641,0.0001349892696,0.0003852549547,id122,0.000190838905,0.0003230429553,0.0002642656727,0.0004745925292,0.0002459621886,0.0001444905671,0.0002254878944,0.0002408241005,0.0002486175497,id122,0.0005210459334,0.0004607695614,0.0003706157189,0.000246409269,0.0002747494791,0.00009837248807,0.0004257904493,0.0001042335787,0.0006193663851
resting_var_normal - Cz.csv,resting,variance,CZ,30,,id123,0.0005816270137,0.0005353965396,0.000584849147,0.000405535088,0.000563717984,0.00000124976301,0.0007182129179,0.0008438838231,0.0006190383435,id123,0.0003875833785,0.0001943821911,0.0005571454599,0.0003135175317,0.0003402721787,0.0000007344610538,0.0002743619495,0.0004421254322,0.0002956934355,id123,0.0008474054001,0.0003143141179,0.001145700951,0.0007861735409,0.000678877816,0.000001000113997,0.000421903554,0.0007747424881,0.000997041972
resting_var_normal - Cz.csv,resting,variance,CZ,31,,id124,0.0006578233649,0.00008702525151,0.0003344361528,0,0.0001164056797,0.0004842962657,0.0001773250245,0.00007072665141,0.00000310787656,id124,0.0003179100139,0.00003842765689,0.00009359982966,0,0.00005781551225,0.0001224445691,0.00008449861142,0.00002291992424,0.000003085548403,id124,0.0004118227773,0.00003424510657,0.0001815795103,0,0.00006480665037,0.0004407644644,0.00009433057619,0.00001755693029,0.000007108499693
resting_var_normal - Cz.csv,resting,variance,CZ,32,,id125,0.0005724738779,0.0007472295825,0.0005361993499,0.0006569530178,0.0005736461719,0.0007425141475,0.0006978996565,0.0002956434963,0.0007441372143,id125,0.0002646812729,0.0003399012875,0.0003060632182,0.0003734467649,0.0004641976744,0.0004866004276,0.0006101748611,0.0002606682801,0.0005589579015,id125,0.000508335436,0.0009619815899,0.0001934653041,0.000576280004,0.001577465837,0.001070988421,0.001040471824,0.001003788363,0.001419624262
resting_var_normal - Cz.csv,resting,variance,CZ,33,,id126,0.0006774763358,0.0008091830047,0.0003683757079,0.0006100319839,0.000282094248,0.0002658901299,0.00009692413683,0.0004118170229,0.00001772771541,id126,0.0005321080132,0.00017754022,0.0002446763872,0.0003744676407,0.0001244518343,0.0001022673319,0.00006896956348,0.0001757733207,0.00001020158085,id126,0.000404364097,0.0005368275671,0.0003535861059,0.000533190005,0.0002717886505,0.0002533742996,0.0001294233143,0.0002310589148,0.000007726254519
resting_var_normal - Cz.csv,resting,variance,CZ,34,,id127,0.0006994703484,0.0005191804308,0.000571915675,0.000548395969,0.0007650346528,0.00008826669832,0.0004283791874,0.0003270856929,0.0001819890692,id127,0.0004144138859,0.0003876250502,0.0002627610545,0.000298804463,0.0003816887314,0.00001954682899,0.0002590999327,0.0001686066156,0.0002288848734,id127,0.0005438146514,0.0006400742541,0.0004588151407,0.0002551047112,0.000731683188,0.00002694106684,0.0002683262084,0.0002036220399,0.0003113323164
resting_var_normal - Cz.csv,resting,variance,CZ,35,,id128,0.0007042868736,0.0005201338339,0.0006070577082,0.0007545450372,0.0003812732711,0.0003566203464,0.0006099909032,0.000006404257966,0.0009164246503,id128,0.0004191715186,0.0001799390803,0.0002815282393,0.0004437960381,0.0002514674307,0.0001158228256,0.0002672326022,0.00002053225503,0.0002952192092,id128,0.000843974234,0.0003372478277,0.0003885686826,0.0007441305972,0.0004181363285,0.0008032157202,0.0004691634073,0.0001155298594,0.0007185765717
resting_var_normal - Cz.csv,resting,variance,CZ,36,,id129,0.0005642237718,0.000377542196,0.0002080026757,0.0002490631945,0.0003820928358,0.0004540792102,0.0001568447122,0.0004960171945,0.0001874537593,id129,0.0002590782272,0.000199768494,0.000103011522,0.00006125758683,0.0001127958345,0.000309610028,0.0001387489673,0.000108145829,0.00003614652233,id129,0.00053994785,0.0004587173732,0.0001508306145,0.0002567015865,0.0003488050304,0.0003769718541,0.0001045804758,0.0004120625048,0.0001837670649
resting_var_normal - Cz.csv,resting,variance,CZ,37,,id13,0,0.000003748045889,0.0002295714986,0.0004661401059,0.0003645793338,0.0002939802689,0.000254272665,0.0002680237263,0.0001977508369,id13,0,0.000001402652263,0.0002390985813,0.0004079906962,0.0001998920948,0.0003668016701,0.00002963918624,0.0001554266694,0.0002907999656,id13,0,0.000002836081199,0.0003182975858,0.0007598208455,0.0001326018188,0.0002417157613,0.00001863353631,0.0001232382012,0.0001082347871
resting_var_normal - Cz.csv,resting,variance,CZ,38,,id130,0,0.0001656521111,0.0001338349355,0.00000002525300559,0.0005285054037,0.0001503779948,0.00007470560716,0.0004996774613,0.0006373866997,id130,0,0.000008013400344,0.00006967465236,0.00000001871517363,0.0001834846765,0.0001124087209,0.00003885769293,0.0001385265214,0.0004504571149,id130,0,0.00004919603442,0.0001367902532,0.000000007814960236,0.000350088221,0.00005738954189,0.00005599666797,0.0004279434286,0.000809588803
resting_var_normal - Cz.csv,resting,variance,CZ,39,,id131,0.00009452866444,0.00004276502561,0.0004173554737,0.0006588706902,0.0001742826599,0.0004515140979,0.0008117967702,0.00003769252342,0.0001415915527,id131,0.00003679610827,0.00000282792862,0.0002615410602,0.0003629887914,0.0001062216247,0.0005277193587,0.0003548178256,0.00001995146805,0.00009000397584,id131,0.0001219827707,0.000003818657975,0.0005055240809,0.0003008809798,0.0001682550354,0.0002913151548,0.0008694757556,0.00002109220657,0.0001047708391
resting_var_normal - Cz.csv,resting,variance,CZ,40,,id132,0.0001149156846,0.000376637312,0.0005666033445,0.0004987570508,0.0002421178847,0.0003035210285,0.0006346859852,0.00005572744607,0.0002049492784,id132,0.00007651906043,0.0001306158482,0.000228547148,0.0004882624593,0.0001761698143,0.0001632493368,0.0002604572825,0.00004652610845,0.0002497044629,id132,0.000288902517,0.001198404438,0.000529651626,0.0008002004692,0.0007683569876,0.0008267533592,0.0008866008453,0.00002472071745,0.0006917540695
resting_var_normal - Cz.csv,resting,variance,CZ,41,,id133,0.0002635966636,0.0002225487125,0.0002656403247,0.0005634665958,0.0006831687312,0.0003965270164,0.0001998205843,0.00004593955151,0.0001254855495,id133,0.0001725908362,0.0001114679319,0.000211134047,0.0003455717143,0.0003983735208,0.0003090381057,0.0002157886044,0.0000560092389,0.00005463117552,id133,0.0002280256767,0.0003385973786,0.0004985956835,0.0005166146792,0.0004117157302,0.0004832116371,0.0003428291613,0.00004194214761,0.00005759594809
resting_var_normal - Cz.csv,resting,variance,CZ,42,,id134,0.0003148371058,0.0003583417493,0.0004011368857,0.000325503657,0.0001402981368,0.0003824052898,0.0002212474904,0.0003220190047,0.0002918606024,id134,0.00006927860612,0.0001578357914,0.0002474995112,0.0001214362483,0.00004353063222,0.0001880361793,0.0001274285884,0.0002038319307,0.0001075757203,id134,0.0001101876335,0.000223957155,0.0002152259951,0.000132989915,0.00005897904989,0.0002160791195,0.000117174513,0.00009337475327,0.0001313519431
resting_var_normal - Cz.csv,resting,variance,CZ,43,,id135,0.000603766632,0.0005852207309,0.0005364255881,0.0003712073186,0.0004417980431,0.0005202743921,0.0001462450041,0.0005495398973,0.0002925980224,id135,0.000408033713,0.0004408117294,0.0003124054443,0.0001435828851,0.0002600305162,0.0002497084622,0.0001624182134,0.0004620218538,0.0002971141201,id135,0.0008576327486,0.0009419147884,0.0005779041249,0.0008950857682,0.00094207718,0.0004851974823,0.0001064330902,0.001205203736,0.000687219518
resting_var_normal - Cz.csv,resting,variance,CZ,44,,id136,0.0006726721802,0.0004569745165,0.0005082121591,0.0006682222197,0.0003484922026,0.0001578076825,0.0003906430875,0.0002919999507,0.0003632292924,id136,0.0002332332107,0.0002747012817,0.0003607879167,0.0002781048917,0.000217772796,0.0001929410813,0.0003335868045,0.0001550341907,0.0002671426877,id136,0.0009198942141,0.0009860493706,0.0008597503963,0.0009330784505,0.001080362239,0.0002546053489,0.0008680269574,0.0006969262088,0.001041423569
resting_var_normal - Cz.csv,resting,variance,CZ,45,,id137,0.0003918361401,0.0003158685342,0.0000319774048,0.0003632372518,0.0004278974484,0.0001361317565,0.0002260654558,0.000712599351,0.0000816460992,id137,0.0001786897096,0.0001065388514,0.0000100222835,0.000228209594,0.0001391629396,0.00004136607698,0.00009863697631,0.000236266111,0.00002327387108,id137,0.0003375806566,0.000110494527,0.000004667148195,0.0003375561242,0.0001606293155,0.00004148993818,0.0001029694382,0.0002242413095,0.0000282936156
resting_var_normal - Cz.csv,resting,variance,CZ,46,,id138,0.0009096090064,0.0005289160887,0.0007491559793,0.0005099556484,0.000577840963,0.0007744665884,0.0004137315492,0.000147481978,0.0004547496264,id138,0.0006297714058,0.0004938756286,0.0004661900278,0.0006205791262,0.0004435901821,0.0005241574722,0.0004673318062,0.0001194960934,0.0005257181436,id138,0.0008593146908,0.0007652762772,0.0005825194568,0.0004725555099,0.0006285095914,0.0006669764496,0.0006439903794,0.0002045940423,0.000358256837
resting_var_normal - Cz.csv,resting,variance,CZ,47,,id139,0.000586991968,0.0006168569175,0.0007651324005,0.0003159750478,0.0005007848808,0.0006155511001,0.0006067943055,0.0003667077206,0.0005435793546,id139,0.0004049044909,0.0004210836611,0.000646934153,0.0003365405605,0.0004412081667,0.0003053526478,0.0003269018469,0.0002089646522,0.0005960559215,id139,0.0003163277455,0.0003939676684,0.0007473721291,0.0004064806328,0.0008909260151,0.0005358760239,0.0007267757038,0.0002045563807,0.0009160813489
resting_var_normal - Cz.csv,resting,variance,CZ,48,,id14,0.0001396914138,0.0001019067549,0.000002662393999,0.0003568209932,0.0004396753043,0.0005865126358,0.0001191842715,0.0005652818363,0.0004882839465,id14,0.0004986918778,0.00003613012635,0.000003129632955,0.0002393317422,0.0007424166252,0.0001779057358,0.0001413946671,0.0004904406323,0.0002396911532,id14,0.000502628449,0.0001118256123,0.000004780281423,0.0009007993583,0.0004126892391,0.0002210792411,0.001190572626,0.0005044920262,0.0003616709961
resting_var_normal - Cz.csv,resting,variance,CZ,49,,id140,0.0004099321145,0.0003723234679,0.0004618070796,0.0003770777647,0.0002002449461,0.0007812121085,0.0007146490932,0.0004266768396,0.0003570937749,id140,0.00027106892,0.000357586208,0.0007506572635,0.0004136511254,0.0001118800988,0.0009447846379,0.001075977705,0.0004110850745,0.0002045725079,id140,0.0005167198807,0.0005714858488,0.0005734839796,0.0004526814935,0.0002481175424,0.0008336159051,0.0005911813386,0.000261736307,0.0004404094693
resting_var_normal - Cz.csv,resting,variance,CZ,50,,id141,0.0005418826055,0.0006130346072,0.0007096682695,0.0005640689583,0.0006575806109,0.0006294169405,0.000512251992,0.0004560083997,0.0006342920807,id141,0.0003350692691,0.0005442046874,0.0002558236336,0.0003498501227,0.0004036130893,0.0003576076252,0.0002837479178,0.0002805546768,0.0004657228083,id141,0.0004953417153,0.0008270237248,0.0004677668487,0.0006170568681,0.0008124392433,0.000645369728,0.0007573838689,0.0003381298045,0.0005869165544
resting_var_normal - Cz.csv,resting,variance,CZ,51,,id142,0.0006012865403,0.0005669949303,0.0005682878692,0.0004409994363,0.0003893782565,0.0005926241024,0.0004266913373,0.0001469635081,0.0005886660756,id142,0.0002515116264,0.0003729275312,0.0003953845777,0.0003178296931,0.000383370663,0.000403918085,0.0005045900408,0.0001063055046,0.0004717804896,id142,0.0009933615918,0.00117320452,0.0003301690542,0.001300138705,0.0007915281451,0.0007057464984,0.000692807702,0.0001907821348,0.001251671351
resting_var_normal - Cz.csv,resting,variance,CZ,52,,id143,0.000389777961,0.0006351897854,0.0005491128461,0.0005933150377,0.0005196591194,0.0005571427249,0.000411982832,0.0008127671895,0.0004292061414,id143,0.0002842804349,0.0002677761208,0.0005498529229,0.0005022031525,0.0003258587612,0.0003105604627,0.0003269764551,0.0007952263567,0.0005213735585,id143,0.0008477723048,0.0007961184574,0.000660370766,0.0006924733131,0.0007994783841,0.0007753650848,0.0005151449043,0.000953386057,0.001264953745
resting_var_normal - Cz.csv,resting,variance,CZ,53,,id144,0.0005990540172,0.0004264964441,0.0004645200812,0.0005669065585,0.0006726795563,0.0003159574506,0.000302845668,0.0001714024375,0.0001406547359,id144,0.000467985386,0.0005199425204,0.0003019195197,0.0004447287028,0.0004361408732,0.0003479856555,0.0004235727783,0.0002313521155,0.0001412755346,id144,0.0007389491934,0.0007605287752,0.0007971132698,0.0008040034076,0.0007160761035,0.0003494996041,0.0006132635052,0.0001203982482,0.0004108760649
resting_var_normal - Cz.csv,resting,variance,CZ,54,,id145,0.0004653292565,0.001110194171,0.0005576352819,0.0004763671104,0.0006301638809,0.0003617337664,0.0003823736275,0.0002084226103,0.0008281104334,id145,0.0004292243995,0.0007061242636,0.001060304757,0.0003865462709,0.0006457542487,0.0004796721334,0.0002411046284,0.0002320014079,0.0006358583203,id145,0.0004564209534,0.0009169689838,0.000409102757,0.0003168088494,0.000652313595,0.0006196137231,0.0004635848265,0.0003174426217,0.001084566156
resting_var_normal - Cz.csv,resting,variance,CZ,55,,id146,0.0007516306224,0.0004136195383,0.0004441555301,0.0004885805065,0.0006519091345,0.0006608471171,0.0003246354732,0.0004861260244,0.0004145031893,id146,0.0003510854704,0.0001776171465,0.0003806609255,0.0002771712176,0.0003410160834,0.0005676635969,0.0003329757949,0.0003865510393,0.0004031830989,id146,0.0004595375201,0.0005121691454,0.0001980375171,0.0004274056641,0.0006841038137,0.0005942887533,0.0005290834828,0.0004330672861,0.0006390326251
resting_var_normal - Cz.csv,resting,variance,CZ,56,,id147,0.0003687532825,0.0001411706762,0.0003016296114,0.0003933831685,0.0004982987645,0.0004015945134,0.0003952572717,0.0002911259721,0.0004011237329,id147,0.0001760461331,0.0001032384462,0.0003472142797,0.0001924259028,0.0003522183505,0.0002865415697,0.0003262613589,0.0002807632668,0.00008030752383,id147,0.0009030672119,0.0001643689681,0.001504846375,0.001373485131,0.002178210632,0.0009383005876,0.002151199462,0.0007638591086,0.002425435368
resting_var_normal - Cz.csv,resting,variance,CZ,57,,id148,0.001214480382,0.0002898798128,0.0004045646784,0.001085184886,0.0005235869627,0.000687051142,0.0004360153442,0.0007743521244,0.0003939860897,id148,0.0003314752983,0.000237994802,0.000335949083,0.0002865538445,0.0003156412587,0.0003573070651,0.0002773307364,0.0002562817221,0.0006078865797,id148,0.0008986651175,0.0002817364071,0.000336229899,0.0003497452838,0.0004717400247,0.00061586044,0.0002608882373,0.0007766232797,0.0002385306708
resting_var_normal - Cz.csv,resting,variance,CZ,58,,id149,0.000616333254,0.0005803830303,0.0001864444533,0.0002996052932,0.0009352799937,0.0002153998843,0.000181438452,0.000005177665862,0.0005238349719,id149,0.0002897922001,0.0004199279967,0.0001368741882,0.0003281744562,0.0007219993385,0.0001223019165,0.0001289361951,0.000002312375299,0.0002492133281,id149,0.0006303963583,0.0007278903289,0.0003856025211,0.0005668127805,0.00055459225,0.0001069073015,0.0001857486297,0.000002874835965,0.0004983412732
resting_var_normal - Cz.csv,resting,variance,CZ,59,,id15,0.0003271574696,0.0005623730667,0.0004658823083,0.0004526973536,0.0005955563347,0.0007707676374,0.000584863025,0.0007814512509,0.00072560197,id15,0.0001126866822,0.0009012177579,0.0002545687271,0.0003633026532,0.0001460015302,0.0005662287288,0.0002154997107,0.0004818657933,0.0003221803011,id15,0.0004293026499,0.000387115952,0.0002831895361,0.0005894811847,0.0002368757423,0.0004899958428,0.0002732668408,0.0009878376072,0.0002112956813
resting_var_normal - Cz.csv,resting,variance,CZ,60,,id150,0.000302328294,0.0004717940677,0.0004719117553,0.0002658166081,0.0003673784195,0.0007282515193,0.000506214302,0.0003850670814,0.0008514796936,id150,0.0001497970575,0.0002443422512,0.0004176648709,0.0001177834622,0.0002930501646,0.0003242324246,0.000201984257,0.0001960121118,0.0005192209965,id150,0.000382795666,0.0003316949413,0.0003457857429,0.0001873203686,0.000378168624,0.0005168489381,0.0004527466392,0.0002389590956,0.001081950615
resting_var_normal - Cz.csv,resting,variance,CZ,61,,id151,0.0001490036691,0.000934828244,0.0006185285511,0.0004292606333,0.0004911840169,0.0007291770268,0.000697934518,0.0004669419691,0.0004918297805,id151,0.00005686815672,0.000274223287,0.0001460431416,0.0001666322182,0.0003677875346,0.0004911663674,0.0002749540044,0.0002477277355,0.0002893025729,id151,0.00005281686843,0.0002600438776,0.0002706741126,0.0002114063773,0.0003051028568,0.0005996652663,0.0004317350475,0.0004755990152,0.0005224384918
resting_var_normal - Cz.csv,resting,variance,CZ,62,,id152,0.00001315733452,0.00005212073367,0.0003094261206,0.0002870771337,0.0000005731170568,0.00003516926331,0.0003209198136,0.0003386295761,0.0007119681701,id152,0.000006266576718,0.00002452489406,0.00007108204124,0.00006273304597,0.0000001715345968,0.00001482461151,0.000148068201,0.000144095878,0.0002374072129,id152,0.00000670641185,0.00002542831131,0.00006864277568,0.0001773232544,0.0000001859269469,0.00001096580022,0.0001084288632,0.000132212777,0.0006625576963
resting_var_normal - Cz.csv,resting,variance,CZ,63,,id153,0.0004839606564,0.0006557036028,0.0002393514757,0.00001899589546,0.0006416637209,0.0007950335456,0.0005927388764,0.0004890095875,0.0004702236959,id153,0.0004958871145,0.0004475770937,0.0003071458106,0.00003087781673,0.000331785171,0.000507142578,0.0002117308931,0.0003383519019,0.0003295939265,id153,0.0005375622258,0.000504396007,0.0004443172873,0.00002547547276,0.0007131273544,0.0009836456272,0.0007727756824,0.0004280807843,0.0005990974326
resting_var_normal - Cz.csv,resting,variance,CZ,64,,id154,0.0002788731341,0.0005839547671,0.000513301014,0.0003686794571,0.0005393124737,0.0004703512147,0.0004662684533,0.0005254575796,0.0004886172098,id154,0.0002622815616,0.0003352826749,0.00026789548,0.0002849094437,0.0004689197218,0.0002402629546,0.0003047434949,0.0003165391094,0.0003699090621,id154,0.0007877681314,0.0005194102591,0.000750068866,0.0002403381651,0.0005505269448,0.0005878987076,0.0007388511677,0.0004963229405,0.002629832247
resting_var_normal - Cz.csv,resting,variance,CZ,65,,id155,0.0003412829424,0.000296213165,0.0003128998568,0.0004278842334,0.0004234790055,0.0004026633533,0.0003717394966,0.0001817674947,0.0001936412076,id155,0.0002994656464,0.000315085994,0.0001494827603,0.0003294659953,0.0003455766643,0.0001336233417,0.0002851006241,0.00003827268225,0.0001002143066,id155,0.0004897862994,0.0003799043902,0.0002673764427,0.0009759980085,0.0002025585625,0.0002777944978,0.0005108730193,0.0002278681245,0.0001704595446
resting_var_normal - Cz.csv,resting,variance,CZ,66,,id156,0.0002383659467,0.0005810985155,0.0003142689085,0.0004746801829,0.0004014204175,0.0004489457154,0.0004663300749,0.0005782023588,0.0000001306722484,id156,0.0002021394918,0.000338981826,0.0002435608897,0.0001601343384,0.0004646700509,0.0002378599557,0.0003257379994,0.0004928994905,0.00000003094504678,id156,0.0002080926628,0.0003478320263,0.0003871048622,0.000237865684,0.0005052575991,0.0003675030138,0.0002064193595,0.0008767870285,0.0000001063911169
resting_var_normal - Cz.csv,resting,variance,CZ,67,,id157,0.0004396550345,0.0002408045245,0.0003792882599,0.0005634060353,0.000428917671,0.0004561365993,0.0004949997177,0.0008026416418,0.0004382215333,id157,0.0002468895964,0.0001056432235,0.0001589132678,0.0003350770412,0.0002938561748,0.000210560178,0.0002083379586,0.0002940265803,0.0003838075886,id157,0.0003364785668,0.0001419364051,0.0002493848015,0.0002710862379,0.0002736910928,0.0001737937574,0.0003536284622,0.0003818773353,0.000569385005
resting_var_normal - Cz.csv,resting,variance,CZ,68,,id158,0.000158431843,0.0002251796079,0.0000651292254,0.0002094420458,0.0001706920512,0.0000973551018,0.00003566330563,0.0009037888709,0.0005525144106,id158,0.00007048625588,0.0001860927901,0.00003203478587,0.00006943550614,0.0001243304286,0.00004858787034,0.0000342342085,0.0006946056695,0.0002341396419,id158,0.00009300773317,0.0001737481004,0.00009568932744,0.00009766956586,0.0001236241903,0.0002199207106,0.00004862113613,0.0005089332082,0.0004491247182
resting_var_normal - Cz.csv,resting,variance,CZ,69,,id159,0.0002274634589,0.0002960724754,0.0003187807374,0.0004421574718,0.000664474875,0.000006843539084,0.0005281735049,0.0003336669949,0.0002704417014,id159,0.0002074351663,0.0003101480181,0.0003342453511,0.0002801440024,0.0003874874325,0.000003562044035,0.000377711001,0.0002855211474,0.0002744624754,id159,0.0001159406793,0.0004117117291,0.0004737762638,0.0004719750849,0.0008084134837,0.000004873203696,0.0002622717967,0.0004932192241,0.0004471535651
resting_var_normal - Cz.csv,resting,variance,CZ,70,,id16,0.0003741839436,0.0007088236767,0.00006002226004,0.000008544735705,0.000002503785932,0.00002117563935,0.0001498583865,0.0004894946578,0.0001828574523,id16,0.0001115681199,0.0003475589078,0.00003041068911,0.000004615454429,0.00000359044385,0.00002330207927,0.0001608452241,0.0002270544723,0.00006037288361,id16,0.0001604042488,0.000310704285,0.00003663909501,0.000005522524987,0.000005952122184,0.000039941864,0.0001647374649,0.0002571378152,0.00004998549227
resting_var_normal - Cz.csv,resting,variance,CZ,71,,id160,0.0003662146546,0.0005174212565,0.0005005809833,0.0002906000414,0.00006254389479,0.0002453216574,0.0002159419793,0.0001341268091,0.0004628598676,id160,0.0001199669523,0.0003679463669,0.0002216219286,0.0003495193278,0.00003060915138,0.0002403968561,0.0001617841,0.0001670584857,0.0004136772535,id160,0.0004025269266,0.0008545797957,0.000828333472,0.0004946148595,0.00002092975814,0.0002670775983,0.0002443619374,0.0002265994493,0.002713789784
resting_var_normal - Cz.csv,resting,variance,CZ,72,,id161,0.0002698897255,0.0001805739108,0.0003052094206,0.0005126071338,0.0004880798703,0.0004544350274,0.0004320793347,0.0001538100836,0.0006697388202,id161,0.0001560607494,0.0001211634014,0.000296270227,0.0004305171908,0.0002167557863,0.0002463900538,0.000223194965,0.00008532752543,0.0003846714845,id161,0.0001914850606,0.0002727752411,0.0005202660702,0.0004393088392,0.0005515317421,0.0005870954989,0.0005742838859,0.0001971331283,0.0005213678017
resting_var_normal - Cz.csv,resting,variance,CZ,73,,id162,0.0004820627018,0.0002141739564,0.000238468543,0.0006241350951,0.0001904619292,0.0002498569789,0.0004630757006,0.0002286487654,0.0001538838144,id162,0.0003996894077,0.000131113477,0.0001816459591,0.0005430838645,0.0001147225113,0.0003325125831,0.001019009774,0.00005560402539,0.00005621940907,id162,0.000542253392,0.0003420112287,0.0003635569964,0.001018539368,0.00005951367318,0.0005038686436,0.001000187188,0.0002948602818,0.0003863336701
resting_var_normal - Cz.csv,resting,variance,CZ,74,,id163,0.0004006208321,0.0005903319577,0.0003544261796,0.0002767537828,0.0003624865399,0.0003051672294,0.0002988690912,0.0003877428354,0.0002661164224,id163,0.0005177708845,0.0003313721749,0.0002148669173,0.0002343895841,0.000281960162,0.0004307264593,0.0003484436793,0.0003330171081,0.0006108666917,id163,0.0008730386507,0.0008212766835,0.0004867296872,0.0004709553106,0.0005713670857,0.0008564863879,0.0009538569916,0.000447915666,0.0005008155576
resting_var_normal - Cz.csv,resting,variance,CZ,75,,id164,0.0001175179993,0.0001008508294,0.0002348681003,0.0002696854477,0.0004067181619,0.0001915651615,0.0002130289219,0.000548710372,0.000363974704,id164,0.00003861586058,0.00005824508524,0.0002513523238,0.000251792338,0.0002046523867,0.0001558706967,0.0001556906215,0.0003977220042,0.0003125836871,id164,0.00004906351126,0.00004277887364,0.0002154269791,0.0002060156237,0.0001903804278,0.000237528426,0.0001912020056,0.0002769954775,0.000342038793
resting_var_normal - Cz.csv,resting,variance,CZ,76,,id165,0.000643747563,0.001074296292,0.0001426665134,0.0003935409026,0.0005011642958,0.0003787529379,0.0001107921231,0.0005815608481,0.0005279146325,id165,0.0005584904185,0.0003254566565,0.00007410137798,0.0001466680623,0.0002778306873,0.0001894496325,0.000104014594,0.0002275011359,0.0002925154597,id165,0.0006499271905,0.0008067968663,0.0005464570089,0.0003311989171,0.0007485714795,0.000680089196,0.00009965874016,0.001878234981,0.001763605706
resting_var_normal - Cz.csv,resting,variance,CZ,77,,id166,0.000493077201,0.00006856590983,0.0002767420736,0.0001166745683,0.0007116032276,0.00001613893782,0.000007364327339,0.00004050507454,0.00006343438208,id166,0.0002674545556,0.00005223525065,0.0001513392584,0.00004169388657,0.0003128610452,0.0000134514284,0.000008470190226,0.00006335270602,0.00001267036411,id166,0.000331985963,0.00004621899068,0.0004200304615,0.0001147177853,0.0005899402487,0.00002685172362,0.00001657730153,0.0001468020608,0.00008731054535
resting_var_normal - Cz.csv,resting,variance,CZ,78,,id167,0.0005588342136,0.0002905702104,0.0006838847878,0.0003911361986,0.0004104871987,0.0007189081284,0.0004737540821,0.0001518852281,0.0001653513477,id167,0.0002893866005,0.0001280454719,0.0003008143045,0.0002895781055,0.0001399642856,0.0002979472825,0.0002261970534,0.00008583930128,0.00003695990943,id167,0.0005073798999,0.00008762398284,0.0003007470693,0.0005969006898,0.0003594213711,0.0003339526013,0.0002663887704,0.0001672987253,0.0005096182081
resting_var_normal - Cz.csv,resting,variance,CZ,79,,id168,0.0006254419568,0.0008982416779,0.000502145421,0.000822244836,0.0006952442455,0.001190829129,0.0003940069273,0.0005008051694,0.0007546470929,id168,0.0002646088674,0.0003731561204,0.0003867747811,0.000375133302,0.0002927244829,0.0004550936611,0.0003003445139,0.000669773322,0.000395750521,id168,0.0003396678382,0.0009037514106,0.0007769503516,0.000787728819,0.001190106524,0.001390451128,0.001235018322,0.001392869852,0.0009052682057
resting_var_normal - Cz.csv,resting,variance,CZ,80,,id169,0.0006066077922,0.00007305478157,0.0001490977766,0.0001474321518,0.0001839561909,0.00008705240124,0.0002955591554,0.00001239742659,0.0002046494682,id169,0.0003901865221,0.0000578259246,0.00002172263903,0.00005034110068,0.00008249863395,0.00003676678139,0.00006881597662,0.00009767709223,0.0002228525708,id169,0.0007011476437,0.00004110397759,0.00006687333828,0.0003272370225,0.0001625856363,0.0002472274142,0.0006570429945,0.0001077215757,0.0002791070926
resting_var_normal - Cz.csv,resting,variance,CZ,81,,id17,0.0004478569448,0.000283899255,0.0001303385765,0.00000006987495687,0.000005269150331,0.000007123787003,0.00008572486137,0.0001116948435,0.000000071932313,id17,0.0001147662127,0.00009328912251,0.00004170577068,0.00000003446252283,0.000001557042378,0.000001091299831,0.00001275328177,0.0001006005321,0.00000003619791505,id17,0.0003014259038,0.00004204129127,0.00003657146318,0.00000003607469099,0.000003414799093,0.000001968478615,0.00001342944101,0.00007313829447,0.0000000129362037
resting_var_normal - Cz.csv,resting,variance,CZ,82,,id170,0.00001121338429,0.0002289755602,0.0004999676956,0.00005818868974,0.0006256730264,0.0002941536086,0.0004947385806,0.0007809089238,0.0005406804205,id170,0.00002571724178,0.0001639638536,0.000746575468,0.00005114183995,0.0007528498612,0.0003413065804,0.0004606405768,0.001134885998,0.0007073436004,id170,0.000034186821,0.0004883088201,0.000654245914,0.0002856140872,0.0006742060529,0.0004012478752,0.000900167261,0.001859955745,0.001568235624
resting_var_normal - Cz.csv,resting,variance,CZ,83,,id18,0.0006285881588,0.0002523403278,0.00004374754179,0,0.0005145410652,0.000434987127,0.0005299729792,0.00006017593112,0.0004013244157,id18,0.0003004577643,0.0003079296854,0.00007993898807,0,0.0001822524451,0.0003173235603,0.0004514901929,0.00002183645937,0.0003462169586,id18,0.0008514085113,0.0002518772843,0.00007383030979,0,0.0005144960227,0.000414776354,0.0003432695437,0.0001321432807,0.0004069708711
resting_var_normal - Cz.csv,resting,variance,CZ,84,,id19,0.0002013353895,0.0002489144589,0.0002065155922,0.0001506866724,0.0003362401623,0.0004222008158,0.0003449495417,0.000129325452,0.0003458747605,id19,0.00001279359131,0.00007854203592,0.00008163133583,0.0001112933806,0.0002270928186,0.0002288499868,0.0002537065982,0.00009092273459,0.0002009073654,id19,0.0002579828098,0.0001072053966,0.0001507844539,0.0001498837256,0.0002591301613,0.0001186300121,0.0001306126729,0.0001457371674,0.0001354672832
resting_var_normal - Cz.csv,resting,variance,CZ,85,,id2,0.0007892938881,0.0006229619395,0.0006306001949,0.0004329887239,0.000401905716,0.0000178544088,0.0002917057076,0.0003459780609,0.0004824979576,id2,0.0002725757215,0.0003530966189,0.0003052378156,0.0002116217683,0.0001888378209,0.0000109837085,0.0001774947036,0.0002216509871,0.0003031800707,id2,0.0003327499385,0.0002412484913,0.0002908693812,0.0001683729578,0.0001753295374,0.00001796467926,0.0002800787244,0.0001856603994,0.0002606050882
resting_var_normal - Cz.csv,resting,variance,CZ,86,,id20,0.0006743743908,0.0009255030771,0.000345517397,0.000402113757,0.0008620654407,0.000212574881,0.0002984470193,0.000211514485,0.000579699582,id20,0.0004786786241,0.0006705719328,0.0002139668693,0.0002859994166,0.0003198015016,0.0001678896392,0.0004235889688,0.00006382094517,0.0005740443177,id20,0.0004897988599,0.0006299940718,0.0003830950174,0.000655424034,0.0004775702255,0.000163491308,0.0003646796014,0.0001265678006,0.0006920038059
resting_var_normal - Cz.csv,resting,variance,CZ,87,,id21,0.0006127399677,0.001254143727,0.0008993586792,0.001164438452,0.0006047972169,0.0005615419072,0.00003047386358,0.0004189088921,0.0007093963266,id21,0.0006601403577,0.0009075645094,0.0005114063157,0.0005817096883,0.0004237129737,0.0005038241213,0.00001947506616,0.0002357970716,0.0004641608005,id21,0.0006643578893,0.0008048573502,0.0006513774101,0.001104449857,0.0005343233281,0.0003814478541,0.00002201616278,0.0005284913831,0.0006218030623
resting_var_normal - Cz.csv,resting,variance,CZ,88,,id22,0.0001247837514,0.000001116072848,0.00000000281610392,0.000001060405781,0.000003272987829,0.0001541056185,0.00003717776978,0.0000547793341,0.000001747372511,id22,0.00002604299604,0.0000002130275144,0.000000001155367966,0.0000001653413375,0.000001621369926,0.00008897904786,0.00002411947144,0.000005036450103,0.0000005931081631,id22,0.00008010087952,0.000000775105535,0.000000001092089465,0.0000007940666487,0.000003479686735,0.00008759105408,0.00005974751432,0.00001904806417,0.000001229674499
resting_var_normal - Cz.csv,resting,variance,CZ,89,,id23,0.0001209223645,0.0001791217508,0.000005855186988,0.001015080617,0.000191821158,0.0001398296395,0.0001514639923,0.0003732731978,0.0004178531396,id23,0.00008554561385,0.00002650303477,0.000004287258223,0.0003096352532,0.00008868151405,0.00003927200785,0.000005079792103,0.0001414906075,0.00009464951275,id23,0.000121483689,0.00003851767162,0.000006722090631,0.000882053621,0.0001875324066,0.00006941171944,0.000001682281455,0.0002932927266,0.0001977726738
resting_var_normal - Cz.csv,resting,variance,CZ,90,,id24,0.0002885346414,0,0.0004073948664,0.0003768276832,0.000002700845947,0,0.0003145237829,0.0006040548354,0.0002179200569,id24,0.0008386779661,0,0.0002603898041,0.0006528428367,0.000001286026293,0,0.0004514096819,0.0003520172582,0.0001587072979,id24,0.00008323871499,0,0.0003234289308,0.0007179997834,0.000005132818902,0,0.0003965184419,0.0005801656292,0.0001989700569
resting_var_normal - Cz.csv,resting,variance,CZ,91,,id25,0.0001449665387,0.0003319578153,0,0,0.0000002466503207,0,0,0.00002503676907,0.00000001038619141,id25,0.0001288422902,0.0006347853016,0,0,0.00000002141550992,0,0,0.00003434392548,0.00000000447126483,id25,0.0002305147564,0.0002372950317,0,0,0.00000002637372597,0,0,0.00004781316835,0.000000003831464063
resting_var_normal - Cz.csv,resting,variance,CZ,92,,id26,0.0003930640361,0.00000226341045,0.0002603966378,0.0004356530333,0.00001316589259,0,0.0000519916307,0.000426035113,0.0003349604808,id26,0.0002750123183,0.0000007386569069,0.00009889942214,0.0003108744225,0.00001177612529,0,0.00002831256609,0.0003169977051,0.0002208563008,id26,0.0002198454371,0.0000006475216089,0.0001854104825,0.0003183869499,0.00001357164224,0,0.00003565477661,0.0003188343587,0.0003144401019
resting_var_normal - Cz.csv,resting,variance,CZ,93,,id27,0.0006179924249,0.0001687078801,0.000414260899,0.0003618417762,0.0003575885504,0.0003504372049,0.0004812647019,0.0005167998871,0.0006776662745,id27,0.00048089401,0.00004076351098,0.0004067346636,0.0002066326,0.0002337563585,0.0001339975273,0.0001261406706,0.0006039109631,0.0002938429594,id27,0.0004663620958,0.0002557111566,0.0003815027778,0.0002385552706,0.0003234195128,0.0001530755562,0.000704915193,0.0005578566069,0.0003992287142
resting_var_normal - Cz.csv,resting,variance,CZ,94,,id28,0,0.00005681058176,0.000110025242,0.00002276447345,0.000199133631,0.0001449528205,0.0001054805026,0.000009026861622,0.0004263581556,id28,0,0.00002984336881,0.00003687846924,0.00001152544844,0.0001119049288,0.00005162909767,0.0000403943344,0.000006972606642,0.00008566463253,id28,0,0.00005198059923,0.00005446289092,0.0000128294074,0.0001763828581,0.00005011672676,0.00003108154496,0.000005013797693,0.0000669081247
resting_var_normal - Cz.csv,resting,variance,CZ,95,,id29,0.00001745404526,0.0002478041223,0.0005347998929,0.0004511184131,0.0003833196013,0.00006070456185,0.0001949905559,0.00013104699,0.00008077019246,id29,0.000007995786591,0.00008543124611,0.0003862763469,0.0001879741475,0.0001561448083,0.000009077458296,0.0001342111585,0.00004871050425,0.0000288138118,id29,0.000002610598071,0.00008466778318,0.0002179608441,0.0003469458657,0.0001177700313,0.000006312671931,0.0002137137554,0.0001666943962,0.00006931316302
resting_var_normal - Cz.csv,resting,variance,CZ,96,,id3,0.0005686594195,0.0007233912203,0.00001498908827,0.00001990736297,0.00004644929733,0.0003770728228,0.0006693056677,0.0002389933042,0.0002786653608,id3,0.0003021459787,0.000431442567,0.000002628050862,0.00001864073702,0.00006753084774,0.0002133582551,0.0003917561497,0.0002343000264,0.0001007637989,id3,0.000379256368,0.0004441293954,0.0000220768124,0.00001502781946,0.0001294271255,0.0002848994269,0.0005354802312,0.0002368121988,0.0002021137166
resting_var_normal - Cz.csv,resting,variance,CZ,97,,id30,0.001144812882,0.0001698739339,0.0003464948685,0.00008788097852,0.0003844985579,0.000001806141644,0.0004913100443,0.0003351321633,0.001485910666,id30,0.0002526540725,0.00007270449973,0.0001933929261,0.00002494607238,0.0001943300915,0.0000007250354545,0.0001433120775,0.00009188049478,0.0003448861086,id30,0.000749364844,0.0001027599965,0.0001696420841,0.00003519074233,0.0002894341731,0.00000115514679,0.000223096202,0.0004130067916,0.0005176012298
resting_var_normal - Cz.csv,resting,variance,CZ,98,,id31,0.00009672013243,0.0001259583267,0.0004759962767,0.0001319872688,0.00006843306916,0.000107319497,0.0006573632061,0.0002133139711,0.0001169281173,id31,0.00002102087954,0.00008035994012,0.0002007376061,0.00009346067716,0.00003473963603,0.00008273165395,0.00003451399825,0.000150901538,0.0000325439663,id31,0.00006501749988,0.00008865279431,0.0001689264131,0.0001196039399,0.00002512882459,0.00004692074581,0.0001630059448,0.0001425624485,0.00002325312421
resting_var_normal - Cz.csv,resting,variance,CZ,99,,id32,0.00002282603213,0.0001519197267,0.0002056443815,0.0001478028169,0.00003658978007,0.00006818826167,0.0001924954099,0.0002123772946,0.0008936409577,id32,0.000007828952711,0.00006461718623,0.0002021820184,0.0001127913774,0.0000854035657,0.00005428085043,0.00007989215391,0.000111661866,0.0001070742389,id32,0.000005883152612,0.0001700372517,0.0001299854322,0.00005091958265,0.0001174844234,0.0001116254621,0.00002249750013,0.0001213581546,0.0003515420954
resting_var_normal - Cz.csv,resting,variance,CZ,100,,id33,0.001094139937,0.00006219157406,0.0003983622035,0.001282205686,0.001164170906,0.000219156666,0.00000004980572288,0.00006232382771,0.0003447961427,id33,0.0002452885785,0.0000333665164,0.0001601776561,0.0005054270411,0.0004405477725,0.0001334983518,0.000000005766509297,0.00001968970043,0.000124390419,id33,0.0003443804211,0.00001146106914,0.0003498820856,0.0004225605048,0.0009279163302,0.0002244755522,0.000000005817349222,0.00002759424113,0.0002336244991
resting_var_normal - Cz.csv,resting,variance,CZ,101,,id34,0.000206466628,0.00027231453,0.00004961888084,0.00002511476318,0.0005574375988,0.00001040312079,0.0000005105235781,0.0000622543327,0.00004547932183,id34,0.0001087655474,0.00002265953317,0.00002324848386,0.000002789927303,0.00009720963768,0.000005034274548,0.0000000236926596,0.00001291405,0.00000160783079,id34,0.0001914394653,0.0000762598631,0.00004787513587,0.000006599029694,0.0001290619882,0.000009271159007,0.0000000979737476,0.00001637010579,0.000003812044343
resting_var_normal - Cz.csv,resting,variance,CZ,102,,id35,0.0001712925893,0.0003368585408,0.00008726558094,0.0004938080494,0.0003108231066,0.0004386186386,0.0002646036812,0.0001963010966,0.0002881664375,id35,0.00002214673274,0.000151269712,0.00004211150782,0.0001865338955,0.0001276419959,0.0001034589071,0.0000589686356,0.00005105765853,0.0000880497548,id35,0.00004259675847,0.0003126560698,0.00005363302623,0.0001964882198,0.000213666405,0.0001537534815,0.00003101276312,0.00005353912139,0.0001002777294
resting_var_normal - Cz.csv,resting,variance,CZ,103,,id36,0.0000008718260182,0.00006021410564,0.0001409118333,0.000161378972,0.0004926222353,0.00002435374503,0.00004185083539,0.0005086431551,0.0007336363835,id36,0.00000003523801619,0.00001492433841,0.00004997675111,0.00009129470287,0.0003310115639,0.000006196048148,0.000005499022099,0.0001060861097,0.0002239864404,id36,0.00000005274446186,0.00001932069467,0.00005659295034,0.00006906413168,0.0004476013429,0.00004309078216,0.000003540817658,0.0004486088582,0.0002986554012
resting_var_normal - Cz.csv,resting,variance,CZ,104,,id37,0.0007986436185,0.0003516044338,0.0003627428152,0.0006770866993,0.0000020080589,0.00008995356894,0.00008954884249,0.0009966706189,0.000396246779,id37,0.0002034448004,0.0002651207462,0.0003662615906,0.0001244220077,0.0000003860596414,0.00008488919774,0.00002053152444,0.0003007838644,0.000111467098,id37,0.0001480040328,0.0003292775483,0.0004910301978,0.0002111636547,0.0000004875458352,0.00009709052631,0.0001361050162,0.0006458802664,0.0002178992599
resting_var_normal - Cz.csv,resting,variance,CZ,105,,id38,0.00003700292376,0.00003809286032,0.000008389151526,0.00003509664999,0.00009244388485,0.0001055487427,0.00004601586529,0,0.0001622582207,id38,0.00002788159904,0.00002750404763,0.000004363719318,0.00001503536772,0.00009628065889,0.00002478481428,0.000002521715624,0,0.00005863162564,id38,0.00007964079123,0.00008411493999,0.000007308440579,0.00001497019034,0.0002530456732,0.00005216991334,0.000001700888567,0,0.0002013783819
resting_var_normal - Cz.csv,resting,variance,CZ,106,,id39,0.001241398356,0.0000004220338691,0,0.0005988558064,0.0001911346511,0.0001537807254,0.0008314104821,0.0003060172803,0.0002441626558,id39,0.0002463104009,0.0000001054728386,0,0.0004806355666,0.0001129650715,0.0000384064245,0.0008921788206,0.0003020630928,0.0001154969373,id39,0.0002979062749,0.0000001111788558,0,0.0007220825298,0.0005953145062,0.000051402645,0.0003927958993,0.0003774306288,0.0001718939269
resting_var_normal - Cz.csv,resting,variance,CZ,107,,id4,0.0005600394681,0.0006384328973,0.0001118957832,0.000287329202,0.00007749459255,0.0004699487568,0.00004307297424,0.0005227792512,0.0001585185024,id4,0.0003558800457,0.0002400151809,0.00005004509147,0.0001656601697,0.00004105323887,0.0004818179097,0.0000198488176,0.0003741335625,0.0001706513845,id4,0.000275582988,0.0003057460614,0.00008142442708,0.0001388088807,0.0000243575705,0.0002955218312,0.00003241182017,0.0004352729486,0.0003279267923
resting_var_normal - Cz.csv,resting,variance,CZ,108,,id40,0.00001527877503,0.0002013183511,0.0000005943468958,0.00006146808643,0.0002955460212,0.000001728960711,0.00008833488462,0.0006857973306,0.00002589521283,id40,0.0000008380433269,0.000106650382,0.0000004265783218,0.00004658299722,0.0001119776417,0.000001161904761,0.00002076337441,0.00007138906359,0.0000161471757,id40,0.000002534294335,0.00008685114625,0.00000004158656439,0.00001886443229,0.0001638854079,0.000001126985735,0.00003100628483,0.00004728109534,0.00001442791002
resting_var_normal - Cz.csv,resting,variance,CZ,109,,id41,0.00003425339624,0.000008939697326,0.00001834977413,0.00002393145191,0.000009107951981,0.0001093560743,0.00004669399517,0.00004138058451,0.0001097529507,id41,0.00003610320855,0.000005977752075,0.000007008923697,0.000003241274821,0.000004339141012,0.00004791132226,0.00001465139927,0.00002841028908,0.0001177559453,id41,0.00003267118154,0.000005209570292,0.00002441677898,0.000008177520129,0.000006734687843,0.00005337094314,0.00003427629739,0.00005372678298,0.0002348849483
resting_var_normal - Cz.csv,resting,variance,CZ,110,,id42,0.00004504746226,0,0.000432722519,0.00008555849106,0.00000004817759644,0.0003104036204,0.0003460499554,0.0002193508717,0.0001298892262,id42,0.00006085092884,0,0.0003605820522,0.00005170709135,0.00000003772829329,0.0002258876219,0.0002141707592,0.00009546321302,0.0001184485826,id42,0.000128768854,0,0.0003671514491,0.0002827105987,0.00000001829044878,0.0002272741111,0.000175502884,0.0001049315403,0.0001140471429
resting_var_normal - Cz.csv,resting,variance,CZ,111,,id43,0.0001799013554,0.0006280480191,0.00007461101842,0.000001975317879,0.0005563178571,0.0001535719001,0.000004466578902,0.0004109784868,0.0002886505456,id43,0.000128608046,0.0004915836987,0.0001807651038,0.000001612162673,0.00005469798777,0.00003539948097,0.000002471893024,0.0001614414119,0.0004084960908,id43,0.0002780518453,0.001088608017,0.0004823827178,0.000001996328165,0.0001011904467,0.0000858075014,0.00000678386833,0.0003078626954,0.000825691288
resting_var_normal - Cz.csv,resting,variance,CZ,112,,id44,0.00000103801642,0.000002751617768,0.000000004851652172,0.000006669205239,0.00002425401592,0.00001113865941,0.00002409497877,0.0001549276026,0.0003767448716,id44,0.0000002812675385,0.0000006991774469,0.000000002200086282,0.0000005118172906,0.000001737097313,0.00001974054512,0.00001942286244,0.00006426035732,0.0001975846794,id44,0.0000001404104246,0.000001554724799,0.000000002028491307,0.000001874059215,0.00000315673743,0.00003165189295,0.00004393328312,0.0004453375554,0.001394795388
resting_var_normal - Cz.csv,resting,variance,CZ,113,,id45,0.00001675295952,0.0002826906765,0.0002677681645,0.00003583654095,0.0001912900274,0.0002733698767,0.0005750992097,0.0001235004869,0.0006227992407,id45,0.00004041078075,0.0001833043428,0.00008580200099,0.00002375191288,0.00007611941116,0.000237201115,0.0006662229696,0.0001177529906,0.0002648187265,id45,0.00001858712747,0.0006867896502,0.0001346946705,0.00001327007061,0.0002924608661,0.0004281533307,0.000433282082,0.0002139852739,0.00033521105
resting_var_normal - Cz.csv,resting,variance,CZ,114,,id46,0.0005590568615,0.0001543547709,0.0002979618069,0.0004841065041,0.0001853840777,0,0,0.0001724416126,0.000376821198,id46,0.0001488626525,0.00007470085614,0.0001984541854,0.0005493369747,0.0003807581914,0,0,0.00007118551393,0.0001791120017,id46,0.0004646836563,0.0003452235452,0.0002088390214,0.0001975088007,0.0004693992499,0,0,0.00005917739673,0.0001972756876
resting_var_normal - Cz.csv,resting,variance,CZ,115,,id47,0.0002578865087,0.0002220320409,0.0001520858561,0.000283483855,0.0001996722772,0.0002214270784,0.0002524880529,0.0001992319327,0.0001954014662,id47,0.00008586598688,0.00007763864419,0.0000505867507,0.00008797650788,0.00006401118871,0.0001025698759,0.0001009967113,0.0001588662447,0.00008946808698,id47,0.00009761075736,0.00005714125273,0.00006363857389,0.00009201736071,0.00009376727647,0.0001120017594,0.00009435500893,0.0001617023976,0.0001360113345
resting_var_normal - Cz.csv,resting,variance,CZ,116,,id48,0.000006814517347,0.0002100194264,0.0001511175171,0.0002904421194,0.0002203230876,0.0003722462318,0.0002135886671,0.0001996073515,0.0002597230479,id48,0.000001829726924,0.000094266248,0.00006147702324,0.0001363820797,0.0001009180842,0.0001273312482,0.0000842796324,0.00007949989078,0.0001235254772,id48,0.000003591990575,0.00008691370925,0.000117947643,0.0001416513158,0.0001118466966,0.000120765362,0.00006979050538,0.00007366029204,0.0001554916902
resting_var_normal - Cz.csv,resting,variance,CZ,117,,id49,0.0003296205864,0.0002478065967,0.0004291760768,0.0001458506517,0.00008724556209,0.0001746855545,0.0001520211348,0.00009869031472,0.0007594086648,id49,0.000203830412,0.0001731330385,0.0001554713337,0.00004487733286,0.0000683854657,0.0001315625719,0.00005970079426,0.00005312652942,0.0004516637858,id49,0.000361576131,0.0001466937828,0.0001999335364,0.0001084641892,0.0001496559269,0.0002628596219,0.0001646916873,0.00004905970457,0.0004524019176
resting_var_normal - Cz.csv,resting,variance,CZ,118,,id5,0.0003800878605,0.0001931431075,0.0003576736061,0.0001655415306,0.0000004924172891,0.0002632791769,0.0005893849644,0.0008761070955,0.0005231093738,id5,0.0005452733232,0.0001186664777,0.000221772,0.0002171966235,0.0000002583364454,0.000170256675,0.0003928490164,0.0002489252869,0.0003409316273,id5,0.0004813877235,0.0004348777756,0.0003033402377,0.00009929534959,0.000001294003401,0.0002605196306,0.0005014517655,0.001353988169,0.0008071017002
resting_var_normal - Cz.csv,resting,variance,CZ,119,,id50,0.0003302806691,0.0003239738151,0.0005052068681,0.0004174309214,0.0000466860631,0.0000137228763,0.0006450219499,0.0007191456679,0.0004661934821,id50,0.0002150078358,0.0002688910448,0.0003410485928,0.000475062609,0.00002491601275,0.000005657355196,0.0002462901987,0.0005710431281,0.0002288467978,id50,0.000355897474,0.0001469354797,0.000469325919,0.0003400548808,0.00002414128798,0.00001066474358,0.0002865898726,0.0004476922647,0.0004672205491
resting_var_normal - Cz.csv,resting,variance,CZ,120,,id51,0.0001036079741,0.000192933338,0.0003164618727,0.0003417459771,0.00008039550189,0.0002486330256,0.000126394232,0.0001065652612,0.0005371083677,id51,0.00005523505411,0.00008498626387,0.0001237385414,0.00009279547656,0.00008909192245,0.0001014012367,0.00007746500513,0.00009479469586,0.0002859802977,id51,0.00006955662088,0.00012421804,0.0002086578773,0.0002226207707,0.00009487148684,0.0001558683012,0.00008918575934,0.0001338407342,0.0003983439031
resting_var_normal - Cz.csv,resting,variance,CZ,121,,id52,0.00001317156012,0.001547767881,0.0004033181502,0.00008483865422,0.0005009110765,0.00006014779155,0.00009090334924,0.00049431461,0.0007517659183,id52,0.000004896673774,0.0005280639572,0.000119757927,0.0001002035234,0.0004127711081,0.00002915056784,0.000008794478822,0.0002659404296,0.0003820083772,id52,0.000005761453401,0.0005214275737,0.0001864507121,0.0001433409666,0.0002064914359,0.00003746977387,0.00001693646318,0.0001423282441,0.0001556007249
resting_var_normal - Cz.csv,resting,variance,CZ,122,,id53,0.0003464235166,0.000006594190698,0.0002574184763,0.0001724370227,0.00001236749049,0,0.0001128277115,0,0.00003998799095,id53,0.0001692615166,0.00001636986293,0.0001588622245,0.000158911621,0.000001847149613,0,0.00006151148056,0,0.000002060882213,id53,0.0002700304094,0.00002822057954,0.0001516266392,0.0001938153817,0.000005113298298,0,0.0001884011474,0,0.000003901490611
resting_var_normal - Cz.csv,resting,variance,CZ,123,,id54,0.0001377821857,0.0005978115955,0.0001095862225,0.0007284632021,0.0001695758534,0.0003616251117,0.0005344877134,0.0004803490471,0.0003199534097,id54,0.0001106171071,0.0004822718581,0.0001195349435,0.0006966845185,0.00007503955079,0.0001529659898,0.0003507493177,0.000311827907,0.0002765091208,id54,0.0002294299525,0.0005870048163,0.000240434425,0.001048208293,0.00009591458535,0.0006544376504,0.0006061538105,0.0006077492201,0.0009699828223
resting_var_normal - Cz.csv,resting,variance,CZ,124,,id55,0.0001228921602,0.00005417220906,0.0005410077126,0.0003324784443,0.00004416757674,0.0006874187089,0.0006201077226,0.0004629369351,0.0005752946126,id55,0.00005176998868,0.00004192284603,0.0003325688038,0.0002158485886,0.00003307160548,0.0003444895636,0.0004170859354,0.0004880637053,0.0005434712432,id55,0.00008128246746,0.00009088303368,0.001836706503,0.0003445255738,0.00002194074578,0.0006852059784,0.0008654467491,0.0009491497211,0.001435860545
resting_var_normal - Cz.csv,resting,variance,CZ,125,,id56,0.0002581405081,0.00005800839972,0.00003258884531,0.0000002004949229,0.00002381911763,0.0003119451712,0.000593748538,0.00063776555,0.000009312012396,id56,0.0001056629685,0.00002457206155,0.00001635788057,0.0000001127827184,0.00003637859108,0.0001365949991,0.0001540702131,0.0004366851274,0.000003027274823,id56,0.0001918267001,0.0001244402113,0.00002231272399,0.0000002735176782,0.000101413598,0.0004090975413,0.0003745814957,0.001515662681,0.0000096541046
resting_var_normal - Cz.csv,resting,variance,CZ,126,,id57,0.00009152866078,0.0002385009424,0.0002973540638,0.0003909282277,0.0004679788377,0.0003593860555,0.00001779666448,0.0004683445976,0.0004343210507,id57,0.0000641966468,0.00005793718901,0.0001893428307,0.0001926816704,0.0002225723775,0.0001576272468,0.00003393515974,0.0002503963499,0.0003329125015,id57,0.0002128791643,0.0001366745024,0.0002089235936,0.0008414934915,0.0004340274026,0.0006395510086,0.00003969683999,0.0004976415897,0.0005025507751
resting_var_normal - Cz.csv,resting,variance,CZ,127,,id58,0.0004732656648,0.0002735532202,0.0002236916763,0.0003107685189,0.0003729666185,0.00009056831059,0.00006081035702,0.0001913168181,0.0001870069824,id58,0.0004829357716,0.0003680157851,0.0002244435526,0.0002201497715,0.000308507217,0.00006692675516,0.00005493607997,0.00007919429831,0.0001206340013,id58,0.000842812703,0.0001737177031,0.0004204434127,0.0002481570019,0.0009222660864,0.00008885355579,0.0001394106102,0.000250391971,0.0003844598653
resting_var_normal - Cz.csv,resting,variance,CZ,128,,id59,0.000489578011,0.0003930460677,0.0006227794045,0.0001523821815,0.0006501830574,0.0001358277929,0.0001790578048,0.00003055251313,0.0004201145246,id59,0.0002888365188,0.0003432883516,0.0004332205166,0.00008562039749,0.0006039551217,0.00006960812344,0.0001262600319,0.00001273766109,0.0002809214926,id59,0.0002936276584,0.0005510503282,0.00117406458,0.000724093345,0.0005687608809,0.0001562265009,0.0004508580501,0.00001384641112,0.0005456092167
resting_var_normal - Cz.csv,resting,variance,CZ,129,,id6,0.00001294544862,0.00004025057527,0.00009800207765,0.0004989587632,0.000230138417,0.0004057437292,0.0007031385341,0.0001287666605,0.0004449975065,id6,0.000004327988977,0.00005002005406,0.00001610297352,0.0001082778969,0.0002156833145,0.0002290383406,0.0003075948905,0.00006222523187,0.0002327097569,id6,0.000006288928325,0.00004926691689,0.00004723698092,0.0003442824816,0.0001041808985,0.0002174663975,0.001458282322,0.0001189430397,0.0001886088503
resting_var_normal - Cz.csv,resting,variance,CZ,130,,id60,0.0002719674471,0.0000207349581,0.0003008249686,0.0001989053355,0.0003504858071,0.0003259417844,0.0004829338873,0.0001669832417,0.0003626756887,id60,0.0001299515427,0.00007748031175,0.0002102927095,0.0001816429055,0.0002551842504,0.0002251613668,0.0001613857637,0.00007180804754,0.0001923911024,id60,0.0002186118576,0.00007664520514,0.0001865859678,0.000260348089,0.0004770528347,0.0003124750688,0.0005018610289,0.0001697827775,0.001004842261
resting_var_normal - Cz.csv,resting,variance,CZ,131,,id61,0.0007564326875,0.0008356541944,0.0004469170587,0.000639837118,0.0006038128198,0.0006099273815,0.000491902869,0.0007333128462,0.0007513387317,id61,0.0003941371039,0.0004650793159,0.000446424188,0.0005873672233,0.0005100528352,0.0006148803125,0.0006152644741,0.0005700645063,0.0006221241696,id61,0.0003323150594,0.0005919487788,0.0009260331138,0.000629427988,0.0004339862439,0.000477156951,0.0005049964113,0.0008615371635,0.0008699279136
resting_var_normal - Cz.csv,resting,variance,CZ,132,,id62,0.0004645349798,0.0003742724932,0.0005911703693,0.0000008588189107,0.0001838960235,0.0003295583195,0.0006340571144,0.0002860628463,0.0004615007755,id62,0.0003291667603,0.0001803500857,0.0003066592363,0.0000004961977172,0.0001874721038,0.0001495312749,0.0002833186529,0.0001843607274,0.0002329296355,id62,0.0005640217902,0.0002799932046,0.0005049165897,0.0000006626968413,0.0002757451355,0.0006696411413,0.000837221607,0.0002998503986,0.000337366694
resting_var_normal - Cz.csv,resting,variance,CZ,133,,id63,0.0003236581829,0.00008079985454,0.0001412767255,0.00009367640818,0.0004601970118,0.0004718170791,0.00004330823197,0.0006505685301,0.00007046550053,id63,0.0002666629521,0.00005237981114,0.0001248345799,0.0001329599346,0.0004182075808,0.0002781807872,0.00008046865302,0.0004511720011,0.0000387039919,id63,0.0004145755311,0.0001013649438,0.0001898710201,0.00006106976994,0.0005493468123,0.001004933441,0.00008854342468,0.0009191547387,0.0001229085975
resting_var_normal - Cz.csv,resting,variance,CZ,134,,id64,0.0008147087018,0.0003470768949,0.00002806683116,0.00004772683056,0.0005122090094,0.000320658635,0.0001429623357,0.0006838701451,0.0004929157627,id64,0.0001738091474,0.0001142463073,0.000009578308562,0.00003199539671,0.0001136533525,0.0003276846807,0.000130522653,0.0001447584597,0.0001521842162,id64,0.001313073162,0.001093853928,0.00001354285466,0.00004423094577,0.004556762639,0.001853154007,0.001143772349,0.0002558811467,0.0008442717613
resting_var_normal - Cz.csv,resting,variance,CZ,135,,id65,0.0004106870117,0.0001968711025,0.0001390414516,0.0002789896049,0.0006520937081,0.0000374792148,0,0.0002803919347,0.0004342064919,id65,0.0006737590693,0.00008231456047,0.00007080906941,0.0001400913979,0.000517955822,0.00001523054493,0,0.0003020382871,0.0002480296005,id65,0.002431602654,0.0003200305878,0.0002086750656,0.001140105978,0.001039445463,0.00001427780796,0,0.0003713612697,0.001055831993
resting_var_normal - Cz.csv,resting,variance,CZ,136,,id66,0.0002766689,0.0003731893002,0.0003689569949,0.0006270779719,0.0005572824043,0.0006735090801,0.000303984444,0.0002058081153,0.0005481964106,id66,0.00008755387831,0.0001458068995,0.0001587480527,0.0005839340164,0.000210901064,0.0001478041611,0.00006110131762,0.00008833027712,0.000240189656,id66,0.0004649940034,0.001968920028,0.001493173142,0.0007579646758,0.00147172661,0.003999533366,0.002717419374,0.001086048718,0.001727512568
resting_var_normal - Cz.csv,resting,variance,CZ,137,,id67,0.0001886587808,0.0000001781416717,0.000001000429007,0.0000003689803978,0.0000001404383068,0.00001686063267,0.000000005009002316,0.00001277065268,0.0004600002511,id67,0.00002719276844,0.00000005023310669,0.0000005443699973,0.0000001918447322,0.0000000424915962,0.000007293838686,0.000000003405301389,0.000003172560077,0.0002521536899,id67,0.00006310922039,0.0000002241733721,0.0000008528581273,0.0000004066407018,0.00000002614900624,0.00001791707668,0.000000001501447794,0.000005849181953,0.0003840219885
resting_var_normal - Cz.csv,resting,variance,CZ,138,,id68,0.0005784997874,0.0002028602821,0.0001290646283,0.0002241721863,0.0002195067123,0.0001393759897,0.00019840754,0.0003694176552,0.0001841973709,id68,0.0009996579785,0.00007895428808,0.00006602705998,0.00009177307744,0.0001860690886,0.0001436363954,0.0004652968849,0.0005486419152,0.00008873231644,id68,0.0005769856859,0.0003757709807,0.0000618028244,0.00009776105275,0.0002703315055,0.0004538854766,0.0009489974775,0.0005198452781,0.00009603937571
resting_var_normal - Cz.csv,resting,variance,CZ,139,,id69,0.0007096566919,0.00036499289,0.0001948102485,0.000298585918,0.0005364625672,0.0001740126347,0.0004543672684,0.0004659712928,0.0005635377362,id69,0.0002960440234,0.0002985750879,0.00005452175564,0.0002108098734,0.0004042151203,0.0001399399289,0.0003073156506,0.0002522567958,0.0003806791903,id69,0.0004376194339,0.0002813628695,0.0001872844465,0.00009916307978,0.0004254201556,0.000111227512,0.000427293695,0.0005170968796,0.0006996257952
resting_var_normal - Cz.csv,resting,variance,CZ,140,,id7,0.0001505477937,0.0003426804508,0.0002344670114,0.0003051695394,0.0004903139923,0.0007528435746,0.0001636779736,0.0007343846649,0.0002652658934,id7,0.00007063039149,0.0001294424518,0.00012546591,0.00007584830613,0.0005657860256,0.0003969302678,0.00008677982064,0.0002034770727,0.0001284140455,id7,0.0001198321864,0.0001406883922,0.0001300688361,0.00006399809541,0.0005375940697,0.001018647523,0.0001058654095,0.0004905339831,0.0002336286877
resting_var_normal - Cz.csv,resting,variance,CZ,141,,id70,0.000759591191,0.0003317872946,0.0003033186821,0.0005949385618,0.0004787618624,0.000708448582,0.0004911216716,0.0004561214047,0.0003441692421,id70,0.0003151615309,0.0001655228881,0.0002754321994,0.0001744275828,0.0004297820738,0.0002531137004,0.00009122580936,0.0001435564032,0.0002395845187,id70,0.00245854494,0.0008493328419,0.0003593448,0.0009142218849,0.0004507010083,0.0005378275262,0.0003857990618,0.0007811411703,0.0007273277816
resting_var_normal - Cz.csv,resting,variance,CZ,142,,id71,0.0003151503802,0,0,0.0001580142321,0,0,0.00005337294687,0,0.00000665883389,id71,0.00008179873601,0,0,0.0000625207564,0,0,0.00003229651413,0,0.000001709551808,id71,0.0001287902798,0,0,0.00004550959365,0,0,0.00009917498674,0,0.000002429218893
resting_var_normal - Cz.csv,resting,variance,CZ,143,,id72,0.000159520883,0.000250613659,0.0002588878719,0.00002047931531,0.0006251674147,0.0001348037532,0.0001634460028,0.000826050266,0.0005492136444,id72,0.00001336300155,0.0002007937981,0.0002367670936,0.0000009406635057,0.0002593137285,0.0001080457176,0.0001299464662,0.0003722587839,0.0003443100045,id72,0.0002649227663,0.0002506134235,0.0002130603289,0.000002509820823,0.0005009673294,0.0002462859528,0.0002724141307,0.000863811648,0.0006502895281
resting_var_normal - Cz.csv,resting,variance,CZ,144,,id73,0.000239005813,0.0002871274635,0.0004706722664,0.0003513357847,0.0005234223287,0.0006374422039,0.000413467438,0.0008253030416,0.000640243131,id73,0.00006659203724,0.0001590823097,0.000297279995,0.0003083997382,0.0003248173358,0.0002758661806,0.0001943604428,0.0003423161172,0.0002587336107,id73,0.0001066983958,0.0004051296124,0.0007395735381,0.000646395221,0.0006672053884,0.0004342356619,0.0002337577065,0.0004069212155,0.0005664701534
resting_var_normal - Cz.csv,resting,variance,CZ,145,,id74,0.00059995177,0.000215067913,0.0003361250392,0.0004116412869,0.0007679762182,0.0006117862611,0.0005067444621,0.0001604472168,0.0008261983875,id74,0.0005195486992,0.0001112738463,0.0003115397742,0.000196126976,0.0003331275205,0.0003302739091,0.0005343221583,0.00006839187313,0.0004863500792,id74,0.0007467083419,0.0001540096707,0.0005274559002,0.0004859468199,0.0009037076568,0.0006771162198,0.0007806916094,0.00004152994025,0.001023319328
resting_var_normal - Cz.csv,resting,variance,CZ,146,,id75,0.00006943851837,0.0002771266399,0.0001049374976,0.0002504028369,0.0001989458161,0.00002855665375,0.0004234470312,0.0006759365549,0.000498989484,id75,0.00007039148796,0.0002449586055,0.00008524191643,0.0001546082013,0.00006917145539,0.00001982502458,0.0003287686589,0.0004501048955,0.0002138830867,id75,0.0001698993271,0.0006103711417,0.0004044470033,0.0005033361759,0.0003749120646,0.00007481071327,0.001616272018,0.0005129735609,0.0005164812991
resting_var_normal - Cz.csv,resting,variance,CZ,147,,id76,0.0003009048088,0.0005190523758,0.00007923033779,0.0000004652210058,0.0001421158063,0.0006210172187,0.0002116968685,0.000008581784032,0.000253574309,id76,0.0002389659918,0.0004825030806,0.000005750698895,0.0000001902929348,0.00008256990605,0.0005855723213,0.0001530285612,0.00008577977461,0.0002098866106,id76,0.0003062628588,0.0005050396856,0.000001537979727,0.0000003026049171,0.0002983793002,0.0006697486542,0.00007336771848,0.0001256904202,0.0005334558736
resting_var_normal - Cz.csv,resting,variance,CZ,148,,id77,0.0004778272261,0.0008769558734,0.0005213171453,0.0003674696627,0.0002128303715,0.0002545717462,0.0003477723807,0.0001106131685,0.0001316496953,id77,0.0003407474361,0.0004366468821,0.0004846063652,0.0002508530406,0.00009830418884,0.0001651536251,0.0001974586978,0.0001031255048,0.0001494659063,id77,0.001084716401,0.0006708793529,0.0005481347715,0.0004488701906,0.0003256830393,0.0003524384297,0.0009279302169,0.0001398671004,0.0002302328463
resting_var_normal - Cz.csv,resting,variance,CZ,149,,id78,0.0003106944758,0.0002098176706,0.0002667130537,0.0003644818861,0,0.0002282901318,0.0000004521021588,0.000494277794,0.0001112855311,id78,0.0004491052807,0.0002133751862,0.00006722707763,0.0003094722851,0,0.0002670777903,0.0000001157366795,0.0002538404793,0.00005964146607,id78,0.001057133626,0.0002092252081,0.0004112158559,0.001787739894,0,0.000729055132,0.0000002561482607,0.0003249001844,0.00005921909725
resting_var_normal - Cz.csv,resting,variance,CZ,150,,id79,0.0002943165117,0.0002152030707,0.0004700366881,0.00004504904221,0.0007642028764,0.0001362114745,0.00005295256229,0.0002305884933,0.00002698490065,id79,0.0003485630815,0.0001126677304,0.0004086303965,0.0002581315262,0.000432334546,0.00003945183315,0.00001715113462,0.0003920822152,0.00001674585322,id79,0.0007868112603,0.0001314449774,0.001384535452,0.0009644378512,0.0008809331278,0.00004899580585,0.000008033220282,0.000340069417,0.00002869880676
resting_var_normal - Cz.csv,resting,variance,CZ,151,,id8,0.0005714759498,0.00001169533597,,0.00002501817948,0.0006427309886,0.000491683175,0.001132950263,0.0005484976726,0.0002572581331,id8,0.0002679972636,0.00001007607881,,0.000008677664563,0.0001583308799,0.0002900226332,0.0003196655241,0.0001441905221,0.0001568622642,id8,0.0005647781468,0.00001425371816,,0.0000115877197,0.0004904189752,0.0008341660427,0.0003558208353,0.0002156989322,0.0001710889391
resting_var_normal - Cz.csv,resting,variance,CZ,152,,id80,0,0.00002444325458,0.00005133226447,0.00004428580044,0,0.0002421559096,0.00001595843523,0.00006968645428,0.0001257098567,id80,0,0.00001545417751,0.00004950351573,0.000003696179886,0,0.0002329700958,0.00001832529185,0.0001367609079,0.0001252809384,id80,0,0.0000290830108,0.00008892357737,0.00001856852402,0,0.0001393138436,0.000035857608,0.00007122012611,0.0002702640363
resting_var_normal - Cz.csv,resting,variance,CZ,153,,id81,0.00007132424438,0.00000000756079147,0.00006060999573,0.0002767951852,0.0003028711016,0.00002670422117,0.00001445054264,0.0001915366911,0.00001484440582,id81,0.00008590409472,0.000000002872292298,0.000009793538276,0.0001173289565,0.0003107386208,0.00004161922795,0.0000170928106,0.000270555991,0.00001342604487,id81,0.0001456120424,0.000000002850852836,0.00001703547634,0.0001180850031,0.0002384699268,0.00002473265598,0.00004702706722,0.000222306813,0.00002454482076
resting_var_normal - Cz.csv,resting,variance,CZ,154,,id82,0.000930370985,0.0007593225408,0.0005446723369,0.0001094999407,0.0008690739852,0.0006360786821,0.0004372822087,0.000338964465,0.00005087485543,id82,0.0003099138981,0.0003375588114,0.0001439858292,0.0001661319196,0.000545490111,0.0002931936218,0.0003161306647,0.0002396799414,0.00003751669499,id82,0.001261637213,0.00208468509,0.00165050231,0.00007288079598,0.002911998974,0.0006452365432,0.001025990809,0.0006082207273,0.0001535020534
resting_var_normal - Cz.csv,resting,variance,CZ,155,,id83,0.0002620770809,0.00004842366032,0.00004947334962,0.0002772383302,0.0003486417494,0.00003927063096,0.0005926240156,0.0002129166583,0.000335342999,id83,0.00009156744929,0.0000450941847,0.00002872676136,0.0002175149016,0.0002850231235,0.00001165364246,0.0004175673048,0.000117344064,0.0002705780098,id83,0.000147833401,0.00003128018271,0.00004302112059,0.000389929046,0.0007369194512,0.00001519126741,0.0007220551627,0.0001345651093,0.0006027491792
resting_var_normal - Cz.csv,resting,variance,CZ,156,,id84,0.0003621247617,0.000171368856,0.0005786340659,0.0006996770076,0.0001486184989,0.0001360098269,0.0003065486367,0.0003094385859,0.0001332871524,id84,0.0002610731482,0.00005587646638,0.0003720886406,0.0004560062164,0.00005588893632,0.0000957744963,0.0001632588,0.000257533592,0.00007719163832,id84,0.0003679956739,0.00006806205921,0.0002717832402,0.0005141196753,0.0001251439717,0.0001822540895,0.0003665780848,0.0004405369507,0.0001737047732
resting_var_normal - Cz.csv,resting,variance,CZ,157,,id85,0.0001962230602,0.00007479648329,0.0002012261243,0.000008417963245,0.00004858825363,0.0001307184826,0.0001891606122,0.00001762024451,0.00005200244858,id85,0.0002337763305,0.00007063635514,0.0002191819968,0.00001264650167,0.00001473097187,0.0001103999247,0.00009846101395,0.000009892186846,0.00001494196774,id85,0.0002127920406,0.0001260302205,0.0001458232489,0.00001587066662,0.00004636153657,0.0001720692874,0.0001463526117,0.00002273283413,0.00002846052198
resting_var_normal - Cz.csv,resting,variance,CZ,158,,id86,0.00002096066864,0.0008078766017,0.0006453592551,0.0003885067524,0.0001468045855,0.000475814909,0.0006477343632,0.00009106936842,0.0005007856434,id86,0.00000925845706,0.0004340870789,0.0002917651405,0.0002254376122,0.0001467224711,0.0003530268457,0.0002197823969,0.00006494775258,0.0002366129772,id86,0.00001802894526,0.001249728351,0.000466109139,0.0006597858143,0.0004027479567,0.0003724681066,0.0008374852057,0.0001876337972,0.0006919358935
resting_var_normal - Cz.csv,resting,variance,CZ,159,,id87,0.00004214745129,0.0002928193451,0.0003140134569,0.0004480966809,0.0005043164288,0.000432757339,0.000454664188,0.0005992974449,0.0004614520347,id87,0.00002169078472,0.0001917589129,0.0002068725626,0.0003646046139,0.0002616042081,0.0001602109576,0.0002322151996,0.0004450875891,0.0002458501824,id87,0.00006189634455,0.0002828730691,0.000678755254,0.001348744456,0.001803374091,0.0007176512767,0.0003771268177,0.0008347217638,0.0006232099858
resting_var_normal - Cz.csv,resting,variance,CZ,160,,id88,0.0004322316424,0.0004061365488,0.0008333541493,0.0001137531849,0.0001597934901,0.0007462274178,0.0001529142051,0.0007764967261,0.0005570561557,id88,0.0004676735187,0.0005655317757,0.0005496072645,0.0002224300853,0.0001535700399,0.0005123792178,0.0001650348149,0.0004403766699,0.0004514756861,id88,0.0007133469445,0.001089086645,0.00110378978,0.0002812778211,0.000308436419,0.001146020959,0.0001334029396,0.001119342534,0.0008562727609
resting_var_normal - Cz.csv,resting,variance,CZ,161,,id89,0.0001180499134,0.0005218584223,0.0001402465722,0,0,0.00002636943543,0.0002456955584,0.00004271108187,0.0002977904613,id89,0.00004863908864,0.00007312559443,0.000009535662397,0,0,0.00002861733439,0.00007007309426,0.000004750890117,0.00008001325467,id89,0.0001467561534,0.0001148456397,0.00000150973159,0,0,0.00005497410178,0.0001291965629,0.000008620123947,0.0001436848294
resting_var_normal - Cz.csv,resting,variance,CZ,162,,id9,0.0007513328487,0.0007678946925,0.0002710014208,0.0007640272717,0.0000722050186,0.0001314240678,0.000008504562442,0.0005029900689,0.000182423576,id9,0.00007639606433,0.0003707663793,0.0001056702375,0.0006543314301,0.00001293693857,0.00009701762566,0.00000516181065,0.0002267090403,0.0001746341139,id9,0.0001723679285,0.0005816761239,0.000205805387,0.000736701408,0.0000203138594,0.0001371073551,0.000005297345973,0.001301478589,0.0001817755076
resting_var_normal - Cz.csv,resting,variance,CZ,163,,id90,0.0004540848467,0.0002902963201,0.0001845888594,0.00005943211768,0.000006452209142,0.00006997156264,0.0001173535363,0.0001979744417,0.00001032711998,id90,0.0002311068302,0.0001270408767,0.0004615775556,0.00003017300965,0.00001062570144,0.0001409470965,0.0003859459202,0.0001983994337,0.0000005276149423,id90,0.000274894131,0.0006521228443,0.0002745814826,0.00001530664423,0.00001263783877,0.0001959600798,0.0001989256495,0.0002886729707,0.0000007398815647
resting_var_normal - Cz.csv,resting,variance,CZ,164,,id91,0.0003844227635,0.0000000005760246959,0.0000978886191,0.0004385479551,0.0000004470028776,0.0000006491342517,0.0005494737486,0.0001115951533,0.00008078429831,id91,0.0001094036342,0.0000000004903687192,0.0000627378364,0.00013360884,0.000000007678502279,0.00000008041903859,0.00006528411045,0.00004457380029,0.00005143264924,id91,0.00008108592458,0.0000000009324796925,0.0001187198429,0.0003940366111,0.000000009544017297,0.00000003915810705,0.001351187808,0.00007029553056,0.00007736235908
resting_var_normal - Cz.csv,resting,variance,CZ,165,,id92,0.000480513521,0.0001108100964,0.0002529352585,0.000432715637,0.0003347046212,0.00008374301848,0.0006835513389,0.0000002314974825,0.0003816369015,id92,0.0002511833047,0.0001211560793,0.0004336117908,0.0004907590839,0.0001644709739,0.00005574356321,0.0003707340511,0.00000006904949351,0.0002458000908,id92,0.0003755577368,0.0000823888282,0.0004340274719,0.001016608738,0.0002196238725,0.00006414452044,0.0003265762969,0.00000005107363781,0.0004613291814
resting_var_normal - Cz.csv,resting,variance,CZ,166,,id93,0.001154375783,0.001460894739,0.00001388198582,0.00000001376437301,0.00000003021408183,0.00000175737356,0.002642537867,0.0000000819951543,0.0009916809865,id93,0.0001044361371,0.0002002137129,0.00001032275283,0.00000003050112071,0.0000000167751326,0.0000003131151052,0.0001009840357,0.00000004462659596,0.00003857374395,id93,0.001061240456,0.0005625665732,0.00001545971447,0.0000000651922236,0.000000004627168793,0.0000001830099304,0.0001708340367,0.0000001095605066,0.00004285105058
resting_var_normal - Cz.csv,resting,variance,CZ,167,,id94,0.0003896898341,0.0005947625726,0.0002452624792,0.00004719805532,0.0002286425959,0.000250859131,0.0003371337941,0.0002131667704,0.0002643347008,id94,0.0001688992131,0.0003604835368,0.0001513354205,0.0001604716666,0.0003184836767,0.0001893544421,0.0003840735202,0.0000946584691,0.00008166327184,id94,0.0003608062202,0.0007485993677,0.0002635940577,0.0000657162665,0.0004626372954,0.0004308344997,0.0005837740423,0.0001806652352,0.0001674363458
resting_var_normal - Cz.csv,resting,variance,CZ,168,,id95,0.0003901347413,0.0001660979566,0.0008645145656,0.0001321434145,0.0002230870176,0.00006712221347,0.0002123157768,0.00008395567727,0.0001200670509,id95,0.000206069267,0.00006666201871,0.0003742693724,0.0001660354745,0.0001270285432,0.0001662756904,0.00009526758445,0.0000756866346,0.00004621980505,id95,0.0003296654352,0.0003305303417,0.001451448847,0.0003667191886,0.0002975110214,0.0002600766056,0.0009231898863,0.0002745234975,0.0001681476055
resting_var_normal - Cz.csv,resting,variance,CZ,169,,id96,0.00004383936133,0.00002541469076,0.0000003996267585,0.00002457440335,0.00006639760157,0.00000224172065,0.0004793043095,0.0001381570765,0.000551185807,id96,0.00006456895832,0.000009584109926,0.00000001227235917,0.00001537302517,0.00001292857861,0.000005136960588,0.0002075268048,0.0000900705873,0.0003987862754,id96,0.00006424869419,0.00005195451407,0.0000001173604837,0.00003196125685,0.00004192065599,0.000001370620019,0.0008299518245,0.0005102987095,0.001074837864
resting_var_normal - Cz.csv,resting,variance,CZ,170,,id97,0.0003878261954,0.0005508872274,0.0004278541209,0.0005719535772,0.0003065421521,0.0000000003231097318,0.000558956631,0.0005087838593,0.0002779332395,id97,0.0002515007109,0.0003670361065,0.0005199128749,0.0003095734036,0.0002495434151,0.0000000003667870767,0.0004704731349,0.0003233058953,0.0002413654366,id97,0.0003911865448,0.0004956996559,0.0006455751291,0.0003458536074,0.0006332749811,0.0000000007375124028,0.0006012589425,0.0004761203564,0.0003066305618
resting_var_normal - Cz.csv,resting,variance,CZ,171,,id98,0.00009143037841,0.0002054330574,0.000367616872,0.0001778623523,0.0002469779502,0.0001475690709,0.000004520466776,0.0004600377503,0.0004445746106,id98,0.00008308684944,0.0002010885222,0.0003680414009,0.00004676465182,0.0001946190223,0.0002332101334,0.000001694558174,0.0007013090948,0.0003885339102,id98,0.0002216411504,0.0002608838753,0.0002841777373,0.0001461125551,0.0002395253668,0.0001696606378,0.000001072172608,0.0004511167288,0.0003496624107
resting_var_normal - Cz.csv,resting,variance,CZ,172,,id99,0.0007960642864,0.0002710465673,0.0008256855209,0.0005467940928,0.0005624125422,0.0001000292888,0.0004835221671,0.0005410094329,0.0004170662744,id99,0.0005155014789,0.0001231899756,0.000405776892,0.0003118265653,0.0002070697582,0.00004521719853,0.0002695073438,0.0004958457031,0.0003866632241,id99,0.0005189182512,0.0009969721725,0.001399178727,0.001238153655,0.0003435720766,0.00004725371352,0.0005876847822,0.0009215340728,0.000795758372
thinking_mav_normal - C3.csv,thinking,mav,C3,1,,High_Beta,mav (µ),,,,,,,,,Low_Beta,mav (µ),,,,,,,,,Mu,mav (µ),,,,,,,,
thinking_mav_normal - C3.csv,thinking,mav,C3,2,,ID,scenario1,scenario2,scenario3,scenario4,scenario5,scenario6,scenario7,scenario8,scenario9,ID,scenario1,scenario2,scenario3,scenario4,scenario5,scenario6,scenario7,scenario8,scenario9,ID,scenario1,scenario2,scenario3,scenario4,scenario5,scenario6,scenario7,scenario8,scenario9
thinking_mav_normal - C3.csv,thinking,mav,C3,3,,id1,13.16664599,5.667414316,2.702330442,2.714371692,3.074627365,12.39614264,0.4687557696,0,2.022992609,id1,2.781926162,4.110266207,1.664664989,1.764158244,3.929368791,6.465203396,0.3510815762,0,1.380801313,id1,3.048139877,6.111616826,1.849646406,2.017124052,4.396202496,6.342204395,0.4425381719,0,2.435353407
thinking_mav_normal - C3.csv,thinking,mav,C3,4,,id10,0.1398137451,6.37536819,0.959979502,1.063628044,2.860581647,4.581008967,3.497612844,3.888244689,4.242195621,id10,0.06526979553,1.607469328,0.6325250013,1.456445994,2.188146535,4.194337172,3.274364489,3.878119447,4.311779529,id10,0.0710315985,1.803179755,0.8624949747,2.053966427,2.591590168,5.39308846,3.172641835,5.219251491,4.803617911
thinking_mav_normal - C3.csv,thinking,mav,C3,5,,id100,0.8170649299,4.486699773,1.984501724,0.7059838338,2.933583566,5.864146112,5.852266187,4.7025933,5.792630968,id100,0.703196565,3.587926988,1.530280578,0.6085671627,2.743335105,6.006630064,7.578518787,5.629678814,5.730719224,id100,0.6888095881,3.805999916,2.028691668,0.8763833531,2.274711506,5.874343111,8.919530361,5.521618818,8.809856478
thinking_mav_normal - C3.csv,thinking,mav,C3,6,,id101,11.84077758,6.672405971,16.41092241,11.64631383,7.587480179,13.01344528,12.60899436,9.562994163,18.27836375,id101,10.60271476,4.078903308,13.25463865,7.562894226,6.996634079,8.40920115,10.65849566,7.81876156,12.71830849,id101,12.66419605,5.376639488,14.49103115,11.56524243,5.151753033,14.01798594,12.62953915,9.511814353,14.54118566
thinking_mav_normal - C3.csv,thinking,mav,C3,7,,id102,18.57001514,18.68226446,19.82572131,8.618182796,14.83557861,16.387215,26.99758966,6.732636944,2.364947413,id102,16.99101959,13.06141074,11.73832952,7.049488303,10.00955962,13.43450075,22.36331244,3.968606204,1.264187947,id102,15.1600489,11.93573809,19.83312772,5.833947119,16.32459379,19.76648108,25.48064759,4.662806722,1.160864336
thinking_mav_normal - C3.csv,thinking,mav,C3,8,,id103,25.23129375,17.87660199,17.72220248,6.564770469,22.06419174,17.01501195,15.37042676,1.144137029,7.857119492,id103,14.852299,15.2572588,14.0447331,6.994362354,14.7026936,14.88861335,11.7667373,1.327242003,5.411172641,id103,33.90496786,22.32091184,37.46598537,13.6815468,28.09500759,21.85998946,23.56135444,1.108414153,8.720625253
thinking_mav_normal - C3.csv,thinking,mav,C3,9,,id104,15.39797389,14.67738409,14.92828884,9.246936789,0.0001871993657,16.05348299,17.01920342,18.06540506,17.58986438,id104,14.83443888,11.20191222,15.50287761,10.49540606,0.0003652424861,13.00133757,13.67681077,18.83112058,13.56555672,id104,19.79903876,28.02130152,29.83590554,18.40138046,0.0005613321016,28.65225146,34.05488063,34.76750988,26.47453639
thinking_mav_normal - C3.csv,thinking,mav,C3,10,,id105,8.657143043,10.59723589,4.002683966,6.270117047,15.84177337,11.44999079,11.56177104,17.89595534,18.45134454,id105,7.767994897,11.98651587,4.076528755,5.357517052,12.39761409,10.47869368,10.75594204,16.31293086,16.31791803,id105,7.484573678,10.63156609,3.879911807,4.559856761,11.6633432,10.33527098,11.01507891,17.4913112,15.7521394
thinking_mav_normal - C3.csv,thinking,mav,C3,11,,id106,8.977949456,0,3.467947473,5.741826114,0.06634979658,0.7044066191,2.745529985,13.4225493,3.2904034,id106,7.647510042,0,2.531146643,5.689038931,0.04909322919,0.6582304876,2.261344075,8.175129627,2.627485862,id106,11.42638241,0,3.189868687,7.63666806,0.05286729941,0.6494998371,2.902446399,12.51161045,3.279431124
thinking_mav_normal - C3.csv,thinking,mav,C3,12,,id107,6.411766936,21.5410515,16.17566028,23.00125316,20.40207958,14.3654397,22.93287991,19.45918094,21.62851497,id107,4.422225925,15.5926877,13.51261524,23.27721966,23.35206644,12.46915389,23.84441909,23.60938119,23.18702104,id107,5.756611921,23.72023448,21.74683821,45.70249479,41.63890349,18.79188381,38.06735796,22.37845944,26.96495398
thinking_mav_normal - C3.csv,thinking,mav,C3,13,,id108,8.679987477,14.70574984,12.50868965,15.61921224,13.92344204,13.39555277,9.187724494,16.83121152,13.11604129,id108,5.929588683,12.19157788,7.116652031,8.037005439,9.200579128,8.867915789,5.399952197,14.80180656,10.61438075,id108,15.38826083,16.53610446,18.00719795,21.49748221,18.71939015,23.76111389,7.369463609,27.10526979,13.38725062
thinking_mav_normal - C3.csv,thinking,mav,C3,14,,id109,9.820688469,16.00641948,14.55341842,9.286523073,3.898421381,14.91553171,9.994801428,17.77876245,11.21850381,id109,11.36046041,14.96279082,13.70660467,7.393398483,3.405539431,13.83926783,7.602511093,16.99079023,10.74298697,id109,15.56260808,21.32072342,25.00281993,15.85024119,4.072880392,17.19738981,14.12940651,23.58700907,18.06111089
thinking_mav_normal - C3.csv,thinking,mav,C3,15,,id11,13.19268948,7.740436242,0.9162041333,0.00002540104954,2.268170522,16.2335341,10.08448262,8.833407517,6.157175039,id11,11.4090195,6.220483512,0.8958343368,0.00006207549805,2.912804981,12.33562821,7.936275469,7.177544269,1.627732518,id11,18.44016368,11.4504501,1.091130406,0.0001259799522,4.103679803,18.11821834,22.2800145,14.24191463,2.374225384
thinking_mav_normal - C3.csv,thinking,mav,C3,16,,id110,18.15339827,13.2370266,19.03990273,12.91291404,4.934378502,11.51638397,5.438837224,6.590081368,12.02786719,id110,15.22326226,7.947540427,17.75174752,9.78242324,6.062770557,10.79642334,5.442518042,5.775101284,10.42306897,id110,32.44265819,25.54094052,36.19164755,23.29386141,6.599501964,18.03329275,7.324938492,6.226734013,16.63561078
thinking_mav_normal - C3.csv,thinking,mav,C3,17,,id111,10.14132585,0.1814948453,6.579599849,8.159654989,12.14192283,5.763537926,9.17187904,10.70759855,9.045981996,id111,5.49227959,0.1185639065,5.15896383,6.131223982,7.258636015,4.778196445,6.64187784,6.420045408,5.146696515,id111,6.47459734,0.09503051885,4.833939152,6.730491738,7.813447854,5.248123495,6.605642917,7.439143337,5.946631769
thinking_mav_normal - C3.csv,thinking,mav,C3,18,,id112,6.854362732,5.272072463,5.133724045,10.15851841,10.0447426,6.3511536,17.08974441,13.42949162,12.24489957,id112,3.425143172,3.052730964,4.559992645,7.869682536,5.693007209,4.070431679,12.87349574,9.736348551,10.7831159,id112,6.675882619,4.970517963,9.545639003,10.29403418,10.90273997,6.172318577,20.2830734,11.12056385,17.19126576
thinking_mav_normal - C3.csv,thinking,mav,C3,19,,id113,14.94761535,15.08778117,15.36812519,14.60319426,16.91471876,19.27369859,14.2906014,11.43961801,11.69388666,id113,14.13077859,10.91852737,9.862883694,13.07497808,15.06878719,14.38882353,13.96176848,10.26997429,11.85536003,id113,28.43623271,25.02861401,35.00962707,30.43280866,39.57949972,38.18207908,34.98402362,21.35687198,21.25018119
thinking_mav_normal - C3.csv,thinking,mav,C3,20,,id114,11.11345757,9.969332002,15.17856254,13.48623416,4.974635313,17.06650117,15.44631753,7.865659766,17.3183664,id114,8.98167092,7.01355702,11.80210224,11.9105969,4.073102851,16.99982449,14.71879962,5.475390907,18.94360412,id114,16.48353877,13.83045579,22.18039889,22.20774298,6.020676166,27.43716871,23.96867493,8.61932971,26.35020683
thinking_mav_normal - C3.csv,thinking,mav,C3,21,,id115,11.89168778,12.58923934,7.562211116,6.923013197,10.69087151,15.60407365,5.845230204,2.718408438,13.81496344,id115,9.396260453,8.07719584,5.473771883,5.463264184,8.434725962,11.68617633,5.464982245,2.358962318,9.284137231,id115,10.29825856,7.47445556,4.667828438,6.169748885,11.55599907,9.316046999,4.704536301,1.621310091,11.42541796
thinking_mav_normal - C3.csv,thinking,mav,C3,22,,id116,11.33918129,12.14893976,12.84761038,14.29091231,11.67474443,14.75977263,11.71805915,14.39403296,13.38417657,id116,12.04736095,9.057671293,12.16759972,11.35199644,12.11750669,10.72901107,14.08780826,13.56635278,13.57775251,id116,17.82462082,16.74202876,23.81755661,24.43139048,18.79930908,30.5750322,21.50039514,24.13010444,25.78811628
thinking_mav_normal - C3.csv,thinking,mav,C3,23,,id117,9.604540661,13.21140119,22.77112947,18.27472851,0.8557303548,3.913764213,8.835782124,6.90067757,21.66314355,id117,6.506739425,11.49173339,22.56459345,16.93895282,1.78070329,4.798585784,12.46369123,5.353109811,20.17520921,id117,9.479368718,16.48575823,21.1474348,21.62014277,2.029029869,6.016999853,11.06092324,6.27062512,30.45017253
thinking_mav_normal - C3.csv,thinking,mav,C3,24,,id118,7.558680816,9.38024598,6.528021877,8.636637732,7.300441775,8.410888564,4.690010057,8.526366332,5.230448571,id118,5.780997335,8.181453494,4.724545962,6.497734532,4.819353051,5.997453642,4.568050888,5.812565618,3.956020403,id118,6.155153534,5.873438306,4.079750274,5.987663937,5.067193321,5.407441575,4.490216068,6.767659312,4.497887864
thinking_mav_normal - C3.csv,thinking,mav,C3,25,,id119,12.19996673,18.96459153,21.58280195,22.89869167,21.52732076,19.27789018,21.30391101,21.72427195,18.74934172,id119,9.117107959,17.27142596,15.88203102,19.1911066,20.4130326,17.85123226,19.2247956,15.40236657,17.69810237,id119,23.80061496,46.05347698,50.22075586,45.1073354,52.63338347,43.23446599,56.74417643,50.69996965,32.7325952
thinking_mav_normal - C3.csv,thinking,mav,C3,26,,id12,7.062813438,12.15560632,4.284417596,5.928256119,7.060048139,2.572174254,5.14338243,8.129652451,1.85313491,id12,6.327180947,9.623660923,2.741747357,4.304948821,6.780801576,3.309671214,2.95191668,8.331731743,1.133617487,id12,8.01547586,9.004419195,3.179573743,5.39759596,6.18254589,4.269392712,4.156092519,9.977270458,1.252687798
thinking_mav_normal - C3.csv,thinking,mav,C3,27,,id120,14.62374827,12.93981673,3.482341078,20.76031022,19.19376505,20.51765874,17.55205396,15.48493438,18.59613843,id120,14.44970814,11.14721774,2.580533291,17.60740148,20.5757484,17.07036178,14.7973749,15.34301435,15.1834897,id120,33.65261947,26.37107931,3.364168615,41.10403885,41.02724272,45.9581618,30.35180071,29.03156337,34.21811314
thinking_mav_normal - C3.csv,thinking,mav,C3,28,,id121,16.67612558,16.85184748,17.82771343,15.34650433,18.83184201,10.40980916,15.27210979,3.870704463,13.98811105,id121,11.73579398,12.54201558,14.86065814,12.39225096,14.13114943,9.394053374,12.66842014,3.50555554,13.73420503,id121,26.09722332,24.68595052,24.8192229,18.244212,26.95189716,15.05503277,18.02026327,3.523747658,26.17150744
thinking_mav_normal - C3.csv,thinking,mav,C3,29,,id122,26.11421827,18.56219907,14.92288319,13.40937277,11.11606948,0.02957235542,0.7904291726,19.30743335,12.62305132,id122,17.77767273,12.75779107,11.3223234,9.820179526,11.27840369,0.07826396731,0.6494941669,15.5674682,12.27271843,id122,45.6259663,34.03701008,23.41862629,12.71387453,16.39045605,0.1055552455,0.8938915266,31.37577594,18.50817076
thinking_mav_normal - C3.csv,thinking,mav,C3,30,,id123,16.85035468,7.198375198,21.81710662,16.02704699,17.76516278,1.44683648,18.6517043,17.68039136,8.67970116,id123,15.77204287,7.681874148,16.30747516,17.27899431,15.35407994,1.421307986,16.87121898,20.66849245,10.42822405,id123,22.65970465,11.00116618,36.54371011,18.93753586,27.73948061,3.651513486,33.92634738,34.93765109,17.56029093
thinking_mav_normal - C3.csv,thinking,mav,C3,31,,id124,6.974463276,0.08534608511,4.650544221,0,4.695193978,17.85137657,1.242891598,2.508238892,0.00002051872708,id124,6.522666067,0.0981175836,3.705278293,0,4.091483186,15.7404386,0.8443584884,1.30665395,0.00005092770494,id124,7.356510985,0.0936143858,4.928833414,0,4.140153935,20.4601023,1.217485028,2.186113728,0.0000722187915
thinking_mav_normal - C3.csv,thinking,mav,C3,32,,id125,10.58305829,12.12694069,9.129367831,8.593067683,14.6588933,13.37930354,13.78949037,16.98077019,14.801742,id125,10.39708275,13.88191664,9.490745002,10.17789384,14.36119929,11.26068697,12.79555533,10.90080621,13.74520261,id125,8.964261363,15.95209383,14.33531605,11.21745478,21.80072766,15.20196927,19.21069293,20.89293894,22.17367766
thinking_mav_normal - C3.csv,thinking,mav,C3,33,,id126,15.42526968,12.43200134,8.018254226,0.2906809631,19.02150103,11.95968608,14.93782383,9.430684243,8.832545501,id126,17.46860356,11.2033175,7.642342134,0.3333633199,20.09370298,11.9282968,11.77673661,8.391279059,6.47648545,id126,17.50536361,12.21445465,6.792045978,0.3278069105,16.89767869,9.642671591,12.28293302,8.472228082,6.945640188
thinking_mav_normal - C3.csv,thinking,mav,C3,34,,id127,11.92928146,18.63781898,17.82815018,20.46864796,20.46196484,0.0002504240411,6.874571337,3.78954008,0.4753779267,id127,8.784733754,17.25438515,16.02597436,16.00155367,16.33890526,0.0004701846214,6.375543865,3.978332527,0.469576341,id127,12.00508885,16.91708955,19.40076226,18.85015286,27.15260852,0.0007460984777,8.31023085,6.021689665,0.4716810998
thinking_mav_normal - C3.csv,thinking,mav,C3,35,,id128,19.34619566,14.407723,14.53801842,19.40208052,21.2926726,17.47759256,23.35070836,7.333750969,23.35487708,id128,15.37935942,9.800416403,9.980042037,17.9005605,14.91668994,13.71338193,15.69751696,5.371706972,15.31815285,id128,22.35233601,19.15823274,17.66900187,27.42075469,32.05936353,25.99660647,25.26616403,7.15475457,42.51740122
thinking_mav_normal - C3.csv,thinking,mav,C3,36,,id129,18.80570568,13.55116077,11.34594639,7.082411991,10.57577753,14.50010608,9.28934451,13.73962482,2.644627038,id129,13.60576699,8.888091673,7.967782134,5.599543765,7.393147645,11.61133252,6.573032253,10.80286707,2.74963697,id129,19.44609583,14.48157357,10.43428595,10.12043014,8.21520234,14.29237553,6.539893456,9.746273785,3.104359339
thinking_mav_normal - C3.csv,thinking,mav,C3,37,,id13,0.491971888,6.485578487,2.867361552,6.26858967,0.6679407977,1.782515286,1.332361281,2.549993265,2.26128968,id13,0.8229619123,3.839836305,3.941478101,4.179025206,1.164246801,1.983920153,2.151844694,2.741253923,2.636095793,id13,1.18091916,3.672233672,4.201185963,5.29653905,1.021697813,2.812683273,3.125436365,3.32555308,3.577605255
thinking_mav_normal - C3.csv,thinking,mav,C3,38,,id130,2.962973604,0.09420289106,6.638323312,0.1496246355,16.2566662,6.915492442,7.120029562,7.724964302,18.18063823,id130,3.697856059,0.09300778483,6.316597827,0.1338546211,15.18069362,8.530884908,7.465500911,6.989115197,18.2829068,id130,3.157851157,0.09162725101,4.723561181,0.1401055601,20.69482213,9.445291895,12.32473776,7.191196045,23.41114502
thinking_mav_normal - C3.csv,thinking,mav,C3,39,,id131,2.891386867,0.09920346028,7.831956874,17.4664368,0.001200333819,16.00231962,11.09506959,0.7219105734,0.3426452343,id131,2.416053752,0.07914051426,4.930687153,13.15338214,0.001480587435,15.48480443,10.51603676,1.035232684,0.5687880465,id131,3.906339363,0.1058520673,8.078327797,24.73113934,0.002014847946,20.89976413,15.59629651,1.639639494,0.8169513835
thinking_mav_normal - C3.csv,thinking,mav,C3,40,,id132,4.817591702,12.0263786,21.97419875,14.71529821,11.59728447,15.32117771,19.38731037,15.29395264,21.18601879,id132,5.096364756,11.07083817,13.45366678,10.65826086,10.6412095,10.02092137,17.08614618,13.24715025,13.84966569,id132,10.22071178,32.24650728,47.19675331,30.40404336,27.80069562,38.91764997,46.91576126,31.92762765,49.68590069
thinking_mav_normal - C3.csv,thinking,mav,C3,41,,id133,14.29501338,8.427630189,9.240305609,12.31907846,7.386965896,11.45218885,5.96048366,14.34133418,14.08972166,id133,11.51174761,10.03385639,9.456302972,11.50034942,7.300474235,15.70148247,8.067855722,16.82264807,15.42074062,id133,11.79373354,9.731372276,7.533399457,12.32838927,6.427785944,20.46600731,9.188634179,15.90968891,28.28600422
thinking_mav_normal - C3.csv,thinking,mav,C3,42,,id134,11.20987864,10.08334237,16.92077136,9.628624367,12.27172554,12.78198584,9.97131957,14.72457323,11.71372123,id134,7.776538153,6.735655672,10.77904445,7.844552366,9.096923433,12.24375251,7.523077394,11.94371135,9.670381128,id134,10.48901301,7.305906327,14.86028497,8.481969214,9.325399063,10.75464537,8.738579647,14.11719297,11.83387013
thinking_mav_normal - C3.csv,thinking,mav,C3,43,,id135,12.53838429,16.8453134,17.47295979,14.06260898,14.81073403,14.71750322,20.14386368,15.35471846,17.99280813,id135,9.810414076,16.15423695,18.93677453,12.74325059,10.88911336,16.36382872,18.76366471,15.06950486,14.24631725,id135,18.54385276,38.92726705,32.39020241,23.97820457,25.40530002,29.2200725,27.23164696,31.17110845,34.2597673
thinking_mav_normal - C3.csv,thinking,mav,C3,44,,id136,16.70752563,16.75774785,19.39496639,11.18062789,10.97208326,9.245172157,15.32924525,15.81169845,6.802015525,id136,14.27028762,11.77332988,14.3169481,10.26909108,10.44626499,9.639045734,13.81801917,14.73166199,6.416060158,id136,31.28417575,40.26681479,36.6322502,21.79962631,25.19602271,18.75972439,22.70310843,30.79693155,16.0832176
thinking_mav_normal - C3.csv,thinking,mav,C3,45,,id137,8.88293816,9.257777618,1.111994098,10.61981437,6.557455373,7.294496908,5.781304953,9.870776726,6.593261987,id137,6.435557247,7.046094292,0.7539330334,6.653474835,4.37983499,4.459127299,4.389781681,6.691306373,3.809866326,id137,10.0019144,14.49141437,1.535075427,8.358311055,4.980565307,5.68075823,5.312090034,8.926585395,7.862399078
thinking_mav_normal - C3.csv,thinking,mav,C3,46,,id138,21.78537443,21.24525587,19.3577434,20.45053841,16.90546396,10.09133227,14.0335139,10.21713145,16.59437554,id138,18.75059789,19.58438418,19.48061821,18.56886513,17.14908576,8.773209992,14.015572,9.526810992,12.59955501,id138,20.35798759,33.81295604,38.4437598,45.44466925,25.43531465,16.8710618,32.99518724,14.27038989,20.1833566
thinking_mav_normal - C3.csv,thinking,mav,C3,47,,id139,21.76841896,24.31677152,21.52409653,21.11523427,24.80356331,22.6268508,21.4817917,18.83990467,17.36105526,id139,17.2985525,12.66212219,14.8813151,14.50185628,13.07406786,14.82425094,13.58833442,12.97990916,13.91334352,id139,46.00889943,47.46626263,56.19145305,42.44795793,52.3503797,55.64787082,50.23061321,43.33628839,40.40296337
thinking_mav_normal - C3.csv,thinking,mav,C3,48,,id14,0,1.997269852,1.449681802,2.60340481,0.3259401791,2.679136856,4.170392262,2.25041828,0.00001264215362,id14,0,1.515246458,1.314643409,1.997967744,0.2028645483,2.469998141,3.385927358,1.756000459,0.0000211923735,id14,0,3.295196197,1.422928267,2.601832354,0.3724349631,2.102140387,4.045603736,2.499851553,0.00003056976964
thinking_mav_normal - C3.csv,thinking,mav,C3,49,,id140,21.82239519,17.75335674,20.85590163,19.30243497,17.5736261,22.06774848,19.1277748,18.84050058,15.01332162,id140,24.22898456,15.61080503,20.50960509,18.8480237,15.45093296,17.79482582,13.24179224,17.44594596,11.25846951,id140,37.92149895,23.63638736,42.32980677,41.83881919,27.18346378,43.77923107,48.56432356,45.05048209,21.66135082
thinking_mav_normal - C3.csv,thinking,mav,C3,50,,id141,21.12412141,18.05863032,22.14138538,20.98734193,20.6145118,15.33432893,13.19784936,15.33326041,4.488941295,id141,14.74372504,16.9800632,16.50454649,17.2868729,19.95973639,18.4759571,15.06630234,16.58325616,5.022417825,id141,19.16416651,21.80479629,22.65154247,23.02006231,18.94533328,15.35259884,16.55341287,21.31615091,5.739417652
thinking_mav_normal - C3.csv,thinking,mav,C3,51,,id142,25.22038371,17.82982591,22.93045089,21.07001746,4.560814511,14.61831118,18.07406737,12.53897915,21.00515676,id142,18.23202529,14.98093318,16.8206504,15.54683504,4.592475493,13.00229268,13.35944924,8.820720034,15.51783358,id142,46.01901803,29.50364639,36.27470198,51.07181629,6.160526426,19.55624391,38.12977311,19.2310775,53.47483339
thinking_mav_normal - C3.csv,thinking,mav,C3,52,,id143,16.03286621,20.17314785,24.20049205,15.23851215,20.76052198,21.64244746,0.6800362722,7.139717535,16.95219099,id143,17.00296153,16.56770727,19.55372069,14.15497092,16.79710213,17.746887,1.08480849,5.681504129,16.70386709,id143,18.02565546,33.85295651,40.47240442,26.63725701,28.92938465,30.92278341,1.166390714,11.03009948,24.7027963
thinking_mav_normal - C3.csv,thinking,mav,C3,53,,id144,16.51785645,19.77010604,19.66830234,19.90478018,22.05261722,21.27473923,16.75604194,22.86731165,16.61836737,id144,12.8323757,13.90772002,16.92913052,15.13773522,18.25730029,14.00100323,13.95715633,14.40280792,12.87401459,id144,43.8496682,37.67080615,48.46340297,45.10915075,41.17111684,55.57219294,24.02392161,47.78887546,38.17721517
thinking_mav_normal - C3.csv,thinking,mav,C3,54,,id145,22.65969992,15.13990755,21.78689813,21.86060029,18.38198451,22.57411611,22.098276,0.7545896943,18.59131501,id145,18.77295582,15.84745152,18.965304,16.02569114,16.81244021,19.61599973,16.70272674,1.065462787,15.36456849,id145,31.63548954,22.86793973,33.77693745,26.18586888,28.61582041,31.66480707,23.19656405,1.145241291,24.26262615
thinking_mav_normal - C3.csv,thinking,mav,C3,55,,id146,9.610923492,15.70743298,8.48443037,15.55120525,15.85375516,15.55320476,11.87505275,16.97264865,11.91176986,id146,9.041168555,13.70463064,7.853374201,15.14438873,10.22619272,9.153748635,10.39746698,14.88045416,11.28312605,id146,9.659830767,22.05692842,14.67187468,21.54305954,21.14186465,23.8321143,17.30774598,34.09216374,21.60661339
thinking_mav_normal - C3.csv,thinking,mav,C3,56,,id147,8.937376994,10.63506181,12.63341168,13.37002259,5.65764449,7.276716925,6.818351139,14.25948331,9.465204623,id147,7.131667821,8.600332502,10.73843611,13.47337414,3.758179042,6.454689504,5.927098305,10.38864399,7.340972943,id147,18.37516713,21.10832143,27.93132107,27.46246403,14.91570673,19.20762152,14.08591639,27.13983934,18.63594058
thinking_mav_normal - C3.csv,thinking,mav,C3,57,,id148,21.82597135,14.00620038,14.83392552,4.661609089,13.00858012,15.71923311,19.20622158,22.73765817,10.32024601,id148,17.05654723,10.864272,9.391100848,2.717047883,11.3250894,13.9512641,14.98496344,18.53318477,10.03579552,id148,20.35559041,15.9054998,12.44232697,3.724462531,13.30878219,19.35725453,26.54854261,25.39611318,13.68880796
thinking_mav_normal - C3.csv,thinking,mav,C3,58,,id149,19.79101883,19.63976385,20.54068162,14.70207494,16.09595442,20.78015015,18.38474188,20.22754795,18.47135209,id149,17.60863309,18.43208042,20.28994171,13.98482156,14.6247222,15.88436377,14.45404109,21.36120641,14.65317003,id149,29.6596931,31.31586567,35.34359443,24.05753596,24.7033732,24.87989071,41.81149146,31.47004786,26.73507184
thinking_mav_normal - C3.csv,thinking,mav,C3,59,,id15,5.974540084,2.995872199,5.764346671,6.453574008,8.036027058,9.371997062,11.213573,15.06544368,15.54207344,id15,4.163168083,2.179644946,4.220973062,3.933931089,5.292201174,9.2527751,9.167974772,10.54413577,11.94289233,id15,4.733062907,2.284801181,5.611127487,4.812016181,7.236615894,11.20693269,11.34710892,20.27321189,15.80279002
thinking_mav_normal - C3.csv,thinking,mav,C3,60,,id150,15.0040963,11.50623487,16.31992418,16.95797977,22.35084524,17.24189712,20.94801721,14.67456364,21.36503671,id150,11.35397241,9.083219697,17.9303003,16.63304544,17.97546216,13.86471672,17.52595683,11.64907167,12.68669835,id150,12.04163616,11.61131299,16.17227666,19.34491754,16.99906691,18.11762579,19.2975064,12.71274312,15.27521882
thinking_mav_normal - C3.csv,thinking,mav,C3,61,,id151,10.09421174,18.26805146,18.75226227,16.01100614,17.53497088,20.70377876,23.42482911,16.45495939,16.89713841,id151,6.589390141,15.96807854,12.56891181,10.71972301,16.55302814,18.17549837,20.89816299,15.82382145,15.13676167,id151,9.140173692,20.42912415,23.70137823,16.4990384,23.22373933,23.14880388,21.93703011,23.19532426,15.50848723
thinking_mav_normal - C3.csv,thinking,mav,C3,62,,id152,0.3978286527,0.6871447872,2.97262485,20.31493783,0.3742544411,4.239966875,7.318763089,11.92077181,9.383904002,id152,0.2670127629,0.5476879822,2.027166353,14.88756589,0.173384022,2.29886137,6.046100933,7.671133658,8.788205544,id152,0.3554020636,0.4860056252,2.07170976,17.86436271,0.1748051789,4.521716627,6.831251508,12.72142587,10.66796386
thinking_mav_normal - C3.csv,thinking,mav,C3,63,,id153,18.63944186,10.98212763,11.504078,4.392221874,22.06752348,21.36552108,19.2682787,13.64796162,22.02012039,id153,13.48713063,7.329084064,11.7021711,4.676219926,17.57661042,22.26431348,17.63904184,13.04007723,18.89470355,id153,25.12380017,11.78467456,18.44627185,8.076163572,34.34334133,33.64965485,33.23777642,21.50027189,44.53337653
thinking_mav_normal - C3.csv,thinking,mav,C3,64,,id154,18.80837505,8.84683528,20.36022378,25.3359825,18.82995156,18.95607948,20.83441814,21.41299968,24.07232646,id154,11.66785891,7.034472022,14.24966272,12.29047026,10.80126809,18.10005963,17.85520939,11.93249329,15.94399185,id154,27.57057556,12.93539394,36.52602051,40.84974449,42.5330566,39.21516372,43.46105496,47.45501407,60.28516353
thinking_mav_normal - C3.csv,thinking,mav,C3,65,,id155,14.4857831,7.881235714,11.1212986,11.74322966,15.07526223,7.077950859,14.67064915,15.43598855,11.63306949,id155,11.03449628,7.196424884,13.3390252,12.37448038,12.81950394,5.315495373,10.11630496,16.53802305,6.060508281,id155,16.73972966,8.34153231,22.10344388,20.15890145,25.8983399,8.021258579,12.86623843,23.67034825,8.980216563
thinking_mav_normal - C3.csv,thinking,mav,C3,66,,id156,16.9052462,7.189413739,17.19575985,15.31231103,20.00765878,9.136040645,12.84136266,12.70411142,0.1241874447,id156,22.44929913,6.484375231,16.48334611,15.33898911,23.55198731,12.36837122,14.20951845,13.08401245,0.1542934716,id156,21.41316673,7.164473122,15.78926323,15.08057278,20.0392495,13.52769515,15.98683247,15.94844644,0.1525658108
thinking_mav_normal - C3.csv,thinking,mav,C3,67,,id157,13.6052403,11.3806857,13.6348544,12.3742447,11.97407641,15.10441115,13.11570338,14.10703722,9.881028185,id157,10.43615222,9.897056367,10.08459837,9.18749279,9.011299331,10.31884478,12.38265483,12.12164719,7.238297231,id157,11.33384656,8.212277878,10.85063767,10.70419088,11.5146698,11.5816441,15.14810254,11.86733569,6.482462816
thinking_mav_normal - C3.csv,thinking,mav,C3,68,,id158,17.72901369,16.0979069,2.103321802,13.52261824,15.98284209,21.19755515,15.76410046,14.65952998,15.03495716,id158,12.41852713,10.79229925,1.83344659,12.38739462,13.68328785,15.19192584,11.37067521,14.91287633,12.72198773,id158,16.20227259,15.71995224,1.974544157,12.8440809,17.25999433,18.36344787,16.42922695,18.95727648,20.45681895
thinking_mav_normal - C3.csv,thinking,mav,C3,69,,id159,10.14504174,15.74665921,15.96024011,16.96157325,18.50569685,0.3252267442,18.33864189,11.54962635,7.263426576,id159,9.865301159,11.07916874,12.71610057,16.13502755,18.35114686,0.2378267863,17.37805429,12.16429987,5.529380243,id159,15.6866648,26.22848232,35.4281788,18.80901339,34.92691997,0.307905473,37.84281342,18.50654562,7.593557126
thinking_mav_normal - C3.csv,thinking,mav,C3,70,,id16,10.60405009,4.426356769,5.114645849,0.6086734825,1.23460742,2.008534241,1.675000137,2.575596666,4.864892419,id16,7.447954835,4.271318044,4.122063586,0.7675530752,1.715599978,2.583791048,2.078740886,2.573416044,6.027937599,id16,9.063910519,4.152188268,4.200274919,1.195390932,2.213744872,3.369855693,3.087412108,2.936096265,5.613789635
thinking_mav_normal - C3.csv,thinking,mav,C3,71,,id160,19.84334077,21.39168111,19.33777282,14.44912359,1.670136323,12.61034311,18.96834626,22.67544683,18.14956852,id160,16.64426348,16.7600731,19.36691534,13.70788491,2.138218683,9.636765156,15.62303518,15.1804718,15.98731497,id160,44.82360569,48.2140247,48.53472523,21.69299215,3.547074052,11.7777131,40.01289318,42.03488401,36.45373696
thinking_mav_normal - C3.csv,thinking,mav,C3,72,,id161,12.35152387,17.34537896,16.60034218,17.85071399,22.82011655,20.4788004,19.62804977,20.44119375,21.64159105,id161,9.366980233,12.36082353,13.43643109,11.44463412,12.31480475,15.70728699,14.1748125,16.01697924,15.1413682,id161,13.29287972,30.74503116,26.37761285,24.190226,40.15780249,33.36242591,40.91429783,46.64959504,38.15500926
thinking_mav_normal - C3.csv,thinking,mav,C3,73,,id162,15.64604406,20.7052839,18.04051662,8.081028505,6.790720631,9.613787358,12.48705617,17.59869261,15.3948952,id162,15.92186451,18.37705954,15.94166854,8.817212277,5.539773846,11.16299994,17.15071846,16.51411255,15.66735832,id162,32.04792621,32.70903632,39.16581683,13.7547434,5.200692528,12.97345247,21.34743963,16.29936803,22.78604777
thinking_mav_normal - C3.csv,thinking,mav,C3,74,,id163,17.26380896,17.49978316,18.27023171,21.20233051,16.4465604,11.13988781,8.221074581,21.83900428,16.78350416,id163,12.7399015,13.72907918,21.02144783,18.19101836,12.72656339,8.412932177,8.022244584,15.13976414,17.52321549,id163,43.16229416,33.5793177,46.23911598,48.40988461,53.81617494,23.47836027,16.16347707,46.20981871,46.7442511
thinking_mav_normal - C3.csv,thinking,mav,C3,75,,id164,7.776164463,11.04765156,17.6949344,19.69849831,14.26614885,19.37931273,18.31352588,15.77436717,15.04437241,id164,6.12101553,6.766498093,11.0791744,15.27444415,11.01365796,16.04208033,13.52614017,14.72191372,10.46643452,id164,6.825318306,7.956514971,24.68839651,22.18737129,17.89306427,27.77200543,23.59255818,20.87677147,20.7902092
thinking_mav_normal - C3.csv,thinking,mav,C3,76,,id165,20.08396295,22.41178813,6.985176418,5.331321537,6.588910956,18.92390057,11.29906036,21.46971862,17.45697172,id165,13.09249132,15.68414405,6.277885449,5.421954534,7.357593669,12.67146283,9.890259227,16.25443078,12.601054,id165,30.2477914,33.4953316,12.1062421,9.612237103,10.77376852,19.82366503,20.90580156,38.15155056,30.89809979
thinking_mav_normal - C3.csv,thinking,mav,C3,77,,id166,7.15687899,4.81865776,3.786892203,3.740235217,8.830819518,1.671993979,3.772307149,4.462953939,12.33959712,id166,4.542075081,3.511731378,1.966041185,4.021443197,6.480414402,1.729619842,4.697914206,4.759292719,11.78185893,id166,8.683705402,7.145833001,5.520923435,3.795831859,9.042957076,2.235455626,4.861046425,7.842033926,19.53241467
thinking_mav_normal - C3.csv,thinking,mav,C3,78,,id167,18.72610787,21.89751433,16.86244668,17.97586764,15.87627769,22.0737838,23.32103712,17.92610119,8.627244608,id167,15.69879034,18.05231823,11.39426924,12.362142,14.03340449,17.83777253,17.78218591,13.4085285,8.857845226,id167,28.84071678,35.47947469,19.87307649,29.06482128,25.43833448,36.83298948,28.78395399,18.03034263,7.718066483
thinking_mav_normal - C3.csv,thinking,mav,C3,79,,id168,15.97575959,20.24156656,14.2792133,11.61494758,21.13850204,22.08988443,20.51496656,21.47960588,16.07511242,id168,13.12329058,15.84561149,13.16739044,12.13104206,13.591589,17.99620881,20.03851917,15.91500888,15.32117091,id168,19.79266669,28.7175698,20.43137709,17.09740949,28.54045661,32.61964156,34.03741013,34.42267632,22.37333287
thinking_mav_normal - C3.csv,thinking,mav,C3,80,,id169,20.9608494,17.14957159,2.634409636,9.800021045,9.937130302,4.184317964,1.486946378,5.418409385,5.389111992,id169,19.68033934,10.29697628,4.157319088,7.648603535,10.8194379,3.353627018,2.184516609,4.236946142,5.056941259,id169,42.41502322,23.26162142,5.089425971,22.4351651,26.35559083,8.864526661,2.793226969,7.332206426,9.13772884
thinking_mav_normal - C3.csv,thinking,mav,C3,81,,id17,6.89417387,1.377589326,6.620798522,1.343915827,0.5014685089,5.985420973,4.666790533,11.05696185,0.2550548353,id17,4.336260131,0.8304259468,3.371737696,1.498237356,0.287243046,2.307644246,2.088963528,6.586409795,0.1590901057,id17,4.864334617,1.184797435,3.945858608,1.00115943,0.4223594158,2.469874025,2.215257057,7.531957713,0.1932069289
thinking_mav_normal - C3.csv,thinking,mav,C3,82,,id170,5.913842237,22.74027895,18.21509067,7.795174296,9.440901112,8.581626602,4.414061392,15.84470847,9.229882425,id170,5.119650742,22.47356334,17.67341275,10.11609326,11.1841747,6.918055907,4.921393119,18.14919254,7.211298681,id170,7.706502888,33.53769666,41.67764063,11.6293715,16.61943797,13.86278653,10.72044863,37.93018113,16.35626462
thinking_mav_normal - C3.csv,thinking,mav,C3,83,,id18,0.4765336093,1.240699619,0.498101428,0.005085535092,6.162887178,4.216883486,1.358269052,0.00001206097408,2.740025192,id18,0.712775008,0.7315387714,1.448406929,0.006105808102,4.882021591,4.926649262,2.687166499,0.00007392425442,2.808239512,id18,1.00883481,0.649855467,2.175968524,0.007168297351,7.692459962,7.153160668,3.249739909,0.0001388447402,4.489938025
thinking_mav_normal - C3.csv,thinking,mav,C3,84,,id19,3.988725292,10.87983803,7.831345055,11.12058174,7.01975856,7.780941233,10.19851367,9.793687231,10.40051837,id19,2.702867181,7.915908931,6.001967635,10.38174526,6.011823849,6.110247582,5.654601825,9.371700721,8.210098944,id19,2.230058157,8.136500504,6.458660443,13.7774672,6.371684747,5.168172555,7.747979706,8.849391551,10.37782925
thinking_mav_normal - C3.csv,thinking,mav,C3,85,,id2,14.16839019,17.33772363,16.72974569,8.939245569,16.59763805,14.53114864,15.00269661,17.582262,11.44907954,id2,11.32172524,10.89050355,10.20664136,6.637243014,12.13453697,7.56327131,9.58532712,13.22705467,6.547578297,id2,10.70405877,10.47718854,10.07947563,5.191663696,11.09050665,8.341797579,9.325051655,12.78148414,9.088195653
thinking_mav_normal - C3.csv,thinking,mav,C3,86,,id20,5.289390051,16.90810951,15.35958213,13.45998844,10.53447609,7.296137582,6.786212974,8.918883123,3.011030921,id20,4.932810786,15.98517128,9.334651604,9.832597487,8.256703774,6.93373752,5.925116678,6.259403117,3.483669679,id20,6.15955239,17.10758118,14.86901684,10.82445289,8.410436396,8.674203762,5.700912605,6.90039525,3.633556908
thinking_mav_normal - C3.csv,thinking,mav,C3,87,,id21,3.23461987,5.713358447,5.909474449,6.414618519,3.427965581,11.09758876,8.459209038,16.85505604,3.155153717,id21,2.253225993,2.746499873,3.415459272,4.18772719,1.929591271,9.507748188,5.883110437,12.96642897,1.991414844,id21,2.743063876,3.69005151,4.637946172,4.595786594,2.123964131,11.18392107,6.569196025,13.85565762,3.048719964
thinking_mav_normal - C3.csv,thinking,mav,C3,88,,id22,7.293926717,3.286864408,0.008975833271,2.812331737,0.7127006496,11.89568104,9.105646252,4.925928978,0.3759873075,id22,5.570239973,2.25877131,0.005932263,2.529319594,0.533512566,7.760793649,5.697645774,2.985106628,0.2506725712,id22,5.485679707,2.622690492,0.00689932688,1.839303217,0.5393145298,8.697363349,6.567173413,3.121076182,0.3660475192
thinking_mav_normal - C3.csv,thinking,mav,C3,89,,id23,3.807313399,13.54299585,4.822561514,15.20492623,1.031009895,14.83074972,6.442916026,12.42454817,14.22315168,id23,4.200009847,12.67636327,3.777475169,17.62556703,0.7232912664,11.66409944,3.393894768,11.39684915,12.26190674,id23,2.589475135,12.67983417,4.53307443,14.20197093,1.038347618,13.35857185,4.316149233,10.82502919,10.26738413
thinking_mav_normal - C3.csv,thinking,mav,C3,90,,id24,10.1866367,0.00002451798123,11.77081939,18.95981536,15.11947186,3.011440338,11.93728434,17.52510798,12.4106997,id24,12.94465961,0.00008295247443,15.17768824,27.86810038,15.96968087,1.849816974,12.42813562,17.93787469,14.40068065,id24,12.17148958,0.0001690495581,12.84745917,30.78783559,16.4356854,3.680623119,12.71998767,22.38648139,15.00264192
thinking_mav_normal - C3.csv,thinking,mav,C3,91,,id25,3.242702783,11.71263767,0,5.201932188,0.5336789469,0.00003860512908,0.000001945634572,0.6050059361,2.211351568,id25,3.944867787,9.577000408,0,2.280633524,0.7883216358,0.00008784727964,0.000004017727525,0.5312383727,2.383159962,id25,4.109853806,11.85301407,0,5.572634385,1.116972262,0.0001782239703,0.000005800241697,0.8700146958,3.264137031
thinking_mav_normal - C3.csv,thinking,mav,C3,92,,id26,5.725761906,1.437265686,0.3654533917,12.73431807,0.5029110931,0.4343703485,0.8350022563,8.661714776,12.6512716,id26,4.946823346,1.172428224,0.2993535191,11.53676373,0.7795012874,0.725174546,1.03215858,8.060381781,11.1938261,id26,4.830067137,1.894551344,0.3522427431,11.87742399,1.132706786,1.040040178,0.6653763053,7.443219426,12.13228765
thinking_mav_normal - C3.csv,thinking,mav,C3,93,,id27,7.628280042,2.621529198,10.32636023,13.31874751,5.12046506,9.361897814,2.895211952,11.82531192,4.405899403,id27,6.385258308,2.426367515,11.45106705,10.70523202,5.098784066,9.496982405,3.567398343,10.67171702,4.298409775,id27,7.281281188,3.32204378,12.83952943,11.82182402,5.491375856,8.902679897,4.520039633,11.66553161,3.875920999
thinking_mav_normal - C3.csv,thinking,mav,C3,94,,id28,0.00004976925879,14.80740536,11.39019605,1.610691559,22.16834125,16.82566124,19.08592294,8.669882341,15.06746673,id28,0.00002473441564,10.39589337,9.848345862,0.580082878,15.62187179,9.151436729,10.63338118,6.516741483,11.5182536,id28,0.00004473708127,13.70433004,10.77846133,0.662674842,14.97271812,10.02568303,13.68015047,7.362950248,12.67707528
thinking_mav_normal - C3.csv,thinking,mav,C3,95,,id29,3.739005365,5.60430139,8.778335213,22.44366658,11.56385328,7.08473711,5.707675469,9.786543895,6.067170931,id29,2.737994737,5.63514822,7.327781619,16.79434185,6.927947253,5.322912849,4.564188563,6.86972492,4.489243092,id29,4.141913359,6.8117652,9.89333072,19.91967789,8.093587462,11.0009113,5.21693982,10.01493131,6.805650591
thinking_mav_normal - C3.csv,thinking,mav,C3,96,,id3,17.00621735,16.89185941,0.000004718454652,1.782095637,0.2931852605,17.59984051,15.62102627,2.846565254,6.540989768,id3,12.94998596,12.28330414,0.000005159031325,1.324643143,0.2133711054,13.07020491,12.93095156,4.179376884,4.483927827,id3,13.24090505,16.10583741,0.000009109483551,2.099357885,0.2805971979,11.76184321,11.51385954,4.664413351,6.930595166
thinking_mav_normal - C3.csv,thinking,mav,C3,97,,id30,18.58191063,15.84835384,16.07904888,13.19877506,16.62792126,8.137350275,3.279096347,2.390099408,8.712735989,id30,14.62508261,10.38010993,15.10839164,11.36526275,14.06702056,8.769818288,2.237854929,1.495099499,4.728103946,id30,14.52871043,11.26828547,13.52812861,12.59867349,12.81889082,9.343634026,2.617126187,1.950418249,5.407535681
thinking_mav_normal - C3.csv,thinking,mav,C3,98,,id31,4.487522442,12.97615788,17.20126191,13.73675986,13.33475912,6.761995806,13.33768242,13.7948682,10.56453138,id31,3.579270144,7.773194091,13.44563562,9.594893814,11.1263354,4.434898454,6.528464975,7.982294597,7.616369081,id31,3.566372455,8.211462582,13.651977,12.93340886,10.81661951,4.207536345,6.309650046,11.0251416,10.29295629
thinking_mav_normal - C3.csv,thinking,mav,C3,99,,id32,13.59986232,5.249025439,18.78513432,2.617660572,5.456079043,3.953355011,5.480596225,7.038813172,4.606554512,id32,11.12890479,4.110830179,17.91210606,2.319149971,7.344827887,2.452519113,5.134141416,6.457203319,2.569975472,id32,15.05413469,10.79716267,30.39643896,2.494703286,9.783117072,3.033644669,7.619435119,13.00427001,6.17779023
thinking_mav_normal - C3.csv,thinking,mav,C3,100,,id33,10.6164537,11.25666317,12.3134779,14.70889036,21.50346172,10.29491784,0.5938730558,11.55769714,22.51356266,id33,7.070545386,9.171465781,10.33370272,12.12768805,14.68617272,8.590856417,0.2892874999,5.778545092,12.59739541,id33,9.369899031,16.57477901,11.90220467,20.54964456,22.87662811,9.910909033,0.4192992125,11.56672417,20.28445195
thinking_mav_normal - C3.csv,thinking,mav,C3,101,,id34,6.993874752,12.04339354,11.91589663,1.772684146,10.42495312,3.874808408,1.094377249,0.9990359413,8.808085093,id34,5.491107584,10.55998157,8.078362886,1.277196554,3.91715617,2.211714024,0.9562802533,0.8583428968,3.976769475,id34,6.055927487,8.078059391,7.587749455,1.952436401,5.785409531,2.636118687,1.118207367,1.052721748,4.459865414
thinking_mav_normal - C3.csv,thinking,mav,C3,102,,id35,6.700195583,7.115733269,4.50636385,21.70802452,17.52390364,10.49307815,13.76584272,3.009422934,13.22406498,id35,2.883239971,6.07474581,2.652770091,12.98499413,11.76285304,7.500471398,8.552807833,1.429933073,7.660593243,id35,4.52436103,6.981284457,3.017135356,12.92417438,14.1431479,8.229077254,7.382034447,2.022097994,8.481719969
thinking_mav_normal - C3.csv,thinking,mav,C3,103,,id36,0.9193591409,6.286096338,8.518787066,8.145659735,4.027756324,1.360213333,5.958250881,11.59607725,13.85249154,id36,0.5406268968,6.583199931,4.957519437,6.465073789,2.792665113,1.285833169,5.122405955,5.20656173,11.01487925,id36,0.6738292852,6.343422343,6.051114178,6.758796152,3.500767299,1.410633733,4.386874803,5.773164982,8.270690343
thinking_mav_normal - C3.csv,thinking,mav,C3,104,,id37,1.189665904,10.20157766,11.05891566,11.97529523,0.406669367,1.945195898,9.940007187,18.94185035,15.6330965,id37,0.954727428,7.902796577,9.762341692,8.563572842,0.1869742503,2.274565935,7.659558426,16.91945266,15.51521204,id37,0.8348300255,12.05875435,7.415518302,10.7290127,0.2058329155,3.712688006,17.72755353,25.75481733,23.44565684
thinking_mav_normal - C3.csv,thinking,mav,C3,105,,id38,0.03398867063,4.580409707,1.868046807,21.56828163,6.125403666,0.469937111,0.5816001213,2.692170977,3.294464241,id38,0.04268795529,5.864760297,1.96872819,21.80085111,6.97062554,0.7836003585,0.5399570551,2.693356616,3.819350869,id38,0.06572289419,6.960765091,2.694137557,18.44433773,8.194256529,1.12392112,0.7338732861,3.634035017,4.022386843
thinking_mav_normal - C3.csv,thinking,mav,C3,106,,id39,17.86469385,17.13492079,4.418572431,13.07637279,8.432625122,8.134757062,9.683177955,10.48181502,8.8783419,id39,13.04026452,14.24583958,2.546262695,9.102443916,8.999760677,7.546921429,6.171887512,7.535614575,5.702732483,id39,17.154552,15.06911434,6.466767555,11.25708796,11.06096266,8.447333952,7.082761084,9.230563465,5.998614732
thinking_mav_normal - C3.csv,thinking,mav,C3,107,,id4,2.884687606,8.454149297,1.190407124,4.387266735,0.4717445254,7.384002688,2.915379392,3.79958705,7.981910885,id4,2.223944758,5.652224155,0.6833447833,2.75419784,0.3480797979,4.691865183,2.202082405,2.836569456,4.525498176,id4,2.276908807,7.028427584,0.8466806797,3.604534244,0.2960907937,7.260890082,2.753669014,3.626379469,5.572409441
thinking_mav_normal - C3.csv,thinking,mav,C3,108,,id40,1.887675428,10.13480717,0.01506413795,9.175557313,0.8778162463,1.471082016,12.28622153,16.12085402,5.595362283,id40,2.307270375,9.834671961,0.01872842992,7.316252313,1.36293377,0.5480903791,7.219532951,10.08776141,3.154238374,id40,2.328821307,7.319992714,0.02814385837,8.283180955,1.073473285,0.4711173899,8.258102397,15.68509237,4.265987334
thinking_mav_normal - C3.csv,thinking,mav,C3,109,,id41,5.051784507,3.966694553,7.379538006,4.284199131,2.534584086,6.356575706,8.529373138,3.179784189,4.456947887,id41,3.895753158,3.291289247,4.828328137,3.494035207,2.485249324,4.84911373,6.693769139,2.86596573,3.58004934,id41,4.191531734,3.422499999,6.516877767,4.936489549,2.812078172,4.882372535,4.937566298,3.239773544,4.496249231
thinking_mav_normal - C3.csv,thinking,mav,C3,110,,id42,4.640576809,10.06783002,10.0909915,5.375573099,6.481107912,6.886152122,3.264264307,3.900316761,5.080011879,id42,4.120357774,9.2141446,9.881261655,5.691234833,8.14297932,7.169370638,2.133682994,5.286584937,5.503439504,id42,8.600526102,12.73761947,9.360750323,4.755786067,8.500192438,7.809043386,2.775544082,5.005606208,6.649617274
thinking_mav_normal - C3.csv,thinking,mav,C3,111,,id43,10.87367595,11.70741607,1.13408775,0.6940995574,4.450437505,5.667886957,1.342429159,16.50852686,1.506779809,id43,7.838323951,8.936431425,1.18591051,0.3992986737,3.310634241,4.168991685,1.101303475,10.75107534,1.048851648,id43,14.0329656,14.0568646,1.527152076,0.6202825995,5.010703263,6.320853408,1.126542478,14.93886633,1.347036872
thinking_mav_normal - C3.csv,thinking,mav,C3,112,,id44,0.000001754637227,1.197434223,0.04499095922,2.593280369,2.066946504,6.757110002,0.2354115541,10.7495977,13.86137215,id44,0.000002388038194,0.946148876,0.03310366822,2.120634977,0.8010771658,6.641677813,0.184569358,7.106279336,11.16158372,id44,0.000003399901185,0.8788909155,0.04030633461,1.994867003,1.117451826,7.04341092,0.2372569965,10.21410668,16.00140504
thinking_mav_normal - C3.csv,thinking,mav,C3,113,,id45,9.171089806,12.00716328,15.90207951,11.87840735,12.62027513,1.464973765,13.57868791,13.68751025,14.47033139,id45,9.258566442,9.563422055,11.93650965,9.622780328,11.20290418,1.594463177,10.4609049,11.60654544,10.66354322,id45,11.74192517,13.63955718,14.93736769,12.43660175,11.06598265,1.238748238,14.30948341,14.98997015,14.38076884
thinking_mav_normal - C3.csv,thinking,mav,C3,114,,id46,7.886835352,12.73531608,7.88459624,8.667763545,9.830930474,0.08642895572,0.00008150256883,1.219643123,10.67276928,id46,6.180744872,8.478750332,5.055132765,4.187798489,8.842692916,0.1167658986,0.00009580914418,0.5024902318,7.654330621,id46,6.049938794,9.221442768,7.383480567,6.28428601,10.29405457,0.1797753603,0.0001468849636,0.6975402614,8.938175029
thinking_mav_normal - C3.csv,thinking,mav,C3,115,,id47,11.27410751,10.05347369,6.471361671,5.794991776,15.65825788,11.04113522,10.05323897,2.293640059,7.269478656,id47,8.204098579,6.490809791,4.543135341,3.869853122,11.95525473,8.2757955,6.915993878,1.5915649,4.974497797,id47,7.687596221,6.545150156,4.104336219,3.884740524,14.2677715,8.910858185,8.018598579,1.446409381,4.124741094
thinking_mav_normal - C3.csv,thinking,mav,C3,116,,id48,3.141398583,6.093791732,12.16568421,11.453466,12.64220106,11.42554219,8.887070319,10.44480557,9.814989366,id48,1.748901014,3.31020526,6.203453647,7.641148464,7.557165628,6.620366459,5.075949779,5.912183763,6.266262492,id48,1.767843347,3.906776934,7.222860116,6.705344472,7.768270601,6.742998615,4.914185533,6.354900167,6.073111316
thinking_mav_normal - C3.csv,thinking,mav,C3,117,,id49,17.19570176,21.0508729,13.77759291,15.07031776,1.333084537,16.74956883,18.13339216,1.184362372,28.08567847,id49,12.02035841,14.26803539,9.460709453,10.33991911,0.7458650372,9.465459196,11.95208814,1.618264437,18.70897718,id49,13.12793616,15.41183098,13.54927215,13.87540936,0.992392535,16.83417072,16.61463355,1.298260658,21.65451948
thinking_mav_normal - C3.csv,thinking,mav,C3,118,,id5,4.138851052,0.6906266244,9.088695609,3.633040378,2.36813487,4.833337454,0.8126277115,1.066639135,0.9489271765,id5,3.737613008,0.6375388026,6.305060468,3.408793519,2.555543081,4.881396325,1.203307584,1.576361289,1.150263754,id5,4.301333312,0.6861912857,8.133831703,4.868821771,3.197982828,6.351714333,1.630283615,1.905445965,1.463099829
thinking_mav_normal - C3.csv,thinking,mav,C3,119,,id50,17.20525255,8.267507542,5.895647907,5.868321914,1.426098247,0.03080263088,1.210823904,15.17330896,16.42049088,id50,15.8150999,9.212976734,6.988447938,5.209179672,1.305411031,0.02178308843,1.075941338,14.57614042,16.93647212,id50,18.59614964,11.34385216,7.484122797,6.316808137,0.7778879266,0.02064859123,0.9848675767,13.3867945,20.44225576
thinking_mav_normal - C3.csv,thinking,mav,C3,120,,id51,4.773644242,9.287463671,13.70911429,3.550186663,6.401860185,6.152457582,8.812725109,12.5236936,12.12561004,id51,3.033601147,6.162526737,8.313315782,2.786062872,5.315206388,4.528688614,5.462931837,9.422960469,8.011550992,id51,3.75094309,6.81711205,7.565386061,3.298831755,5.448685153,5.16433896,6.627612889,9.593548671,10.0004447
thinking_mav_normal - C3.csv,thinking,mav,C3,121,,id52,6.849817336,1.136614275,18.07818989,16.83671634,18.33929303,6.326459512,8.229011987,15.66810953,18.11544473,id52,5.560913798,0.7900492929,14.30110828,17.3360035,15.64805466,4.153878383,4.520615079,14.04501767,14.53523987,id52,4.179169152,0.7166470588,13.72225861,14.32463858,16.63579536,4.693088279,7.679218547,12.51585519,14.35609954
thinking_mav_normal - C3.csv,thinking,mav,C3,122,,id53,18.5011523,3.143959856,6.607910313,16.13261832,8.596704327,0,9.047057262,0,1.96444413,id53,11.29672295,2.767997214,5.911558554,12.3055358,3.437846687,0,5.813624133,0,0.5667928973,id53,10.75259441,4.247743294,6.202231613,12.60648392,3.056590232,0,6.500662266,0,0.6078393838
thinking_mav_normal - C3.csv,thinking,mav,C3,123,,id54,11.87483619,8.669746897,13.0241991,12.94803997,16.18351328,17.04006377,19.31748376,21.08865361,20.08083834,id54,9.960691515,9.246573639,12.95665725,11.47673449,13.78651897,14.88363781,13.71400664,16.79994979,13.94309672,id54,19.47917023,16.23493998,20.72813401,29.4856544,32.83735221,48.7643322,35.21333178,46.16700559,46.43432367
thinking_mav_normal - C3.csv,thinking,mav,C3,124,,id55,15.08873938,4.41997953,7.974916131,3.398320565,6.903678098,25.52801421,22.64197485,20.46156092,21.70681108,id55,16.42255141,2.689483202,6.0935058,2.699766648,6.583530498,23.84818061,20.11429588,21.80282378,17.75736709,id55,13.6975884,3.226489575,15.59610418,3.753166386,7.837696318,38.97506071,32.9161535,30.5609986,36.67016172
thinking_mav_normal - C3.csv,thinking,mav,C3,125,,id56,6.006225681,0.3178675849,0.8381402687,0.1550460924,1.335096872,1.209982965,5.117135336,18.52396727,0.3318593602,id56,4.148685369,0.2093811095,0.8202122044,0.1315231301,1.155254461,0.9075443835,3.090433597,13.70297587,0.2547369282,id56,4.916884596,0.4912432549,1.173436745,0.2465710913,1.491047395,2.321828677,3.120267584,34.73803,0.4681279399
thinking_mav_normal - C3.csv,thinking,mav,C3,126,,id57,15.59085055,11.42230155,7.94611523,10.87969296,7.451502022,14.52589877,10.18193086,11.67812631,17.61375446,id57,10.07074547,8.703004358,8.267120775,8.393063259,4.25115106,13.10629157,7.198318387,7.756501689,14.11045159,id57,14.46514695,15.95108737,7.760775119,7.679926277,6.123844065,16.71397401,11.41601059,13.72368803,22.47992206
thinking_mav_normal - C3.csv,thinking,mav,C3,127,,id58,9.937590086,12.61112902,5.147200764,10.08177198,18.30159802,11.10585449,7.916159749,13.69721442,11.73654344,id58,13.04016342,11.48569164,3.893942281,7.918996581,16.67818965,12.07617683,7.848447322,13.69203263,11.24761148,id58,15.27487268,21.56237661,8.700917561,13.63964577,35.08045237,16.79232766,12.20294048,29.96925383,14.24907286
thinking_mav_normal - C3.csv,thinking,mav,C3,128,,id59,3.358057974,12.92425389,16.66673693,13.92538649,20.04402294,1.195174432,13.43587872,4.857891488,16.94692943,id59,2.606506474,10.84858906,12.61898633,12.40715039,14.36989861,1.327696447,10.73119018,4.648439266,12.51266829,id59,4.223277405,25.5761817,36.92532689,31.1522174,52.14682078,1.742973717,26.84516511,8.476921904,43.33285632
thinking_mav_normal - C3.csv,thinking,mav,C3,129,,id6,0.8661373158,2.708798782,2.97244937,3.291123478,1.339130225,2.860299272,3.246728237,1.376342973,0.8256327142,id6,1.318439288,3.059787531,2.114324889,3.133741883,1.027703466,2.782531921,3.841726699,0.9942738183,0.7573424513,id6,1.916326913,3.668040005,2.433337743,3.590078372,1.379994996,3.494393276,3.66663969,0.9835124936,0.6618719377
thinking_mav_normal - C3.csv,thinking,mav,C3,130,,id60,16.50666782,0.9013687057,14.96107355,22.64754259,21.64801962,17.93314084,13.31497216,17.60545014,6.488246465,id60,10.21311975,0.7540553738,10.68084697,15.19563444,16.89887376,12.6192249,10.13089334,13.98455372,5.868260875,id60,27.08856774,1.049372196,20.91907677,24.12674305,23.3711823,28.53628425,21.26309907,24.52078464,6.890517478
thinking_mav_normal - C3.csv,thinking,mav,C3,131,,id61,22.29053653,13.52916233,15.75639101,16.92319814,3.987195543,16.89441208,14.10787904,14.56487614,15.12015859,id61,15.89851696,11.6591994,11.49558739,15.55068307,3.206539155,17.73350984,12.81179535,13.28333995,13.41422799,id61,15.70929936,12.60897186,13.73779946,14.33315278,2.719004851,11.32403906,13.20835472,14.66535672,11.70380462
thinking_mav_normal - C3.csv,thinking,mav,C3,132,,id62,12.094373,2.846540211,12.9028971,0.9528336619,1.654372731,17.73452658,10.73422644,17.74906632,2.336012713,id62,11.50667819,4.430200515,16.87410832,0.7062969459,2.059905946,15.92685633,8.984262464,19.08646489,2.345329343,id62,16.0910347,4.584969681,17.78484854,1.143074649,2.475228727,23.39905043,11.38128332,22.12779459,2.615961423
thinking_mav_normal - C3.csv,thinking,mav,C3,133,,id63,15.91910787,8.617035957,3.396788522,1.468533222,8.679679108,14.68522036,8.984401334,9.021675876,1.954555237,id63,17.64583063,8.002501621,2.364240293,2.329065136,10.54846922,16.04857437,9.678371933,9.506967086,3.681531089,id63,27.2560269,15.71046959,6.10922534,2.301903987,12.7492686,26.01924042,19.70581927,14.61721963,2.919159182
thinking_mav_normal - C3.csv,thinking,mav,C3,134,,id64,23.80054159,18.76989889,2.140983847,14.07500739,21.75581382,17.01988427,21.92468171,21.61692818,21.38995401,id64,15.22862682,16.68762082,1.620725826,10.82344644,17.1929574,14.13863338,12.70625987,15.02917408,20.35400486,id64,36.22005681,32.67203541,1.813292253,18.94142093,35.44252687,48.65337567,44.76088642,33.67131076,42.64552296
thinking_mav_normal - C3.csv,thinking,mav,C3,135,,id65,9.464677885,5.871616516,10.41214223,9.621470713,12.26297139,12.37520161,0.0001664790546,11.60347074,19.66877732,id65,6.923854915,7.991001951,10.87459432,8.829465731,12.35181021,13.30912292,0.0002339076218,10.97442657,14.81065959,id65,13.51943661,9.252959922,18.56647017,12.77258111,27.88722573,19.01819911,0.000746667603,17.46624324,40.24156325
thinking_mav_normal - C3.csv,thinking,mav,C3,136,,id66,15.60491312,13.71225562,6.813375151,17.76057097,19.38216701,14.54623206,18.7225089,0.6437944686,15.44967698,id66,13.11916841,12.66991296,7.730995307,18.22458956,11.76427531,11.66606744,12.07389118,2.206944496,11.90203712,id66,40.46478412,32.4968008,15.50115728,33.23011938,43.45045396,32.80504453,37.77056071,3.024952837,54.88514468
thinking_mav_normal - C3.csv,thinking,mav,C3,137,,id67,3.918702705,0.03888724507,2.382331439,0.3736934746,3.246324776,1.478743118,0.1775653421,2.504902269,13.99802351,id67,3.107920018,0.01958162638,2.34486891,0.2488510007,2.522947081,1.037079372,0.145914741,3.090471191,10.91385397,id67,3.201902659,0.03633991921,2.654434359,0.3296605108,6.070364379,1.377611633,0.16820755,3.515082536,17.0290847
thinking_mav_normal - C3.csv,thinking,mav,C3,138,,id68,2.942377575,3.672848788,5.851544243,2.4564113,3.045899089,8.99957558,23.46247092,2.962201936,8.919533236,id68,3.093350142,2.159102332,2.448779789,2.658336463,3.63763133,6.654700982,6.541340844,2.988247498,7.563908993,id68,4.065034038,2.347353027,3.119431875,2.626394853,2.550604306,7.629997971,4.845337482,2.860491963,9.051403376
thinking_mav_normal - C3.csv,thinking,mav,C3,139,,id69,10.71773776,11.39887858,11.45218364,2.522261952,8.666933224,3.83668095,9.96272519,13.36302372,7.717905017,id69,8.101045029,8.886771278,8.054227716,4.278733335,5.92855048,3.345625449,6.064848832,8.986710531,7.008221773,id69,14.00101927,14.21189418,12.09853687,4.754125186,14.6056702,4.077263325,12.62456669,15.23149852,9.181737426
thinking_mav_normal - C3.csv,thinking,mav,C3,140,,id7,1.513763341,2.067989833,2.633737115,0.8173369327,0.6555785314,6.792629815,1.135388326,0.7207909226,2.578701204,id7,1.016234059,1.436608677,1.797348392,0.7175635998,0.4055123919,5.591560316,0.8608055358,0.4693480337,1.574383273,id7,1.113438285,1.760338192,2.100579864,0.7185104775,0.3170314245,5.611839811,1.022017123,0.5553210028,2.204484081
thinking_mav_normal - C3.csv,thinking,mav,C3,141,,id70,0.07317657142,0.3821697864,7.506736462,1.55592312,0.9167519574,2.655353255,8.97785446,5.21634956,1.057634623,id70,0.02018292835,0.1030449414,5.723187332,0.9252791783,1.300005549,2.100322944,5.186421089,4.227575844,1.432502072,id70,0.02752172331,0.1709439412,6.680430027,1.15312344,1.958928304,2.990394749,5.933515055,5.586567259,2.068247904
thinking_mav_normal - C3.csv,thinking,mav,C3,142,,id71,3.721343406,9.889104782,7.350238198,14.19038387,6.527995773,3.880064997,1.918622283,1.168651014,9.193606582,id71,2.499508375,6.948751198,8.621326817,11.30834123,5.82829813,4.564781885,1.599028201,2.670606547,8.259860308,id71,4.024642673,18.20594734,15.51062259,30.87266407,8.253773725,6.856093202,1.560183133,2.723699719,14.54505385
thinking_mav_normal - C3.csv,thinking,mav,C3,143,,id72,5.318619661,5.370863744,9.479185792,4.021121138,6.182079765,7.308705864,10.34578211,9.791701471,8.118151194,id72,4.804322094,6.462777751,7.013582786,3.037831557,6.294867838,4.897974754,8.765705879,9.007580409,9.067254095,id72,7.609396572,9.007526148,19.80357526,3.810997172,11.57696275,16.43802652,18.31237035,13.54990222,18.00778751
thinking_mav_normal - C3.csv,thinking,mav,C3,144,,id73,11.93284584,14.66454786,12.03318558,10.95921308,4.849524932,13.60484733,14.3960105,15.94365199,11.33130779,id73,8.792521357,11.81183524,8.854406027,9.610441465,6.297210938,10.75313108,11.23017027,10.40220075,10.95014209,id73,10.04661622,16.9964896,16.51323815,21.43247372,9.160410011,22.08046368,19.16506239,20.20736087,18.90841514
thinking_mav_normal - C3.csv,thinking,mav,C3,145,,id74,2.817913071,3.349589311,5.30967234,4.914697186,7.475102345,9.77723544,5.470971851,6.326220108,7.422029371,id74,1.53645671,2.422768383,4.077936651,3.234516976,5.695145314,6.733661862,4.369865202,5.049291203,4.56364121,id74,1.949323445,4.189692949,6.273070219,5.117858089,8.950631153,10.50872452,10.20027542,6.627398629,6.392404981
thinking_mav_normal - C3.csv,thinking,mav,C3,146,,id75,5.70098081,4.830757388,6.605544864,6.59377103,3.294188268,2.027259462,6.509867977,8.458651934,7.281450607,id75,4.449004201,4.123393776,5.322061975,5.767868586,3.009699889,2.233048019,6.568783677,6.759526105,5.086831271,id75,7.153306035,11.9248623,12.35163819,8.14479291,6.689348561,5.632596816,18.1744113,13.43883109,12.00534063
thinking_mav_normal - C3.csv,thinking,mav,C3,147,,id76,6.622815532,11.2357592,7.709276601,5.680359382,5.043175598,4.195417161,12.42212209,5.122509346,8.225725355,id76,4.316574545,10.8452004,7.710142681,5.724076014,5.626758079,4.857305977,11.3692067,6.124131323,8.56633039,id76,9.153236391,18.67951197,17.33349909,8.13295364,9.709420784,7.131861676,28.05157713,11.61541521,21.67848033
thinking_mav_normal - C3.csv,thinking,mav,C3,148,,id77,8.951196869,13.74947446,4.393687181,6.791435485,10.06721594,8.276728948,3.366809204,3.164981377,6.853170969,id77,6.7917121,12.17453202,4.764547449,5.918028999,9.667740147,6.090025021,3.123063327,4.619436245,6.880053368,id77,13.36983486,25.35768392,7.470034455,9.579417724,14.0620501,14.63793676,4.520514741,6.722588883,12.50685408
thinking_mav_normal - C3.csv,thinking,mav,C3,149,,id78,2.075340181,4.240552081,1.040439853,3.461765667,0.002138289752,0.0001135924172,4.504823085,3.654070932,0.5889986099,id78,2.116624647,2.766590948,0.6061951255,2.509983575,0.001818526697,0.0001636967098,3.964284248,2.098868756,0.4825244946,id78,2.32319628,5.562224398,1.029144606,8.096751973,0.003429799986,0.0003569368434,6.266202537,3.958124033,0.7623904172
thinking_mav_normal - C3.csv,thinking,mav,C3,150,,id79,15.49712434,11.85341067,9.128413843,4.275739526,10.3966765,13.08926278,3.769707206,12.89395976,1.403092309,id79,18.39706115,11.01105897,8.380811603,5.270676999,10.13554286,16.21710903,4.235816781,17.69816157,2.334295062,id79,35.48719346,21.21560097,17.00287307,5.354692106,17.15651458,19.10985581,4.400088046,25.86545764,3.300970539
thinking_mav_normal - C3.csv,thinking,mav,C3,151,,id8,7.536386964,2.93650413,7.905656074,1.761003467,7.952273754,4.515944796,4.314441216,5.377678609,8.576490747,id8,12.09462974,3.75450997,5.081733842,1.520880249,6.711195478,2.391619249,3.753061799,3.227283059,5.185279588,id8,11.62335951,4.789754852,6.51736016,2.6469034,6.370915858,4.143559236,3.541657382,3.717541447,7.299401174
thinking_mav_normal - C3.csv,thinking,mav,C3,152,,id80,2.654860499,4.508147667,5.326529557,4.743412703,4.006041966,9.505802521,2.063441955,3.171851147,2.02484242,id80,4.180119584,5.039618255,6.17540312,6.747552757,3.458278415,10.38508998,1.961017882,3.004795672,2.850557296,id80,6.158593983,8.790693504,9.518700066,11.7496024,5.668375643,19.75031901,3.603483257,5.216372112,3.972851505
thinking_mav_normal - C3.csv,thinking,mav,C3,153,,id81,1.716524112,0.0151706843,4.246897926,0.0001694117103,3.804152371,0.3856335969,0.06389494899,3.381569929,1.529047291,id81,1.527457201,0.01206640574,3.923196726,0.0003675725893,2.967597485,0.1543560695,0.04365358111,2.113937533,1.179527885,id81,2.635417515,0.01176755068,3.810515346,0.000561442394,4.084574084,0.2170427704,0.04662518891,3.175430862,0.7671930467
thinking_mav_normal - C3.csv,thinking,mav,C3,154,,id82,15.06064635,14.48571452,11.52391243,12.84478919,17.04997834,7.515148736,13.99299418,15.76580516,10.15454985,id82,13.143675,11.08283338,10.83549094,15.48218284,15.69527436,8.747958417,11.49667297,17.54444817,10.62275379,id82,24.24283512,32.79994511,20.97922545,19.25630265,33.44855147,15.78901713,25.58768866,32.38750872,19.75893021
thinking_mav_normal - C3.csv,thinking,mav,C3,155,,id83,11.53587611,3.634272785,18.38000085,10.55499841,14.35299518,0.9105079888,10.63961713,17.20633504,3.426556424,id83,7.762237226,3.671164372,11.92652923,7.775909998,10.16347358,0.5919495085,7.41344941,12.55990871,2.89251378,id83,10.94975673,4.839999062,26.97456431,17.39419216,23.73157998,1.21282415,17.00043215,29.15787373,5.035261651
thinking_mav_normal - C3.csv,thinking,mav,C3,156,,id84,15.74545266,9.310695542,7.915053955,6.304329162,5.831275631,9.161349657,11.34603975,17.14535646,5.48137619,id84,13.72660313,10.78626496,7.789466527,5.09977258,5.688464401,8.746330442,8.934089496,13.99973275,6.731350996,id84,24.82462584,14.82045361,11.64048987,8.025853569,7.141796285,21.24088592,22.44723481,32.1734292,9.387550699
thinking_mav_normal - C3.csv,thinking,mav,C3,157,,id85,6.160082008,2.074230982,5.024863458,2.780864334,3.520950542,11.79609151,8.160959711,3.326426721,5.989605611,id85,4.374367328,2.638494239,3.766371225,3.318549884,5.557893233,11.32692925,6.567682904,4.167330397,6.587072321,id85,5.133187361,2.283560066,5.717105764,3.803514709,7.400113544,18.71042128,7.975317085,5.159039818,12.08293648
thinking_mav_normal - C3.csv,thinking,mav,C3,158,,id86,2.37243674,13.52357299,14.79352816,18.26220962,16.89241826,11.14685924,15.33406045,20.06357366,13.23833204,id86,1.745111526,11.92809148,15.94963987,14.12023068,18.16881649,12.7331723,15.03883263,18.38025163,14.68943913,id86,2.896567096,22.18807667,20.64703003,25.0710993,29.92788595,23.8024138,26.3983309,34.90463156,21.28953321
thinking_mav_normal - C3.csv,thinking,mav,C3,159,,id87,5.37795348,5.56589279,3.552073488,5.371109054,4.284875211,5.010136674,1.415009377,4.597441157,7.051958031,id87,3.646467553,4.805407225,3.040401796,4.689053402,3.946497283,3.883314983,0.9928030962,3.255581285,5.12116156,id87,5.717540673,6.804247099,3.750842303,6.144651909,6.574779798,5.972874206,1.462631522,5.941734424,11.63145648
thinking_mav_normal - C3.csv,thinking,mav,C3,160,,id88,8.796477377,10.03138905,7.135600405,13.0890495,15.28394682,8.087591973,11.596577,16.73083754,5.191320703,id88,7.359489145,8.94513259,4.550350557,9.916428142,14.43551026,8.09326579,8.509021235,12.15124346,5.132997142,id88,9.34982006,12.40619023,6.727986183,15.27456782,21.47949378,12.12238988,16.12228537,22.59357148,7.775683713
thinking_mav_normal - C3.csv,thinking,mav,C3,161,,id89,6.524637663,13.38050255,4.115977176,2.698450891,2.751290332,2.605030505,10.97757064,2.296393526,4.610813392,id89,6.134371367,13.82725259,5.961858252,3.558992496,5.638486469,4.412430748,10.13949168,3.291381871,6.499537714,id89,6.842187697,20.54391262,9.87258623,5.014850718,5.404953014,5.220506783,12.14046923,2.555872182,5.477690098
thinking_mav_normal - C3.csv,thinking,mav,C3,162,,id9,10.25035166,4.62683697,8.350779795,7.847613882,4.270746773,6.288047667,0.4822685575,4.072653179,8.726169671,id9,6.820606095,4.304030739,6.801239117,6.272287272,3.703611879,3.475111395,0.316088632,3.241031313,6.165046332,id9,8.622281412,4.404816687,7.657604236,6.808296185,4.386256647,3.828593243,0.3418642542,5.518978738,9.603373741
thinking_mav_normal - C3.csv,thinking,mav,C3,163,,id90,15.17175505,13.03896186,18.5533212,19.79080248,0.2537075174,0.2457099839,1.619701905,11.31994902,1.462620657,id90,15.08542605,12.61819648,19.21903987,21.17370184,0.1794473815,0.1956428337,1.169673894,12.33328554,1.357368441,id90,19.11395031,14.09496281,16.46233646,20.26523179,0.1955338501,0.2478638388,1.417821393,14.33154546,1.178818004
thinking_mav_normal - C3.csv,thinking,mav,C3,164,,id91,0.4159842246,2.21345512,2.695280862,11.46916599,0.1822409574,1.912849527,5.052780952,8.152318427,13.41570429,id91,0.4427053924,1.596158015,0.6441105224,8.453540379,0.05698356741,1.08368231,5.415639665,5.859909018,9.664798204,id91,0.4152329953,1.895785803,0.7840576407,17.78684338,0.07164078351,1.432384479,5.053632728,8.991530932,11.18478706
thinking_mav_normal - C3.csv,thinking,mav,C3,165,,id92,22.32737918,18.95114163,19.48301741,20.83722659,9.133140887,17.48189522,7.007920318,0.650262183,16.66876454,id92,13.54115475,16.34975041,16.36986854,14.50184285,9.469135057,17.58180205,7.349677153,0.4264731856,10.88339525,id92,18.26092906,23.73972656,17.8764467,23.00495543,13.12527109,17.26917773,7.179870068,0.5061475633,12.85953859
thinking_mav_normal - C3.csv,thinking,mav,C3,166,,id93,22.1199543,23.34405357,15.40958494,18.87703532,23.39576926,28.81743664,18.51496925,18.46185463,8.544795182,id93,22.82881934,17.06719946,11.65508011,20.29494914,19.62334735,24.68453791,16.12478683,15.34474877,7.172368813,id93,48.35430607,49.77985697,17.81096662,28.99854145,52.34211479,43.9773249,21.30644819,37.40619582,6.789788368
thinking_mav_normal - C3.csv,thinking,mav,C3,167,,id94,15.88290737,16.93030253,9.751580438,8.432750033,12.89118091,12.36258559,10.74111658,14.68761821,9.998540131,id94,9.93343796,13.98756905,11.64413436,8.32774879,11.92078425,8.336978767,8.942834304,10.14215777,6.861799391,id94,22.35437623,27.58539308,17.79987627,11.03477887,20.40932728,14.61698456,17.28885721,18.60369113,10.01674305
thinking_mav_normal - C3.csv,thinking,mav,C3,168,,id95,13.78006555,5.899434943,6.305467212,9.20261661,7.360359504,3.846937848,3.39275779,10.08551598,9.72867647,id95,10.65194315,6.578604767,6.678178918,8.265524232,6.512490089,5.232824073,4.649698002,11.30286856,8.146772231,id95,18.06478442,12.3984679,10.41756866,16.53262644,9.833565804,8.375080172,4.850898479,20.46009155,16.97174397
thinking_mav_normal - C3.csv,thinking,mav,C3,169,,id96,4.010612401,2.033544955,1.676679985,0.1378752243,4.881050172,0.537675299,0.3035533125,11.09270772,9.572917518,id96,2.506670981,2.18147933,1.602335797,0.06789913511,4.562270678,0.6320908872,0.1343313413,9.032738156,8.848540581,id96,2.954921058,2.780214951,2.677840987,0.08567126433,6.879165832,0.7285706555,0.3107217876,14.64246983,12.64319394
thinking_mav_normal - C3.csv,thinking,mav,C3,170,,id97,4.74005487,3.549510883,5.828123463,6.74719794,7.263446967,0.2126137589,5.220012957,3.511854535,7.328027833,id97,3.557426377,3.623379193,4.911071039,5.01139359,5.617862723,0.3466688621,5.459166817,3.670667428,7.093636627,id97,4.251952194,4.062385288,5.919782367,6.71838447,8.341894809,0.4520007211,7.767808578,4.654325566,10.01617482
thinking_mav_normal - C3.csv,thinking,mav,C3,171,,id98,5.287359936,8.931261586,6.927448106,2.733653921,0,8.729376357,2.554929241,12.18335447,13.45570111,id98,5.314914701,9.944969337,8.331573338,3.646994861,0,9.093407964,3.996863316,10.25653184,14.30263793,id98,6.482964552,12.06572793,7.631417877,4.510762005,0,12.53065343,3.731545925,20.1649404,17.41666401
thinking_mav_normal - C3.csv,thinking,mav,C3,172,,id99,14.82420358,9.758534661,16.61474756,18.49106368,8.776194968,15.59312157,15.01992453,0.06141723388,22.80513827,id99,10.57819681,7.059202464,10.882201,12.60914832,7.68249612,10.17936196,9.989363117,0.06014679337,18.29583665,id99,12.60317123,9.507708974,27.78529629,42.51912515,12.13277353,19.0427152,30.58963505,0.06030713361,42.84068493
thinking_mav_normal - C4.csv,thinking,mav,C4,1,,High_Beta,mav (µ),,,,,,,,,Low_Beta,mav (µ),,,,,,,,,Mu,mav (µ),,,,,,,,
thinking_mav_normal - C4.csv,thinking,mav,C4,2,,ID,scenario1,scenario2,scenario3,scenario4,scenario5,scenario6,scenario7,scenario8,scenario9,ID,scenario1,scenario2,scenario3,scenario4,scenario5,scenario6,scenario7,scenario8,scenario9,ID,scenario1,scenario2,scenario3,scenario4,scenario5,scenario6,scenario7,scenario8,scenario9
thinking_mav_normal - C4.csv,thinking,mav,C4,3,,id1,17.03752668,7.4109411,3.40206745,3.402711285,13.18829339,1.533478305,0.02317392464,0,4.800134424,id1,4.548446369,5.280881248,2.132839766,2.077311552,13.07453094,0.8328329241,0.01733287332,0,4.094095079,id1,5.605410449,5.394629638,2.096333111,2.397787865,16.76191154,0.787138551,0.02188608465,0,5.855863433
thinking_mav_normal - C4.csv,thinking,mav,C4,4,,id10,5.133835183,5.955989589,12.64926291,0.6198813651,9.87386105,10.72076865,3.587236757,10.63784039,11.49825893,id10,4.915357706,5.41328664,10.40205501,0.1721984874,10.18269641,10.07519317,3.368564016,7.235422594,8.629175394,id10,5.274314346,4.884702251,12.35987083,0.1735977105,14.94804328,11.88281557,3.911400942,9.062636173,11.44684241
thinking_mav_normal - C4.csv,thinking,mav,C4,5,,id100,7.263757293,5.590661777,4.736618653,8.382191247,7.00402733,14.81687975,21.86650098,12.67554759,20.8706935,id100,8.886958789,4.127516885,2.02838249,10.085355,7.022678596,15.42521214,27.43645836,11.95702473,23.70247162,id100,7.849048573,4.092077739,2.780936679,14.62858532,7.160493918,17.53101127,43.85128452,15.49481262,35.50304681
thinking_mav_normal - C4.csv,thinking,mav,C4,6,,id101,20.60666387,14.97691266,13.01974387,11.7938537,9.521201041,15.56720206,11.1006517,22.697138,22.70622808,id101,17.73937423,9.313235567,9.349738463,6.168291795,7.591125348,12.07173976,8.859388603,15.64400831,16.31713854,id101,23.09496285,13.57194786,11.62549092,7.822206912,6.940021727,19.52953386,11.0707202,21.11347452,22.26992105
thinking_mav_normal - C4.csv,thinking,mav,C4,7,,id102,22.811787,17.82254301,25.97027156,9.891340393,17.33770555,22.61688344,18.68139915,16.22297322,16.2220166,id102,16.50708372,13.21413707,14.77202939,5.538733438,13.94002243,16.77772085,16.27231664,10.61448983,7.539122736,id102,18.38452733,12.98214017,23.48650231,6.383946828,17.86944643,23.44822505,15.85034293,12.61248488,10.95407904
thinking_mav_normal - C4.csv,thinking,mav,C4,8,,id103,16.48149144,12.90504263,14.14662365,15.69833343,20.13973726,17.32661476,18.06938154,3.003848823,11.53582437,id103,13.21680084,10.6021116,14.61566095,12.74806513,15.57994885,17.46641986,13.44740816,2.865066487,11.02243837,id103,28.47369637,16.4173479,25.95263628,29.91190105,30.6234495,23.38996102,30.07043574,2.949217147,18.15095223
thinking_mav_normal - C4.csv,thinking,mav,C4,9,,id104,12.35783525,18.2491684,18.92485011,19.83518189,2.52985006,15.53462525,12.42354487,16.43265844,14.41503573,id104,17.13486467,15.61012389,18.00989328,19.39689331,2.625762651,12.99907099,11.76402087,17.37585133,13.93105143,id104,20.36689839,45.11957533,38.41919539,35.65090743,2.847970026,31.18845915,22.13594529,35.67988815,24.08555985
thinking_mav_normal - C4.csv,thinking,mav,C4,10,,id105,7.195797545,7.246753741,5.771641074,9.598187266,16.23714127,15.14519211,15.35293144,18.41771286,16.72472893,id105,7.343623982,6.703910591,4.707554897,9.565524589,12.51902893,12.89326297,12.18670061,18.81731867,19.48653932,id105,6.348401721,5.582944106,4.804603079,10.01917924,17.17205476,13.6140048,10.34247496,17.983372,22.47586142
thinking_mav_normal - C4.csv,thinking,mav,C4,11,,id106,19.35415037,0.00004584440552,4.577325975,5.292499626,6.876432389,10.84826231,6.766488046,15.01900345,7.749959708,id106,15.51151861,0.0001687747935,3.511910907,3.98237822,3.879049473,8.670561396,7.287560139,8.890993767,5.181107548,id106,18.53477767,0.0003243573294,3.523928023,4.687813443,2.968281837,12.06680942,8.105602358,12.65114433,5.147475528
thinking_mav_normal - C4.csv,thinking,mav,C4,12,,id107,18.39195121,22.19853592,17.80892264,13.61207185,21.7398401,18.48912186,20.24130017,19.18415812,20.70774055,id107,17.24331293,16.82352885,13.10023931,15.60832664,27.23880684,17.03299292,23.42216189,12.95981656,18.54955463,id107,26.35791619,23.91125069,22.39849187,23.65527814,41.58421268,21.99187725,30.59422215,11.81705202,26.71394211
thinking_mav_normal - C4.csv,thinking,mav,C4,13,,id108,13.02327728,18.34083315,8.603774092,13.29337393,17.08625699,15.67870293,14.00981161,19.37479755,17.45320868,id108,10.27412663,13.4779418,5.00294133,9.348350195,11.7545006,9.527660927,11.14154992,16.19482814,14.08059476,id108,20.80453697,19.77666002,11.9518245,21.62584806,27.86283115,28.14190497,12.39907984,25.97581639,17.22803554
thinking_mav_normal - C4.csv,thinking,mav,C4,14,,id109,20.28460306,19.80785385,20.19115603,18.01182552,6.426820134,16.35052521,13.77354143,21.47546575,6.754524138,id109,19.44888561,17.53523328,21.29272744,16.53567703,4.700777241,19.82246001,11.5860848,20.29087336,5.689412839,id109,32.84537504,40.08748058,36.15438756,25.35347736,6.704681514,23.68901424,17.07056742,31.32073141,7.942281707
thinking_mav_normal - C4.csv,thinking,mav,C4,15,,id11,15.44759657,9.45520451,0.07217900005,0.00002609796251,0.04747605954,15.57934834,4.940720044,19.21688176,7.619590769,id11,13.48583831,8.390083852,0.04776379389,0.00006399404242,0.05454353936,14.71197554,3.745378215,17.76051989,3.503642408,id11,26.18789737,12.86852348,0.07712105886,0.0001309039438,0.06097965432,18.92512284,6.301735997,40.31094805,3.665956085
thinking_mav_normal - C4.csv,thinking,mav,C4,16,,id110,9.50757417,20.69930482,21.96744257,20.81518633,7.530842867,12.74760803,8.049320536,17.37210187,17.67374893,id110,7.851406883,16.36455172,19.8604876,16.47917792,7.360882403,13.54507186,10.2481196,13.79195151,11.05939505,id110,11.24738201,41.32379289,41.88524534,35.47728372,11.10903027,22.99357771,15.06584679,21.76275872,26.33425628
thinking_mav_normal - C4.csv,thinking,mav,C4,17,,id111,11.3325062,0.06169972156,8.984706622,8.64488605,11.8546527,17.03720009,7.186257198,12.13237656,11.06858147,id111,7.566366854,0.04029400871,6.961746808,5.359496015,8.326238298,12.08263915,4.566553836,9.380142794,5.854713599,id111,6.420134792,0.03232038074,6.896023248,6.190417871,7.199125332,11.71815786,4.602771159,8.656978939,6.773254502
thinking_mav_normal - C4.csv,thinking,mav,C4,18,,id112,3.085767215,10.19581446,6.118488562,18.60465302,19.28126804,20.51295571,15.63919207,14.87993538,21.05200298,id112,2.141044227,5.594505506,4.518580129,12.80195655,11.91586232,15.68710217,14.30360468,14.07581989,16.77695814,id112,2.703146019,12.33245365,10.97428721,28.22437423,26.55931227,19.61068138,20.77673158,20.95559835,34.12151443
thinking_mav_normal - C4.csv,thinking,mav,C4,19,,id113,17.98212643,23.12392746,21.83292523,20.1213993,21.13786839,22.28497859,20.78358617,17.07226642,18.69688423,id113,14.1943069,14.48051538,13.79182621,15.58063782,17.1849659,16.52035605,13.81494594,17.15221633,17.69949244,id113,39.69111497,45.5633156,44.27286805,45.86062845,44.68951345,48.2717177,42.08652266,37.95095526,40.04825517
thinking_mav_normal - C4.csv,thinking,mav,C4,20,,id114,5.775850474,6.74423209,14.79282414,18.13783581,4.890549532,20.9990492,16.08873095,6.693513986,18.42919992,id114,6.409620698,4.30101466,10.70036811,17.8008143,5.927002933,22.24939414,13.40709278,5.305654906,21.1340806,id114,6.44273715,5.793630835,19.60471771,30.64756293,7.252476003,36.65067851,23.19876437,7.586054835,37.76116888
thinking_mav_normal - C4.csv,thinking,mav,C4,21,,id115,12.59957724,5.179350876,3.852124034,4.893163165,10.46955733,10.2826008,1.519953756,8.13350158,19.9335612,id115,9.234097989,3.496534307,3.164374127,3.78868149,10.93211511,9.044611687,1.490060913,7.143975235,19.67883104,id115,11.49969397,4.051214427,2.936203008,4.725359908,11.882364,9.560080514,1.304614152,8.603707007,16.39543105
thinking_mav_normal - C4.csv,thinking,mav,C4,22,,id116,17.9697396,18.0784762,20.74355928,16.39689815,19.69912933,17.61931799,14.08582595,22.33910004,14.66931518,id116,18.82016278,10.68472878,17.48290636,15.23620612,16.00891543,14.00360349,13.85813353,15.27813378,11.38632828,id116,28.05901779,27.80717741,46.12321131,27.10589148,46.06679453,40.10122776,32.76408088,41.98357099,29.14972749
thinking_mav_normal - C4.csv,thinking,mav,C4,23,,id117,7.053262271,12.75218886,23.3523614,10.42436315,3.572083921,3.474301173,17.01206427,8.261133766,10.15610548,id117,8.355392622,15.4933499,27.81860581,11.57546052,5.792340822,4.052665606,21.03964199,11.16587722,13.00330141,id117,9.004147358,18.56880036,23.51670122,11.65918534,4.866308619,4.79609704,17.53134581,13.74906782,11.53816954
thinking_mav_normal - C4.csv,thinking,mav,C4,24,,id118,5.089625955,8.926255672,6.03356824,6.171402733,5.812871424,6.70373512,3.461924282,6.597688771,2.91209734,id118,4.477148704,7.947403432,4.550891102,4.91944981,4.16209491,4.584333115,3.305203997,5.423142948,2.020110352,id118,6.239914368,5.835684851,5.083487812,4.707703271,5.122863117,4.87609986,3.331354121,5.351786459,2.403922714
thinking_mav_normal - C4.csv,thinking,mav,C4,25,,id119,6.186026123,16.92315105,22.9729268,19.70784954,20.29120114,20.95410043,16.89395327,20.57009806,17.46646482,id119,5.621252566,15.96775391,18.14197902,15.79573477,17.93018287,18.04441292,15.16417714,17.37355312,15.33454167,id119,12.84551243,35.19113722,49.07862112,44.21770989,48.81127645,44.17938594,42.16201,45.3310295,24.89773443
thinking_mav_normal - C4.csv,thinking,mav,C4,26,,id12,18.16166801,3.587360443,5.717073007,17.8507693,3.99789862,0.0001182821245,18.01514567,15.97571805,2.94152751,id12,14.04597859,2.442880592,3.620594944,12.23212027,3.417660305,0.0001841574446,13.46066018,12.96449025,2.349064132,id12,18.0475118,3.126050463,4.069615545,13.15621585,4.051273244,0.0003821134514,20.0336571,14.98988633,2.487768806
thinking_mav_normal - C4.csv,thinking,mav,C4,27,,id120,20.54056052,15.09404627,4.726269448,19.88511778,21.77092727,22.08372886,15.87079912,20.60865095,17.52323871,id120,16.49320869,10.46847408,4.716928177,16.97111502,17.41141164,20.53976355,12.48574715,17.02661678,12.10596644,id120,43.43358027,20.27714075,5.894657429,44.99932038,43.32951972,49.66870569,31.47139648,33.76241197,25.090043
thinking_mav_normal - C4.csv,thinking,mav,C4,28,,id121,12.72330872,13.47078906,17.33830813,15.89806685,18.00607404,16.44876041,13.97630541,3.070565668,17.13680869,id121,10.50163782,10.2750225,12.94678086,11.71140588,12.07325007,15.03277511,11.55408605,2.413580684,18.12182447,id121,17.14267065,20.02807658,23.41099586,19.61686499,25.56138097,28.12347314,19.73162868,3.064282803,28.68321384
thinking_mav_normal - C4.csv,thinking,mav,C4,29,,id122,26.08440773,19.94706522,12.58235191,13.92348794,9.627212221,0.0320636466,12.77136566,19.61560729,13.92953009,id122,19.81867546,13.35383092,11.41024059,13.39122165,11.96849449,0.08468582356,13.68591825,17.93194412,14.29722689,id122,45.57398075,32.80493288,25.41534642,15.63038827,15.78528088,0.1140527764,24.67223756,31.62623213,17.82237044
thinking_mav_normal - C4.csv,thinking,mav,C4,30,,id123,22.18729436,3.944182528,14.21932544,21.91353247,19.77458389,0.7301653645,17.68886361,19.89061789,11.89478271,id123,19.67715734,3.292970297,11.25230069,20.08544843,15.47292987,0.6229341335,15.16113554,17.6389724,11.00462136,id123,30.17810911,6.485017178,18.89142245,35.4932554,26.72006354,1.565051283,37.56288772,33.35621251,17.36768688
thinking_mav_normal - C4.csv,thinking,mav,C4,31,,id124,9.284134466,0.03876594443,7.463049729,0,5.605028472,12.67327749,1.950146901,3.917229371,0.0000193951748,id124,7.115843497,0.06642147555,5.9441562,0,4.823888748,9.606743628,1.453354803,2.352403604,0.00004743405656,id124,7.02442245,0.04960052373,8.115351438,0,4.108615534,10.01050385,1.89906346,3.060196639,0.00004716891379
thinking_mav_normal - C4.csv,thinking,mav,C4,32,,id125,1.17486975,18.38144227,11.61909184,8.773033892,20.82911291,17.68248121,16.75549484,19.53517206,18.24472923,id125,0.9034859007,12.45605274,10.21092974,9.378036497,17.97791456,15.93840532,12.74102945,19.41070306,17.65448113,id125,1.327848156,27.57530475,16.79689425,15.3739133,32.75129624,35.39469968,30.00433185,39.47590009,36.92907459
thinking_mav_normal - C4.csv,thinking,mav,C4,33,,id126,13.64526086,13.01824019,18.92489842,14.1887213,15.29302962,12.58013998,12.91590136,10.38420153,5.810337606,id126,13.14278673,10.20222365,18.60055178,12.64543048,19.13203885,13.66747452,12.86780173,9.010831956,3.856587006,id126,14.73309715,8.637997938,17.75691627,13.2822537,14.54152527,13.3498523,12.79600549,10.39021817,4.233750723
thinking_mav_normal - C4.csv,thinking,mav,C4,34,,id127,18.73374696,23.52034313,16.10145816,20.92912124,23.76037836,0.0001786463361,13.99282147,1.677628919,8.932313994,id127,17.30076282,19.70667782,14.77976394,16.45963813,19.40402661,0.0003086680689,12.67880173,2.542303427,8.460894607,id127,23.29388626,20.03721878,16.84935034,24.79149412,34.83285388,0.0005749820855,13.98097492,2.351077664,10.78323273
thinking_mav_normal - C4.csv,thinking,mav,C4,35,,id128,20.75358917,12.30979183,15.02435944,22.35867725,16.2531374,19.51768164,21.55915925,4.910105358,22.78464373,id128,12.55226868,10.175028,9.549257326,16.74664409,11.85509322,17.26159782,17.73432452,2.760971216,16.47720096,id128,25.75416203,16.63509311,18.42138402,23.00848248,24.15585454,35.86225917,30.9240567,7.533191347,29.21374783
thinking_mav_normal - C4.csv,thinking,mav,C4,36,,id129,21.76406866,14.28115012,10.84038961,16.04660335,12.36097147,17.10702727,12.66103207,17.8081395,1.190335378,id129,18.68046263,14.58862256,11.3111455,11.70276613,9.882994068,11.64008404,9.16243233,13.97270706,1.261892582,id129,28.57645578,14.65457657,11.73399283,17.74864874,11.51844968,15.73408074,10.7023586,15.98760543,1.365224921
thinking_mav_normal - C4.csv,thinking,mav,C4,37,,id13,4.964703552,14.53598128,13.35219651,6.311615866,7.90851631,4.091545539,7.560733786,8.524568729,7.61353724,id13,4.833406184,13.19030689,8.366525975,6.060662032,7.807468315,4.482581185,5.843035203,6.975562972,4.932132918,id13,5.045392963,13.13985829,11.31022508,6.435417912,12.02456394,6.28926248,7.017320118,6.786626266,6.711003375
thinking_mav_normal - C4.csv,thinking,mav,C4,38,,id130,0.04455557512,0.1916820011,2.924535381,0.8311563327,17.40761,5.814229147,15.10249018,20.61004613,20.03579909,id130,0.06310444874,0.1890332886,2.845908318,0.7432958194,18.96130662,7.121053015,14.96430727,25.92967861,23.25971673,id130,0.0527623331,0.1870361672,3.297484087,0.7784179776,17.65060237,7.3837967,27.69867419,27.19093742,22.14408119
thinking_mav_normal - C4.csv,thinking,mav,C4,39,,id131,3.851610405,0.3665286779,4.985048339,4.963862998,0.7897433851,17.04046199,1.930599161,0.7219105734,2.715581715,id131,3.633542624,0.2924017769,5.833364083,3.740609256,0.8970416996,14.33486928,1.57997091,1.035232684,2.549092998,id131,5.101268638,0.3910933971,4.959316414,6.044013385,0.9209267051,18.80376696,3.545797532,1.639639491,3.342924059
thinking_mav_normal - C4.csv,thinking,mav,C4,40,,id132,8.321792922,12.22351943,17.43259285,8.322989652,11.6257088,20.78889468,12.10254525,21.05721487,20.50853614,id132,8.873511961,12.13868054,14.78790722,5.929822333,9.534878698,12.94389815,14.24761101,16.79064961,16.54946367,id132,15.55506416,28.20067823,41.60295724,14.44873951,28.48347642,55.53239456,28.24268469,52.74949769,53.74741472
thinking_mav_normal - C4.csv,thinking,mav,C4,41,,id133,20.60552342,19.57629696,19.37930386,19.37854216,15.25859807,18.88764117,16.57037403,16.74551933,22.61198251,id133,19.70599998,17.86222108,18.08209261,23.6103469,16.86135045,25.67842213,18.28610738,12.48613345,17.4903294,id133,30.90409491,20.85347866,25.08306312,20.69587509,21.92111225,33.25280485,30.18612103,27.31245025,33.75587292
thinking_mav_normal - C4.csv,thinking,mav,C4,42,,id134,12.49312373,9.696317219,15.65803048,11.24511201,13.46773083,11.91594175,8.935295034,17.69445654,16.01003177,id134,11.86248357,6.578710868,10.85070241,7.46361908,8.072282788,7.711279183,6.107747938,12.46513198,11.2314231,id134,10.31376053,7.50098028,14.60258487,7.015673375,9.413823704,10.80227546,7.861976538,15.96536913,15.56191106
thinking_mav_normal - C4.csv,thinking,mav,C4,43,,id135,13.94841263,20.90735786,17.72386861,16.70710329,16.91849905,19.00509825,18.91276485,17.89122485,18.72927171,id135,12.34814,18.3855758,15.30011758,13.32593535,18.33247258,17.80982671,18.42285843,18.99498071,16.81837752,id135,19.21971584,39.71618794,30.1899888,27.49483256,36.19515483,31.5973329,35.67893991,39.69624634,35.22071351
thinking_mav_normal - C4.csv,thinking,mav,C4,44,,id136,18.97166209,17.14229736,18.28429201,15.31465461,14.86887105,16.96731828,23.3153405,21.69062476,7.337765481,id136,19.1112781,14.4199626,18.75625631,16.25084278,12.28669463,15.02150623,21.00118202,20.28803902,5.948722317,id136,34.40408787,27.48576032,38.9096572,30.32647868,30.3663162,19.76732456,40.94080355,40.0338275,17.01911797
thinking_mav_normal - C4.csv,thinking,mav,C4,45,,id137,9.323073665,12.95035204,5.297842066,19.88246021,8.534643039,5.342367781,6.268069992,14.48349725,9.303463363,id137,6.640411766,7.743814623,3.68454146,12.0119131,5.264255463,3.527928256,4.70136527,9.808531515,6.495841582,id137,11.51877678,12.70074722,7.534715811,18.9489779,6.56097294,3.854010489,5.597889147,17.04547851,12.39539893
thinking_mav_normal - C4.csv,thinking,mav,C4,46,,id138,15.87501889,17.57048556,19.15176003,12.84086615,17.17592488,18.09690778,15.52303072,11.84013356,18.29121787,id138,14.43787456,16.98156034,16.08940383,13.33975122,17.87634254,16.22259487,14.62029515,11.63868395,11.78926399,id138,21.45778948,27.78317791,38.89555876,19.87753622,28.19190919,36.16275757,32.56074443,19.7640825,14.86380281
thinking_mav_normal - C4.csv,thinking,mav,C4,47,,id139,22.15752529,23.91864305,21.98828155,21.11903847,25.54727001,23.05197134,20.00451631,19.9964284,16.79534153,id139,16.95118294,17.5650411,18.77553104,16.07416166,13.11199041,17.87121453,18.45355435,15.26129672,13.85889724,id139,43.36382368,45.67290847,55.71363992,47.37371949,48.4765111,50.93790343,44.92374313,37.80388887,33.38396746
thinking_mav_normal - C4.csv,thinking,mav,C4,48,,id14,3.735318775,6.225477949,2.790733429,7.203383695,7.919170077,21.83539415,20.12280518,9.904774148,10.72391356,id14,7.646169889,4.859979147,2.51451426,6.642879634,5.29812439,25.56667298,18.7755569,10.23892426,12.24249788,id14,5.775851095,9.740686288,3.093202019,9.245346421,8.853135236,28.98955657,33.3051356,11.7005883,17.56197184
thinking_mav_normal - C4.csv,thinking,mav,C4,49,,id140,25.90824609,21.92182984,20.08922581,20.06754895,22.72807444,22.05523649,9.940904597,20.26715643,23.47934736,id140,22.93246422,22.76674907,20.15879341,16.01054441,18.49267115,16.05343159,9.637581241,17.99153418,16.01850363,id140,31.46170431,25.88511586,39.09326802,32.62568428,47.71721652,43.05660384,13.69163508,53.50999995,26.37766386
thinking_mav_normal - C4.csv,thinking,mav,C4,50,,id141,18.25466345,15.53105957,17.8371324,16.68035181,18.53526466,12.21468163,11.71553119,19.35910529,13.86218889,id141,15.57937773,14.19288894,17.63099001,16.68273941,16.02438197,15.4110562,13.07364462,18.7780795,14.85187977,id141,29.95628836,22.15516434,24.13176449,24.16048356,24.1048285,17.38820818,18.86177766,27.68615691,22.5357824
thinking_mav_normal - C4.csv,thinking,mav,C4,51,,id142,23.87772879,21.72134692,15.04244044,23.28005619,17.62460778,18.0639074,13.66790632,10.79846165,20.00083389,id142,20.59215614,16.04569039,12.89611516,18.98296454,13.04131856,14.87451123,14.35679058,14.73129997,13.27588089,id142,49.39380933,33.05654742,22.78976581,50.68665537,41.49716794,26.77085823,23.84361078,14.71341105,42.02168402
thinking_mav_normal - C4.csv,thinking,mav,C4,52,,id143,19.08853014,18.53927169,13.01397687,15.91672402,21.04185392,23.63417329,18.77819136,20.8721116,23.61335463,id143,16.52416395,17.31774132,10.74584488,15.68671963,18.15260554,18.94440655,14.57922538,18.22851456,18.7681513,id143,24.21335923,31.56348471,24.97218716,30.14968208,31.8548462,29.04141842,29.14858633,40.45771073,31.70568994
thinking_mav_normal - C4.csv,thinking,mav,C4,53,,id144,15.93907902,8.937502286,21.84073105,19.37282977,22.76809503,18.43764946,9.753126544,17.65010037,21.41873193,id144,12.89530138,8.650295195,15.67612309,13.77229165,18.10970271,14.2957717,8.443243542,15.76489259,16.08514177,id144,39.51759265,20.01764304,52.1009493,41.31400758,43.31285616,61.37324606,12.97244512,38.04958941,40.52584529
thinking_mav_normal - C4.csv,thinking,mav,C4,54,,id145,20.51723096,17.60470919,24.17837672,17.68325737,21.40927328,20.16828897,21.51155857,7.446829692,11.14033836,id145,17.03918202,17.1445694,20.16943266,16.80778468,20.65688589,21.78464978,20.01547339,5.944151634,9.931422934,id145,32.07933512,24.42355029,32.41752052,29.23331822,36.30584887,29.95723164,28.40312488,7.976591947,15.31083392
thinking_mav_normal - C4.csv,thinking,mav,C4,55,,id146,11.99266818,19.11813868,16.82957689,19.47800055,17.68492627,15.99850727,18.22702391,22.72668454,13.36172162,id146,10.22487529,15.27546548,15.14093919,10.85666983,13.51091614,11.82583401,14.78442529,15.20786296,10.49541517,id146,18.17870082,32.69645717,22.09907989,35.17223298,23.87980781,31.2003541,22.959923,37.44406967,17.87988118
thinking_mav_normal - C4.csv,thinking,mav,C4,56,,id147,13.69288538,13.3493477,16.11517712,15.52000286,6.253508782,13.57624895,10.35888787,13.46933969,15.62143793,id147,11.21904398,14.81933296,12.47156671,13.56312183,8.239855594,10.64812728,12.65046692,12.934525,13.24528448,id147,25.55164246,29.50072644,36.90112886,36.0292509,13.60328325,31.96010497,21.63777732,23.58453505,37.32064472
thinking_mav_normal - C4.csv,thinking,mav,C4,57,,id148,22.62110139,19.50025627,15.73246771,12.43823531,17.73927944,6.307102201,13.87030608,19.38758117,4.005300898,id148,20.09234294,15.53527047,12.33313676,8.358128021,16.12412422,5.102850376,10.98545667,14.68541927,3.905553185,id148,29.46793028,19.74740962,17.53140116,11.33672413,18.22874821,7.329461884,16.18826411,29.08076615,6.014234051
thinking_mav_normal - C4.csv,thinking,mav,C4,58,,id149,21.95372553,19.5056931,23.54167166,23.25308139,15.94571709,15.39061927,22.3490217,24.37896927,18.58627316,id149,14.25252873,17.67408522,18.18976716,14.00320373,17.39997318,11.42375633,22.48738968,25.54992713,16.73340062,id149,28.59740564,24.48371285,38.55439456,32.77330907,25.3541487,17.70645757,34.85339261,35.49424656,25.388696
thinking_mav_normal - C4.csv,thinking,mav,C4,59,,id15,14.26391155,21.41921161,20.45091684,15.08696443,20.87028799,15.22576462,16.54304877,15.51933013,20.48696849,id15,8.089032515,13.6827749,18.99574162,12.51958352,15.51711464,9.800386211,10.89233254,11.51094023,15.9347889,id15,7.799484018,23.93586989,22.38869185,17.29680223,21.02691117,16.96315967,17.55401129,17.52951919,22.2593332
thinking_mav_normal - C4.csv,thinking,mav,C4,60,,id150,1.723964477,17.50879396,18.57838978,13.15216884,20.71402119,18.32547,22.63543975,12.11699378,20.86258741,id150,1.772335743,16.37247237,14.10206891,10.62281533,19.18255735,15.19227844,19.01804126,12.54472837,20.66581215,id150,1.189938468,16.22968055,18.32308916,13.26990516,22.10803652,18.26601025,22.02039281,14.6309572,20.93287692
thinking_mav_normal - C4.csv,thinking,mav,C4,61,,id151,11.49466229,19.47580158,19.13087768,9.107739927,10.70919029,14.80335574,20.51742408,20.36379022,20.22264785,id151,7.236893407,13.45416295,13.31451642,6.91283292,9.665212009,15.12306479,23.22888466,20.83356172,14.87786887,id151,8.159259088,21.83778063,19.78339229,9.166827096,10.12756963,19.39120374,21.74901957,32.3951553,18.92467095
thinking_mav_normal - C4.csv,thinking,mav,C4,62,,id152,0.4641311298,0.6260326763,2.526938544,7.6900961,0.8310947139,1.37356513,21.41310163,12.17243153,7.036814974,id152,0.3857607638,0.590613953,1.721219702,6.045087268,0.3818603393,0.804007228,13.61620558,9.283173308,6.905774913,id152,0.3933849689,0.5536936932,2.306624375,8.254604262,0.3845166326,1.100701682,21.72808396,12.43764349,7.383989998
thinking_mav_normal - C4.csv,thinking,mav,C4,63,,id153,17.27976735,21.32831571,13.09914813,2.100042357,26.0317014,22.6055116,20.06539963,20.01617806,20.68685036,id153,10.54056088,19.06532462,10.03076609,2.369302587,20.44323719,19.19397599,15.47785223,15.62525324,17.13458262,id153,19.48885781,28.25177036,19.98930416,4.095335715,38.38727516,38.03587173,22.33488087,36.991606,42.81017905
thinking_mav_normal - C4.csv,thinking,mav,C4,64,,id154,19.10231323,20.1116837,17.01010959,22.95532296,21.99581159,19.04729597,14.57433007,19.23716271,22.28594113,id154,12.9531141,15.70152787,16.68905994,15.85345873,18.01633696,15.77939841,11.9286069,17.21617155,14.12758517,id154,32.82263248,40.18574194,27.10749342,47.24851446,43.11167835,43.6422211,22.32741073,45.93556071,53.17380459
thinking_mav_normal - C4.csv,thinking,mav,C4,65,,id155,19.62254955,14.0540297,16.22306187,13.33408068,11.8913917,14.32030307,15.93412519,9.005083241,9.872034499,id155,18.25784816,13.12547503,13.6072812,13.62423678,10.69485718,11.4813521,12.68054324,9.349789164,6.099401042,id155,25.35091613,20.0595389,21.39485801,17.14778714,18.36014917,17.76724569,18.15196105,13.37023194,6.959408493
thinking_mav_normal - C4.csv,thinking,mav,C4,66,,id156,15.9422273,8.161128877,18.24278506,17.00647462,13.87739648,22.44722469,18.84892463,14.2895793,0.4037920354,id156,17.24014054,7.869074978,14.92936242,12.31985531,17.32441476,29.38046532,22.02208153,16.91810101,0.442192727,id156,16.85009135,6.778653496,16.77901316,15.40560667,13.41801904,23.62301682,17.90683607,13.82920536,0.4852177254
thinking_mav_normal - C4.csv,thinking,mav,C4,67,,id157,15.99509362,15.3052347,15.48464256,17.2530291,14.73708878,12.34786391,19.75880515,22.19752305,15.65579488,id157,14.04280028,12.50141764,17.13214414,23.96850393,11.37004695,9.047893412,19.74227635,23.02922324,17.15986398,id157,12.85833386,13.24873309,15.72543454,15.21524643,14.42228747,9.75614809,22.08579369,25.5720304,14.3023217
thinking_mav_normal - C4.csv,thinking,mav,C4,68,,id158,15.61183211,13.17609224,3.162685561,12.00542887,17.0996248,17.5450871,18.74419223,11.67760171,12.2499972,id158,9.498380703,11.09783727,2.610478313,8.801787194,13.65631877,14.32876048,12.2121834,10.97585733,12.8717106,id158,9.443177233,15.11263292,2.830429943,10.5472001,16.54105949,14.14752415,18.28943814,14.70877254,15.89968705
thinking_mav_normal - C4.csv,thinking,mav,C4,69,,id159,13.23201619,18.9316103,16.40416079,11.9456965,19.35126241,0.08099070296,21.6602853,17.47937195,4.086356312,id159,12.26330035,20.36582775,15.7202091,10.09066878,17.92424199,0.05922562935,18.25998823,19.84891185,3.713447998,id159,16.04430405,32.18966998,38.61203044,17.28894888,32.56506587,0.07667721411,46.92672979,26.3874744,6.012734269
thinking_mav_normal - C4.csv,thinking,mav,C4,70,,id16,12.53499471,11.06534948,6.503705222,0.477855277,0.5286720965,0.6377770506,9.622132716,8.985775627,4.915883546,id16,9.792392219,11.59637657,4.250231084,0.2738747177,0.2794240016,1.140404391,10.16400762,7.07653554,4.157826873,id16,8.10722587,9.863159178,5.743760266,0.6826801025,0.7292454502,1.193948066,9.666804101,7.996818288,5.135611274
thinking_mav_normal - C4.csv,thinking,mav,C4,71,,id160,18.92065065,20.73403438,16.67646589,8.901489942,1.84678575,11.52559414,18.59601977,15.62630082,20.85313316,id160,15.18110751,16.0528072,14.86448638,7.962591602,1.486213421,11.47319467,15.79748861,12.56167561,14.91896102,id160,37.31960098,35.41437369,27.65765048,13.62008019,3.326312656,13.88526566,38.52024565,24.98802093,36.17846332
thinking_mav_normal - C4.csv,thinking,mav,C4,72,,id161,12.08263587,18.5761428,17.18546407,13.41165699,20.44950252,7.873014576,20.55569856,18.65784418,22.39409614,id161,8.824935116,14.02504653,12.34170475,7.961554538,15.8542638,8.520216984,15.63855722,15.19538671,14.50653014,id161,13.29405183,29.81681537,21.95728709,23.44921189,41.6333131,16.52397363,40.10615337,41.0576229,36.02327067
thinking_mav_normal - C4.csv,thinking,mav,C4,73,,id162,13.04719429,17.61720995,12.35302924,13.11225927,11.02742589,20.9927365,17.30757245,21.61713557,17.14061523,id162,13.85507592,16.33370351,11.55539089,15.95775972,8.023309402,24.54309466,20.07969834,23.87842934,19.62455661,id162,24.53753787,27.62922911,22.72201451,18.11759568,9.80683453,29.24300118,25.18008841,17.45589502,27.00341608
thinking_mav_normal - C4.csv,thinking,mav,C4,74,,id163,15.95082656,17.64127893,21.76861279,21.45290797,17.03855943,1.953571591,1.101405089,21.86848505,10.16590554,id163,16.61974732,16.03583947,22.23951276,15.90938274,17.3381751,2.195338713,1.665300677,20.44079769,8.476232637,id163,39.85258128,20.5363598,47.47045903,53.86457771,46.56125447,2.342487631,2.422849516,42.9115383,15.53717077
thinking_mav_normal - C4.csv,thinking,mav,C4,75,,id164,7.380857209,10.13754072,15.18902158,15.13200606,5.753048328,17.99299066,11.3970828,15.83286675,11.96630223,id164,5.146418195,7.411247726,11.9816701,10.49288776,4.308729819,15.08494641,12.85488289,11.89573733,8.383460471,id164,4.499585718,9.015203339,21.92919415,13.13390532,7.959142351,20.57807691,16.8218396,21.9062679,13.25761875
thinking_mav_normal - C4.csv,thinking,mav,C4,76,,id165,17.54404019,21.13314185,9.707285055,5.324790132,12.58522537,16.62408617,14.76603383,25.04537427,23.04347707,id165,11.77847962,16.5600736,9.753054803,6.577732162,9.592070543,13.44069297,14.3653094,13.1960749,15.40737304,id165,23.68474325,41.7958359,14.46141169,8.128341141,15.35823366,23.0274946,26.68892652,37.42128594,43.80089564
thinking_mav_normal - C4.csv,thinking,mav,C4,77,,id166,4.504768494,3.186291768,5.70663014,4.391958144,10.52425242,1.796539585,1.476737461,4.627688578,9.867563909,id166,5.22307057,3.285053822,6.399343634,6.334731034,8.729329099,1.871773505,2.176127029,6.710369515,5.046937724,id166,6.756351735,2.740415464,8.711525114,7.738460278,12.47459179,2.130253426,3.387647815,7.311698525,14.067299
thinking_mav_normal - C4.csv,thinking,mav,C4,78,,id167,16.33438866,19.63515902,17.40883573,21.81826659,23.1649556,13.57043449,21.57003821,22.23027283,22.14483596,id167,13.1438489,18.16414279,14.33462993,18.05734827,20.1564645,13.12199022,16.21601149,16.33928353,18.45234619,id167,28.54425468,37.17370494,29.72817635,33.95400472,38.91701743,18.74337119,25.0156872,23.34991684,29.02213588
thinking_mav_normal - C4.csv,thinking,mav,C4,79,,id168,17.05258996,21.5652477,19.9715155,16.12599024,21.96004016,18.29104896,22.87149213,22.06267651,25.2186505,id168,10.7494978,15.81360608,17.86524676,13.98949341,17.99179241,22.29549476,17.48548111,16.51557518,17.71772539,id168,22.79214633,28.83020823,27.1484379,24.93678741,30.92079397,25.51546163,34.62810141,34.35396415,38.57635035
thinking_mav_normal - C4.csv,thinking,mav,C4,80,,id169,22.31043191,17.98281663,5.167137912,12.36751944,15.59991441,5.486057253,3.858521618,5.310988713,5.04832208,id169,17.30711605,16.16242532,5.729098836,10.84381998,14.31046767,5.639644802,7.624025628,4.828790685,6.880426472,id169,41.05252158,33.3436512,7.113683881,25.67272265,40.89736592,12.96477012,10.75320142,9.226659355,10.06160876
thinking_mav_normal - C4.csv,thinking,mav,C4,81,,id17,7.927861935,1.403901114,11.81397661,0.3411381393,1.394544521,2.10074784,2.523548454,1.3735105,1.259586685,id17,4.751291932,0.9189721322,5.055478458,0.3058191343,0.7295674229,1.01325496,1.020788226,0.9368970044,0.7442680321,id17,5.818044688,1.263034984,5.416424573,0.2369931751,1.120582097,1.435701139,1.186656957,1.282766796,0.8335777665
thinking_mav_normal - C4.csv,thinking,mav,C4,82,,id170,5.408895754,20.71365671,22.61154861,16.87662294,11.69130209,7.544477046,6.531850429,20.45138211,8.678977602,id170,4.911444076,21.06070278,16.08636851,15.09245461,12.23305249,8.502505851,5.937273339,20.17298914,9.817775095,id170,9.358262481,32.26801042,46.38626619,24.76853866,17.30564999,18.3278326,9.064960545,39.23182516,15.05632582
thinking_mav_normal - C4.csv,thinking,mav,C4,83,,id18,10.24097471,9.701867226,10.34143647,10.07952926,6.773875855,10.0972103,3.419819754,11.11093853,9.435827501,id18,8.213652311,10.65780231,8.03161084,10.58961676,5.837365355,10.87762898,3.917465091,9.999761228,9.413620608,id18,8.594811706,13.45576514,14.81731479,16.56770897,8.653343233,13.87143583,4.647723166,17.3582177,11.42930328
thinking_mav_normal - C4.csv,thinking,mav,C4,84,,id19,18.50630917,13.20557393,16.14736209,20.05207247,11.26440033,17.48082789,7.135905373,3.594746031,16.26041359,id19,16.46521745,9.42890853,10.16709645,12.82804879,9.551274714,13.07558014,6.662160833,3.166415577,11.50580298,id19,11.37002645,8.396660277,9.932304396,11.42782082,5.821371445,11.15635151,6.359345674,3.042735428,10.2687249
thinking_mav_normal - C4.csv,thinking,mav,C4,85,,id2,9.909979371,25.71788068,17.4101835,13.51627384,15.45919059,7.931891886,13.84693595,13.1506707,18.89700106,id2,9.472385745,17.31865398,13.68648788,10.91172153,10.28082279,5.612517725,9.426437469,8.846756966,13.54890355,id2,7.232520905,16.00781048,12.00725084,10.38976927,10.70829732,6.101202279,9.453418278,11.16857091,13.48609673
thinking_mav_normal - C4.csv,thinking,mav,C4,86,,id20,14.97770804,5.315926837,29.61188961,11.79233935,14.13073671,8.2119521,11.61362584,17.49968378,15.32835691,id20,11.6566341,6.029273828,19.05360709,9.722080743,11.61671256,8.240114443,10.90617244,11.72407058,13.47150863,id20,15.10826474,4.339093446,18.18268432,8.258263102,12.43054244,7.332237227,17.40281317,12.41065009,16.38834303
thinking_mav_normal - C4.csv,thinking,mav,C4,87,,id21,30.48869395,17.53367768,18.92836547,26.1063252,9.686025337,23.87035106,10.91188922,12.55882291,9.467030193,id21,18.6786629,14.37964443,11.16094819,18.35685057,7.041199777,15.47778018,5.533960989,8.683360236,5.837296318,id21,16.2570865,17.52060233,12.90801888,25.2983856,6.781699836,19.12566108,8.170671325,8.441756447,7.60480791
thinking_mav_normal - C4.csv,thinking,mav,C4,88,,id22,14.78163945,2.443051645,0.01435276398,0.7377255933,0.7449297196,10.60560806,10.54065879,1.194003202,0.3959648849,id22,12.62755647,1.619185671,0.0229187193,0.5863607356,0.5453248257,6.737371953,6.469706498,0.6448428182,0.2604151966,id22,11.9488559,1.496412429,0.0121632792,0.5935040757,0.5008005298,6.84251238,5.30368394,0.6035295522,0.2990891254
thinking_mav_normal - C4.csv,thinking,mav,C4,89,,id23,15.37403314,9.467376898,5.602000652,11.84926277,0.8512085521,13.71659428,3.472031465,15.93753514,18.90559498,id23,11.75182965,6.165856484,5.659613174,14.45666845,0.6410342969,11.86627344,4.507726185,14.65393751,19.0598053,id23,11.23811197,8.530215051,5.699788822,14.10008183,1.055492356,13.71929011,3.664089792,14.03701379,16.46745148
thinking_mav_normal - C4.csv,thinking,mav,C4,90,,id24,13.26978085,0.0003061512479,16.17421028,16.89326428,15.13985062,2.995393087,15.06001397,16.58630965,15.02961677,id24,14.24235247,0.0005518114791,14.13917583,15.14950979,13.87372551,3.078294565,15.44835536,15.44133777,13.65907638,id24,20.88613313,0.0006701021024,20.69459638,19.99865947,16.4100902,3.881731815,13.3060528,23.55988424,20.22124154
thinking_mav_normal - C4.csv,thinking,mav,C4,91,,id25,4.054825998,16.59700916,0,10.14321084,0.5568709975,0.00004294297994,0.000003481918781,0.4915231928,1.739822091,id25,4.826118816,10.07303361,0,7.832766576,0.7787862103,0.00008296848233,0.000007190148207,0.7238105441,2.151480646,id25,6.447684343,16.6259714,0,7.950926146,1.123076567,0.000197058871,0.00001038014577,1.036008426,3.037287375
thinking_mav_normal - C4.csv,thinking,mav,C4,92,,id26,5.854164649,1.262409037,5.997760007,10.64823608,0.6058482726,0.4343706247,4.861266099,11.71289851,10.53229602,id26,5.82132295,1.164371393,6.212256462,11.03448042,0.8433977828,0.7252024568,5.915620944,10.35449373,9.312063081,id26,5.075315206,1.432415696,6.305577327,10.49580559,1.149186866,1.040096774,5.010911053,9.590979758,12.02513
thinking_mav_normal - C4.csv,thinking,mav,C4,93,,id27,14.62366612,3.762422982,8.861128091,12.22551917,13.31146048,12.35107429,6.668005289,12.18179259,3.556515951,id27,11.81967293,4.715530329,9.179180212,8.815420776,11.80737221,10.91941081,4.357062217,11.00143971,3.698450981,id27,14.67270796,5.565887349,9.960320857,12.33634802,13.2112509,11.40040246,5.797372246,11.90850158,3.786040669
thinking_mav_normal - C4.csv,thinking,mav,C4,94,,id28,0.00006560960434,17.72946496,15.88753234,3.088190011,16.96430693,15.79391082,12.312675,6.346325136,6.72155877,id28,0.0000293212564,11.49323348,11.86257087,2.718618678,10.10995934,10.68775627,9.715330289,3.628670185,5.319670036,id28,0.00006610438372,14.64428433,13.81056851,3.043941547,11.22251616,12.18162555,8.788620578,4.719463185,5.571158806
thinking_mav_normal - C4.csv,thinking,mav,C4,95,,id29,2.540006801,6.264943491,14.09441428,14.75803658,8.143999023,7.443231977,15.10208899,18.21951395,2.268353692,id29,2.773568647,5.929393347,9.902074297,10.13761412,5.469975574,6.020512737,11.43188696,10.28740953,1.573087031,id29,2.886733047,6.488203894,12.09913681,15.05607108,5.993175435,9.199605234,16.63296671,14.61771188,2.165296374
thinking_mav_normal - C4.csv,thinking,mav,C4,96,,id3,18.19541089,17.65307884,0.000003498433618,2.096720059,0.1381155804,7.781670346,15.81613865,4.785826017,7.45889096,id3,13.72171538,11.99793977,0.000005792381635,1.532768397,0.1005162197,6.239600933,12.31885913,4.364722317,5.214501414,id3,14.85099012,20.23682831,0.00000963817622,2.060347375,0.1321855157,5.393402436,9.906635952,5.664053622,7.509898389
thinking_mav_normal - C4.csv,thinking,mav,C4,97,,id30,13.18914397,12.63385477,16.53420002,14.22223478,12.08677876,12.00125899,1.613540848,7.394608766,3.593887108,id30,12.50825819,9.32067215,14.15544227,12.01382829,12.59268753,14.14578929,1.05953001,5.96125513,2.06371861,id30,12.49054,8.893576197,12.73831874,10.77771905,13.65976246,11.50860904,1.197235497,5.643448732,2.490530089
thinking_mav_normal - C4.csv,thinking,mav,C4,98,,id31,5.026836195,15.59181816,17.41275241,8.557459866,13.83913518,10.90425775,10.58251517,12.24143403,6.186034186,id31,3.515259403,9.59500624,9.097842332,6.419598465,8.827853602,7.880812294,6.886901634,7.726025163,4.420032189,id31,4.298256659,9.07004389,10.08528928,7.737647956,10.79823106,7.665984895,6.998161462,7.079620617,4.46419629
thinking_mav_normal - C4.csv,thinking,mav,C4,99,,id32,2.374746108,6.347109732,10.82584819,5.445795045,7.324106159,12.36322421,4.140956383,6.38574386,6.920164599,id32,2.186986136,5.121555206,6.958070051,3.96926887,8.846518072,9.079843595,2.8519389,4.379891862,3.157811672,id32,2.504692824,11.18562709,9.721961492,9.043110314,9.642212908,14.87496662,3.878496378,6.846111903,3.733972576
thinking_mav_normal - C4.csv,thinking,mav,C4,100,,id33,5.067115041,15.33384663,7.813393353,18.23437797,16.09712832,9.674366564,0.5343242442,18.49497705,19.01126881,id33,4.196676776,13.48405642,7.775667156,15.97871534,14.1792707,10.30772796,0.2595021105,12.47372567,14.61418382,id33,4.772738708,20.1740021,16.51971529,24.49584776,22.15020906,12.51917032,0.3772598861,23.77586088,18.6483176
thinking_mav_normal - C4.csv,thinking,mav,C4,101,,id34,8.759015964,12.42929359,8.453913674,0.8776774581,7.50947227,3.622048774,2.342022209,1.098011385,8.418253115,id34,5.829507841,7.720403078,5.820700612,0.9317557795,3.928691696,2.513439091,1.630539131,0.5306890758,3.694395642,id34,6.290661015,7.030874437,6.444641305,1.128513666,3.697592459,2.900908992,1.778962716,0.585562022,3.954283506
thinking_mav_normal - C4.csv,thinking,mav,C4,102,,id35,13.99405458,6.956002291,15.0339942,18.69994737,7.693948939,12.08387706,12.85415527,0.5733493981,14.13936743,id35,4.925421373,5.540379976,7.416987987,14.62621245,5.853187457,8.627520127,10.68451709,0.3923810449,10.18081323,id35,4.884016694,5.739646177,10.47435086,14.09759298,4.697389694,11.19170334,8.036645163,0.3365454139,9.340676782
thinking_mav_normal - C4.csv,thinking,mav,C4,103,,id36,1.002885246,8.314538576,9.169175905,9.303368089,13.05069247,1.260232751,3.915647962,20.81505729,18.38461041,id36,0.7854965803,6.583225979,5.115692744,7.253041216,8.656990828,1.282331398,2.546738872,10.50332056,13.78371246,id36,0.8120385319,7.412347667,5.120460504,7.197819107,11.0327772,1.637185115,3.832285482,11.71189882,11.89311192
thinking_mav_normal - C4.csv,thinking,mav,C4,104,,id37,4.251103818,10.85148545,18.98328937,5.453305418,1.122654249,2.895110064,3.839612332,21.6058176,16.25877724,id37,3.317674661,12.28154133,13.95658243,4.724035424,0.5157386314,3.998449015,3.779398512,18.83508739,18.17242062,id37,2.985390171,13.5036369,16.62594254,6.608473375,0.5681365844,5.353846984,6.05700502,29.65608354,27.51374907
thinking_mav_normal - C4.csv,thinking,mav,C4,105,,id38,0.05506207171,8.76576034,6.400678802,17.50702036,1.317448979,1.623836026,0.5784339806,2.506709123,4.061105928,id38,0.06938273733,8.832281534,5.762366019,15.94988326,1.734780196,1.309075722,0.5370378678,2.493826482,4.792879081,id38,0.1064153541,9.458366956,9.630708967,13.33791563,2.101769224,2.488353345,0.7302258665,3.878507953,4.680585248
thinking_mav_normal - C4.csv,thinking,mav,C4,106,,id39,14.22468623,0.7528870079,7.771055121,19.48203504,9.797089566,7.340627636,14.16932969,15.00587878,14.02094932,id39,13.06501087,0.4364567601,5.603809023,21.09382112,6.441460164,5.749714792,10.12089167,8.775649181,11.52243518,id39,14.48592626,0.3829787081,7.769068746,18.21012726,9.309479611,6.32351228,10.71064672,11.43797753,10.34492822
thinking_mav_normal - C4.csv,thinking,mav,C4,107,,id4,14.70613342,21.67384211,2.380240695,8.878322686,0.8787213468,10.13931554,4.293355229,17.75894032,18.01034366,id4,13.7587207,14.67451178,1.191675593,6.545239234,0.7519897309,10.55352902,3.575665101,12.83652512,11.89149855,id4,17.47664938,18.04072035,2.229116649,5.745954811,0.6426547296,14.42008239,4.33571555,15.4268658,13.30371593
thinking_mav_normal - C4.csv,thinking,mav,C4,108,,id40,2.67245289,2.47376419,0.03646547019,12.53779051,2.189263584,3.065677162,10.84972239,7.885816286,1.527388905,id40,1.506386324,1.539661345,0.04531483294,11.71906294,1.064839916,0.9870184773,7.000537449,6.322014479,1.106431658,id40,2.072892638,2.37896528,0.06799179492,14.35235299,2.618279363,1.082668342,7.412266668,11.97911827,1.19845906
thinking_mav_normal - C4.csv,thinking,mav,C4,109,,id41,5.534180606,6.7467836,8.211729,4.761815907,4.220777387,4.700487523,9.366469616,4.15115728,6.354352389,id41,4.423480984,5.349617364,6.003005869,3.147861707,3.079516105,4.148276249,6.187025396,4.33095441,4.142766711,id41,5.766426845,5.252878101,7.390007421,2.989467589,1.956871777,3.295795737,8.362796697,4.420108918,4.629419736
thinking_mav_normal - C4.csv,thinking,mav,C4,110,,id42,11.04489708,4.329584635,9.07939689,5.004227037,3.235635741,3.091525996,2.337460416,4.759438191,4.018077296,id42,9.612344923,5.762233796,7.400913064,5.462708587,3.695730704,3.486871774,3.103295603,5.861946434,4.281198037,id42,15.9017153,5.498311905,9.511041136,4.853170681,2.719852216,3.250678649,3.63127622,4.472075427,6.556855715
thinking_mav_normal - C4.csv,thinking,mav,C4,111,,id43,12.25517585,11.36690278,0.7664522183,0.1973405615,1.466798244,7.411404676,1.784385453,16.4517518,3.136236411,id43,10.90101149,11.49612084,0.9261412895,0.1875655621,1.078311956,5.005362693,1.29279352,13.16794075,3.17744906,id43,14.92977041,13.19217481,1.340431164,0.2914005596,1.739512383,6.246545062,1.121739356,19.45993481,4.293543453
thinking_mav_normal - C4.csv,thinking,mav,C4,112,,id44,0.00000008222083558,6.051937429,0.05758651678,3.495601779,1.488877682,3.877467906,2.233126688,15.10564624,14.35411327,id44,0.0000001119014699,3.897274387,0.02385597434,1.587849169,0.7631956931,3.358089009,3.069435496,11.94056935,11.07197403,id44,0.0000001593165245,2.797659994,0.02190862363,2.099542986,0.940866409,4.212548872,3.100708372,18.97165598,19.70387343
thinking_mav_normal - C4.csv,thinking,mav,C4,113,,id45,13.07429014,12.25709904,11.06886312,11.02593414,12.55389487,6.160746907,19.25488378,13.25216101,19.50666155,id45,11.13898389,8.383536831,9.332405446,6.662145912,11.98867022,5.802487417,11.7389681,12.37491184,12.81469761,id45,16.17773051,11.56536843,8.599917675,10.21744265,19.06783895,6.359922158,19.33417799,12.46950967,18.16454086
thinking_mav_normal - C4.csv,thinking,mav,C4,114,,id46,8.698838576,10.35688889,7.568698414,9.285300313,3.320064402,0.1115111154,0.00005741529923,1.120109474,16.00557885,id46,5.421022354,6.619344785,4.701622834,7.23675497,3.946413631,0.1600341793,0.00008334418801,0.519416069,13.67378506,id46,7.135587414,7.660014238,6.926743435,7.829827488,3.930743279,0.241341652,0.0001032445706,0.7245975422,13.37813971
thinking_mav_normal - C4.csv,thinking,mav,C4,115,,id47,10.86004805,11.3164372,7.276014526,7.689460886,16.60655774,10.30884432,12.60700811,14.94027569,8.752039958,id47,7.389939427,8.006782205,6.137623077,4.704521886,12.49321378,8.935958019,7.388332747,8.959856276,5.194838031,id47,8.608188697,6.592190709,4.328009478,5.651813044,12.94249867,7.66471414,8.536204105,8.796530231,5.340858552
thinking_mav_normal - C4.csv,thinking,mav,C4,116,,id48,3.630422467,7.718295626,10.04445975,11.08367503,12.84317525,12.61260131,14.17730253,10.20668705,12.74323942,id48,2.420561926,4.695519847,6.719422974,8.797211881,6.138827812,8.208176905,8.110027615,5.154846791,8.485133898,id48,2.0897605,4.69968444,7.032306729,9.440575514,8.137775397,8.605302354,9.691188347,5.590797936,8.579085434
thinking_mav_normal - C4.csv,thinking,mav,C4,117,,id49,8.414444123,19.90467338,18.40938699,19.40356523,1.607044277,6.214242203,9.689353682,1.862466681,32.27556144,id49,6.732877913,13.18673515,10.14751256,11.07044074,0.9098114176,3.812945741,6.542644684,1.063184933,20.83664964,id49,7.789855243,15.91892661,14.12419626,15.84134377,1.410342655,5.703760951,8.483871384,1.743767233,20.46173383
thinking_mav_normal - C4.csv,thinking,mav,C4,118,,id5,10.96455662,10.96035376,12.60476033,21.25849937,3.810023717,13.27130029,0.0001905147122,12.90123668,12.21194889,id5,11.77927019,12.90808646,11.16310397,16.00262826,3.723886866,9.140137173,0.0003359739535,11.62614893,9.489270793,id5,15.09420774,19.37381906,12.81843921,17.65656474,5.043329823,13.90719255,0.0004675788823,17.31637832,10.17381607
thinking_mav_normal - C4.csv,thinking,mav,C4,119,,id50,15.82446428,7.156605762,14.87258809,3.273857647,0.04916910072,0.003915186892,0.0002134444134,8.071141224,9.545243499,id50,17.15200718,5.483251123,15.59234633,2.950761211,0.03573309939,0.002790102154,0.0002047372685,8.494797532,9.324961055,id50,20.92973565,7.484387253,18.95766183,4.179235831,0.04016849324,0.002637570711,0.0004280540448,6.347571352,11.78427406
thinking_mav_normal - C4.csv,thinking,mav,C4,120,,id51,7.140893579,5.133167812,14.3756307,8.691408961,8.493429506,8.549662872,6.388025841,10.04808142,7.830513252,id51,5.135752571,2.739493221,10.11675874,6.422455409,7.754965607,6.046290912,4.631888633,6.831152405,5.289518976,id51,5.450078603,3.925322152,9.463809848,6.859518707,9.169085688,6.515525005,6.194515104,8.361767995,6.878075363
thinking_mav_normal - C4.csv,thinking,mav,C4,121,,id52,5.082608543,8.950530249,5.766383849,19.28564297,20.0984488,8.804330065,3.86899905,17.88237577,22.86997603,id52,4.229234926,9.17801171,4.641117875,15.48006992,16.75475175,6.280173383,2.069018367,17.71969358,24.06000333,id52,3.306045758,7.951512694,5.637275885,13.02256013,13.13892778,7.137220945,3.473982239,15.5126458,24.94922769
thinking_mav_normal - C4.csv,thinking,mav,C4,122,,id53,12.16843567,6.999246096,11.56055703,14.69669441,8.507104196,0,14.73700642,0,2.783134225,id53,9.464629327,8.712700527,9.739099375,9.375380945,3.669162463,0,13.81741735,0,0.7488610718,id53,11.41124717,7.542063285,10.44327712,9.564590558,3.292530862,0,11.67208002,0,1.108884386
thinking_mav_normal - C4.csv,thinking,mav,C4,123,,id54,14.01481384,11.96646406,13.24891108,16.11538575,15.31037019,16.4652494,15.63886241,15.96964151,19.71134593,id54,12.88764708,11.29938835,11.64146779,16.65188165,12.54249489,14.77313618,10.52254133,13.92271457,14.70074479,id54,35.7714303,28.96445995,20.38318944,36.89304765,32.62370517,30.99133999,33.89898381,28.43182882,37.48928715
thinking_mav_normal - C4.csv,thinking,mav,C4,124,,id55,12.02081867,2.773121707,6.892609827,11.85245733,7.540443025,24.51737625,25.03953838,18.0014865,18.43727108,id55,11.41860662,3.073193891,5.013802066,11.21777957,6.581957378,25.73583749,23.46666855,18.55723154,19.48233711,id55,14.78661281,3.823915467,9.235912617,18.82808906,7.177455117,35.02011599,40.75109873,23.8596617,27.41392742
thinking_mav_normal - C4.csv,thinking,mav,C4,125,,id56,9.702677085,0.2424423148,0.4920222823,0.06987586061,0.05218684563,3.017428036,2.193523814,18.38404996,1.27701003,id56,6.9736031,0.2146438465,0.4559103335,0.06147612559,0.04176666832,2.186087334,1.143552019,14.66876995,1.066066867,id56,12.92641863,0.3555518442,0.6515813599,0.1140228511,0.08164577287,7.756085674,2.214217034,36.26698934,1.463437627
thinking_mav_normal - C4.csv,thinking,mav,C4,126,,id57,9.30217827,10.49147069,10.2610062,16.14075065,10.3802439,14.31722982,9.246852476,7.418556217,18.12276997,id57,7.269109454,11.91183321,11.36261289,11.39208246,7.094526053,11.9318737,8.751261903,7.592176034,14.12432451,id57,9.308573873,16.42978717,8.520323845,21.13727958,8.156074172,13.92096756,12.23821452,10.4638497,21.22473675
thinking_mav_normal - C4.csv,thinking,mav,C4,127,,id58,17.51452985,4.232046512,11.53842464,11.84184077,16.06456715,1.180219851,7.439742027,19.01144455,13.27366353,id58,15.00759814,5.73083817,12.60492125,11.15284669,14.59332869,1.370171012,6.590282448,19.59051665,8.575157525,id58,22.80774106,6.896527534,19.87142867,17.99858687,31.18062857,1.678070699,13.93634856,29.62908092,17.37027274
thinking_mav_normal - C4.csv,thinking,mav,C4,128,,id59,0.1129403053,17.34011442,18.1908075,7.868313299,17.96754766,3.725080819,12.56342508,4.94103828,12.99631053,id59,0.08611821289,14.57911118,12.7387495,8.570161568,16.27788804,4.249780748,12.91856185,3.956735873,10.50932028,id59,0.1122147844,30.10882952,42.77789402,13.00774179,36.68939375,6.241731004,25.65531097,10.63750038,31.46781984
thinking_mav_normal - C4.csv,thinking,mav,C4,129,,id6,0.1255620037,5.104986707,1.417163183,12.91766013,1.805648259,6.141665784,11.78822225,1.267510452,2.080142345,id6,0.1541713841,5.371063739,2.350995,13.13231585,1.743842653,5.96017594,9.419550471,0.8966399004,2.026228115,id6,0.2294666232,6.199593886,2.430573212,12.96871152,1.863553238,6.735543447,10.56309984,1.07411768,1.704080539
thinking_mav_normal - C4.csv,thinking,mav,C4,130,,id60,15.03182251,0.5968506525,15.49918066,6.648112933,22.70914438,18.52209668,21.5527992,17.44170785,15.91595642,id60,12.78658029,0.4827653162,12.49799547,5.902405703,16.60147714,14.19636934,15.54653419,14.37551569,12.88206744,id60,32.59180316,0.6743534394,28.82848259,12.40127584,32.11295383,39.78004003,51.97317558,33.11234303,33.55577197
thinking_mav_normal - C4.csv,thinking,mav,C4,131,,id61,18.99723598,19.46323083,18.47228918,8.241277639,21.2181824,21.99969571,15.6372345,18.96697713,17.89851236,id61,13.72350657,14.57120618,16.13792434,8.218379931,10.22496903,22.2737101,12.90655061,16.67379075,14.41234529,id61,12.73159881,18.47528368,17.89510242,8.798418121,9.556130652,20.48515101,15.66188911,18.64339821,18.4171813
thinking_mav_normal - C4.csv,thinking,mav,C4,132,,id62,13.40067068,15.36732596,9.232663734,2.708371274,0.3066520831,19.95660564,13.04494545,12.68769727,12.19370483,id62,14.119073,17.0339209,10.14897436,2.447126038,0.2232273633,17.66273751,12.26625225,11.34569549,11.14848809,id62,14.14449547,18.3842298,15.22649042,3.63317672,0.3898798497,19.89842343,21.09048545,14.41687011,8.894978767
thinking_mav_normal - C4.csv,thinking,mav,C4,133,,id63,11.95362416,10.61332359,5.003926545,8.820391251,11.435653,13.80367492,7.724106832,10.04966257,12.49644304,id63,13.70586607,8.760651422,4.847432981,8.240274437,13.7164185,14.24178775,8.474960952,8.426608835,12.81241338,id63,17.31168738,15.51303255,6.846163572,12.50003881,23.75985097,16.18678112,16.27929373,15.33894463,16.13165282
thinking_mav_normal - C4.csv,thinking,mav,C4,134,,id64,23.59774796,15.49606077,15.55020748,7.777674863,18.13106739,8.725228773,17.81660083,16.89541068,20.71881593,id64,18.3013242,10.11061465,13.2553476,7.907539553,14.59448244,8.167925485,16.10581037,13.86000066,14.8382154,id64,38.30425176,28.22276533,25.32313258,9.664577117,41.08685232,18.00414694,38.99440933,32.97945199,26.2601144
thinking_mav_normal - C4.csv,thinking,mav,C4,135,,id65,17.08006031,10.25287717,17.57981219,17.58918928,16.91466212,13.32332572,6.874358786,13.79561328,18.53096833,id65,17.66339272,7.462980105,15.22122904,13.014294,16.28128674,14.15812695,4.654887595,14.44602229,19.53241583,id65,42.10033572,11.36501992,22.32591934,25.94204038,30.51065234,18.62829533,10.72695494,23.90418626,33.36375639
thinking_mav_normal - C4.csv,thinking,mav,C4,136,,id66,15.30661562,14.72444853,17.35866994,19.20934671,17.09876164,17.76408895,16.97281364,0.8570130857,17.4846814,id66,11.81610233,14.12197759,13.46282388,15.07744553,15.77379584,16.05746394,12.02620702,2.287508425,14.55787305,id66,30.17756482,36.13505416,42.83949837,35.2465681,38.1839691,47.58649611,50.67504469,3.197550453,35.22136004
thinking_mav_normal - C4.csv,thinking,mav,C4,137,,id67,1.990362803,0.1546045502,0.3689819388,0.2142712582,2.344457242,0.8664336043,0.05407440666,0.8188616323,7.277597581,id67,1.422597069,0.07785093882,0.2067138798,0.1283051573,1.414930413,0.7280165907,0.04437015298,0.5242597601,5.543436134,id67,1.507470642,0.1444771121,0.3179326367,0.1970149908,1.746500253,0.6242670248,0.05115761131,0.5476549007,6.421660494
thinking_mav_normal - C4.csv,thinking,mav,C4,138,,id68,0.9572827072,10.34775759,8.384510981,6.124240379,2.833601432,12.42716577,0.5459002481,3.75261686,13.93657368,id68,2.257203977,9.006172188,9.47483784,8.23630124,1.805418221,13.30229852,2.171969848,5.475141649,15.42634768,id68,2.975672472,11.78175148,8.076833738,8.512578803,2.296384712,11.28520522,2.190981113,3.947457004,14.76215417
thinking_mav_normal - C4.csv,thinking,mav,C4,139,,id69,7.333814512,2.14769317,6.51521335,15.00800065,12.52514981,9.219342645,16.52561233,14.72808206,8.375037082,id69,5.610233999,1.622799537,4.491916308,11.52268099,9.439273778,7.318351086,12.12271903,12.26968338,7.398174262,id69,9.754959595,2.199294681,6.08148413,23.2971144,19.66061914,14.22841151,19.49241532,14.07711722,9.560392953
thinking_mav_normal - C4.csv,thinking,mav,C4,140,,id7,8.514399041,14.28642576,16.49395821,3.306244248,20.32608385,17.62731079,11.96681431,9.76227764,16.67316784,id7,5.433543464,9.461484995,12.11529473,2.663830918,15.96887036,13.34016747,10.64985694,8.287431734,13.96173779,id7,6.028537034,9.568560072,13.72237463,3.586146692,20.07639516,17.98044142,13.98542967,8.540855004,19.53990605
thinking_mav_normal - C4.csv,thinking,mav,C4,141,,id70,20.46192778,6.104194273,24.27692873,19.06396545,8.339511654,7.694947831,18.70372829,18.20699955,25.47480304,id70,12.97552445,1.595496384,14.37107939,19.72024891,7.551335717,7.135588363,15.33505978,12.1839334,18.37327457,id70,21.5509066,2.544188789,15.45350512,15.84220472,9.685510988,7.120016068,18.62008559,17.76929032,31.81245109
thinking_mav_normal - C4.csv,thinking,mav,C4,142,,id71,17.49162713,2.8927046,17.9781603,13.63839064,18.28534217,12.90143895,10.84625084,2.543106706,4.174627687,id71,18.12905882,3.129174734,14.84831183,13.81788796,19.68097878,15.12531464,13.49161948,3.027860003,3.271098623,id71,33.61589946,2.860830801,42.58142008,29.61096462,38.63389841,17.97936369,27.09729844,3.243266369,7.015326692
thinking_mav_normal - C4.csv,thinking,mav,C4,143,,id72,8.228518341,11.99443017,4.986491035,11.91804428,17.00509103,13.23260138,11.00038609,16.41789253,10.86720031,id72,8.234793829,10.72648374,4.539990544,11.8115916,10.24328742,10.7133074,9.714305943,11.32343121,9.281508168,id72,10.40101637,23.04837769,11.22560288,19.31462855,29.24542165,18.71896432,22.47100563,15.19601557,17.69319746
thinking_mav_normal - C4.csv,thinking,mav,C4,144,,id73,12.13714262,15.62124547,12.37141702,20.30153346,16.70855433,14.47233511,17.7654982,21.87506002,23.39879935,id73,8.768185178,13.62900219,8.725976924,10.27286383,15.33086121,11.09550976,12.09010345,13.97700869,17.58763402,id73,10.78223087,22.85536168,16.0803078,27.23047693,27.95407363,22.95488227,26.80253875,23.83602083,34.39499914
thinking_mav_normal - C4.csv,thinking,mav,C4,145,,id74,14.02567012,2.575688895,13.83599743,9.516627946,13.6305883,24.61222354,20.40352998,11.39749194,20.79304722,id74,15.53209226,2.487386691,11.96705138,8.533823432,12.41789601,19.61163113,16.44861923,8.905950571,18.71663397,id74,26.26039809,2.945371531,21.68533171,11.38488162,18.48617994,31.80251604,30.0072282,13.92897922,35.92074728
thinking_mav_normal - C4.csv,thinking,mav,C4,146,,id75,1.783223705,13.28423712,19.44563679,19.5441465,1.289483443,16.60622725,16.48252765,13.01995595,11.58634928,id75,1.560231683,12.25893797,16.68545365,19.06466486,0.8983545202,13.53256684,14.28107761,10.71863991,9.516743285,id75,3.179888193,30.47912444,44.38628227,39.47669282,1.143736234,42.05644884,38.00959004,19.81033858,24.6581361
thinking_mav_normal - C4.csv,thinking,mav,C4,147,,id76,21.63585312,13.51671937,8.496530939,3.937062775,3.683094961,2.75722231,11.75477394,3.259462581,9.739141952,id76,18.15594503,10.8061184,8.664129548,3.294755358,4.856525417,3.004455131,9.647416546,4.788633286,8.629605924,id76,47.50036861,23.49407169,17.7824955,4.877641967,6.821799688,4.659930439,20.18139462,7.170290705,18.33517459
thinking_mav_normal - C4.csv,thinking,mav,C4,148,,id77,16.57626365,24.60820191,21.79517052,13.2956355,11.53489756,7.906651484,7.449433619,10.82016461,6.989577549,id77,16.55744932,15.17104392,14.29754923,14.08477585,11.45324914,8.002515776,8.653294125,10.34859898,7.601809664,id77,29.95893941,38.57792191,36.6985859,22.74984863,16.78781243,11.84502765,15.9384204,17.06176739,14.7001052
thinking_mav_normal - C4.csv,thinking,mav,C4,149,,id78,12.24350861,9.450849317,0.134526709,11.28964708,2.78634235,12.0195091,16.6663729,11.5831858,10.68712245,id78,9.91725914,7.341379829,0.0839753223,8.740394388,2.153944285,12.79546144,12.31680904,9.09961772,11.08360904,id78,16.61417299,11.42978753,0.1324457612,15.00832986,3.355811967,17.31436731,24.92464289,12.6441165,19.93633221
thinking_mav_normal - C4.csv,thinking,mav,C4,150,,id79,18.98350961,7.720116454,8.429213803,14.3358519,14.07376569,15.01666318,1.329992387,16.2255715,1.838914567,id79,16.23918526,6.006422433,6.698300439,17.01360544,11.57225809,13.07134768,1.778242785,17.58092509,3.164516172,id79,31.65791032,9.479683275,10.12943821,20.99285942,14.53045783,21.15241861,1.56958976,19.59851386,2.640054851
thinking_mav_normal - C4.csv,thinking,mav,C4,151,,id8,18.44105768,0.6877609055,0,3.565419823,19.29482525,15.89702828,20.82777248,17.45188331,12.00674424,id8,14.88225619,0.5207531997,0,3.310206266,9.456171575,9.233365081,12.67730833,11.38506482,7.881216481,id8,24.23973832,0.6671995021,0,5.027279128,15.48050472,10.61060023,17.66081939,15.27780062,7.819750115
thinking_mav_normal - C4.csv,thinking,mav,C4,152,,id80,8.962870545,13.8060287,13.87089495,3.161519735,3.229976977,8.473050584,2.612721286,8.812266922,1.936080112,id80,9.037317338,11.79520217,11.2863209,2.909682962,2.920587543,8.544206516,3.819088523,9.412223526,1.758591664,id80,15.10906764,26.15613959,25.34131234,7.614382407,6.014846703,18.54926909,4.283997301,14.7081087,2.567642024
thinking_mav_normal - C4.csv,thinking,mav,C4,153,,id81,2.983435116,0.06085631185,3.518471946,7.449252937,23.99725659,2.229873005,1.00441557,2.793911371,1.441444179,id81,3.776579615,0.04840368018,3.221774193,8.377883704,18.30061709,4.697202636,0.637657126,2.908008176,2.754262875,id81,4.917872091,0.0472048406,3.13096543,8.498450221,32.39910769,4.012051166,0.7113954294,5.014694124,3.793830003
thinking_mav_normal - C4.csv,thinking,mav,C4,154,,id82,15.30201997,21.48997554,21.51777612,21.73074698,19.49105103,17.67996156,21.14861814,18.71389135,10.5669359,id82,16.98861514,16.38516157,12.86568051,15.755795,16.71514758,12.43394234,17.26584186,21.08603521,7.520309641,id82,30.67205273,38.93773553,37.10554564,37.22273355,37.2119551,37.75194172,46.78251785,37.71806076,13.63034796
thinking_mav_normal - C4.csv,thinking,mav,C4,155,,id83,16.3509452,3.258850594,23.64554576,11.88982217,13.4434906,3.531013079,2.379523419,14.13530695,18.19674416,id83,17.23288191,4.18497657,18.84493375,8.9158487,10.2111229,4.391462659,2.023452311,11.39520522,20.59756121,id83,22.08608691,3.998655711,39.31903504,23.22826384,17.72987883,6.655844619,2.0821978,26.22658701,25.71432681
thinking_mav_normal - C4.csv,thinking,mav,C4,156,,id84,16.49048886,11.8252294,8.292354456,6.900217171,6.049379214,7.216510052,14.41577158,10.54562792,6.667341897,id84,14.03298998,10.61971643,7.164285315,4.946645855,6.346796694,7.008042249,12.37481898,11.27477639,8.218297628,id84,27.78388294,14.84622092,11.75383925,5.753346093,7.718016937,10.52839043,23.42153513,16.61602434,8.298203338
thinking_mav_normal - C4.csv,thinking,mav,C4,157,,id85,4.045374763,2.36707343,6.000824791,2.6319068,4.297035733,11.77109234,6.942624384,3.692306441,6.69259132,id85,3.314135917,1.602694573,4.244070391,3.093469089,4.297367186,16.69370333,3.82301043,4.462081957,6.486611909,id85,3.620340924,1.903524869,5.617913594,3.539170351,4.24760823,17.50261738,7.835291544,4.863999502,10.98035823
thinking_mav_normal - C4.csv,thinking,mav,C4,158,,id86,1.90850844,13.13462181,12.95739905,14.37471946,12.36588061,16.05502094,18.71442047,15.94017213,8.176475129,id86,1.360444738,9.926498268,9.347631935,13.17241638,10.53651624,13.10735117,12.90048051,14.1577918,6.551817857,id86,2.674141583,18.84608307,22.59697848,18.75551018,23.81841717,24.97804354,38.42285607,22.50477423,10.2999254
thinking_mav_normal - C4.csv,thinking,mav,C4,159,,id87,19.96155082,12.7235322,15.9968561,13.17204942,18.05660275,23.18481841,17.88319002,21.40660858,19.90852092,id87,14.08957419,9.487202171,14.00824368,12.89063076,15.07263896,18.06337948,18.53313359,18.81206172,15.3236947,id87,30.19656139,17.91685173,32.9369682,22.58761266,31.59829735,50.09423957,27.96288795,36.04569448,34.31289292
thinking_mav_normal - C4.csv,thinking,mav,C4,160,,id88,20.10368057,20.82982102,17.39993116,13.94388344,16.68057162,6.960791703,15.54307983,8.27909172,16.85208262,id88,17.73475775,16.68388306,16.19207411,10.91616966,12.91826395,4.671533344,18.29441298,7.64649011,12.48909894,id88,26.84063164,25.8616083,20.72062835,20.51485751,15.13605571,5.700425288,23.4145149,11.11220148,30.92484398
thinking_mav_normal - C4.csv,thinking,mav,C4,161,,id89,3.242822275,13.64469437,6.978047593,2.406359195,2.204868261,3.204345094,6.541569006,1.59041374,4.860277923,id89,4.047544449,11.72090537,7.882866645,1.97907718,3.727575127,6.08217256,8.851062466,3.835086007,6.81089561,id89,5.179902668,25.52664062,15.99182043,5.572290829,5.160315253,5.621470641,10.39055464,3.889048156,13.38338522
thinking_mav_normal - C4.csv,thinking,mav,C4,162,,id9,19.79234037,10.35011225,5.91423731,11.52181,6.233323746,2.003640661,0.4180678406,8.86361059,5.247751375,id9,12.3687005,7.503737433,4.675485282,6.552393735,4.094324539,1.121441618,0.360825772,7.542351895,4.687920233,id9,14.13484373,9.385577299,4.882476821,7.746411757,4.142212413,1.846906144,0.3943097778,8.310717173,7.005823116
thinking_mav_normal - C4.csv,thinking,mav,C4,163,,id90,15.63553003,16.45338827,11.98789379,9.443735753,0.05888363698,1.389259984,2.535547439,10.77271047,1.067545186,id90,18.21394705,15.89304233,7.473523636,5.42070537,0.04168425666,2.557967109,1.961579974,13.68536734,0.9564768943,id90,18.49141528,24.4575542,9.939967811,5.118384202,0.04539795123,3.088682396,2.510574335,14.19268574,0.8509542312
thinking_mav_normal - C4.csv,thinking,mav,C4,164,,id91,0.3703866691,3.2166655,3.42936191,6.475619588,0.3351760263,5.322436915,7.845060713,4.809994235,12.13701158,id91,0.3627134328,2.562002758,1.821212412,11.94590506,0.1045564189,1.409003234,5.684675465,6.04913999,7.83482901,id91,0.317338607,3.025156917,2.419016434,14.25651173,0.1313631945,1.434395308,7.106160551,6.255774103,8.657198955
thinking_mav_normal - C4.csv,thinking,mav,C4,165,,id92,13.44113297,21.57165148,19.46395357,14.86098618,12.19960798,18.78316489,8.042489575,0.6752003769,13.21880191,id92,9.065650735,16.7219705,16.72184027,11.26738679,12.0474583,17.6650168,6.364325462,0.27756558,13.12790178,id92,13.2428774,21.27844999,18.88643373,22.1991465,12.27247047,21.05531987,5.891636686,0.4396315277,15.77924122
thinking_mav_normal - C4.csv,thinking,mav,C4,166,,id93,24.02926365,24.47385632,7.261975665,26.24217507,15.47155764,22.76284461,18.40574258,18.61397905,5.008387696,id93,24.72917133,21.90089172,6.20023607,17.92755437,11.89047423,21.55698861,13.4901534,9.400266783,3.26067064,id93,43.21139141,37.35146789,8.724821085,41.47328424,28.44925087,38.93955378,13.5656811,34.80001509,4.045293837
thinking_mav_normal - C4.csv,thinking,mav,C4,167,,id94,17.64796336,21.24606608,8.934279259,8.103423865,13.61935013,7.319664475,11.45561131,2.041719054,9.141998054,id94,13.64630024,14.72858128,9.772168817,6.729445675,13.84200581,6.592260441,10.21390797,1.53936948,8.441290746,id94,27.45346886,27.58097057,10.59577765,10.62810373,23.19053086,7.324706715,20.29473986,1.715019298,13.89016609
thinking_mav_normal - C4.csv,thinking,mav,C4,168,,id95,15.99609612,13.95844591,15.40733766,10.46853058,7.745165214,1.011441872,3.484264104,8.688406984,11.77922284,id95,14.23112849,13.29414882,13.15788378,12.31698986,7.455261296,1.497710397,3.76918305,7.728770509,10.40274497,id95,27.42587977,23.28724092,28.24936099,17.89745596,14.96287815,1.386200293,7.510905884,15.42659373,21.88791057
thinking_mav_normal - C4.csv,thinking,mav,C4,169,,id96,2.957865889,4.361969941,9.574050742,0.6186759184,4.21753703,0.7626332887,2.786776716,12.88602574,9.346268613,id96,2.257889603,4.467134427,9.483650511,0.5609060317,4.907786882,1.244550591,1.598775161,11.5312306,10.70122664,id96,2.580354245,5.999857732,14.92322815,0.5844044823,5.113627969,1.204112893,1.91174568,22.96634835,13.03947301
thinking_mav_normal - C4.csv,thinking,mav,C4,170,,id97,13.62646153,17.48654678,14.22016954,15.93419327,6.132802015,0.4861072843,21.59367533,14.44558695,14.728744,id97,12.299893,17.23244466,15.13116477,13.11550681,6.141064109,0.6222852012,16.13182028,15.18910163,13.89735649,id97,13.97799442,22.21215642,22.81091309,18.70107785,9.054379207,0.7618470704,24.65419498,16.90324416,18.29589867
thinking_mav_normal - C4.csv,thinking,mav,C4,171,,id98,7.856792773,15.48406238,14.35228963,4.299718526,1.733648302,14.75591773,9.436250491,20.50055099,10.53967885,id98,10.90551725,18.09213602,18.73715856,3.173179461,2.543037576,19.0189999,12.78136336,27.57551507,11.21198723,id98,7.47739697,16.81120884,14.74469926,3.440668818,1.989252856,17.73236789,9.857692051,21.21626665,10.19167355
thinking_mav_normal - C4.csv,thinking,mav,C4,172,,id99,22.89549139,17.39609028,22.47869798,21.38806545,17.10045298,20.16004717,15.50035092,18.10632987,23.65089888,id99,16.01819913,14.03413032,11.40975079,13.94005546,12.17458182,12.1278063,14.31732122,12.75600619,17.38618482,id99,32.53231211,16.26456134,31.09502028,41.48019075,35.43917597,37.86741311,23.02792548,34.64571821,52.65905819
thinking_mav_normal - Cz.csv,thinking,mav,CZ,1,,High_Beta,mav (µ),,,,,,,,,Low_Beta,mav (µ),,,,,,,,,Mu,mav (µ),,,,,,,,
thinking_mav_normal - Cz.csv,thinking,mav,CZ,2,,ID,scenario1,scenario2,scenario3,scenario4,scenario5,scenario6,scenario7,scenario8,scenario9,ID,scenario1,scenario2,scenario3,scenario4,scenario5,scenario6,scenario7,scenario8,scenario9,ID,scenario1,scenario2,scenario3,scenario4,scenario5,scenario6,scenario7,scenario8,scenario9
thinking_mav_normal - Cz.csv,thinking,mav,CZ,3,,id1,14.12323247,4.70244611,11.47436485,10.27935113,14.25101148,2.354475702,0.3154172554,0,5.330791639,id1,4.450526934,4.856669731,11.18281961,7.529528176,10.61757472,1.22680926,0.2362417229,0,4.357366589,id1,5.355470865,4.766055452,10.87942112,8.395547701,14.51441432,1.238177854,0.2977771783,0,7.515991941
thinking_mav_normal - Cz.csv,thinking,mav,CZ,4,,id10,3.512626633,5.664376319,8.640206536,1.237530074,11.40479132,10.72807517,3.166111408,16.16716088,12.13557463,id10,5.190460192,3.71778871,9.388798697,0.3438082727,10.67071059,11.51262963,3.750063015,14.13816656,8.920939201,id10,3.906691295,4.978928003,11.9674483,0.3466194494,17.16696948,13.89496364,3.371334755,15.89151543,11.58690227
thinking_mav_normal - Cz.csv,thinking,mav,CZ,5,,id100,11.63459492,10.20124985,8.490839735,11.02674835,8.143043902,14.85785977,17.88360847,12.07605192,20.85460958,id100,12.92586323,10.12334953,6.03890386,12.05766327,7.186978813,15.42786628,24.37198245,13.67913146,22.11396847,id100,15.85802567,11.46428758,6.59370376,15.53122968,7.336326715,22.18894746,35.80175021,17.92020137,34.92742107
thinking_mav_normal - Cz.csv,thinking,mav,CZ,6,,id101,16.80486132,17.68144107,17.28899883,14.53519175,12.08322529,18.30688356,14.03818991,18.74316292,20.95327151,id101,12.4640495,12.19905062,14.05943876,11.15524404,9.537652048,14.56742154,12.04373916,15.85756051,12.83182646,id101,23.21867861,12.70254216,24.05819739,20.14883632,10.88693217,18.72915457,17.33657072,17.72990582,18.31655844
thinking_mav_normal - Cz.csv,thinking,mav,CZ,7,,id102,24.29515408,19.12625879,20.78865342,6.77619276,15.13327185,22.14593154,23.9585446,13.74355695,19.07030925,id102,20.49236296,13.06671219,15.53454265,5.829623292,13.47852939,18.49671595,20.98644965,10.69791797,12.00187383,id102,20.68392707,11.33983871,21.75996727,5.813385529,18.47333136,28.57805117,22.48020637,9.857176471,16.19572083
thinking_mav_normal - Cz.csv,thinking,mav,CZ,8,,id103,22.67485287,19.51796218,18.85265718,12.61740774,21.52843327,23.70039745,11.8670773,5.303601101,9.398213026,id103,13.59743491,16.05830811,17.87295134,9.562739754,13.28362165,13.87667347,9.421700008,5.7963595,7.335309837,id103,30.85594163,23.91008176,36.56198605,19.17548087,33.1283665,28.41355493,20.99105744,7.718839712,15.36939326
thinking_mav_normal - Cz.csv,thinking,mav,CZ,9,,id104,13.3202815,17.83102602,12.75983854,19.03797379,2.483462812,17.50680435,16.56233912,15.52283734,17.05582328,id104,14.10196574,14.2256504,12.04180488,16.25271771,2.208519661,14.09854489,13.29754452,17.3451953,17.79283314,id104,23.83413215,39.97557119,22.3993034,33.50319862,2.988236616,34.64171705,29.27705354,29.72255976,31.06846398
thinking_mav_normal - Cz.csv,thinking,mav,CZ,10,,id105,11.48435789,17.28566171,8.26423863,14.12358972,19.37225288,19.34368009,15.45610601,19.76580398,19.50733953,id105,9.294300083,18.3755642,5.947890043,9.633627139,18.94350251,13.58270401,11.14191245,19.28195271,19.2718386,id105,8.372852562,16.55492296,6.016548928,12.86626926,16.91384922,17.50046741,9.123264928,17.3381346,15.35409673
thinking_mav_normal - Cz.csv,thinking,mav,CZ,11,,id106,1.118477142,0,9.064866382,15.02236481,13.79647391,5.018631532,16.39984153,13.65564125,3.529345685,id106,1.503112058,0,5.968325041,11.07774686,11.39381467,4.693695269,13.95965078,6.937657718,3.293265982,id106,2.172144233,0,8.513748109,15.28228793,12.88708883,4.920271424,18.1875097,9.330634536,3.423356938
thinking_mav_normal - Cz.csv,thinking,mav,CZ,12,,id107,13.9550409,20.00438988,18.62485629,19.19553404,22.81100452,9.481481083,22.13857349,15.88780929,20.11650749,id107,10.00674529,14.79853603,13.56183311,23.6532658,21.3410197,10.57792803,17.23694539,11.31747897,18.20928544,id107,11.55631046,20.96780541,17.99520786,36.96541408,35.60998461,11.83750462,29.28729586,12.95375845,24.71542912
thinking_mav_normal - Cz.csv,thinking,mav,CZ,13,,id108,14.67575658,19.57938379,14.83573387,12.99882499,16.27573534,14.53689453,9.464459918,18.10526213,15.15756948,id108,8.746081247,16.0899198,9.211394168,7.394739329,11.9700134,9.133749059,7.708453626,16.66673267,13.36222228,id108,23.38336072,19.90764062,20.9008269,21.94479681,24.92313951,27.72306946,7.61006561,22.69721111,14.08995922
thinking_mav_normal - Cz.csv,thinking,mav,CZ,14,,id109,11.91828952,18.7827146,15.3438538,0.7673763255,14.70734521,14.04925611,3.373362151,1.201865131,13.70902263,id109,12.52858491,15.38976223,15.43204465,1.320454233,14.37577353,14.84950907,5.246238947,1.962095121,10.33424277,id109,13.91782533,28.66364249,30.982969,1.592171217,15.91483101,17.87537044,7.326783074,2.975703517,19.29009887
thinking_mav_normal - Cz.csv,thinking,mav,CZ,15,,id11,15.35827792,13.07985391,0.07600957574,0.00003344588579,0.4092264107,13.54302816,8.614155596,20.75489087,4.248382478,id11,12.07871863,10.37638659,0.04564783963,0.00007713516164,0.4688465391,11.42886553,6.372515125,20.72047166,1.294686936,id11,22.02067616,16.92682315,0.08908855337,0.0001503697928,0.5240840437,19.56703148,13.64698057,39.51698991,1.747269201
thinking_mav_normal - Cz.csv,thinking,mav,CZ,16,,id110,22.17475027,16.27796022,17.37592186,17.57843191,4.7509607,10.70916089,3.644835693,7.855572595,18.60166027,id110,16.46928908,11.53171286,14.26106749,13.89587942,4.818565962,10.24368165,3.782063406,7.995012205,14.84117822,id110,36.57410583,25.55334925,27.73730268,35.73916406,7.090834237,17.563237,5.263990609,7.493529781,33.30283294
thinking_mav_normal - Cz.csv,thinking,mav,CZ,17,,id111,9.776727491,0.1551191885,5.090182013,8.051293663,12.94823587,24.3928304,9.028802365,13.54358,10.40199267,id111,5.77401737,0.1013274607,3.831044436,5.351722575,10.03507015,19.17083293,5.926745129,7.740355167,7.183300985,id111,5.794160124,0.0813433614,4.281577675,5.686357505,9.76830733,18.19408541,5.842158347,8.22534303,9.313281768
thinking_mav_normal - Cz.csv,thinking,mav,CZ,18,,id112,7.037715608,5.31585233,9.749653718,13.73722157,2.229372132,7.765653062,10.38069535,9.711593876,19.24026654,id112,5.544537701,4.261148586,8.320485265,9.147765098,2.750579704,5.236918017,10.32767992,8.318902325,14.62329299,id112,6.429060849,5.236511614,14.14079618,16.56833687,2.437662513,7.546333156,14.46391117,9.296593289,33.44203725
thinking_mav_normal - Cz.csv,thinking,mav,CZ,19,,id113,12.56828969,20.06096301,18.18715335,19.86679783,18.93785134,23.05548154,18.75506234,20.85358458,19.6276461,id113,9.701506886,12.99620788,13.57873124,17.97160078,15.61633058,18.5719306,12.48445997,15.72837228,14.87375632,id113,26.26855721,45.31053005,46.3360636,49.40915394,49.17278605,54.29898812,37.32330862,42.13095444,41.98961416
thinking_mav_normal - Cz.csv,thinking,mav,CZ,20,,id114,12.6105253,11.68682279,17.38341635,16.59212565,19.26186964,21.1211587,16.88784467,9.448919187,17.3819349,id114,10.67939724,9.657126929,10.9189784,14.2613443,15.79387485,22.90427626,15.15235817,11.87958574,17.95157525,id114,18.22844302,15.9599973,23.70430826,19.78236719,38.21204947,36.10929253,25.77684282,17.93158926,35.18930197
thinking_mav_normal - Cz.csv,thinking,mav,CZ,21,,id115,6.47439296,16.13914081,7.763154582,7.759229563,15.18889101,13.40422441,4.758595916,3.11755842,20.0106133,id115,5.455605644,12.42307221,5.428302525,6.75576335,12.45499357,12.28774389,4.193486074,2.982495543,17.89585654,id115,5.425778545,10.19110659,4.639357764,6.101324225,12.54209061,13.40624698,3.363984484,2.896676455,17.0217958
thinking_mav_normal - Cz.csv,thinking,mav,CZ,22,,id116,12.42193631,12.64322919,17.96368665,12.81156317,16.62426295,14.35385931,14.32391422,20.1814926,14.60049883,id116,10.92827345,11.02407745,14.59616789,14.15326285,17.76546043,12.0744869,12.2853073,17.3702101,10.7438518,id116,19.42703856,22.30583649,35.21912467,24.46394154,41.18358995,32.03858236,30.0691082,42.4494121,26.97963468
thinking_mav_normal - Cz.csv,thinking,mav,CZ,23,,id117,13.87702669,15.96710358,13.48042244,19.60288525,2.145130917,3.606262417,19.87152441,6.143665369,12.67266434,id117,13.36767343,12.51086384,16.72018674,19.90116845,3.008002847,3.348258773,19.95712128,11.28647566,13.23067772,id117,14.36831659,20.93421291,13.26403771,19.40232652,2.837324455,3.875286136,17.88927376,8.943471191,14.9084647
thinking_mav_normal - Cz.csv,thinking,mav,CZ,24,,id118,9.052634204,10.00701581,7.380902974,7.943770274,8.200646913,7.750779603,5.565155868,8.428059902,6.327896924,id118,6.349143729,8.032124073,3.653079062,6.816481296,6.032379857,5.530794887,4.393452796,5.951289528,4.013426121,id118,9.094887099,7.022766903,4.304148621,6.326266219,5.980492826,6.221779548,4.83108191,6.837889686,4.812986145
thinking_mav_normal - Cz.csv,thinking,mav,CZ,25,,id119,6.683655988,21.11365566,22.01300707,18.49787943,23.67523146,17.17934787,19.19511162,22.05369104,18.05923299,id119,5.991064642,14.54201435,19.8379828,16.73136718,17.44962849,19.82549832,19.41450623,15.96391578,12.07327906,id119,10.67204588,42.26219357,46.4508883,44.97786101,51.29871686,37.29297031,44.79058426,42.00009435,29.60873286
thinking_mav_normal - Cz.csv,thinking,mav,CZ,26,,id12,21.79183183,3.573987749,2.883149537,7.856454012,20.46126685,0.00008210008937,17.75191136,13.7847529,1.806984999,id12,13.90884498,2.429512243,2.220996065,4.385075136,13.7483945,0.0001701786987,13.88748378,10.1107285,2.104414858,id12,21.16473183,2.914013683,2.545836889,5.264188794,24.29894925,0.0004499948756,20.06420313,14.74907815,2.093996129
thinking_mav_normal - Cz.csv,thinking,mav,CZ,27,,id120,11.91519081,16.00119678,4.041381639,19.32287828,18.6830428,22.661296,12.52814186,19.39997773,17.93873137,id120,10.74541841,12.71146745,5.085349142,13.80680599,16.24460318,18.39902524,13.92799224,15.74836047,13.31075594,id120,21.51407153,24.63979717,5.330219796,44.9058642,44.35874826,51.2662966,28.62206684,33.19034121,27.4879245
thinking_mav_normal - Cz.csv,thinking,mav,CZ,28,,id121,16.15214033,11.62286467,16.08152702,16.06633903,17.74536926,16.05454933,14.87419959,3.185211345,15.27917207,id121,13.59919938,10.32924197,13.141538,12.17880855,14.45531041,16.67080245,13.10233109,2.693846501,15.75436633,id121,24.29744183,21.57699748,19.49720512,20.2207933,25.16512954,27.80924988,21.02171611,3.67700115,27.0341159
thinking_mav_normal - Cz.csv,thinking,mav,CZ,29,,id122,25.95196597,19.3524209,14.41316444,15.5451277,9.780844946,0.02611789782,14.25255033,20.85728139,11.84208666,id122,16.33332767,14.30196395,11.35354681,12.27556013,10.58551099,0.06888362348,15.44841397,15.07013241,11.28363521,id122,53.0238006,31.62914853,23.72897296,20.71725237,12.40732354,0.09313824065,30.37712642,31.95054408,18.58392062
thinking_mav_normal - Cz.csv,thinking,mav,CZ,30,,id123,20.24499342,8.668401734,24.73056468,22.38693783,20.98584352,0.2939285147,18.45595471,20.51165078,12.93196793,id123,19.7067383,7.775198848,15.274893,19.38222284,17.97805551,0.2507494614,17.61812415,19.03595126,9.391595768,id123,31.52465836,15.18901431,41.04832057,39.04806093,39.18540605,0.6299825258,40.08808451,40.54918446,24.5367931
thinking_mav_normal - Cz.csv,thinking,mav,CZ,31,,id124,7.354840207,0.06633908291,6.034414026,0,5.102516246,9.852979266,1.804762006,2.586117832,0.00001372990087,id124,8.77823308,0.07864332284,4.817720741,0,4.46105386,9.234037286,1.203990878,1.376848205,0.00003539232409,id124,7.946126349,0.09327197032,7.173861442,0,5.978192691,10.32585696,1.64205132,2.251544787,0.00007446391366
thinking_mav_normal - Cz.csv,thinking,mav,CZ,32,,id125,6.409894772,18.17790843,19.88609697,10.43898522,18.68922093,18.5820757,18.54027415,20.98493439,14.90940744,id125,4.994781308,13.36457877,15.49807722,12.67188243,18.32259646,14.73816748,14.7824734,17.99548032,13.33087696,id125,6.445898615,31.90707551,32.16519743,16.92536202,29.80954336,34.98203637,30.64859888,38.81571602,32.81722898
thinking_mav_normal - Cz.csv,thinking,mav,CZ,33,,id126,15.83337234,12.28236027,20.85625322,14.70150354,20.73052249,12.47677182,17.8058347,14.45378378,6.506667669,id126,17.11734348,9.153042221,16.51148617,16.99620601,19.04732688,14.62936369,14.89045252,13.02054263,4.411104434,id126,13.92815369,10.61135652,16.71053022,12.84400869,15.88520452,12.81303924,15.84489851,12.40946307,5.321924047
thinking_mav_normal - Cz.csv,thinking,mav,CZ,34,,id127,18.22576878,19.34338088,18.87384712,17.98354106,8.951675776,0.0001431841599,8.268124035,2.33416693,9.717676515,id127,15.49485314,15.55061233,19.59674659,15.68915675,9.599680335,0.0002448715813,6.241018407,3.078348965,6.760182412,id127,20.96435533,19.7140645,20.02401206,22.73651972,16.40360299,0.0004621250624,10.17334598,4.363502774,9.201603258
thinking_mav_normal - Cz.csv,thinking,mav,CZ,35,,id128,17.79453143,13.64004464,19.59632331,18.19449153,13.99874831,17.47474253,24.65753835,5.765202149,21.17964343,id128,14.12617097,10.58612307,12.99940662,11.62757614,11.80410489,17.14049542,18.54908459,4.132650838,13.8619877,id128,20.47029532,21.55293763,21.40771199,20.03905863,17.42308084,29.92847553,27.0321913,6.811317996,38.46666964
thinking_mav_normal - Cz.csv,thinking,mav,CZ,36,,id129,24.16858345,15.01972755,10.55214035,12.36011517,12.18984616,14.5375383,11.65864252,17.26861024,2.302525628,id129,15.08635223,14.63088065,10.02309895,9.973748349,9.157057129,13.81805674,9.451919112,15.52112283,1.710652623,id129,24.4529405,20.97437367,10.91738966,14.71582918,10.5490888,18.03608342,9.100645873,17.59563754,2.572982176
thinking_mav_normal - Cz.csv,thinking,mav,CZ,37,,id13,8.883367039,6.084489179,8.81946529,7.048170882,10.36329765,3.186634055,10.41043283,12.53786125,8.226653425,id13,7.699605138,6.031871384,9.302807177,5.698096269,8.826061416,3.047929641,5.897511693,10.55612644,6.745584051,id13,8.347001161,7.804906136,9.609673148,5.228780576,9.340566883,4.752093476,6.000448551,9.767528455,8.219134861
thinking_mav_normal - Cz.csv,thinking,mav,CZ,38,,id130,2.906961174,3.001313622,3.93670712,0.1558467488,13.94863331,13.60692263,4.934222621,5.205982413,18.81641831,id130,6.470554833,2.142857867,4.09737078,0.1393498444,15.84694319,10.66922854,6.310504683,4.370173797,21.86518296,id130,3.910624624,2.320882098,4.441340045,0.146186452,21.58097109,11.58250988,9.975362408,7.92177373,24.91881402
thinking_mav_normal - Cz.csv,thinking,mav,CZ,39,,id131,0.8766272455,0.2058204614,6.374063133,16.50849949,2.362802879,15.80517117,4.838026737,0.7243535619,0.0001351242267,id131,0.9972336421,0.164195252,5.424955492,14.0752221,3.466619766,15.74759658,6.620987474,1.043662694,0.0002334491121,id131,1.07771133,0.2196145302,6.818292299,22.32352546,3.107415698,17.30559892,11.13644249,1.601900536,0.0003746114457
thinking_mav_normal - Cz.csv,thinking,mav,CZ,40,,id132,6.485049354,9.204408428,17.33207819,16.03175664,13.42547318,16.48487747,16.3297381,17.92795391,17.10298143,id132,6.568881424,6.839481836,14.09035754,11.38267047,9.796207291,14.17059671,14.09975277,13.10478051,10.91178691,id132,13.14028641,22.26018125,41.58565877,34.48724971,26.6663387,45.73144876,38.72670313,44.01795807,38.35289794
thinking_mav_normal - Cz.csv,thinking,mav,CZ,41,,id133,19.35498673,18.91222126,13.04898778,18.81994267,15.46531769,19.47697407,15.46779274,15.5968973,21.37336499,id133,20.92514677,19.91754944,10.51808746,22.79783039,15.96105292,22.0077645,18.00192313,14.25901329,15.56067319,id133,29.85647141,22.28868594,16.58875891,27.13015171,17.60279691,33.36020172,35.16222881,29.26219905,43.15239968
thinking_mav_normal - Cz.csv,thinking,mav,CZ,42,,id134,11.3671582,13.42867185,16.2574791,12.59425085,10.98984679,14.54716112,10.14577968,15.50968452,14.71814567,id134,7.814898201,8.976686083,11.66465785,8.668289123,8.456098049,9.64611342,5.639831914,12.55757163,11.70860133,id134,9.864919823,9.836785159,13.8881292,9.224961584,8.852550569,11.88154497,6.312132345,13.51033666,13.45770958
thinking_mav_normal - Cz.csv,thinking,mav,CZ,43,,id135,12.81185214,19.02399225,16.63115965,15.58410986,18.7197609,18.75716486,21.86242435,17.51002583,19.50681495,id135,11.07927609,16.98757176,14.28331714,15.19011787,17.69532162,14.89685564,18.05481369,12.15799391,18.32062803,id135,20.60721004,45.98596781,37.11309819,25.60779806,34.97016788,39.19330504,36.27516479,39.83240851,35.96535771
thinking_mav_normal - Cz.csv,thinking,mav,CZ,44,,id136,16.65482023,17.51488185,17.47664315,14.07894774,15.54339123,10.27853847,16.88898822,18.01712647,8.483622259,id136,16.54527945,14.24437677,16.84585799,11.67340429,12.341346,9.14804284,15.72258591,18.03585178,7.154808771,id136,38.30924548,40.85661996,39.70745111,28.8722265,26.67479958,14.40992261,30.00146526,36.93143379,18.81376418
thinking_mav_normal - Cz.csv,thinking,mav,CZ,45,,id137,13.04727484,14.430065,2.300807468,19.64584768,9.255490167,6.175189135,12.86840458,13.65432892,7.782916014,id137,9.173561684,9.630733894,1.688686178,13.61603616,5.497001714,4.010086769,7.936921441,11.26627763,6.878917859,id137,18.56162908,21.37618494,3.430348514,23.94134434,6.049404367,5.214296426,14.31886435,17.43548266,8.719298358
thinking_mav_normal - Cz.csv,thinking,mav,CZ,46,,id138,21.03461789,19.92728,19.94269521,22.55328323,19.24836942,22.70740038,16.84946508,13.16924321,22.86591631,id138,17.09554595,20.64718423,16.56139388,17.85979576,18.20027215,15.37679038,13.1303265,11.38394384,14.4096937,id138,24.62349624,29.2497203,35.0664397,39.5129382,26.70908143,29.85484623,36.07273968,20.03974983,25.10581007
thinking_mav_normal - Cz.csv,thinking,mav,CZ,47,,id139,21.41620957,21.69829578,22.14545628,20.39960561,22.65487886,22.43921682,20.39487862,16.48111653,20.45146743,id139,15.94531239,13.02053237,14.72107966,14.67501448,13.8850941,13.01505643,13.79785208,13.33340401,15.84790236,id139,46.79469508,56.18867134,60.52284905,33.47160478,57.85944361,51.76671858,39.85036096,27.01938752,46.38057749
thinking_mav_normal - Cz.csv,thinking,mav,CZ,48,,id14,1.629513175,6.48404922,3.451363736,13.96364313,24.37953532,22.84400305,24.53205806,14.67385833,11.0142379,id14,2.155253598,4.697429638,2.479880217,12.47963482,17.25058348,22.1858947,20.64863413,12.16000898,11.01072259,id14,2.565312672,8.543677762,2.508911411,16.67726644,45.93595385,31.24637784,36.06398237,16.93484817,16.68731698
thinking_mav_normal - Cz.csv,thinking,mav,CZ,49,,id140,21.45331108,13.82304921,21.24118571,21.74865622,1.2755222,21.40357017,12.70289154,17.45515725,20.06492177,id140,18.3310501,11.49616571,21.33338353,14.75033342,1.314344546,14.87556097,10.13819452,14.80389752,11.66989328,id140,32.34126706,22.28212432,37.77411412,41.09250803,1.356395465,45.13769055,22.66788657,43.4989046,29.75783604
thinking_mav_normal - Cz.csv,thinking,mav,CZ,50,,id141,23.1441994,18.12405474,22.02434236,15.98614099,17.45650873,16.82064625,14.60668652,16.75733282,14.65943391,id141,20.92565185,18.96246547,14.87440025,17.26413023,19.11502688,22.14097579,15.69936443,18.76050808,16.61963559,id141,24.44264936,23.41212594,17.12291128,18.79462574,18.96123909,19.183462,16.55419466,24.79482018,22.48522534
thinking_mav_normal - Cz.csv,thinking,mav,CZ,51,,id142,22.77163565,19.34997732,20.66252821,21.39010989,18.48941943,16.49949515,16.98873778,15.04361979,20.28484268,id142,16.10928287,12.88054089,18.81971579,16.5235859,13.36943648,12.22555342,15.62793465,14.69091717,12.83186706,id142,46.74435369,34.56275967,36.33934808,50.02749505,45.33805601,25.48064051,28.08604818,24.07445056,51.90735371
thinking_mav_normal - Cz.csv,thinking,mav,CZ,52,,id143,17.65623623,21.35928544,20.84092747,15.72290393,18.76217094,21.43739263,14.30577622,19.60133195,18.60342155,id143,18.77810341,18.38004076,16.99061991,15.42511837,15.84627136,17.34343791,12.70797138,17.57681311,22.12889018,id143,28.68779514,38.41000755,35.90819803,30.9279567,36.039087,31.79669558,23.89350603,44.16456825,31.10735327
thinking_mav_normal - Cz.csv,thinking,mav,CZ,53,,id144,15.14911959,16.0203276,19.50305197,17.73513101,19.23040686,21.38374708,18.72844745,22.69772483,19.41772655,id144,13.47272642,13.39590074,16.04876333,15.94996409,15.97251924,13.7172527,15.11795038,15.93052892,14.94126405,id144,36.54761028,29.98830117,47.26136753,40.80778049,34.48528562,49.66989202,24.13489498,48.33866402,36.1659274
thinking_mav_normal - Cz.csv,thinking,mav,CZ,54,,id145,21.45282544,19.22432131,22.05456669,21.60129761,20.14709488,21.23022556,20.16087308,15.85192522,17.19803014,id145,17.61374144,17.21387512,22.49808787,16.92087094,19.54008276,19.48321543,17.35947078,14.93942707,16.68351147,id145,36.03023557,26.90228553,39.19515526,34.00133209,35.79224588,27.92332219,28.8795062,21.46584446,23.609093
thinking_mav_normal - Cz.csv,thinking,mav,CZ,55,,id146,11.59349687,21.23610676,11.06767708,16.12074147,18.214779,18.07390623,13.40809092,20.76833934,12.74934086,id146,11.94699557,13.74414855,10.07644616,11.72249087,12.04574291,12.34260554,10.60875041,13.94138453,10.13097903,id146,12.92313317,34.61695873,18.45707712,30.78318785,29.80687795,34.37807313,15.65411283,33.72899589,23.29972565
thinking_mav_normal - Cz.csv,thinking,mav,CZ,56,,id147,11.69248867,14.72701206,14.15793334,16.79191314,6.664477009,12.24543798,8.608202844,14.87443173,14.0331532,id147,11.02387009,13.39558497,12.4573157,10.90346912,7.409494506,10.16956743,10.02695425,14.64676292,12.43986607,id147,25.80493811,33.4067027,35.24385605,34.8824393,12.28400126,31.39668112,18.63409256,26.55132753,29.46048234
thinking_mav_normal - Cz.csv,thinking,mav,CZ,57,,id148,24.46856274,12.76431478,17.11155926,5.872117437,17.14770124,20.28108321,16.42751139,21.36541781,13.83050587,id148,16.79609746,9.837974443,14.74306384,4.528930718,14.42642394,16.85721397,12.96575226,15.57549191,16.17834015,id148,29.35969759,14.29619869,18.61528031,6.087823717,18.84883638,28.79383095,25.10491532,32.17388397,17.46923127
thinking_mav_normal - Cz.csv,thinking,mav,CZ,58,,id149,19.85698837,20.67559606,20.0455221,17.22941678,19.87984517,18.62333309,22.94573233,4.341821989,18.62737953,id149,22.15614334,15.29152225,18.18263776,14.24174513,17.45029915,12.68527709,19.04916376,7.486195675,15.62379392,id149,30.68196833,26.67855843,36.9141709,27.62985916,33.39613344,27.46315941,40.33396214,7.75863644,20.83311226
thinking_mav_normal - Cz.csv,thinking,mav,CZ,59,,id15,18.09630326,22.5111066,19.95320785,23.04558678,25.04188345,18.6839164,20.7206577,20.71062054,23.90971942,id15,14.32613609,14.47906619,14.38793353,16.50562307,11.90443554,11.6983439,15.1502484,14.89406471,20.28195487,id15,17.08197247,18.95559878,18.28321084,19.29362885,21.44534207,16.73738301,20.42676287,22.31179375,26.55775387
thinking_mav_normal - Cz.csv,thinking,mav,CZ,60,,id150,9.105585416,15.70898889,15.02391922,20.98316849,19.27078048,11.82017753,24.34066427,13.30357484,25.27562129,id150,9.195699034,14.93912771,14.64663703,16.08194158,20.20423423,10.01018773,19.41422885,9.680295824,19.77729961,id150,10.5141267,15.87061293,16.60905529,19.78624317,18.51761567,12.85474731,25.69303095,13.4555828,21.63911542
thinking_mav_normal - Cz.csv,thinking,mav,CZ,61,,id151,10.35910292,19.50336871,17.79978386,19.086182,17.69248881,16.2718578,17.75573059,21.95086303,21.61316443,id151,5.971488051,13.18194406,12.89763745,16.19674226,19.50860879,20.54755805,20.68097668,25.36362533,15.55006832,id151,8.156454989,27.30154137,23.27865274,19.92272133,26.98812814,20.57977194,21.40155624,32.86136126,18.98654474
thinking_mav_normal - Cz.csv,thinking,mav,CZ,62,,id152,0.7457115343,1.638052982,4.006509301,21.56387973,0.6760230295,2.977889838,22.69807067,17.75381842,15.97892344,id152,0.4678187663,1.291526111,3.024044052,15.92038091,0.3065695423,1.736620155,12.81631065,17.36886442,9.584219891,id152,0.575426803,1.1857291,3.821380383,24.75665721,0.4381032045,1.929533851,26.92906666,30.0855021,20.21700641
thinking_mav_normal - Cz.csv,thinking,mav,CZ,63,,id153,21.52743632,22.90341854,14.93337874,2.584074891,20.99332301,18.57595874,18.09613972,16.38574026,20.29666715,id153,14.0103583,19.68357162,13.21962041,2.825876363,19.66711288,18.30639425,15.36362092,13.18091263,18.02629899,id153,27.83322839,44.77958005,20.23617125,4.582005712,32.32407012,35.5710878,32.82352837,22.69725947,46.70900057
thinking_mav_normal - Cz.csv,thinking,mav,CZ,64,,id154,18.44136315,17.39769704,18.7454391,22.54841251,19.99510179,20.19926156,16.4228198,18.77795946,19.50175435,id154,13.01364738,15.1500549,14.72360855,13.09312276,14.00161846,15.11816325,14.09203673,13.64910577,12.46209106,id154,32.59949342,34.80248444,35.23430302,44.64236916,44.65390686,47.91912512,34.93261827,51.07751931,57.70717451
thinking_mav_normal - Cz.csv,thinking,mav,CZ,65,,id155,11.59615658,8.769697884,14.12219846,14.00123226,13.91411321,12.90950011,16.47570904,8.205429877,9.681458485,id155,8.278910193,9.247485474,13.54400355,13.60477278,15.47027703,10.30721469,10.2861681,10.22190741,5.893714115,id155,14.82951979,11.40685983,19.31340343,21.36246375,22.15834232,19.83207229,18.86736213,12.01017476,7.78703923
thinking_mav_normal - Cz.csv,thinking,mav,CZ,66,,id156,14.09661888,10.22435234,20.09961643,14.77511611,17.2040732,18.22804133,16.46249488,17.13454105,0.1242790276,id156,17.6097929,11.48002655,16.4550081,16.34584029,21.85657744,25.86232729,24.35090823,20.31158735,0.1569486921,id156,21.58292448,10.30835915,19.09249112,13.58756678,18.16079778,19.68485222,21.08938563,21.40704526,0.1612793839
thinking_mav_normal - Cz.csv,thinking,mav,CZ,67,,id157,16.26172009,11.11441638,15.34549888,12.64684832,14.66296142,12.22239502,15.39670953,24.69809372,15.55585212,id157,12.25996738,11.90765436,13.39381082,13.5052744,10.73225451,10.0502676,16.61609433,23.94548001,14.21519646,id157,12.49126033,8.91018158,11.97717366,10.77025249,11.8071154,9.385621318,16.42763158,19.29910306,12.70042969
thinking_mav_normal - Cz.csv,thinking,mav,CZ,68,,id158,9.64126466,11.81397466,2.989490292,11.35495468,7.310314735,10.61039246,16.3158294,11.78358072,13.44363356,id158,7.2265555,9.015870061,2.698078172,7.054815905,5.900703513,8.229626437,12.54569923,10.80247916,12.78531299,id158,7.563882544,10.46915372,2.757277645,10.3630815,7.977402396,10.45183046,16.47284592,12.61689449,22.09017879
thinking_mav_normal - Cz.csv,thinking,mav,CZ,69,,id159,13.6120698,20.2720914,17.50582514,16.26317589,18.23820782,0.3330146348,19.84408134,15.97020498,6.738636161,id159,10.25545925,17.2660406,18.04952258,11.12545529,13.24875851,0.2435217946,13.82264396,17.23644939,5.599218449,id159,17.57890546,40.4851554,40.39953541,16.411841,36.25012443,0.3152785879,37.3435834,17.61271962,6.318193791
thinking_mav_normal - Cz.csv,thinking,mav,CZ,70,,id16,10.91028845,15.96542495,6.235122807,0.2598084598,0.4721577239,0.4527334033,11.82962723,17.13354949,5.03442935,id16,7.853432385,14.43442441,4.172439868,0.1743830047,0.2964335194,0.7150028175,13.26459161,19.28552229,4.556367042,id16,6.355059331,12.45472302,4.182321535,0.3138514859,0.5616458828,1.032980533,11.1873752,13.64069225,3.89895104
thinking_mav_normal - Cz.csv,thinking,mav,CZ,71,,id160,20.8706545,19.6471678,21.46658482,7.333646449,1.970378176,4.655336704,9.107750697,17.72858244,20.58183076,id160,13.27739808,14.55513493,16.89370972,6.533946111,1.714935976,3.700643766,8.133933543,14.05810685,16.56450711,id160,38.3673545,31.94983907,30.55678738,12.8873349,2.667711684,6.766055336,12.40956574,26.35481736,35.98811783
thinking_mav_normal - Cz.csv,thinking,mav,CZ,72,,id161,12.69978168,11.73706761,19.0518358,17.50538487,22.09808053,20.09898805,20.78675486,15.09017117,21.08286158,id161,8.738431996,9.951524079,15.24866447,11.43444996,13.81785544,15.71869345,15.58520441,14.05194741,15.54858322,id161,18.88291192,18.15917949,22.23561338,33.61918424,42.40250145,46.94094197,44.84420724,33.57731203,50.30207366
thinking_mav_normal - Cz.csv,thinking,mav,CZ,73,,id162,15.28985881,10.47283746,17.03063362,13.13885574,8.391563435,20.53636838,14.79069811,18.25667065,17.79303171,id162,15.48698322,11.42250227,16.32338551,14.52276057,7.873967389,27.6948104,17.02412171,17.8163164,19.84509653,id162,33.38475212,14.51641209,36.93245982,22.89188959,10.09743946,33.50024315,19.03291301,20.03716881,23.9671827
thinking_mav_normal - Cz.csv,thinking,mav,CZ,74,,id163,15.54982453,18.93497657,18.66689494,20.2716459,16.66773013,15.8318083,11.70569005,17.25775193,18.48574321,id163,15.50513983,16.10626227,19.79039686,16.52052598,14.18914616,13.65502833,13.27839582,17.26915232,16.65914996,id163,40.46212051,29.72723311,45.02527474,50.83341018,52.12324907,33.72549746,18.7567057,30.88777125,42.32455973
thinking_mav_normal - Cz.csv,thinking,mav,CZ,75,,id164,7.034807455,10.58588497,16.70691515,14.65516497,11.86237133,12.67618663,14.2180403,15.96244569,12.51928486,id164,6.270493442,6.20000802,12.26674897,9.989405612,9.335471562,11.78568962,15.07290203,13.13309037,7.958411409,id164,6.187390087,6.528410603,24.54073726,15.51468457,12.21110983,16.47865883,18.56218452,21.27883758,19.01761547
thinking_mav_normal - Cz.csv,thinking,mav,CZ,76,,id165,15.42799174,18.34581233,6.448128235,8.557232225,6.227695913,8.40666847,17.06424894,20.41920743,19.28910509,id165,9.31337487,14.23472236,7.096630569,7.650847541,6.496092892,8.546537353,12.51306825,14.39041835,16.54969383,id165,24.31284539,34.03195078,11.90885634,15.29978405,6.652965387,12.95990624,27.41054037,36.3013048,45.00762165
thinking_mav_normal - Cz.csv,thinking,mav,CZ,77,,id166,6.258011434,3.934226418,8.992532949,5.109474669,8.161865276,1.325371411,3.032622634,3.627906145,9.527186496,id166,5.242990288,3.240137926,4.660172606,5.927220255,4.727033491,1.993239055,2.429117964,3.313174951,7.138854322,id166,9.890533899,5.912534536,11.40832379,8.971220087,10.70581298,2.546857069,4.186308661,7.054182431,20.31743787
thinking_mav_normal - Cz.csv,thinking,mav,CZ,78,,id167,19.85058117,19.1468396,22.16039761,18.68368625,20.54721851,19.66467434,12.39335648,19.85209229,18.72193658,id167,19.30703864,16.06012442,14.72250179,14.29839728,16.15813416,17.76519341,8.776876851,17.37913235,13.63094834,id167,35.80647336,37.28585345,32.02739478,36.92088565,36.42027118,35.48445018,14.95807665,24.91151573,25.88680446
thinking_mav_normal - Cz.csv,thinking,mav,CZ,79,,id168,13.47269273,19.36186426,19.64620691,12.68942588,23.78349387,21.22467251,19.89534579,22.87667001,23.11136463,id168,12.60418222,15.2543364,15.81601336,9.985823983,17.70474486,19.21948395,16.71413479,16.481744,18.47918131,id168,16.50336168,25.9086791,25.66213212,19.92884941,32.82145677,34.78933184,32.48998983,33.00564099,32.31109719
thinking_mav_normal - Cz.csv,thinking,mav,CZ,80,,id169,23.03089728,4.815737814,4.374745627,9.650070941,7.283163557,5.446206025,2.991342301,6.173758703,5.78895403,id169,17.88191513,3.980379026,4.491479258,8.28836445,6.538255637,4.694289534,3.971604576,4.266057134,4.197187327,id169,51.06540113,9.687542105,7.51782045,27.57391682,12.23732948,8.198935571,4.822083227,12.03582695,9.565641856
thinking_mav_normal - Cz.csv,thinking,mav,CZ,81,,id17,8.297362624,1.258170003,8.214494502,0.7272575349,1.743630346,1.971123821,3.393508458,5.537227208,0.08100372777,id17,5.932177599,0.8664754212,4.7354544,0.5942713124,0.9743430287,0.7815732574,1.614073002,4.310039348,0.0704092578,id17,6.498271193,1.095753335,4.778137759,0.5688374507,1.525059849,0.7817020659,1.634797724,4.72895071,0.06525695616
thinking_mav_normal - Cz.csv,thinking,mav,CZ,82,,id170,4.104429836,21.0869436,17.65956831,7.196748051,9.909522867,6.963627711,4.909125786,18.76802082,9.209993714,id170,3.508564825,19.0473774,14.92966474,8.440668913,10.208213,4.896981936,5.155693264,15.58953328,9.411716597,id170,5.195159399,37.13610015,38.95886873,13.99963788,16.62623496,12.94904784,9.286028177,40.13032609,18.16294889
thinking_mav_normal - Cz.csv,thinking,mav,CZ,83,,id18,10.10782505,16.16775455,15.35214058,8.436856263,6.441606275,11.09579705,3.587630352,0.2649655824,11.90511853,id18,7.739904105,15.14769472,14.37701371,5.827289526,5.072436834,9.020132847,5.136501341,0.4355292015,11.80510822,id18,12.7567664,21.40935012,24.07906546,15.0643337,5.106207342,11.75992026,5.807797684,0.6232882539,14.84053364
thinking_mav_normal - Cz.csv,thinking,mav,CZ,84,,id19,16.25846031,16.82085484,11.19985604,16.36142231,13.23758001,19.08085389,16.34849639,7.290154033,12.48542111,id19,18.63615654,10.22374542,7.283288164,13.10862083,11.38764742,13.31326444,16.64075856,5.046534558,7.276061874,id19,10.97796181,11.27381214,11.70984574,10.9846195,12.92314515,13.81203727,15.36821716,4.64390458,8.507780334
thinking_mav_normal - Cz.csv,thinking,mav,CZ,85,,id2,23.44856924,25.80227544,21.42299166,14.74504903,15.89588422,11.04365328,15.35028763,17.84891264,17.73964024,id2,16.49821998,14.85213393,15.63185851,12.34850308,10.92608194,7.880054289,10.49247903,13.13428951,13.73066132,id2,16.90785455,15.10338599,13.79046745,9.509566851,11.73725303,8.334116864,9.589114329,11.04441404,14.02621809
thinking_mav_normal - Cz.csv,thinking,mav,CZ,86,,id20,15.23049603,22.56892485,24.76386075,8.511056504,10.15276626,6.004275499,15.82745526,15.2265065,11.80298982,id20,9.769015688,18.10035896,18.57813372,7.614939485,10.26820148,6.210532099,13.022442,10.04287134,12.14219825,id20,13.45160984,23.25674364,19.41921785,8.613522747,10.2382636,6.63580041,18.80459266,12.07699065,11.99974804
thinking_mav_normal - Cz.csv,thinking,mav,CZ,87,,id21,28.07636234,24.79988513,24.16483665,18.485178,13.66885536,9.3573612,7.256200709,23.00682962,18.45738755,id21,22.21525304,20.74643879,22.19738969,13.73921889,9.323842178,10.8908414,6.001666797,16.73176609,15.71021625,id21,19.02985443,26.29969721,23.57463422,18.86049653,8.97243256,11.0283451,6.427381832,17.44882494,18.06654144
thinking_mav_normal - Cz.csv,thinking,mav,CZ,88,,id22,9.156247338,2.599228904,0.008874619922,1.336655931,6.885225805,7.460687354,10.82137766,1.386054726,0.6127318381,id22,6.385748229,1.37578264,0.01299918596,0.7751070491,5.740469057,6.110650742,8.261275129,0.9906280528,0.3987969223,id22,5.919531786,2.025669424,0.007425212976,0.8066046204,4.695162556,5.981497582,7.438239263,0.9521490924,0.5698085696
thinking_mav_normal - Cz.csv,thinking,mav,CZ,89,,id23,3.992956774,0.473038424,3.323008521,3.321428863,0.5895707627,7.154046885,15.86062922,7.820835897,3.864816423,id23,2.396476264,0.7844178867,2.7918839,2.054132989,0.4607210297,5.06240539,8.578651867,5.978800377,2.153905256,id23,2.994689399,1.123024621,3.292966875,2.056846185,0.9578474492,7.682498532,10.71560358,7.782034118,2.041573632
thinking_mav_normal - Cz.csv,thinking,mav,CZ,90,,id24,10.38023388,0.00010860842,5.398451817,19.93965989,20.81246002,3.21669495,8.894810553,18.67967113,17.08977179,id24,9.846588405,0.000366405274,4.527769103,18.0096695,19.79110769,4.481273368,8.78565379,17.53219312,16.6519625,id24,15.96039949,0.000765659605,5.38457567,24.49411284,23.86923561,3.727700849,12.54184363,19.1506255,26.80138746
thinking_mav_normal - Cz.csv,thinking,mav,CZ,91,,id25,5.048236034,15.08533035,0,0.0000368672906,0.5410073614,0.00008419970876,0.000003233433344,0.3507352749,3.566904879,id25,4.408681146,11.36867103,0,0.00009165222323,0.7682339429,0.0002416616928,0.000006677026784,0.6108073154,3.695046593,id25,4.844268023,19.04821042,0,0.0001104009189,0.9895840522,0.0004036817983,0.000009639371727,1.015625961,3.984317671
thinking_mav_normal - Cz.csv,thinking,mav,CZ,92,,id26,9.419182504,1.42183211,0.3562323248,14.04055483,0.5028436947,0.4046642088,1.672640483,13.74680073,11.27199053,id26,7.667829457,1.089323725,0.3409306246,12.56130779,0.7517913137,0.7090191467,1.825199248,10.83362642,10.70108595,id26,6.982113285,1.927826757,0.3933915229,15.35052642,1.139240595,1.031137575,1.377482998,12.57380765,9.440221379
thinking_mav_normal - Cz.csv,thinking,mav,CZ,93,,id27,13.36705555,6.363776758,15.90179479,6.063394695,8.275870536,5.33570674,9.979528729,13.3912738,4.164774397,id27,10.23778224,5.831294035,10.61480093,6.2894936,8.41985969,6.16008834,7.41633525,10.30552576,3.988461496,id27,12.60876023,5.121163637,14.655355,7.854251786,7.942328826,6.518521347,7.0929607,12.59047846,3.717688633
thinking_mav_normal - Cz.csv,thinking,mav,CZ,94,,id28,0.00004997705202,7.58753839,7.363295621,2.265697547,12.17831197,7.740773101,8.106715282,3.423111139,13.58435699,id28,0.00004540417663,4.780756602,4.086584332,1.703582632,10.74611664,4.513553518,7.325829232,2.692999816,5.555456222,id28,0.00008071747895,5.661304913,5.418277639,1.648743151,11.66503867,4.714999226,5.283648923,2.719001743,5.218427444
thinking_mav_normal - Cz.csv,thinking,mav,CZ,95,,id29,4.542583202,4.21321751,9.753767681,14.67687633,15.14395003,0.1925837239,16.0802101,14.42822295,2.260339477,id29,3.942981092,4.793152328,7.321156687,9.90638321,9.448098066,0.2726380886,13.10993403,10.83381544,1.922887669,id29,5.809750898,4.673103871,9.072816029,12.12739557,11.76511753,0.3839141519,15.46862263,11.67762162,1.619217513
thinking_mav_normal - Cz.csv,thinking,mav,CZ,96,,id3,16.00852261,15.21883194,0.000004509237253,2.781696492,4.333356879,13.31003214,17.08396729,3.383913257,8.364436203,id3,11.30713084,12.04359288,0.000005138082098,1.884983983,3.973032439,9.037031805,11.41068594,3.237906382,6.575322484,id3,14.65576261,15.8518321,0.000007158023341,2.644677862,4.702629224,10.6020881,13.42656008,5.270506022,9.672148288
thinking_mav_normal - Cz.csv,thinking,mav,CZ,97,,id30,24.90874831,18.11508707,14.74435863,6.753610122,9.70828845,1.024785012,7.029215504,18.40529325,21.53951306,id30,14.80322345,10.51406346,10.44889365,4.230770258,7.920734631,0.7687142258,5.623983106,11.75198934,13.66872587,id30,13.38606618,10.93586621,10.61456296,5.525411307,8.098328115,0.7903205445,5.615780603,14.37156603,14.70898671
thinking_mav_normal - Cz.csv,thinking,mav,CZ,98,,id31,4.98564113,12.12269451,17.20461328,9.4257181,11.45295605,8.193483238,11.92812665,10.38451393,8.247985957,id31,2.610475866,7.903397505,7.90850859,6.185830049,7.634872489,5.926877388,5.033944713,5.131282524,3.829211088,id31,3.962290738,7.767493328,7.396395659,8.197524471,8.719026386,7.374970429,7.384140394,5.615881645,3.763690994
thinking_mav_normal - Cz.csv,thinking,mav,CZ,99,,id32,5.284075001,9.281956779,13.11597336,12.60176618,3.60301042,4.913042513,8.47542898,7.422429978,14.96694919,id32,4.476330855,5.404412509,8.520214555,8.664553737,2.50028828,2.550931697,5.016073045,6.012341531,8.583131724,id32,4.854162071,9.729829485,15.9275266,10.69663884,3.563640897,4.133330605,6.400098295,7.244815107,12.70400873
thinking_mav_normal - Cz.csv,thinking,mav,CZ,100,,id33,7.865207664,8.288823778,7.848955832,10.39848041,20.53214905,9.653311654,0.5657377306,15.34800165,16.67906788,id33,3.781614654,5.207750765,6.249372397,7.65920791,13.99942655,6.772391683,0.2746881165,7.253544222,8.522905676,id33,5.577808438,9.402018842,9.618025757,10.49149367,22.1607914,9.193769103,0.3993691306,11.42903395,9.338852911
thinking_mav_normal - Cz.csv,thinking,mav,CZ,101,,id34,9.389187634,13.72348557,11.21899965,1.880138411,6.267605577,3.081111583,1.029937106,2.306135233,9.252025908,id34,5.601539758,10.57973991,7.32954067,1.760155308,2.78343102,1.901986537,0.9262290457,1.347744908,3.02888657,id34,6.874766601,9.161110471,7.148535688,2.720364995,3.683828534,2.218873078,1.082307717,1.43201694,3.347883201
thinking_mav_normal - Cz.csv,thinking,mav,CZ,102,,id35,9.370879227,8.059777512,6.513710121,19.26645272,14.86400534,12.91349613,16.06846794,9.148117831,15.12647934,id35,5.423640022,5.627412394,3.213161133,14.06836482,10.54740745,7.555224578,8.451212083,6.212878405,6.372076204,id35,6.99250778,7.988586363,3.918456262,12.05988778,12.56031712,7.769380072,6.782330331,4.445412894,8.179248241
thinking_mav_normal - Cz.csv,thinking,mav,CZ,103,,id36,1.26083175,7.593436349,26.2420861,7.672732242,9.282338507,2.053743379,6.562953898,13.12462518,15.1048152,id36,1.003828645,4.253627449,10.7735595,6.880743508,7.499965055,2.116692879,2.387350238,9.441772513,9.273803315,id36,1.068080565,4.339024224,13.90582867,7.084824919,7.590735378,2.080143204,2.867946845,10.35004968,10.74378925
thinking_mav_normal - Cz.csv,thinking,mav,CZ,104,,id37,5.333053854,14.83660712,10.67946411,15.6778242,1.230542878,7.050894289,0.9599593747,13.48903986,13.04876745,id37,2.654342538,7.813022357,5.986503538,9.843023938,0.565291178,7.84010172,1.216096805,9.623262946,11.17969929,id37,3.360111701,10.76835424,6.714377161,12.7688,0.6225982229,6.670613108,1.619800444,11.62018296,13.67764363
thinking_mav_normal - Cz.csv,thinking,mav,CZ,105,,id38,0.03922163158,3.884411685,1.645159146,7.519098162,2.191930919,0.9240799865,0.5778396317,1.786656566,0.00002667262675,id38,0.04912155704,4.076392848,1.908921153,8.795386919,1.288682292,1.113595551,0.5362627163,2.859496049,0.00003153198241,id38,0.07540774059,4.727866653,2.357938353,12.53199186,2.147141728,2.444520351,0.7297117566,4.227658028,0.00006201086049
thinking_mav_normal - Cz.csv,thinking,mav,CZ,106,,id39,15.93371415,4.666446389,0.4498143799,15.97827476,7.746578287,14.39565437,8.995834109,8.71769609,8.934044239,id39,10.52768278,6.044206073,0.6812230934,15.42437501,9.313415717,11.97452963,11.31946247,7.029053601,7.649978676,id39,11.26329307,7.664556093,1.008982171,13.66140033,12.76552514,13.79478817,8.835046774,6.732319781,6.801825057
thinking_mav_normal - Cz.csv,thinking,mav,CZ,107,,id4,20.23862745,16.34434072,2.786954183,10.31816914,0.9176582107,18.58217587,3.187683218,19.0803036,13.90534109,id4,13.2868988,8.775308158,2.303476387,8.786559121,0.8032024569,19.10510541,2.953510712,12.90563924,9.844187135,id4,18.37171481,15.50395806,2.38733831,7.89528837,0.6787242734,22.50798571,3.22830096,12.66761124,10.99413912
thinking_mav_normal - Cz.csv,thinking,mav,CZ,108,,id40,2.4545636,10.52065454,0.02954418256,4.988042069,2.901924606,0.4727124825,6.095416984,0.9318240699,2.531204948,id40,2.095279525,7.21413196,0.03671137486,3.287288348,2.379646783,0.2001129436,2.750317855,0.5229287664,2.192490587,id40,1.884182767,8.229806027,0.05524421442,4.883820976,3.10444814,0.1999970465,3.302480111,0.6538030239,2.829886304
thinking_mav_normal - Cz.csv,thinking,mav,CZ,109,,id41,4.014568189,6.746309937,5.439871658,5.186744671,2.689048653,4.416011353,8.271889063,3.174328545,6.046901558,id41,3.709977064,5.030047357,4.908691246,6.008051291,2.479879752,2.53130876,5.454599352,2.389404397,5.640977335,id41,5.841280683,5.481507039,5.145498816,5.674274278,2.595329332,2.342501255,6.205559082,2.020396657,7.055028319
thinking_mav_normal - Cz.csv,thinking,mav,CZ,110,,id42,11.03967518,14.28928487,10.94042902,4.613701119,8.002490418,5.993667978,4.659379847,3.996778415,3.807995867,id42,7.470459579,17.31185955,11.46976325,8.973399397,8.613159476,4.929577351,2.584467723,3.357487789,4.191690937,id42,16.82088701,14.99990985,11.82538627,6.580203051,10.49718812,6.411971798,2.402780616,3.899032349,6.387033079
thinking_mav_normal - Cz.csv,thinking,mav,CZ,111,,id43,18.80198636,21.02414566,1.444907446,0.2464301106,2.455822364,5.662490412,1.588613499,13.89687375,5.79184826,id43,12.83226036,16.51383123,1.254495796,0.2004156927,1.982673402,4.950876965,1.252608311,12.25282145,4.410629731,id43,27.32812266,23.46056824,2.36188793,0.3117278588,3.379926939,6.580945573,1.003726894,15.6712048,9.01537781
thinking_mav_normal - Cz.csv,thinking,mav,CZ,112,,id44,0.0000003171859612,0.9255045178,0.09605108953,0.8480836331,2.382498168,3.794455557,1.2204423,15.55091903,9.5438481,id44,0.0000004316859168,0.5987717008,0.03930206986,0.4436263719,1.016285977,3.271154923,1.507081696,15.05477594,8.305416184,id44,0.0000006146004961,0.6535874122,0.0365182022,0.5356431224,1.355990755,4.111625166,1.733057214,28.9443246,15.41958746
thinking_mav_normal - Cz.csv,thinking,mav,CZ,113,,id45,14.88703233,12.54479668,8.750372299,13.76050852,13.93808077,0.9130684313,13.53701331,11.94100452,15.76949271,id45,13.21018827,10.90422311,7.125222927,13.09268196,14.15035024,0.951678545,11.41403416,8.298103113,12.131213,id45,15.70322773,14.88861105,7.987703981,15.08127691,15.92524666,0.9671690207,12.8483544,11.7305207,15.99499601
thinking_mav_normal - Cz.csv,thinking,mav,CZ,114,,id46,8.898578068,9.581933253,8.060577976,6.43607751,3.140819398,0.09008046571,0.00007143973818,0.6011643528,14.77880574,id46,7.321046375,7.294957835,5.065009028,6.189167371,3.851119471,0.09381706568,0.00007716351749,0.5245461558,10.84954273,id46,9.348057825,10.36091891,6.913416073,5.644544159,5.397600271,0.1560864857,0.0001301795404,0.642904941,9.809613726
thinking_mav_normal - Cz.csv,thinking,mav,CZ,115,,id47,12.43858453,10.11949198,6.409434414,6.258681029,18.99618936,10.94329874,11.86648852,12.84403004,12.30843428,id47,8.201110624,6.10776358,4.961321156,4.288209671,14.47014067,7.163758481,7.365309454,7.803696335,8.371739527,id47,9.47608036,6.649237461,4.59652571,4.399484418,17.049586,7.572761317,8.702740345,9.258126653,6.768794745
thinking_mav_normal - Cz.csv,thinking,mav,CZ,116,,id48,2.486953641,9.366564046,12.07635196,12.2431614,12.13741961,11.75530367,14.10749753,11.11752671,10.18570003,id48,1.923030853,5.496601467,7.191292406,7.586681582,7.563289773,6.015753966,8.986196426,6.94954015,7.687503404,id48,1.240428628,6.739642372,7.552781608,8.238117825,8.658047474,6.265764813,8.066167115,7.275447065,6.413615618
thinking_mav_normal - Cz.csv,thinking,mav,CZ,117,,id49,23.39426122,18.52040023,16.73563183,16.55738638,1.12214666,5.312984693,9.862287641,0.4076760315,27.18476772,id49,15.32008487,12.53885304,9.365797058,9.663967188,0.8328383257,3.892222308,6.776604522,0.3862032535,21.08245839,id49,17.98454889,14.06806029,10.41136286,9.578552905,1.112614226,5.757278859,8.260484066,0.3367838233,17.92996881
thinking_mav_normal - Cz.csv,thinking,mav,CZ,118,,id5,16.7592573,10.95497702,15.76579455,18.38441692,4.949734948,15.01408941,9.324574606,16.81312006,10.08815247,id5,18.32321624,13.10426719,11.2765992,12.95789324,4.112496342,12.94462229,10.60467403,20.02845308,8.634819602,id5,19.0479191,13.14278664,15.12640966,21.3627924,6.009463461,18.56225271,12.98160514,22.56409232,11.25032532
thinking_mav_normal - Cz.csv,thinking,mav,CZ,119,,id50,24.25277009,9.183791602,8.617591948,7.752595662,0.05888410522,0.004199279861,0.000248726764,7.318509395,6.165591943,id50,21.21299773,7.359372298,10.32279977,8.875357933,0.04277429042,0.00291977525,0.0002120026962,6.230750877,7.03051109,id50,27.02845474,7.755426788,10.93489946,8.35309507,0.04814797681,0.002729961178,0.0003277017458,6.526387903,8.618737874
thinking_mav_normal - Cz.csv,thinking,mav,CZ,120,,id51,7.421281085,5.374928254,13.88642915,5.478997099,3.802186845,6.326731659,8.375771567,9.235295952,10.6503969,id51,6.308455405,3.774130686,11.55774996,4.278252161,1.891765728,4.517634193,6.390061061,7.561658475,7.728468207,id51,7.025448086,5.031508158,11.54279492,3.950223254,3.413138382,5.140207204,7.56718389,7.920901127,8.008730276
thinking_mav_normal - Cz.csv,thinking,mav,CZ,121,,id52,14.38474085,13.24629304,16.06607215,10.07314185,18.24705791,9.028805679,9.59294051,15.83445428,22.5528043,id52,10.81855563,12.72662745,14.1454663,10.09911755,12.15170621,6.055505123,7.908836162,18.56463555,20.43697368,id52,10.24078593,11.63837195,15.39328341,8.116863016,12.15351391,7.104225063,8.056719824,15.36399984,22.76096603
thinking_mav_normal - Cz.csv,thinking,mav,CZ,122,,id53,16.24521193,3.281131661,9.685002161,9.97772422,7.364440516,0,7.224946695,0,3.677402375,id53,12.20581234,3.349206181,8.600371053,8.978651174,2.807401195,0,4.727308723,0,1.251690719,id53,14.49193828,3.323610628,11.06297902,7.818901595,3.293957821,0,5.015965771,0,1.282509152
thinking_mav_normal - Cz.csv,thinking,mav,CZ,123,,id54,15.71763658,12.10626675,11.85956311,18.84980768,13.24358363,16.99218268,20.05839616,19.95005098,21.3244337,id54,11.24904656,10.47881733,11.4394282,15.40798476,10.35883531,14.60969794,14.08857781,16.32585484,14.88860395,id54,43.10021782,25.92148298,28.82355612,40.1126264,31.16939897,39.83167911,40.65649062,38.5937563,49.31480251
thinking_mav_normal - Cz.csv,thinking,mav,CZ,124,,id55,14.15270402,2.865467414,10.84973793,12.99145037,2.814324367,24.40983473,21.83782733,18.79816994,18.74853739,id55,16.22276771,2.975727813,6.842486455,12.00633032,2.038734624,22.77434295,20.93116701,23.19571723,16.76118578,id55,17.62260127,3.475416405,24.7635676,21.36993138,3.320288268,39.46003282,37.08841302,36.29415945,26.91796737
thinking_mav_normal - Cz.csv,thinking,mav,CZ,125,,id56,4.709700147,0.7922919188,0.6946045697,0.1984742151,0.3484549982,2.321188998,3.53181684,18.84310362,0.7040643602,id56,3.117640638,0.6760932595,0.6606024135,0.1741237009,0.2784862806,1.22738854,2.601662176,13.88166938,0.5621411803,id56,5.553115126,0.7999598609,0.9476304415,0.3174029171,0.5440091546,3.759901905,2.955289817,38.27651502,0.8669217667
thinking_mav_normal - Cz.csv,thinking,mav,CZ,126,,id57,15.47501754,10.98834757,9.773776934,16.48519016,7.333968308,15.85330302,13.79875911,8.818978354,12.99155181,id57,10.34043641,7.530928249,8.553993277,14.84476064,4.620578841,14.54220847,11.98287796,6.383161598,9.803690548,id57,14.14398343,14.67113847,9.877910811,15.35229403,6.479798843,13.75239071,18.83026695,8.647449108,13.08781632
thinking_mav_normal - Cz.csv,thinking,mav,CZ,127,,id58,15.37353954,9.977862035,5.019879105,7.438163186,20.8521651,2.318060491,10.09109145,17.03263396,12.33079678,id58,15.67741933,12.00245172,6.031514639,6.732380101,18.9408647,2.982905952,8.795003651,16.61887651,14.70907164,id58,21.62859915,18.03946158,11.37470034,12.0767611,35.12982204,4.234853872,13.30116119,30.91290381,19.01632562
thinking_mav_normal - Cz.csv,thinking,mav,CZ,128,,id59,4.888587808,12.66073429,19.10858084,13.85393518,19.0166484,5.320593822,18.4003613,5.168424698,17.33829339,id59,3.33784224,11.45060656,14.92292995,10.66296494,14.24514168,5.28903932,17.57457593,5.247571376,11.86506735,id59,9.658072657,30.98013518,51.30036722,28.15750255,50.49245947,8.444913285,35.59606072,8.32940005,40.37980248
thinking_mav_normal - Cz.csv,thinking,mav,CZ,129,,id6,0.1482048661,9.43392202,2.011794919,10.74364662,3.799862938,14.09109382,14.70250518,2.012325392,0.8161065604,id6,0.1819734368,7.842585611,1.413959951,6.685214406,3.3987992,9.69889258,13.20542098,1.43750698,0.7378171294,id6,0.2708468261,9.938354088,1.68127742,7.506033015,4.126390744,12.84692744,15.2311364,1.568371316,0.5701148181
thinking_mav_normal - Cz.csv,thinking,mav,CZ,130,,id60,10.82563206,0.6126115955,5.996252453,9.784535017,25.98040071,21.04927601,19.06765631,18.54158777,13.29410988,id60,7.273709859,0.5065805272,4.802635188,7.29178477,18.48023692,17.22178404,13.06841699,16.40857412,8.054961002,id60,15.10382719,0.6895662778,8.087590553,16.33033937,42.31937395,43.80830495,47.33090013,40.4350691,27.9014952
thinking_mav_normal - Cz.csv,thinking,mav,CZ,131,,id61,24.86982165,15.44154386,14.05455558,15.33363354,4.44086225,19.76111129,13.17841108,15.46983898,16.23244134,id61,17.12181162,13.88373793,14.36079684,13.1173045,4.41013932,23.9415595,14.16306872,15.71838622,16.25995083,id61,18.68334037,14.51056917,15.75806085,13.37635257,4.03792431,19.42516088,15.78111384,17.57229578,20.443444
thinking_mav_normal - Cz.csv,thinking,mav,CZ,132,,id62,14.39609098,16.7489064,9.889514561,1.221240638,0.6694611106,22.1336326,20.29244427,16.57532205,11.33430368,id62,15.79309458,15.05257021,10.91784347,0.6914433322,0.48271938,17.35371176,14.69140559,18.74823967,10.91090996,id62,16.31204641,25.24745759,14.15750698,1.247021014,0.6805017493,27.5231378,29.55593897,23.23279087,12.51671998
thinking_mav_normal - Cz.csv,thinking,mav,CZ,133,,id63,13.77663277,7.66584411,3.803823291,7.807244222,8.505035202,14.17682658,11.44970133,11.2276667,1.933707409,id63,11.10938986,6.305707176,3.051411744,6.614823914,6.133213202,17.15109354,8.833030168,10.93594066,2.536092708,id63,15.55710064,12.43874772,6.372498484,9.568365794,14.03418547,28.72265291,20.20217328,24.30830158,3.965588074
thinking_mav_normal - Cz.csv,thinking,mav,CZ,134,,id64,21.40067129,18.18907412,3.366585536,3.304988557,14.84047547,25.37473516,12.44035979,22.46280771,17.239882,id64,13.51214899,10.08673833,2.25860397,2.103501163,9.808543503,16.14896292,9.112548841,13.39444381,9.708202533,id64,28.31847968,21.14197973,3.046723966,4.354727312,19.65464725,34.41434908,29.0988522,26.34635648,33.71358748
thinking_mav_normal - Cz.csv,thinking,mav,CZ,135,,id65,17.99154323,11.40438301,21.44401077,19.65490086,18.98930146,15.92613448,7.029488817,18.56472746,19.46299571,id65,16.94396042,8.816120736,17.15941592,13.82653792,17.42045227,18.74598072,7.981706146,19.44302421,19.45018584,id65,34.79206548,21.64542888,36.9333508,32.85194857,32.88750273,25.19007231,11.41529365,44.52681136,50.78912976
thinking_mav_normal - Cz.csv,thinking,mav,CZ,136,,id66,18.18910602,16.76913999,18.01225593,22.75090572,17.55290929,12.14756302,17.13471534,0.7967854369,9.614646836,id66,12.31417001,13.01089461,15.08268354,16.14941989,16.13629783,6.451358204,12.22720215,1.98242468,7.586763729,id66,45.15196131,38.89597662,49.14037766,47.23910627,47.49567619,16.46933954,42.5233591,3.287093811,12.74311783
thinking_mav_normal - Cz.csv,thinking,mav,CZ,137,,id67,0.1294342071,0.2463184383,5.45660021,0.3941203601,0.536378463,0.9801774057,0.1021371537,1.117904679,8.331101018,id67,0.1024265022,0.124033359,4.36305981,0.2712034954,0.3509550288,0.7416583074,0.08383599894,0.7758137577,6.509751849,id67,0.08689680507,0.2301832421,6.83775049,0.2897881551,0.4016824313,0.8234689935,0.09660703395,0.7194425796,9.672040571
thinking_mav_normal - Cz.csv,thinking,mav,CZ,138,,id68,18.44049827,21.05583805,8.496170848,16.19875607,2.358449727,5.853201248,12.17750008,8.174759362,14.01268994,id68,23.85815993,21.54858642,12.23864476,18.94534936,3.883050156,7.297658352,11.95486919,10.98224878,23.34898556,id68,29.8958074,22.39036216,12.70733557,20.96936249,5.350083684,8.332436246,11.82297208,8.254415398,23.10292583
thinking_mav_normal - Cz.csv,thinking,mav,CZ,139,,id69,19.18062561,18.02586357,19.64017175,16.29979959,8.213499051,6.757672557,15.54554546,18.29019377,8.807385936,id69,13.72053169,12.52546765,12.24826785,11.87980543,10.20789764,5.60846057,11.10245498,13.95582176,6.758704176,id69,20.12763275,27.19191982,24.7144672,22.59268213,12.11678766,9.046786314,17.5032838,22.54326681,10.88726272
thinking_mav_normal - Cz.csv,thinking,mav,CZ,140,,id7,10.83098578,15.81104023,17.08775204,3.742457232,21.19197656,14.70871855,15.22323345,10.3372134,17.37338242,id7,6.642116402,13.68083476,12.13853584,3.17252127,17.75815709,13.14150811,10.07054473,8.934321458,11.85564233,id7,7.518396284,11.96380227,15.15619227,3.506605416,25.09130027,16.48133619,13.43651572,11.12960375,21.31398081
thinking_mav_normal - Cz.csv,thinking,mav,CZ,141,,id70,21.62511125,17.74395164,22.63186915,24.41063243,16.45727449,22.38403664,22.795044,16.83213824,18.07294899,id70,15.87352175,11.16656158,22.56118342,20.98750178,15.50272267,19.0758087,19.76437565,18.42513523,19.60816972,id70,30.10141555,20.58208826,20.22069505,25.50075238,18.93567402,30.94845233,24.75703336,17.66998033,30.52387395
thinking_mav_normal - Cz.csv,thinking,mav,CZ,142,,id71,16.13777138,0.2474045797,4.728906264,8.513065214,11.99117957,9.547803141,10.25362376,0,9.942484942,id71,16.54113133,0.1340252752,5.281351567,7.049037106,11.61406844,7.799005967,6.111632977,0,6.696468075,id71,32.61513152,0.06532464801,11.94076938,12.94785864,16.48691125,14.13002614,23.74048411,0,17.19936318
thinking_mav_normal - Cz.csv,thinking,mav,CZ,143,,id72,2.396120869,7.320582542,6.040035189,9.845703744,22.95985785,11.39209136,16.24481537,15.96556512,24.7331093,id72,1.562778453,4.055880524,4.042237898,7.964733771,15.40299816,9.621570735,11.72026468,15.46689418,18.42897298,id72,2.91101568,7.586823127,9.500842629,16.5927872,42.78283142,14.01844147,42.25076813,23.21452675,51.94210783
thinking_mav_normal - Cz.csv,thinking,mav,CZ,144,,id73,12.28645028,19.06334324,16.17324107,20.29855495,15.45334121,12.37308066,13.44485482,21.14778986,22.66387384,id73,7.005399382,16.08644386,12.26079634,14.22955218,12.75371755,10.272254,11.30665978,12.87966415,14.03846923,id73,8.331070631,23.22647825,22.25195753,28.94387491,23.85930577,20.52045388,24.58680408,27.11186314,32.92970489
thinking_mav_normal - Cz.csv,thinking,mav,CZ,145,,id74,18.0150401,6.158092293,14.49384653,8.624970127,16.14372263,23.45138809,5.885481879,14.13142405,20.98584677,id74,12.8602526,4.263445208,12.75586964,8.328688581,13.39568372,19.24364013,6.292533976,11.63756026,18.47862147,id74,29.65320256,10.19623862,23.77974093,8.03131827,26.11961285,36.79159998,10.72416584,19.05628999,38.98473749
thinking_mav_normal - Cz.csv,thinking,mav,CZ,146,,id75,4.204260115,5.02901002,16.01104956,18.37314761,3.444914211,10.01205778,16.99833884,17.00854695,21.94225581,id75,3.437007752,3.683312397,13.530222,17.09907804,2.189876545,8.838620045,14.33435011,14.96295862,14.79061881,id75,4.570339648,10.82084281,39.48359586,32.88275032,3.997026381,19.37773748,47.49855269,36.58905766,50.89723738
thinking_mav_normal - Cz.csv,thinking,mav,CZ,147,,id76,18.65829038,10.55509959,7.226287698,4.846499723,5.918123177,2.682913768,14.9378123,4.087865984,12.95880841,id76,19.24000008,9.876707541,6.986972358,5.603875127,6.57068779,4.058137157,11.70772505,5.097275228,9.365783688,id76,44.04367195,20.4864439,15.03987887,7.918227379,10.27846793,4.943621089,25.50727737,7.251349866,25.33739942
thinking_mav_normal - Cz.csv,thinking,mav,CZ,148,,id77,13.62243515,23.6640993,18.77265033,11.54328588,11.24607168,6.634180209,4.359533818,5.689026212,5.392230731,id77,14.594345,14.26886502,14.93326709,9.586045386,11.08631316,8.016173562,6.540666691,5.238765851,5.62684418,id77,24.22091727,39.77860874,34.51335781,18.94999977,16.950354,12.40473444,8.480427178,8.443072281,7.601165482
thinking_mav_normal - Cz.csv,thinking,mav,CZ,149,,id78,8.364672792,6.424170756,0.7411024483,8.456973644,1.835598927,8.017894816,15.94736505,7.185877467,10.97238609,id78,7.629244602,4.254546431,0.6277738431,7.981063282,1.711004421,8.526939821,11.18928714,5.644144674,8.886938897,id78,9.678989956,7.741332704,0.6949431977,13.23414079,3.562357063,16.02350777,38.12285784,10.99293169,15.58692166
thinking_mav_normal - Cz.csv,thinking,mav,CZ,150,,id79,18.39257819,9.826931968,7.772221559,15.32257705,18.99146552,16.73814779,1.045585413,18.08647577,3.757095887,id79,15.39680808,6.60242932,6.987161739,17.81661552,20.45358863,16.6441366,1.475337522,23.40277746,4.053523451,id79,39.9071335,13.60931674,9.038252655,18.80618163,39.98720414,18.75589361,1.603772633,24.15004627,6.158080324
thinking_mav_normal - Cz.csv,thinking,mav,CZ,151,,id8,16.68310476,1.259674796,0,3.176737912,19.10200707,16.02129428,14.82514427,19.86226735,14.21605951,id8,13.55855709,0.8746682785,0,3.234361939,15.58102129,9.845457969,7.429533804,13.36431862,7.806359308,id8,15.26153299,0.9802793307,0,5.209216484,17.7533568,17.45057628,11.85765699,17.21597516,9.730713809
thinking_mav_normal - Cz.csv,thinking,mav,CZ,152,,id80,7.651337984,14.03791058,9.73183417,2.873802282,3.129992717,6.015415354,4.604961076,6.75381943,1.180686689,id80,7.269701086,13.74068134,8.04624918,4.974606321,5.872093859,7.117372525,5.061225835,7.834898901,1.913470935,id80,15.49769917,27.80860512,15.48169212,6.90472798,7.349698109,10.14828641,4.503220427,14.43259994,3.614192314
thinking_mav_normal - Cz.csv,thinking,mav,CZ,153,,id81,3.677449762,0.0167633286,20.36293813,2.527971874,10.20632723,5.330454034,0.05552700744,14.2904829,2.106213367,id81,4.864319619,0.01333315759,22.72772311,1.971361995,9.380309735,8.796381932,0.02909110045,12.01869066,3.525059457,id81,4.527415512,0.01300292822,25.94810323,3.588500515,12.5176023,6.407938941,0.03323329078,16.09965751,3.372872884
thinking_mav_normal - Cz.csv,thinking,mav,CZ,154,,id82,23.07719908,13.68561457,21.45303173,16.93269578,21.64693998,19.32622998,22.38878054,18.65901701,9.924131862,id82,18.13956275,14.64137616,14.20011121,12.92263324,18.03378617,14.1590644,13.09389687,23.43859652,9.486936184,id82,32.80190953,27.98192019,48.31571504,37.79081084,38.64033839,39.63944659,45.47563816,45.86582195,21.9493498
thinking_mav_normal - Cz.csv,thinking,mav,CZ,155,,id83,11.54721896,2.914405725,11.43647532,13.1975526,16.28390637,8.76918434,14.48780316,14.69319012,18.60268873,id83,9.356656487,2.983589819,7.996701559,11.44944323,11.99395871,6.36920439,10.85049181,13.28269793,14.33191054,id83,13.09475008,3.208857354,19.24528119,22.07437816,29.32760838,13.38217588,27.42407505,23.01551897,26.60541736
thinking_mav_normal - Cz.csv,thinking,mav,CZ,156,,id84,17.40034855,10.13447749,15.859671,5.744463747,6.059603531,7.983326847,17.07845144,15.13506239,6.044268549,id84,18.59709082,9.716462943,10.3894711,5.998524407,5.999976129,7.450987278,15.9931709,14.93978581,7.042614825,id84,25.62557518,16.07253429,24.0065326,7.440754075,7.336519484,10.6755355,26.70158629,25.95945959,7.757640628
thinking_mav_normal - Cz.csv,thinking,mav,CZ,157,,id85,3.73131341,1.572178,6.044092678,4.810791559,3.990013623,15.85931536,8.209281765,3.017565792,7.012119368,id85,2.484151132,2.907097715,2.51243556,5.442606616,3.975709528,15.61832487,5.222691366,4.382432091,7.624531962,id85,1.873362716,3.066211936,5.646692783,6.205908805,5.079621751,24.5395843,10.42085522,4.3535777,10.71992386
thinking_mav_normal - Cz.csv,thinking,mav,CZ,158,,id86,3.426997382,16.3793206,15.40454526,14.20735906,16.09307609,13.55135838,16.37908266,14.11803805,9.505862522,id86,2.578441771,15.73300162,13.03782673,11.14697399,13.9429373,10.11027467,15.80060945,10.43241975,8.0309835,id86,4.789624017,23.09050534,20.10946194,17.94067248,25.73304872,18.9012077,34.07411533,18.8860735,13.8927305
thinking_mav_normal - Cz.csv,thinking,mav,CZ,159,,id87,16.98258406,11.03469215,16.44592247,18.37772714,18.04986993,24.10527144,20.52512909,21.28052376,20.16887319,id87,11.98474038,8.210508422,16.81193857,16.53867557,14.31517515,16.28074315,20.46990395,16.34654918,14.34921763,id87,28.23384584,22.4779131,33.90364591,31.71057105,36.0312451,52.81475646,34.96825785,40.71748623,37.97326336
thinking_mav_normal - Cz.csv,thinking,mav,CZ,160,,id88,14.57331184,15.48528975,15.29662119,16.35747614,21.55830521,8.588941393,16.30434006,9.033777216,10.21778786,id88,7.82744843,16.28362621,12.05810898,13.39788069,13.8003874,7.820722764,14.66045519,7.087049164,8.025802556,id88,14.70362278,26.43609022,19.86413384,17.65143632,28.11578576,8.523195366,30.34726976,11.23868953,20.04352002
thinking_mav_normal - Cz.csv,thinking,mav,CZ,161,,id89,3.803331254,17.91558293,9.279322433,0.4791358413,1.300302331,2.986540293,1.367113255,2.19857487,1.452467661,id89,2.927326386,13.52899018,8.669322252,0.8005379112,1.76586143,4.604569815,1.832433705,2.330205902,1.889616457,id89,3.204272315,21.12786204,15.57343741,1.14983648,2.140867111,4.310422955,2.099140479,2.424643178,1.977002193
thinking_mav_normal - Cz.csv,thinking,mav,CZ,162,,id9,16.82786468,11.33583213,6.532296721,12.97863425,2.234997768,2.270662551,0.5813199386,15.43036466,4.892285685,id9,10.06698208,5.966471128,4.351038095,10.23854156,3.005287046,1.331543643,0.4553877055,11.63302273,3.351347697,id9,11.30883054,8.445526783,5.44269654,9.779191354,3.29966807,2.212787169,0.3777945374,16.28122402,3.395183959
thinking_mav_normal - Cz.csv,thinking,mav,CZ,163,,id90,17.83278222,13.39258992,10.9318442,2.504743033,0.335341822,0.3041217706,0.7794730006,13.26596791,0.756878233,id90,18.90100797,12.9804415,6.231300515,1.838265422,0.2373914944,0.2335196805,0.5629001444,13.95709112,0.6784561878,id90,18.19595942,20.94793946,9.240617447,1.567485851,0.2585409541,0.2787031553,0.6821613344,11.75418758,0.6106392979
thinking_mav_normal - Cz.csv,thinking,mav,CZ,164,,id91,5.324065938,2.63416881,8.499203608,9.130524566,0.2528707444,2.071158277,11.39375219,15.68636633,11.35287543,id91,3.921139318,1.884797183,7.057623274,6.94964371,0.07896324826,2.075577793,6.544080969,7.727378253,5.819169661,id91,8.921274839,2.086620534,9.590334613,11.50341435,0.09923757867,2.893618142,6.216420668,10.38983986,11.66905905
thinking_mav_normal - Cz.csv,thinking,mav,CZ,165,,id92,17.58033766,17.54300939,19.81762174,16.73347613,13.09777435,14.75697748,7.646284144,0.4794819227,12.77861328,id92,11.8220888,14.96414604,17.27262438,14.26847339,12.02938995,14.35079453,7.370473421,0.2764727385,7.576297516,id92,11.69885422,22.2310756,19.53624813,24.14034522,11.16218392,15.2320266,6.771171437,0.3063597675,7.821577176
thinking_mav_normal - Cz.csv,thinking,mav,CZ,166,,id93,0.0005899549874,6.218517796,8.972088303,0.1450644974,0.1920868123,0.7183906448,45.06654165,0.1721272657,11.73081455,id93,0.0005168510167,1.908856877,5.196542027,0.1300983813,0.1099442089,0.6003551528,5.947798558,0.1129746952,3.781092504,id93,0.001196930379,2.968537925,7.746862183,0.318707172,0.09455607265,0.8039726849,10.65444178,0.2010793925,4.312402132
thinking_mav_normal - Cz.csv,thinking,mav,CZ,167,,id94,18.29850686,18.46864241,6.877365353,11.87292745,15.0921284,9.391296061,14.69057755,11.89886527,11.07289967,id94,13.84522769,14.17089088,5.911308663,11.06949522,15.72335477,8.639871053,11.63816704,9.638401793,8.521049001,id94,28.74607452,36.15756746,9.274782968,22.03652094,19.63225739,13.85112863,18.2818691,13.06444321,11.22684384
thinking_mav_normal - Cz.csv,thinking,mav,CZ,168,,id95,15.97694582,13.72305329,15.31776835,12.27638009,11.46999492,1.433561215,4.883256177,5.645335427,8.95268799,id95,12.31081121,11.55042873,13.69062263,12.46475529,9.474927052,2.349292079,4.380301237,6.420110092,8.59825396,id95,18.68596333,22.11689902,25.42904026,22.08492809,24.9860311,2.799855207,8.657734948,9.494063749,16.39225273
thinking_mav_normal - Cz.csv,thinking,mav,CZ,169,,id96,1.466999168,3.943204761,1.713209731,0.2030234629,3.932652502,0.5177217438,1.404404269,15.05892945,7.155453715,id96,1.261559897,5.122778688,1.318114409,0.05351419157,3.919913218,1.245274528,0.9381065264,12.75128179,7.469320157,id96,1.845723838,5.679602647,2.555231078,0.0483855517,5.07076437,1.381549707,1.365158364,24.90836198,9.985274351
thinking_mav_normal - Cz.csv,thinking,mav,CZ,170,,id97,13.27639928,16.55882063,16.19226391,16.15204128,13.12393053,0.4552794906,17.85548562,15.72442762,15.13095563,id97,9.898261936,13.59582978,13.9148634,12.87236294,11.9519082,0.4411029161,15.87250266,14.43249549,14.49842227,id97,13.8522204,18.18354652,18.823091,20.48766219,16.39453443,0.8932298644,20.49495703,18.5154357,21.46936402
thinking_mav_normal - Cz.csv,thinking,mav,CZ,171,,id98,6.322018192,11.95074939,11.3708328,3.347153611,7.482346446,17.93823524,5.254708987,15.32821653,6.336450946,id98,7.018602012,13.91340638,11.4817266,4.838556026,9.975017249,22.07977902,6.622807671,19.52292369,6.857047043,id98,7.280764965,12.96018102,13.33692177,6.819616395,11.75565214,23.07252703,6.85411473,20.88729625,6.433715682
thinking_mav_normal - Cz.csv,thinking,mav,CZ,172,,id99,22.58748966,18.73088152,18.60872392,22.56518082,17.77323009,19.45984547,21.51650714,18.06420134,22.68618156,id99,14.92361849,14.27428629,12.08173724,18.049207,12.27415899,10.60258298,16.53262528,14.73517265,14.58878934,id99,25.09084653,23.74245612,43.69320822,43.74654847,37.09676527,36.923001,35.88913186,35.22208791,46.17384988
thinking_var_normal - C3.csv,thinking,variance,C3,1,,High_Beta,variance (µ),,,,,,,,,Low_Beta,variance (µ),,,,,,,,,Mu,variance (µ),,,,,,,,
thinking_var_normal - C3.csv,thinking,variance,C3,2,,ID,scenario1,scenario2,scenario3,scenario4,scenario5,scenario6,scenario7,scenario8,scenario9,ID,scenario1,scenario2,scenario3,scenario4,scenario5,scenario6,scenario7,scenario8,scenario9,ID,scenario1,scenario2,scenario3,scenario4,scenario5,scenario6,scenario7,scenario8,scenario9
thinking_var_normal - C3.csv,thinking,variance,C3,3,,id1,0.0003314100055,0.0001847045839,0.00001813635982,0.00001400975827,0.00006717595784,0.0003773633628,0.0000007073143306,0,0.00002606542382,id1,0.00001491422033,0.00006924625895,0.000006085292606,0.000005522171075,0.00005983457472,0.00009817044985,0.0000002516359536,0,0.000008631189276,id1,0.00001812003521,0.0001652048513,0.000007446510349,0.000008136301035,0.00008196262028,0.00009091610344,0.0000003936447224,0,0.00002716255179
thinking_var_normal - C3.csv,thinking,variance,C3,4,,id10,0.00000006583997377,0.00006888730948,0.00000191333992,0.00001164832191,0.00002372737034,0.00005613211453,0.00006609022196,0.00004520068722,0.0000715035989,id10,0.00000000837632913,0.000004167667487,0.0000006926000518,0.0000137728741,0.00002392286058,0.00004348639804,0.00007127767773,0.00004391530598,0.00007342380074,id10,0.000000009198160737,0.000005963822476,0.000001500883316,0.00002690620541,0.00003353351053,0.00007084915777,0.00008051217623,0.00008831535736,0.00007169551676
thinking_var_normal - C3.csv,thinking,variance,C3,5,,id100,0.00000145251947,0.000035455613,0.00001004228486,0.000007187728514,0.00001995756985,0.00005765559621,0.00005720786186,0.00004144873971,0.00006035526932,id100,0.000001005755646,0.00002033938516,0.000009444011333,0.000004286139152,0.00001836330027,0.00005934408521,0.00009232699024,0.00005989976026,0.00005282583479,id100,0.000001009785464,0.0000247427718,0.00002586816169,0.00001332653336,0.00001084779504,0.00005493979378,0.0001249871716,0.00005231755667,0.0001525770146
thinking_var_normal - C3.csv,thinking,variance,C3,6,,id101,0.0002767996928,0.000076268977,0.0005650682109,0.0002357137201,0.00008815496334,0.0003166031354,0.0002817027378,0.0001667783395,0.0005661982845,id101,0.0002344789228,0.00003011653877,0.0003066920802,0.00009186410648,0.00007978568565,0.0001288493076,0.0001796743337,0.0001081473564,0.0002637494486,id101,0.0003198014957,0.00004743342566,0.0003526764258,0.0002222026544,0.00004082703353,0.0003247643855,0.0002473026283,0.0001463807522,0.0003332390579
thinking_var_normal - C3.csv,thinking,variance,C3,7,,id102,0.0006726811574,0.0005951200553,0.0006494886745,0.0001581318518,0.0005066751108,0.0005659868269,0.001239882134,0.00007379889327,0.000008514456651,id102,0.0005326276128,0.0003170806501,0.0002248194184,0.0001147141572,0.0002229045735,0.0003425546072,0.0007957190083,0.00002680900092,0.000002627728677,id102,0.0004520962814,0.0002288805381,0.0006043530588,0.00007857908817,0.0005642204153,0.0007610367641,0.001091573041,0.00003221978987,0.000002109754684
thinking_var_normal - C3.csv,thinking,variance,C3,8,,id103,0.001149426214,0.0006832735507,0.0005696216528,0.0001902850931,0.0008605850064,0.0006372417089,0.000545553253,0.00002172714506,0.0002160527664,id103,0.0003701963893,0.0004144789662,0.0003207321239,0.0001417120867,0.000330293651,0.0003639687029,0.0003181450944,0.00001840640849,0.00008964283226,id103,0.001817693516,0.0009761326201,0.002423432107,0.000683801952,0.001384668056,0.0008775787522,0.001258308173,0.00001267030337,0.0002126985908
thinking_var_normal - C3.csv,thinking,variance,C3,9,,id104,0.0005356150315,0.0004792929142,0.0004895356559,0.0002999998346,0,0.0005511253976,0.0005464329413,0.0006114518654,0.0006026826876,id104,0.0004056965485,0.0002263015396,0.0004192570432,0.0002469063371,0,0.0002974530649,0.0003305076833,0.0005752891395,0.0003008867839,id104,0.0007991945274,0.001701527596,0.001854642402,0.0009587340402,0,0.001523008428,0.001999608265,0.001923186249,0.001331880759
thinking_var_normal - C3.csv,thinking,variance,C3,10,,id105,0.0001421461609,0.0001777567433,0.00002651514217,0.0001268270367,0.0004497891043,0.0002789500762,0.0002365470776,0.0006017863923,0.0006447622287,id105,0.0001078563897,0.0002217822821,0.00002702350002,0.00007273703013,0.0002654479969,0.0002046793052,0.0002031959043,0.0004837219255,0.0004526398585,id105,0.0001338374434,0.0001729312258,0.00002486664546,0.00005001707842,0.0002949839181,0.0002238203479,0.0001834618994,0.0005704680514,0.0005139396663
thinking_var_normal - C3.csv,thinking,variance,C3,11,,id106,0.0002844124574,0,0.00006192253166,0.0001165653562,0.000000009944804406,0.000001114242907,0.00008592334755,0.0003256817142,0.00002098263364,id106,0.0001525242224,0,0.00002152155037,0.0001241151356,0.000000005348134123,0.0000007670749819,0.00003655745018,0.0001191005015,0.00001351126006,id106,0.0004005750592,0,0.0000400844292,0.0002511747686,0.000000006382344057,0.0000008645102217,0.00008603343853,0.0002570112433,0.00002320493283
thinking_var_normal - C3.csv,thinking,variance,C3,12,,id107,0.00008638707072,0.0008994411054,0.0005491895835,0.0008345213014,0.0007334337293,0.0004735417414,0.0008676145409,0.0006433694863,0.0007824564394,id107,0.00005323245938,0.0004690932945,0.0003542908762,0.0008494706181,0.0008644706403,0.0003007437539,0.0009060624718,0.0008107395815,0.0009983911552,id107,0.00007042852661,0.0009988929615,0.0008699995371,0.003187815127,0.002505360658,0.0007303412071,0.00223770601,0.0007797450736,0.001176890781
thinking_var_normal - C3.csv,thinking,variance,C3,13,,id108,0.0001305195641,0.0004147003673,0.0002681731708,0.0004124744324,0.0003165375168,0.0003467431177,0.0001502155529,0.0004594693166,0.000265908896,id108,0.0000640221125,0.0002676721863,0.00008124708045,0.0001069144955,0.0001381891954,0.0001286941674,0.00005250055556,0.0003556429011,0.0001806342252,id108,0.0005361624859,0.0004565778565,0.0005842068227,0.0007374596276,0.000654046938,0.0009120837401,0.0000921172523,0.001367368578,0.0003045615679
thinking_var_normal - C3.csv,thinking,variance,C3,14,,id109,0.0002164333063,0.000592394685,0.0004264962765,0.0002703306684,0.0001010468264,0.0005148503184,0.0003230008419,0.0005840239294,0.0003367717129,id109,0.0002471463613,0.0003860974899,0.000319450047,0.0001414864852,0.00004449495305,0.0003672240469,0.0001380505305,0.0004857222133,0.0002513943905,id109,0.0004405028348,0.0007943000503,0.001241356098,0.0007509616393,0.00007464851113,0.0005639895436,0.0004639602183,0.0008669217837,0.0008012792172
thinking_var_normal - C3.csv,thinking,variance,C3,15,,id11,0.0003646923521,0.0001972171037,0.00002226064914,0,0.00003287436126,0.0004424109686,0.0002131683385,0.0002459116945,0.0002704425184,id11,0.0002192022028,0.0001052805929,0.00001162874659,0,0.00003222802877,0.0002597551137,0.0001414525054,0.0001240289902,0.00001495033082,id11,0.0006675404142,0.0004601652864,0.0000166076901,0,0.00007099326862,0.0005419833715,0.0009654875391,0.0005228801485,0.00003404725785
thinking_var_normal - C3.csv,thinking,variance,C3,16,,id110,0.0005668704434,0.0004505628959,0.000621890406,0.0003814357068,0.00009787569938,0.0003745453666,0.0001392969996,0.0001591927481,0.0003649250323,id110,0.0004184394222,0.0001342489572,0.000550453618,0.0001858906277,0.0001172020047,0.0002760658671,0.00008064987937,0.00008061877826,0.0002233451954,id110,0.001921255358,0.001660158761,0.002084487376,0.001138399098,0.000115298881,0.0008374900812,0.0002392816797,0.0001206907596,0.0006336418288
thinking_var_normal - C3.csv,thinking,variance,C3,17,,id111,0.0001988427367,0.0000004189829481,0.00009516847888,0.000156993567,0.0003023860213,0.0001224432406,0.0002102910962,0.0002754642155,0.0001823943637,id111,0.00005831489064,0.0000001018142595,0.00005184627003,0.00008000165154,0.0001023689954,0.0000636167692,0.0001257953272,0.0001030125825,0.00004611539917,id111,0.00007847993998,0.00000007195329368,0.00004424966908,0.00009834583393,0.0001079257889,0.00009036530895,0.0001028491021,0.0001330513103,0.00009238888335
thinking_var_normal - C3.csv,thinking,variance,C3,18,,id112,0.0001410067395,0.00008772882069,0.00005880220851,0.0001815738612,0.0003339193597,0.00006667050634,0.0005270710616,0.0003967486649,0.0002482377826,id112,0.00002672340695,0.00002377346843,0.00004612881619,0.0001086923633,0.00008290083876,0.00002797364963,0.0002748195024,0.0001804427269,0.00022001538,id112,0.0001212779517,0.00005829049995,0.0002268583288,0.0001801223195,0.0003820039881,0.000062467003,0.0006927681034,0.0002184994362,0.0005120856328
thinking_var_normal - C3.csv,thinking,variance,C3,19,,id113,0.0004494510153,0.0004469417361,0.0004977755428,0.0004571364578,0.0005566711714,0.0006332060751,0.0004677651223,0.0003258476854,0.0003075832257,id113,0.0003620967575,0.0002096396779,0.0001688502307,0.0002875944919,0.0003825527422,0.0003339513004,0.0003555563871,0.0002040683783,0.0002696315587,id113,0.001497996025,0.001193825786,0.002457700768,0.001882689389,0.002647993961,0.002377328511,0.002292527733,0.001132876666,0.001093429188
thinking_var_normal - C3.csv,thinking,variance,C3,20,,id114,0.0002463318654,0.0001883755742,0.0004037708276,0.0004011419319,0.000139621151,0.0005453245135,0.0004470651402,0.000200167224,0.0005974583727,id114,0.0001646942618,0.00008349267886,0.0002346566158,0.0002762830348,0.00006528582339,0.000454107441,0.0003779008702,0.00006012775374,0.0006308681508,id114,0.000576080983,0.0003160832419,0.0008329869661,0.00106782289,0.0001530423351,0.001258868786,0.001060167005,0.0001837214922,0.00125504856
thinking_var_normal - C3.csv,thinking,variance,C3,21,,id115,0.000284581344,0.0002530523126,0.000188846681,0.0001154602275,0.0002208511437,0.0004130798168,0.0001309544479,0.00008271217684,0.0004348004435,id115,0.000177454613,0.0001067860697,0.00007130847322,0.00006227889276,0.0001282031195,0.0002563996336,0.0001020243554,0.00004425696414,0.0001950725918,id115,0.0002194292189,0.0001045150021,0.00005932617065,0.00008558825769,0.0002326479222,0.0001491342146,0.00006793997818,0.00001472624071,0.0002728513145
thinking_var_normal - C3.csv,thinking,variance,C3,22,,id116,0.0003054523942,0.0003779730234,0.0003922951066,0.0004492393011,0.0003557027099,0.0004268076465,0.0002994698051,0.0004419685701,0.0003795027916,id116,0.000261694757,0.0001523364865,0.000257783824,0.0002360472448,0.0002954721663,0.0001839588134,0.0003734593514,0.0002859980903,0.0003294955795,id116,0.0005878199887,0.0006542424018,0.001083099549,0.001317587613,0.0007791860345,0.001842505417,0.0009044639454,0.001065412674,0.001280031676
thinking_var_normal - C3.csv,thinking,variance,C3,23,,id117,0.0004732187751,0.0005077129354,0.001083488515,0.0007714018204,0.000009605200855,0.0001323840956,0.000303458463,0.0003307789501,0.000822161171,id117,0.0001419198908,0.0003204191203,0.001142425412,0.0005773512788,0.00002260726455,0.0001094867962,0.0005317154382,0.00009248592129,0.0006920138054,id117,0.0003458382674,0.0007328432124,0.0008225497907,0.0009917594029,0.00002701408723,0.0002257581311,0.0004594973112,0.0001294333292,0.001595337741
thinking_var_normal - C3.csv,thinking,variance,C3,24,,id118,0.000134593099,0.0001500551297,0.0001021081616,0.000170698848,0.0001450220982,0.0002084137199,0.00005473754625,0.0001498200087,0.00009120340129,id118,0.00006001428388,0.0001041473365,0.00004594094423,0.00007646499882,0.00004504019676,0.00007370203985,0.00004084147431,0.00006291139914,0.00003471815744,id118,0.0000939163683,0.00005604889409,0.00003149517069,0.00006543352705,0.0000461803988,0.00006100129271,0.00003569281799,0.00007813173681,0.00005060852972
thinking_var_normal - C3.csv,thinking,variance,C3,25,,id119,0.0004203796287,0.0006501922118,0.0007407920647,0.0008607636756,0.0007608651823,0.0006282395743,0.0007183291692,0.0007374578633,0.0006634262245,id119,0.0002019767756,0.0004969139404,0.0003734946925,0.0005767615685,0.000642315471,0.0005203255471,0.0005919487911,0.0003591996212,0.0005335012388,id119,0.001390880099,0.003098412577,0.003683386429,0.002934892521,0.003911156016,0.002746164794,0.004375154114,0.003601193148,0.001828316393
thinking_var_normal - C3.csv,thinking,variance,C3,26,,id12,0.0001853910986,0.0003044604266,0.00006142817832,0.00006363654668,0.0001991636074,0.00004903698037,0.0001581428406,0.0002509009783,0.000007170712504,id12,0.0001214233759,0.0001690187604,0.00002514736774,0.00003306576783,0.0001491692307,0.00004106093434,0.00002669986189,0.0002121263892,0.000002351197215,id12,0.0002084203395,0.0001839155586,0.00003105856375,0.00004520614207,0.0001396185431,0.00007153876642,0.00006310463789,0.0002937425119,0.000002769792846
thinking_var_normal - C3.csv,thinking,variance,C3,27,,id120,0.0004279754489,0.0003291966101,0.00008473087494,0.0007670834649,0.0006218759315,0.0007783122813,0.00070738465,0.0005050829817,0.0006819372304,id120,0.0004087864708,0.0002287112047,0.00003343341334,0.0005588049458,0.0006323779351,0.0005071437625,0.0004761030074,0.0004037574248,0.0003919455848,id120,0.002193747739,0.001382144431,0.00006861573636,0.002745918692,0.002633006335,0.003561571496,0.001840786068,0.001580784002,0.002188005873
thinking_var_normal - C3.csv,thinking,variance,C3,28,,id121,0.0005117430452,0.0005704395221,0.0005521146022,0.0005226652831,0.0006259747427,0.0003333137064,0.0004546869231,0.0001416558641,0.0003786661618,id121,0.0002416840404,0.0002725103172,0.0003788720953,0.0002845381492,0.0002963854168,0.0002127524106,0.0002789455343,0.00007245961066,0.0003238648727,id121,0.001280452976,0.00117597109,0.001133208485,0.0008065229897,0.00129776695,0.0005875651398,0.0006744730919,0.000112931557,0.001254044566
thinking_var_normal - C3.csv,thinking,variance,C3,29,,id122,0.001043671815,0.0006889492374,0.0005231297358,0.0004059977553,0.0003845670107,0.00000001161263988,0.000001413456552,0.0007176733419,0.0003633360608,id122,0.0005569575387,0.0002927209237,0.0002638118317,0.0001851009643,0.000265505731,0.00000005897507832,0.0000007992920558,0.000409703936,0.0003048801128,id122,0.002936277894,0.002162912037,0.001137881591,0.0003418903479,0.0006086001231,0.0000001139900064,0.000001762700694,0.001641628013,0.0007122278709
thinking_var_normal - C3.csv,thinking,variance,C3,30,,id123,0.000633489538,0.0002024230864,0.0008382443968,0.0004367661757,0.0005229588465,0.00002824741927,0.000603149954,0.0005599781229,0.0002243922016,id123,0.0004694070922,0.0001661833378,0.0004264942422,0.0004906457638,0.0003568356177,0.00001909577807,0.0004736108163,0.0006883940031,0.000252632739,id123,0.001057669834,0.0003943732536,0.002094992143,0.0006703422014,0.001125542082,0.0001756068868,0.001993612971,0.002128474001,0.0009349624454
thinking_var_normal - C3.csv,thinking,variance,C3,31,,id124,0.000165574592,0.00000007711755181,0.00009500410226,0,0.00009658252039,0.0006899673004,0.000005974276214,0.00002410543345,0,id124,0.0001418348882,0.00000007293963939,0.00005095919267,0,0.00007393715144,0.000444938003,0.000001733202216,0.000005076826248,0,id124,0.0001629861033,0.00000006107872133,0.0001014349921,0,0.00007113982345,0.0008065460235,0.000003741421371,0.00001516687978,0
thinking_var_normal - C3.csv,thinking,variance,C3,32,,id125,0.0003383514918,0.0004163986204,0.0002394005112,0.0002807763417,0.0004632619106,0.0004706398095,0.0004417618824,0.0006200558591,0.0005176406769,id125,0.0002534534477,0.0003989858516,0.0001854920245,0.0002201644822,0.0004017517794,0.0002392514155,0.0003207484954,0.0002501482976,0.0003544625045,id125,0.0002028691565,0.0005930676078,0.0004550582046,0.0003168401088,0.0009589271471,0.0004952500368,0.0006959370316,0.0008682683985,0.0009391038296
thinking_var_normal - C3.csv,thinking,variance,C3,33,,id126,0.0005208281128,0.0003254464227,0.0001458866796,0.0000001513803995,0.0006699091054,0.0004025973314,0.0004172714472,0.0002366474129,0.0002400587946,id126,0.0005087391257,0.0002057403044,0.0001029958943,0.0000002199043306,0.0006913689687,0.0003114361465,0.0002300066272,0.0001708485947,0.0001120459683,id126,0.0005785900558,0.0002728873281,0.0001332900263,0.0000001780364402,0.0005008220861,0.000209061742,0.0002666908412,0.0001750626028,0.0001735914651
thinking_var_normal - C3.csv,thinking,variance,C3,34,,id127,0.000331435889,0.0006697300432,0.0005744552348,0.0007698182538,0.0007446605851,0,0.0002115514224,0.0000953885921,0.000007164470588,id127,0.0001748297589,0.0005343224739,0.0004594257291,0.0004164251296,0.0004191672458,0,0.0001139221958,0.0001083646921,0.000002863723102,id127,0.0003812543006,0.0004639974095,0.0007102423384,0.0006197963168,0.001337178099,0,0.000225372391,0.0002529347007,0.000002855709661
thinking_var_normal - C3.csv,thinking,variance,C3,35,,id128,0.0006856865217,0.0004133219404,0.0004220606706,0.0006344136349,0.0007836969766,0.0006238384596,0.001001336767,0.0002217687005,0.000903365012,id128,0.0003889668309,0.0001603172614,0.0001729237671,0.0005410703209,0.0003615843466,0.000329540549,0.0004018776803,0.0001047261891,0.0004015413974,id128,0.0009029247384,0.0007021923883,0.0006920435826,0.001378906128,0.001635286911,0.001454680859,0.001161544854,0.0001853434248,0.002749153288
thinking_var_normal - C3.csv,thinking,variance,C3,36,,id129,0.0005979994979,0.0003389049269,0.0002839384348,0.00008884775737,0.0002162107897,0.0003783729254,0.0001774402263,0.0003554162716,0.0000118267466,id129,0.0002875303502,0.0001372828688,0.0001200953848,0.0000538420319,0.00009832688842,0.0002206858329,0.0000779735248,0.0001913801359,0.00001304337098,id129,0.0006006773721,0.0003426148867,0.0002283341072,0.0001708767149,0.0001191124456,0.0003201755263,0.00008139399877,0.0001822571841,0.00001648486281
thinking_var_normal - C3.csv,thinking,variance,C3,37,,id13,0.000006353798534,0.0002365350275,0.00005655872178,0.00008448471194,0.000008867240733,0.0000141273327,0.00001606848722,0.00003272158217,0.0000192732965,id13,0.000007310494815,0.00005815707771,0.00007125418384,0.00002941566194,0.0000157429525,0.00001368205536,0.00001956072183,0.0000249346072,0.00002105948355,id13,0.00001430879293,0.0000656335472,0.00005540465997,0.00006557975743,0.0000117527917,0.00003346593335,0.00003989104689,0.00003918536521,0.00004296095796
thinking_var_normal - C3.csv,thinking,variance,C3,38,,id130,0.00009541577456,0.00000002961722169,0.0001496799685,0.00000005722921235,0.0006222229574,0.0001111814861,0.0001771069723,0.0001545838171,0.0005756507858,id130,0.0001054932721,0.00000002814825351,0.0001381927378,0.00000004732294613,0.0004526193563,0.0001449045811,0.0001446174619,0.0001105670414,0.0005543896882,id130,0.00007845030251,0.00000002356618174,0.0000593208843,0.00000005074271995,0.0008714845822,0.0002055593692,0.0005308865002,0.0001790752951,0.0009649300663
thinking_var_normal - C3.csv,thinking,variance,C3,39,,id131,0.00003663004094,0.00000003735649309,0.0002294728249,0.0006585273408,0,0.0005163955818,0.0004273519306,0.00001010446623,0.00000413582145,id131,0.00001349460393,0.00000002017564447,0.0000625338539,0.0003343237307,0,0.0004335597712,0.0003189170385,0.00001011033828,0.00000515150559,id131,0.00004893522896,0.00000003427974198,0.0001982883253,0.001239911338,0,0.0008123966714,0.000647856104,0.00002261472321,0.00001026818351
thinking_var_normal - C3.csv,thinking,variance,C3,40,,id132,0.0001279600612,0.0003447461378,0.0007708066631,0.0004480111424,0.0003434109468,0.0004861187791,0.0006310814048,0.0005264091378,0.0007438433751,id132,0.00008787266737,0.0002473981986,0.0003002529033,0.0001787607474,0.0002409046023,0.0001767503578,0.0004906578492,0.000337924523,0.0002954762362,id132,0.0004661104143,0.002328779468,0.003220314253,0.001791476427,0.001904184205,0.002891600392,0.003424295923,0.002060544775,0.003625846693
thinking_var_normal - C3.csv,thinking,variance,C3,41,,id133,0.0004435210921,0.0002457934339,0.0002287885527,0.0004543910056,0.0002052154419,0.0003254320812,0.0001530665953,0.00055107711,0.000416702846,id133,0.0002664060125,0.0003195246802,0.0001796320861,0.0002798465328,0.0001339351143,0.0005476582126,0.0001813798922,0.0006501016144,0.0004147152314,id133,0.0002867748765,0.0003075783916,0.0001180157854,0.0002947873574,0.0001181657435,0.00103292731,0.0002536200602,0.0005371678054,0.001453207475
thinking_var_normal - C3.csv,thinking,variance,C3,42,,id134,0.0002179148696,0.0001773941982,0.0005126238023,0.0001703362909,0.0002770058931,0.0003208862284,0.0001839932437,0.0004228158526,0.0003084010118,id134,0.00011039418,0.00008302355814,0.0001868415352,0.0001155791314,0.0001418934256,0.0002717748523,0.00009880364813,0.0002531864477,0.0001631754316,id134,0.0001872314695,0.00009552806711,0.0003722855103,0.0001173774381,0.000139087809,0.0002167981352,0.0001348831534,0.0003806933886,0.0002974850817
thinking_var_normal - C3.csv,thinking,variance,C3,43,,id135,0.0003759693676,0.0004890278371,0.0005350693774,0.0004304825498,0.0004470615535,0.0004337117927,0.0007921656043,0.000463300117,0.0005839836103,id135,0.0001795112209,0.0004415180409,0.000603179795,0.0003012931064,0.0002150216648,0.000457237288,0.0005615674925,0.000473940342,0.0003615497145,id135,0.0008064800766,0.002476079954,0.001699013679,0.001245833933,0.001314121575,0.001494296708,0.001232317514,0.001814446729,0.00189201206
thinking_var_normal - C3.csv,thinking,variance,C3,44,,id136,0.0005403759379,0.0004807524426,0.0006170434053,0.0003291420382,0.000298749719,0.0002001368768,0.0004684493776,0.0004804158835,0.0001920653002,id136,0.0003404518277,0.0002429267495,0.0003244281992,0.0002093943064,0.0002319928252,0.0002444204344,0.0003414802219,0.0003538745843,0.0001062180642,id136,0.001833404134,0.002769465147,0.002216946988,0.001104578692,0.001388306592,0.0006567859105,0.0009349869768,0.001816998739,0.0008068517625
thinking_var_normal - C3.csv,thinking,variance,C3,45,,id137,0.000149342872,0.0001722581724,0.000004276647949,0.0001822736706,0.00008985885932,0.0001184324883,0.00005312530276,0.0001878141665,0.000164542534,id137,0.00008440238685,0.0001021849,0.000001593145843,0.000072679206,0.00003805305687,0.00004670552029,0.00003240136049,0.00008673172594,0.00004256281764,id137,0.0001962334863,0.0003992717936,0.000008613068649,0.000122898633,0.00004650439957,0.00006711087313,0.00004368688366,0.0001458150107,0.0001964272059
thinking_var_normal - C3.csv,thinking,variance,C3,46,,id138,0.0008820613081,0.0007504397811,0.0006120064835,0.0006764011423,0.0005729371331,0.0001963775965,0.000389797014,0.0002993572905,0.0004818544434,id138,0.0006098367156,0.0006306267816,0.0006409068784,0.0005278196554,0.0005074080602,0.0001246052547,0.0003852564025,0.0002498796427,0.0002755815885,id138,0.000676678594,0.001789916428,0.002399064954,0.003108004015,0.001201380027,0.0004598474285,0.002029365057,0.0005843304661,0.0006975058367
thinking_var_normal - C3.csv,thinking,variance,C3,47,,id139,0.0007879883212,0.0009139590159,0.0007106040275,0.0007626210406,0.0009252979441,0.0008065026139,0.0007398154953,0.0006344706567,0.0005778333732,id139,0.0004715222509,0.00026399471,0.0003991022923,0.0003027632791,0.0002706565804,0.0003478267987,0.0003004847783,0.0002864690863,0.0003172508084,id139,0.003184327719,0.003158862328,0.004301465584,0.00276787545,0.003922408935,0.004358606144,0.003731555661,0.003163645821,0.00285515612
thinking_var_normal - C3.csv,thinking,variance,C3,48,,id14,0,0.000008507758667,0.000009410818234,0.00001596517065,0.0000001728055741,0.00001310907015,0.00003032890791,0.00001036262259,0,id14,0,0.000004357248961,0.000005042080905,0.000007859463539,0.00000006345983215,0.000009194378131,0.0000194312547,0.000006188527097,0,id14,0,0.00002128972071,0.0000057607052,0.00001573496532,0.00000019575552,0.000007705997828,0.0000257027469,0.00001366606462,0
thinking_var_normal - C3.csv,thinking,variance,C3,49,,id140,0.0007818580232,0.0005784028484,0.0007385944634,0.0006109053585,0.0006034383184,0.0007453276556,0.0006456035369,0.000587379949,0.0004942994899,id140,0.0008980032815,0.000437290042,0.0007413515021,0.0005519585982,0.0003964688171,0.000500638742,0.0002866239076,0.0004699910491,0.0002098366409,id140,0.002248102967,0.001137399522,0.002931796384,0.002564050941,0.00138101273,0.002708010159,0.003744504599,0.003083550519,0.001068253265
thinking_var_normal - C3.csv,thinking,variance,C3,50,,id141,0.0008794007256,0.0005869982798,0.0008768459904,0.0008124664199,0.000699089094,0.0005521065869,0.0004596465487,0.0005376192713,0.0001412006563,id141,0.0003808852607,0.0004912859843,0.000542693539,0.0004912368485,0.0006313271327,0.0006873904888,0.0004187417318,0.0005331907226,0.0001039249205,id141,0.0006801174081,0.0009089055305,0.0009194679511,0.0009225051699,0.0005831348474,0.0004227705897,0.0006442155545,0.0008467865957,0.0001724399172
thinking_var_normal - C3.csv,thinking,variance,C3,51,,id142,0.001040039767,0.0006266307169,0.0008735722913,0.0007691552704,0.00008693231267,0.0004365133274,0.0006105391732,0.0004196548978,0.0007318628611,id142,0.0005726865211,0.0003980311047,0.0004537921425,0.0003978450061,0.00005791724862,0.0003057533012,0.000270719327,0.0001710575178,0.0003713903632,id142,0.003150120724,0.001829874919,0.002077574104,0.003917819896,0.0001196296187,0.0007501038435,0.002373020342,0.0009228054239,0.004043452288
thinking_var_normal - C3.csv,thinking,variance,C3,52,,id143,0.0004470062056,0.0007427286187,0.0009220237663,0.0005238421491,0.000739898601,0.0007711951879,0.000009609770414,0.0002479893206,0.0005039215189,id143,0.0005116554199,0.0004599027072,0.0006018075851,0.0004353495047,0.0004366873707,0.0004874132939,0.00001260744203,0.000112099,0.0004320393504,id143,0.0006459969549,0.001895316046,0.002247545958,0.001506040103,0.001416499692,0.001453335555,0.00001720169036,0.0005509387575,0.001009416026
thinking_var_normal - C3.csv,thinking,variance,C3,53,,id144,0.000522236032,0.0006763590234,0.0007034493195,0.000758958423,0.0007924235263,0.0007485728595,0.0005823478922,0.0008397836842,0.0005303536033,id144,0.000309900173,0.0002911126997,0.0004823553139,0.0003801984835,0.0005132119956,0.0003010924899,0.0003610614636,0.0003155757085,0.0003153296477,id144,0.003434941073,0.002446222552,0.003759414396,0.003258699558,0.002685082064,0.004383406102,0.001153295371,0.003298119767,0.002631225766
thinking_var_normal - C3.csv,thinking,variance,C3,54,,id145,0.0008954521664,0.0005143304456,0.0007981529181,0.0008096807811,0.0006021471848,0.0008904116237,0.0009117489888,0.00001806045292,0.0006752459967,id145,0.0005915491906,0.0004960833507,0.0005417132475,0.000442904156,0.0005208264779,0.0006931216726,0.0004751081533,0.00001637751036,0.0004226960611,id145,0.001651924401,0.001045066916,0.001747232414,0.00113650647,0.001323542548,0.0016063152,0.0009109619641,0.00001921246357,0.0009803549652
thinking_var_normal - C3.csv,thinking,variance,C3,55,,id146,0.0002544796322,0.0004615430718,0.0002320174424,0.0004357906976,0.0004461740556,0.0005221455227,0.0003354500235,0.0005378646085,0.0003615748395,id146,0.0001959227114,0.0003279099104,0.0001757241108,0.0003737486357,0.0001856120157,0.0001497296393,0.0002112195327,0.0003967744578,0.0002657600804,id146,0.0002276863596,0.001049893547,0.000676348766,0.0009483594317,0.0009465612738,0.00127574223,0.0007957787353,0.00208348661,0.001167741306
thinking_var_normal - C3.csv,thinking,variance,C3,56,,id147,0.0002272667239,0.0003045436046,0.0003968274043,0.0003575397724,0.0001712223283,0.0002013502186,0.0002130406093,0.0004161226327,0.0002501683594,id147,0.0001125674787,0.0001772288133,0.0002371895242,0.0003208370677,0.00006482005138,0.0001092698207,0.0001040283021,0.0002091726272,0.0001339482465,id147,0.0009357642154,0.001194557877,0.001710335808,0.001471963182,0.001031113227,0.001120537635,0.0007488465796,0.00138355733,0.00105217733
thinking_var_normal - C3.csv,thinking,variance,C3,57,,id148,0.0007799025765,0.0003621759772,0.0003682373183,0.00003901019335,0.0003913974283,0.0005542379235,0.0006682644161,0.0009135015398,0.0003268683303,id148,0.0004596923716,0.0001881631284,0.0001477443399,0.00001348195626,0.000269733227,0.0003835333226,0.0004018884688,0.0005869375317,0.0002557504095,id148,0.0006461361127,0.0004543655185,0.0002806183608,0.00002448962478,0.000326981314,0.0007278867991,0.001198941607,0.001308376109,0.0005053091087
thinking_var_normal - C3.csv,thinking,variance,C3,58,,id149,0.000706250053,0.0006668070553,0.0007156068007,0.0005607830557,0.0005290160333,0.0007024747555,0.0006001636926,0.0007014908093,0.0005537020156,id149,0.0005378741618,0.0005609271141,0.0006520505073,0.0004159495178,0.000364793352,0.0004120635969,0.0003589299114,0.0008671801605,0.0003289577078,id149,0.001570915971,0.001411920267,0.002007777293,0.001199284491,0.001158913561,0.001090924218,0.002853111726,0.001666811398,0.001188655154
thinking_var_normal - C3.csv,thinking,variance,C3,59,,id15,0.0000550659278,0.00001600645968,0.00006176943248,0.00006939731653,0.0001361674361,0.0002780193858,0.0002382606375,0.0003902328242,0.0004691721527,id15,0.00002952620355,0.000008079820645,0.00002810832996,0.00002390780745,0.00005311119989,0.0002164821389,0.0001640810186,0.0001792414747,0.0002502471851,id15,0.00003531445647,0.000008951934341,0.00005274522226,0.00003731164784,0.0001017646054,0.0003284652808,0.0002495207234,0.0008115912542,0.0004851448717
thinking_var_normal - C3.csv,thinking,variance,C3,60,,id150,0.0005845632425,0.0003709407212,0.0006161897908,0.0006129304427,0.001006394032,0.000633849782,0.001026176731,0.000683513499,0.001030485651,id150,0.0002990051484,0.0001782950514,0.0005255017378,0.0004870297754,0.0005894022267,0.0003569582838,0.0005811485521,0.0003239861404,0.0003277252087,id150,0.00030733517,0.0002935958059,0.0004530706876,0.0006683221932,0.0004880888354,0.0006420574667,0.0006265182164,0.0003704498642,0.0005211474162
thinking_var_normal - C3.csv,thinking,variance,C3,61,,id151,0.0002188651464,0.0005926152166,0.0005501198988,0.0004048862029,0.0006128965702,0.0007300487742,0.0008764292243,0.0004734997431,0.0004505042626,id151,0.00009392390843,0.0004781915747,0.0002514595627,0.0001769531001,0.0004731829083,0.000499009167,0.0007210199852,0.0004363174059,0.0003702713926,id151,0.0001783817159,0.0007518409615,0.0009570065452,0.0004303005784,0.001106666484,0.0008710590187,0.0007669448613,0.001055263395,0.0003885714789
thinking_var_normal - C3.csv,thinking,variance,C3,62,,id152,0.0000003870751311,0.000001630721674,0.00001562260689,0.0007996039512,0.0000002260528391,0.00002960820488,0.000113451129,0.0003748017132,0.0002978847318,id152,0.0000001735848781,0.0000008665701392,0.000006262643484,0.0003680388301,0.00000005291946242,0.000009389102525,0.00006498328812,0.0001208259999,0.0002033462473,id152,0.000000223253097,0.0000005851515374,0.000007227498571,0.0005974678143,0.00000004918511962,0.00003551682663,0.0000830389025,0.000439841915,0.0003761822931
thinking_var_normal - C3.csv,thinking,variance,C3,63,,id153,0.0005821735345,0.0002081198208,0.0003953878888,0.00004641800282,0.0007768936073,0.0007356788859,0.0006806420277,0.0004302995189,0.0008299139721,id153,0.0003025945519,0.0001036672343,0.0003230648385,0.00003750402717,0.0005018058997,0.0007932111818,0.0005479025365,0.0003666125789,0.0005682299942,id153,0.001034348279,0.0002467200173,0.0008425798149,0.0001312199514,0.001936884973,0.001837126201,0.00192439244,0.000941465716,0.002923845351
thinking_var_normal - C3.csv,thinking,variance,C3,64,,id154,0.0006142002445,0.0001513073601,0.0007024566509,0.001008216854,0.0006858246582,0.0006465271697,0.0007804909846,0.0007572981873,0.0008844481564,id154,0.0002295900914,0.0000907567951,0.0003431858255,0.0002641806803,0.0001871109021,0.000560042179,0.0005441974241,0.0002206764638,0.0003861979627,id154,0.00134930451,0.0003475843345,0.002361772244,0.002543346711,0.00320017352,0.002712391327,0.002894998707,0.003183155158,0.004735042208
thinking_var_normal - C3.csv,thinking,variance,C3,65,,id155,0.0004943978156,0.0002178638795,0.0002748621861,0.0003277274959,0.0004593397224,0.0001381240492,0.0003955262416,0.0004712305136,0.0002650892354,id155,0.0002418577366,0.0001385730167,0.0004011819943,0.0003201887618,0.0002986668976,0.00006216663431,0.0001557402853,0.0004871889618,0.00006845804901,id155,0.0005983151476,0.0001529159565,0.001191464002,0.0008906407571,0.001427705111,0.0002053376033,0.0002804634824,0.001080010306,0.0001628662646
thinking_var_normal - C3.csv,thinking,variance,C3,66,,id156,0.0005029867444,0.0001007970591,0.0004978872004,0.0003641785702,0.0007088692305,0.0002447346218,0.0003989796648,0.0003787668646,0.00000006825426095,id156,0.0008534539615,0.00007212212277,0.0004378799297,0.0004112643814,0.001041803497,0.0003671805152,0.0004079732751,0.0003179756127,0.00000007761888258,id156,0.0007702546307,0.00008837648427,0.000403506247,0.0003806270083,0.0007412746687,0.0005281824064,0.0005866687082,0.0005257097351,0.00000006593192077
thinking_var_normal - C3.csv,thinking,variance,C3,67,,id157,0.000358486969,0.0002389519145,0.000331127018,0.0003953902981,0.0002736954501,0.0005103143805,0.0003467159772,0.0003324066225,0.0001846854937,id157,0.000180299204,0.000176984752,0.0001670807521,0.0002026361364,0.0001266857436,0.0001945555841,0.0002988245505,0.0002301570715,0.000124017567,id157,0.0002209064503,0.0001116961794,0.0001946356708,0.0002625182097,0.000249896921,0.0002615817016,0.0004367578409,0.0002488318026,0.00007124003677
thinking_var_normal - C3.csv,thinking,variance,C3,68,,id158,0.000607273912,0.0004856208554,0.00002436378716,0.0003253045648,0.0006276513594,0.0008478679002,0.0005224249576,0.0005240944456,0.0004869452844,id158,0.0002939721959,0.000242611449,0.00001379668461,0.000297162981,0.0003576435889,0.0004144842919,0.0002395246618,0.0004890494943,0.0003148283344,id158,0.0005264930395,0.000458079559,0.00001562986109,0.0002927406754,0.0006433901906,0.0006961664421,0.0005029597808,0.0008254112576,0.001043369112
thinking_var_normal - C3.csv,thinking,variance,C3,69,,id159,0.000317605493,0.0004381839622,0.0005004446712,0.0005043406717,0.0006718726521,0.0000002041238001,0.0005948623558,0.0003379708378,0.0001832280829,id159,0.0002679123317,0.0002087621525,0.000278276211,0.0004152881391,0.0006197585638,0.0000000859154855,0.0005280313283,0.0002736006292,0.00005955972034,id159,0.0007951513379,0.001230909249,0.002352637825,0.0006390271188,0.002029665218,0.0000001809296537,0.002217894913,0.0008222018438,0.0001364237543
thinking_var_normal - C3.csv,thinking,variance,C3,70,,id16,0.0001947143886,0.0000344115612,0.00004637680981,0.000005033591739,0.00002723865366,0.00004240503262,0.00002951239063,0.00005660278244,0.00007012509423,id16,0.00008715719922,0.00003451306091,0.00002995521537,0.00000595991994,0.00002856372385,0.0000388515303,0.00002273173129,0.00002802528677,0.0001043738172,id16,0.000126440516,0.00003452847512,0.00002673907346,0.00001179130038,0.00005822291983,0.00007027925023,0.0000423320263,0.00004304723731,0.000107293159
thinking_var_normal - C3.csv,thinking,variance,C3,71,,id160,0.0006951351948,0.0007430451426,0.0006598928821,0.0004941795388,0.00002070938565,0.0004415651779,0.0006700105266,0.0008859476019,0.0005961000525,id160,0.0004580156899,0.0004523356338,0.0006143132315,0.0003724205927,0.0000315239306,0.000203990342,0.0004292534259,0.0003923549364,0.000414182891,id160,0.003287647397,0.00334673152,0.003545523038,0.001010313642,0.00006986655077,0.0003157696212,0.002709848987,0.002775589911,0.00221901028
thinking_var_normal - C3.csv,thinking,variance,C3,72,,id161,0.0002565428527,0.0005312504186,0.0004634994354,0.000557791671,0.0009527439992,0.0006998111275,0.0006731265738,0.0007228453011,0.000826328024,id161,0.0001441659231,0.0002557322397,0.0003075218864,0.0002231460288,0.0002553920946,0.0003924961706,0.0003236175746,0.0003914654643,0.0003604577527,id161,0.0002963178687,0.001712763642,0.001109699701,0.0009803920085,0.002616870347,0.001799759352,0.002597618966,0.003215849768,0.002185577948
thinking_var_normal - C3.csv,thinking,variance,C3,73,,id162,0.0005350779223,0.0007555651463,0.0005661488944,0.0002578524998,0.0002108522918,0.0003176002221,0.0003942965793,0.000671439973,0.0004794231606,id162,0.0004707358912,0.0005633888008,0.0004001917395,0.0002493072106,0.00008916117096,0.0004137461359,0.0007178346887,0.0005762239312,0.0005042778964,id162,0.002058560722,0.001798175893,0.002621863205,0.0007180179048,0.00007192750254,0.000526690438,0.001118884849,0.0005264381794,0.00114459359
thinking_var_normal - C3.csv,thinking,variance,C3,74,,id163,0.0005034016812,0.0005224941096,0.0006125566718,0.0007523814659,0.0004698289088,0.0003672354426,0.0002575605806,0.000778497222,0.0005273881588,id163,0.000268548914,0.0003218314807,0.0007167831562,0.0007604805517,0.0002831291221,0.0001737812723,0.0002087590617,0.0003831951384,0.0005386385603,id163,0.002837686988,0.001889758944,0.00332182729,0.00369081076,0.004385176621,0.00153901063,0.0009619533322,0.003201993869,0.003569564217
thinking_var_normal - C3.csv,thinking,variance,C3,75,,id164,0.0001130465575,0.000209179883,0.0005536780757,0.0007128689116,0.0003695161811,0.0006797357275,0.0006752952275,0.0004507282862,0.0004517299542,id164,0.00006495061303,0.00007481265506,0.0001992073387,0.0004042253189,0.0002088291962,0.0004472653835,0.0003171788877,0.000356615536,0.0001917244087,id164,0.00008004522848,0.0001067268502,0.001210727433,0.0008790139631,0.000637278323,0.001348597541,0.0009948247476,0.000730153633,0.0008967895446
thinking_var_normal - C3.csv,thinking,variance,C3,76,,id165,0.0008437902432,0.0008905461124,0.0002146897119,0.0001635821507,0.0002122893108,0.0007460629836,0.0003631534651,0.0008265048675,0.0005791546766,id165,0.0003040086552,0.0003739334107,0.0001031179502,0.00009757200453,0.0001912086214,0.0003052516073,0.0002229962715,0.0004203682205,0.0002664578093,id165,0.001846330268,0.001969167362,0.0005700599941,0.0003839001361,0.0004822538462,0.0008514830287,0.001188081634,0.002335924928,0.001883288663
thinking_var_normal - C3.csv,thinking,variance,C3,77,,id166,0.0002240361837,0.0001620116126,0.0001152673041,0.0001176502432,0.0003120360867,0.0000347445242,0.0001078900221,0.0001128324897,0.0003840850776,id166,0.00005770565341,0.00005322273307,0.00001693994317,0.00007408877453,0.000142244468,0.00001612621183,0.0001044111976,0.00009674580694,0.000295883071,id166,0.0003725102293,0.0003311571902,0.0001498930551,0.00005858213299,0.0002451143702,0.00002808554133,0.0001173982234,0.0003910877487,0.000910766798
thinking_var_normal - C3.csv,thinking,variance,C3,78,,id167,0.0005964635212,0.0007763175515,0.0004725274896,0.000598646617,0.000455909612,0.0008490888603,0.0009526747973,0.0005887328525,0.0002428902291,id167,0.0003599719441,0.0005422517786,0.0002043945616,0.0002719962086,0.0003412614894,0.0005528149744,0.0005718942335,0.0003460971098,0.0002265049146,id167,0.001469785159,0.001908542175,0.0007115377836,0.001643160585,0.001128316607,0.002323638492,0.001392084051,0.0005433688244,0.0001455009561
thinking_var_normal - C3.csv,thinking,variance,C3,79,,id168,0.0005014816829,0.0006810769401,0.0004414127786,0.0002713759278,0.0008091307419,0.0008708377969,0.000733514834,0.0007408589895,0.0005335642391,id168,0.0003298445934,0.0003939565683,0.0003513333365,0.0002857996514,0.0003220171861,0.0004982089022,0.0006172093385,0.0003849122488,0.0004359991525,id168,0.0007284621787,0.001418976009,0.0007732534695,0.0004874926813,0.001393464173,0.001557006001,0.00186291136,0.001819128388,0.001076497505
thinking_var_normal - C3.csv,thinking,variance,C3,80,,id169,0.000722153394,0.0005546156828,0.00003195223433,0.0002801229773,0.0002680508757,0.00008900265597,0.00003932038338,0.0001418454335,0.0001649649765,id169,0.0005864926661,0.0002168199211,0.00009064758882,0.000133669321,0.0002676579213,0.00003739143371,0.0000316728821,0.00006235970824,0.00009274523121,id169,0.002685207415,0.0009319704768,0.0001210370706,0.001383288795,0.001628208353,0.0005418215188,0.00005685512595,0.00022101293,0.0003610735119
thinking_var_normal - C3.csv,thinking,variance,C3,81,,id17,0.0001209854527,0.00000769888111,0.0001015115087,0.000004632015471,0.0000009370480488,0.00007050640624,0.00005519552462,0.0004477335394,0.0000003447876307,id17,0.00004977454078,0.000002688828015,0.0000214498305,0.000005130177878,0.0000003144445947,0.000009724184773,0.000009058793852,0.0001113439958,0.00000008099843544,id17,0.00006799618202,0.000004771103763,0.00002638321883,0.00000221907224,0.0000006007855623,0.00001138589375,0.00001001881553,0.0001537207408,0.0000001535478965
thinking_var_normal - C3.csv,thinking,variance,C3,82,,id170,0.0001620089265,0.0008373105098,0.000599915722,0.000200299188,0.0003469907219,0.0003158405571,0.000116726174,0.0004512679638,0.0002931175934,id170,0.00007737852975,0.0008455497707,0.0005842889704,0.0003038295749,0.0003024980871,0.0001565424794,0.0001006155732,0.0005575668018,0.0001328099421,id170,0.0002086839119,0.001887571737,0.002959319805,0.0004856472993,0.0007733750317,0.0006452878602,0.0006500214512,0.002450453846,0.0009618447571
thinking_var_normal - C3.csv,thinking,variance,C3,83,,id18,0.000006190947075,0.000002890320937,0.000005511948269,0.000000001389819208,0.00008710516008,0.0001179850564,0.00002664072835,0,0.0000458199532,id18,0.000006753802944,0.0000008579914056,0.00002240063478,0.0000000005796593641,0.00004284668084,0.0001013006716,0.00004818241618,0,0.00002639481212,id18,0.00001309995354,0.0000007544780955,0.00005183488595,0.0000000007126949279,0.000119587542,0.0002545886792,0.00007195123976,0,0.00007636953503
thinking_var_normal - C3.csv,thinking,variance,C3,84,,id19,0.00002524588677,0.0002022322181,0.0001086666387,0.0001985511475,0.00008567665541,0.00009763652088,0.0001804744367,0.0002047037255,0.0001895133466,id19,0.00001159312094,0.0001066503442,0.00006277179161,0.0001725170065,0.00007112367153,0.00006160794675,0.00005301086217,0.0001887747901,0.000130104716,id19,0.000008001465822,0.0001141210105,0.0000716663161,0.0003517711129,0.00006640858316,0.000039964374,0.0001039865743,0.0001670313299,0.000196742841
thinking_var_normal - C3.csv,thinking,variance,C3,85,,id2,0.0004133704496,0.0005475681625,0.000500964631,0.0001306993481,0.0004299227869,0.0004681893297,0.00040990622,0.0005305176693,0.0002478559287,id2,0.0002205524684,0.0002177743132,0.0001724738886,0.00006953304165,0.0002452869649,0.0001169757947,0.0001794128747,0.0002890173595,0.00008111770488,id2,0.0002102371609,0.0001848028196,0.0001689830198,0.00004454479777,0.0001944179643,0.0001359620183,0.0001537163247,0.0002562928781,0.0001521024605
thinking_var_normal - C3.csv,thinking,variance,C3,86,,id20,0.0001292154742,0.0005500487358,0.0004156518151,0.000340716469,0.0002790280775,0.000224537181,0.0002168674631,0.0001308233878,0.000053438252,id20,0.0000938367495,0.000568377598,0.0001603646265,0.0001684143055,0.0001608070194,0.0001713945092,0.0001370627234,0.0000654592227,0.00005129631958,id20,0.0001682589193,0.0004640049015,0.0003632567948,0.0002180305043,0.0001575410271,0.0002809607638,0.0001034114891,0.00008077013147,0.00004861959192
thinking_var_normal - C3.csv,thinking,variance,C3,87,,id21,0.00001735241838,0.00005199393178,0.00005476250605,0.00006480944431,0.00002012976453,0.0003522949953,0.0002415317905,0.0005031249838,0.00002005629308,id21,0.000008377887508,0.00001130771717,0.00001854856598,0.00002642688163,0.000006123820175,0.0002406686063,0.0001103180046,0.0002799327679,0.000007021592692,id21,0.00001211924866,0.00002262280064,0.00003339329048,0.00003249023189,0.000007444247899,0.0003273811742,0.0001417951995,0.0003094507335,0.00001942237187
thinking_var_normal - C3.csv,thinking,variance,C3,88,,id22,0.00008132813431,0.00002438667237,0.000000001705378369,0.00002527580339,0.000002684681979,0.0003172204392,0.000201742207,0.00006129450091,0.0000002882588436,id22,0.00005120324246,0.00001186488056,0.0000000003125949439,0.0000181031361,0.000001228369279,0.0001198095482,0.00006268698981,0.00002449651755,0.0000001117024873,id22,0.00004943920132,0.00001421506943,0.0000000003247049927,0.000008848439002,0.000001105017707,0.00016128014,0.0001023143054,0.00002296964611,0.0000002728148059
thinking_var_normal - C3.csv,thinking,variance,C3,89,,id23,0.00007742464702,0.0005383701454,0.00006992677002,0.0005171215775,0.000003259040169,0.0005380046828,0.0001116811526,0.0004861699462,0.0006261847024,id23,0.00008350740771,0.0003942599547,0.00003323255785,0.0006160576364,0.000001438902235,0.0003050312132,0.0000376413472,0.0003480273134,0.0003899611775,id23,0.00002194753327,0.0003814395277,0.00004647305266,0.0004026595349,0.000004277723811,0.0004452200524,0.00006669327016,0.0002943484007,0.0002753799604
thinking_var_normal - C3.csv,thinking,variance,C3,90,,id24,0.0002910896722,0,0.0003047129462,0.0005929256012,0.0005146812621,0.00009713810776,0.0003679972706,0.000596817495,0.0003771944274,id24,0.000414151848,0,0.0004869896685,0.001190026251,0.0004505710308,0.00002470032842,0.0003161139286,0.0006647274631,0.0005176456285,id24,0.0003726151879,0,0.0003912721157,0.001505914107,0.0006205956599,0.00008379267967,0.0003614179108,0.000856377061,0.0005321288352
thinking_var_normal - C3.csv,thinking,variance,C3,91,,id25,0.00007634404306,0.0003522074392,0,0.0001805629658,0.000006352532917,0,0,0.00001013089559,0.00004929261633,id25,0.00006122189459,0.0002415872388,0,0.00002517089109,0.000007276079964,0,0,0.000004346472015,0.00004041285415,id25,0.00006498359646,0.0003618931494,0,0.0001664151525,0.00001416474588,0,0,0.0000101743618,0.00006358027033
thinking_var_normal - C3.csv,thinking,variance,C3,92,,id26,0.0001193575669,0.00001295336997,0.0000002639379541,0.0004179928462,0.000005450695007,0.000005610515837,0.00001261908011,0.0002222645239,0.0004776378394,id26,0.00006799854453,0.000006699821202,0.0000001511310079,0.0002557940658,0.000006444748889,0.000006455348984,0.00001484165275,0.0001635147304,0.0002873643411,id26,0.00006189404553,0.00001840320751,0.0000002312213031,0.0002780225421,0.00001232904856,0.00001263398854,0.000004691284113,0.0001305715023,0.0003128832298
thinking_var_normal - C3.csv,thinking,variance,C3,93,,id27,0.0001519093687,0.00007429320238,0.0003395644887,0.0004088560025,0.000140028468,0.0002721760827,0.00007010373383,0.0003410257797,0.00004928969762,id27,0.0001064656315,0.00003694868105,0.000330718102,0.0002312713215,0.0001141387337,0.000197335623,0.00007347579532,0.0002651638868,0.00004383847153,id27,0.0001432954415,0.00008818340729,0.0004534904576,0.0002847623412,0.000115326737,0.0001791106608,0.0001148932991,0.0003460721272,0.00003126268303
thinking_var_normal - C3.csv,thinking,variance,C3,94,,id28,0,0.000520534092,0.0003492340123,0.000008172335061,0.0008590735746,0.0005602252535,0.0007194066162,0.0002313423563,0.0005353000323,id28,0,0.0002105528994,0.0002233734306,0.0000007606160845,0.0004363301544,0.0001535145584,0.0002218775648,0.0001290159808,0.0003122882891,id28,0,0.0004137252264,0.0002421492898,0.000001030155295,0.0004093148541,0.0002120409322,0.0003154748031,0.0001596450453,0.0003561480107
thinking_var_normal - C3.csv,thinking,variance,C3,95,,id29,0.00007572627784,0.0001605696848,0.0002475579538,0.0009248008146,0.0003474850748,0.0002478285376,0.00009608493858,0.0002569951906,0.0001668015335,id29,0.00002388300706,0.0001182998465,0.0001273000622,0.0004469970423,0.0001068903592,0.000109797827,0.00005007393764,0.0001339198648,0.00005943567745,id29,0.00006038945088,0.0001649052794,0.0003023663317,0.0006934101793,0.0001590998661,0.000570818434,0.00008839423413,0.0003149765839,0.00021591169
thinking_var_normal - C3.csv,thinking,variance,C3,96,,id3,0.0005589872082,0.0005616247898,0,0.000009457808695,0.0000004955833993,0.0006608891588,0.0005072623952,0.00005384993112,0.0001277993147,id3,0.0003147316392,0.0002860797769,0,0.000004620966603,0.0000002112133959,0.0003315677939,0.0002947455461,0.00009546493008,0.00004956040007,id3,0.0003282504214,0.0004808486525,0,0.00001226734393,0.0000003169458331,0.0002295393594,0.0002502733213,0.0001202415249,0.0001938512997
thinking_var_normal - C3.csv,thinking,variance,C3,97,,id30,0.0006668833033,0.0005259350442,0.0005030264243,0.0003685865655,0.000638356038,0.0002397150985,0.00002504000172,0.000008987204548,0.0001662244655,id30,0.0004273878809,0.0002335031066,0.000454817336,0.0002661067331,0.000437904001,0.0002054252804,0.000009349378302,0.000003486601527,0.0000612867344,id30,0.0004179248764,0.0002452838071,0.0003366202186,0.0003590070052,0.0003545750222,0.0003117425886,0.00001485926132,0.000005948201232,0.00005669515243
thinking_var_normal - C3.csv,thinking,variance,C3,98,,id31,0.00005348316518,0.0003353261489,0.0005880119044,0.0003692460319,0.0003326961262,0.0001120729379,0.0003765359258,0.0004432319432,0.0002029594945,id31,0.00003476184538,0.0001131229661,0.0003343095116,0.0002006387173,0.0002433415579,0.000040311849,0.0000750077777,0.0001284145247,0.00009422478457,id31,0.00002934776192,0.0001454454167,0.0003390120892,0.0002947302461,0.0001962961599,0.00003253200029,0.0000628281184,0.0002976386882,0.0001713469701
thinking_var_normal - C3.csv,thinking,variance,C3,99,,id32,0.0004919236253,0.0001279898765,0.0006774429416,0.00007004413386,0.0001136737887,0.00003699156117,0.00009829047744,0.0002296653465,0.0001421734476,id32,0.0002631606588,0.00006189735052,0.0006133838669,0.00004712519515,0.0001324066296,0.00001808428638,0.000070822872,0.0001463830334,0.00004201105168,id32,0.000508343288,0.000574049466,0.001826245283,0.00005625248432,0.0002483095625,0.00001891978453,0.0002272419269,0.0006856043092,0.0002799361526
thinking_var_normal - C3.csv,thinking,variance,C3,100,,id33,0.0004169409296,0.0003867063018,0.0005110731884,0.0005156207354,0.000885271918,0.0002815314429,0.000002483442152,0.000376453676,0.0009279626719,id33,0.0001419295168,0.0002125506961,0.0003334651106,0.0003245985395,0.0003768908472,0.0001712633893,0.000000395174873,0.00007110208241,0.000273397591,id33,0.0002886284274,0.0007359114666,0.0004184354734,0.001013077645,0.001037083878,0.0002476532559,0.0000009728731551,0.0003222380503,0.0007319028881
thinking_var_normal - C3.csv,thinking,variance,C3,101,,id34,0.0001138588242,0.0002415665456,0.0003122305041,0.00002602372317,0.0004995218694,0.00003961041255,0.000008526910167,0.000003576740938,0.0001487159923,id34,0.00007673320527,0.0001747957182,0.0001424386774,0.000008853475933,0.00004604316085,0.00001176227101,0.000006524744852,0.000002845276047,0.00002899886348,id34,0.00009199851779,0.0001162419593,0.0001211695367,0.00002400775629,0.0001085086492,0.00002066411752,0.000008642044943,0.000004210088252,0.00003460685072
thinking_var_normal - C3.csv,thinking,variance,C3,102,,id35,0.0001045830831,0.0001306578586,0.00003086104972,0.0008849853244,0.0005651261604,0.0002477840849,0.0003818681624,0.00002063069502,0.0002943876851,id35,0.00002263049975,0.00007280674032,0.00001184910566,0.0003037721135,0.0002393017301,0.0001104805121,0.0001253540264,0.000004525702934,0.00009504364381,id35,0.00006670045159,0.00009150574185,0.00001302840296,0.0002934019044,0.0003519308134,0.0001186529067,0.0001107005797,0.000008593383931,0.0001142459335
thinking_var_normal - C3.csv,thinking,variance,C3,103,,id36,0.000005277021133,0.00008977583522,0.0001317607257,0.0001305543697,0.00002653056354,0.000003929604609,0.0000917451328,0.0002568533124,0.0003608752065,id36,0.000002655927266,0.00008717797911,0.00004137282824,0.00008100220237,0.00001118883219,0.00000391689077,0.0001012004073,0.00009500565787,0.0002149902065,id36,0.000002709819794,0.00008192846517,0.0000630478891,0.00008578525704,0.00002100454507,0.000003844213396,0.00007416977004,0.00008722015727,0.0001317396556
thinking_var_normal - C3.csv,thinking,variance,C3,104,,id37,0.00001747872366,0.0002839762675,0.0003490163865,0.0003422652132,0.0000003464439777,0.00003225924371,0.0002489737752,0.0006472867957,0.0005067792761,id37,0.000008573219372,0.0001478171291,0.0002150886345,0.0001403472405,0.00000005366758271,0.00002469119121,0.0001341383596,0.0005184588926,0.0004408445933,id37,0.000004456561871,0.00040256553,0.0001097379109,0.0002443292104,0.00000007684885754,0.00007643730956,0.0007879078357,0.001168750687,0.001201744737
thinking_var_normal - C3.csv,thinking,variance,C3,105,,id38,0.00000004388807317,0.00008620750903,0.000007259613447,0.0008083903522,0.0001533753405,0.000006068519598,0.0000008122681355,0.00006609794986,0.00008019950508,id38,0.0000000282760437,0.0001496081087,0.000008937602922,0.0008012698105,0.000118652185,0.000006982282083,0.0000005636280552,0.000035870427,0.00005535880484,id38,0.00000008917143415,0.0001761195571,0.00001564690652,0.0005637294637,0.0001971610411,0.0000136649954,0.000001118526893,0.00006094021097,0.00005123393258
thinking_var_normal - C3.csv,thinking,variance,C3,106,,id39,0.0007395960147,0.000674686322,0.0001820477465,0.0005169787115,0.0002723071105,0.0001569675802,0.0002840599739,0.0003116684773,0.0002407271772,id39,0.0002856621115,0.0003898361553,0.00002999874869,0.0002238330499,0.0002453029774,0.0001213031469,0.00008276484899,0.000162626143,0.00007342611078,id39,0.0005218541285,0.000435505417,0.0002555224877,0.0003481654345,0.000390290752,0.0001520447079,0.0001238286195,0.0002361771607,0.00007178375547
thinking_var_normal - C3.csv,thinking,variance,C3,107,,id4,0.00001367689293,0.0001173409301,0.000003706971539,0.00003799445867,0.0000004571853057,0.00008405236265,0.00002654975598,0.00002746036026,0.0001413696661,id4,0.000007986230007,0.00005097348136,0.000000954492345,0.00001519541127,0.000000309076895,0.00003890055049,0.00001396445905,0.0000134249918,0.00003394403424,id4,0.00000900601923,0.00007744601048,0.000001522885943,0.00002777231099,0.0000001977856938,0.00007998257179,0.00002168288439,0.0000337633574,0.00005251293677
thinking_var_normal - C3.csv,thinking,variance,C3,108,,id40,0.000006867941091,0.0002808951845,0.000000001882597365,0.0001999716094,0.00001138649787,0.000004021066846,0.0002480277709,0.0005527348312,0.00009735248016,id40,0.000007609793259,0.0002781916868,0.000000001411690417,0.0001004784991,0.00001839712019,0.0000005100971947,0.00009071162855,0.0001993923675,0.00002117336088,id40,0.00001114960879,0.0001350105378,0.000000003345144518,0.0001195753672,0.000009774969047,0.0000003943922258,0.0001271503374,0.0005284546433,0.00005303993464
thinking_var_normal - C3.csv,thinking,variance,C3,109,,id41,0.00005143090829,0.00003173032948,0.0001788678897,0.00008709725926,0.00002417563562,0.0001142587603,0.0002712628892,0.00006996377859,0.00007347508474,id41,0.00002497870812,0.00002172119764,0.00007605322347,0.00003837279435,0.00001951478091,0.00006079443179,0.0001546705128,0.00003606047305,0.00003567102065,id41,0.0000320906647,0.00001862614625,0.0001628136681,0.00008398126631,0.00002417121663,0.00005629928668,0.00006622639255,0.00004230688043,0.00006626409738
thinking_var_normal - C3.csv,thinking,variance,C3,110,,id42,0.0001359708412,0.0003945265471,0.0003659568943,0.0001936658968,0.0002155840483,0.000195257274,0.0001011672814,0.00008476959438,0.000144030182,id42,0.00007556652858,0.0002499810406,0.0002526474906,0.0001555757541,0.0002586118535,0.0001661249713,0.00002150697645,0.0001181526215,0.0001307475161,id42,0.0003580479647,0.0004508933603,0.0002448340303,0.00009816944738,0.0002916503195,0.0002308205579,0.00006131523466,0.000148502902,0.0001838653406
thinking_var_normal - C3.csv,thinking,variance,C3,111,,id43,0.0002072837203,0.0002301017306,0.0000147474446,0.000001395476667,0.00009326433922,0.00007043216297,0.000005892089193,0.0006277098742,0.0000139546847,id43,0.0001169488113,0.0001326366988,0.00000834240216,0.0000003807095938,0.00003459669807,0.00004064948706,0.000002520701445,0.0002453431618,0.000006143297484,id43,0.0003359949011,0.000402838742,0.0000153200502,0.000001073287207,0.00006910199255,0.00008089529963,0.000002437734489,0.0005266607805,0.000008767624407
thinking_var_normal - C3.csv,thinking,variance,C3,112,,id44,0,0.00000293022498,0.00000004032898821,0.00001537473321,0.0000110376331,0.0001779042191,0.0000007449804531,0.0002788632717,0.0004003268858,id44,0,0.000001728294476,0.0000000112969071,0.000009651561359,0.000001256586479,0.0001267456145,0.0000003116091008,0.00009715539744,0.0002621934864,id44,0,0.000001364510113,0.00000001444139624,0.000008089777098,0.000002248773682,0.0001457903078,0.0000004886650914,0.0002260938954,0.0005765672113
thinking_var_normal - C3.csv,thinking,variance,C3,113,,id45,0.0002550458206,0.0003666211116,0.000600551003,0.000313151004,0.0004725270425,0.00006302557704,0.0004361717855,0.0004424435414,0.0004564473301,id45,0.0001857008646,0.0001841358988,0.0002541020348,0.0002007124997,0.0002877760727,0.00002950711585,0.0001888349342,0.0002683115747,0.0002050897194,id45,0.0002978269701,0.0004612874446,0.0004670261276,0.0003124447183,0.0003310849754,0.00001578024857,0.0004197422305,0.0004609290305,0.0003732934789
thinking_var_normal - C3.csv,thinking,variance,C3,114,,id46,0.0001505918477,0.0003523798036,0.0001370504029,0.0003291085789,0.0003198607062,0.00000009084824917,0,0.00004004400978,0.0002219052083,id46,0.00009834495038,0.0001345078368,0.00004430463279,0.0000456927784,0.0001910677024,0.00000009570180644,0,0.000002389334453,0.00009670814936,id46,0.00006538602455,0.0001686047204,0.0001044104518,0.0000918572728,0.0002541885708,0.0000002242876138,0,0.000005341936323,0.00014918202
thinking_var_normal - C3.csv,thinking,variance,C3,115,,id47,0.000226464762,0.0001941555662,0.00008580143434,0.00005457222505,0.0004358036664,0.0002126752202,0.0001709891491,0.000008926703503,0.00009446101852,id47,0.0001161093346,0.00008359282838,0.00004016796497,0.00002285895135,0.0002705718051,0.0001044161863,0.00007484432758,0.000004293579343,0.00004108440408,id47,0.00009478418184,0.00007342080906,0.00002891248633,0.0000253676997,0.0003768110739,0.000123058394,0.0001016907622,0.000003665799126,0.0000294048943
thinking_var_normal - C3.csv,thinking,variance,C3,116,,id48,0.00002852401559,0.00007791222828,0.0002344089491,0.0002216600747,0.0003011746738,0.0002093904797,0.0001442244964,0.0001847137431,0.0001682822627,id48,0.00001021883955,0.00002137374074,0.00006282886037,0.0000872468346,0.0001013769026,0.00006770343358,0.00004078188936,0.00005382954374,0.00006503474118,id48,0.000007053752887,0.00002888322725,0.00007822874599,0.00007228131935,0.00009953318696,0.00007022993017,0.00003902034499,0.00007097731945,0.00006356887846
thinking_var_normal - C3.csv,thinking,variance,C3,117,,id49,0.0005271362978,0.0007822299645,0.000344897741,0.0004265434727,0.00002249490768,0.0006318977308,0.0006187266009,0.00002411451184,0.001238985677,id49,0.0002408023454,0.0003296118153,0.0001939260247,0.0001763038382,0.000003926003334,0.0001664822287,0.0002844441226,0.00004407268998,0.0005196022384,id49,0.0002958558986,0.0003616142037,0.0003639832296,0.0003175343956,0.00000764493027,0.0006580394735,0.0004886029685,0.00002088769956,0.0007161009457
thinking_var_normal - C3.csv,thinking,variance,C3,118,,id5,0.00002845568068,0.000001203103822,0.0001536672103,0.00005414482526,0.00003373167065,0.00003807552774,0.0000109890112,0.00001601207391,0.000006551395712,id5,0.00002313321793,0.000001045146486,0.00006453125141,0.00003678271433,0.00002999675037,0.00004021728095,0.0000130700428,0.00002047647521,0.000007650517414,id5,0.00002971385135,0.0000009602946232,0.0001171812731,0.00009931929798,0.00004757058787,0.00007271106028,0.00002159846558,0.00002989785433,0.00001455783197
thinking_var_normal - C3.csv,thinking,variance,C3,119,,id50,0.000671270172,0.0002971251875,0.0001570742925,0.0001281279377,0.00003854875634,0.00000000423538157,0.00002782329224,0.0005546521701,0.0005765524109,id50,0.000558648939,0.0002374874762,0.0001354446189,0.00006391703548,0.00001665861872,0.000000001569682206,0.00001194469885,0.0004949276129,0.0005330451682,id50,0.0006722549452,0.0004312117068,0.0001474798608,0.00009700306294,0.000005285244004,0.000000001400642222,0.00001075861639,0.0004258037884,0.0007644210071
thinking_var_normal - C3.csv,thinking,variance,C3,120,,id51,0.00003700298512,0.000259385601,0.0003125789728,0.00002286815621,0.0001563194074,0.00009167088758,0.0001540232761,0.0003263142,0.0002682991739,id51,0.00001724800642,0.000080428777,0.0001141374123,0.00001229740871,0.00009523612724,0.00004251273161,0.00005092446875,0.0001680115151,0.0001009805371,id51,0.00002341632373,0.0001194188278,0.00009514619081,0.00001878891537,0.00009783683061,0.00006040289659,0.00007144518908,0.0001798477308,0.0001849205574
thinking_var_normal - C3.csv,thinking,variance,C3,121,,id52,0.0002842029219,0.000002312352166,0.0007088309754,0.0006602000997,0.0006044506415,0.00009027347592,0.0003005622726,0.0005892564931,0.0007480260258,id52,0.0001461956119,0.000001247451637,0.0004277614413,0.000652602569,0.0004290656493,0.00003175596076,0.00007747446611,0.0004011485983,0.0003984441631,id52,0.0000860453104,0.000001079440037,0.0004195860357,0.0004375225114,0.000498220418,0.00004597189469,0.0003117592115,0.0003145790552,0.0004079509002
thinking_var_normal - C3.csv,thinking,variance,C3,122,,id53,0.0005686121164,0.00004354090224,0.0001788477275,0.000560235146,0.0001713545341,0,0.0001434204798,0,0.000009607214283,id53,0.0002037309533,0.00002339730916,0.00008823269218,0.000287756918,0.00002892560902,0,0.00005768783554,0,0.0000005540863857,id53,0.0001862461969,0.00006967700331,0.0001003092363,0.0003320971767,0.00002010091211,0,0.00006564823412,0,0.0000008349895007
thinking_var_normal - C3.csv,thinking,variance,C3,123,,id54,0.0003828889821,0.0002112369306,0.0003870306056,0.0003612430178,0.0004860086714,0.0004960582473,0.0006190066113,0.0007355482436,0.0007004600038,id54,0.0002195866563,0.0002228683864,0.0002995913386,0.0002579041389,0.0003300897143,0.0003774083599,0.0003323122469,0.000470394753,0.0003159308785,id54,0.0009394359354,0.0006397345624,0.0008987275878,0.001876364626,0.001774628206,0.003644792672,0.00206374109,0.00320242797,0.003365610303
thinking_var_normal - C3.csv,thinking,variance,C3,124,,id55,0.000540216266,0.0001059182066,0.000230462768,0.0000204055776,0.0002502038849,0.001087361971,0.0008583683398,0.0007363833018,0.0007946176902,id55,0.0006798360852,0.00001922471523,0.0001458265607,0.0000117504911,0.0001454690384,0.0009265552889,0.0006481746248,0.00086326996,0.0005181923084,id55,0.000414701008,0.00003052202514,0.001026133486,0.00002178077859,0.0002158509599,0.002169737341,0.001802240286,0.001516618145,0.002174141982
thinking_var_normal - C3.csv,thinking,variance,C3,125,,id56,0.0001056408653,0.0000002078009934,0.000002643845549,0.0000000592495237,0.00001389386357,0.000003788301589,0.0001109679368,0.0006135781691,0.0000005380980973,id56,0.0000396569308,0.00000009199969258,0.000002026736283,0.00000004356302851,0.0000056150423,0.000002392899425,0.00003512662504,0.000306085351,0.0000002441594725,id56,0.00004653165319,0.0000005278552707,0.000004462184229,0.0000001573975501,0.000007054146311,0.0000237586548,0.00003950717933,0.002126839444,0.0000008766986769
thinking_var_normal - C3.csv,thinking,variance,C3,126,,id57,0.0006028043554,0.0004154214025,0.000212705711,0.0002464463136,0.000170122177,0.0003954729136,0.0002657203853,0.0003466616832,0.0006338615847,id57,0.0002489833973,0.0001978034686,0.0002030610893,0.0001442160529,0.00004290972565,0.0003682680502,0.0001352668066,0.0001280790747,0.000377071511,id57,0.0005089461525,0.0007072668134,0.0001629368568,0.0001252998662,0.00009927284583,0.000557947342,0.0003945525428,0.0004211572998,0.001016114816
thinking_var_normal - C3.csv,thinking,variance,C3,127,,id58,0.0003097723477,0.0004087605174,0.0001467614714,0.0002702799794,0.0007078450543,0.0003742645124,0.0002408300888,0.0004202310953,0.0003887913878,id58,0.0003967458253,0.0002948510421,0.00006756224198,0.0001264596334,0.0004476047445,0.0003621822162,0.0001778976402,0.0003186601933,0.0003165904535,id58,0.0005991753386,0.001093946209,0.0003941078919,0.000481566559,0.002236299476,0.000769582382,0.0004497422524,0.001778839375,0.0004603520258
thinking_var_normal - C3.csv,thinking,variance,C3,128,,id59,0.00006492963762,0.0002956778864,0.0005473231244,0.0004457808723,0.0006498722315,0.00001876001008,0.0004206184065,0.0001228772575,0.0005751357953,id59,0.00003433134845,0.0002268604736,0.0002930107848,0.0003104062342,0.000363209648,0.00001325045321,0.0002548375957,0.00006625124645,0.0003087566147,id59,0.00009779013878,0.001192096548,0.002496989411,0.001996397585,0.004258025831,0.00001914684145,0.001568407568,0.0003320100245,0.003303551273
thinking_var_normal - C3.csv,thinking,variance,C3,129,,id6,0.000008726339521,0.00001840873258,0.00003085483403,0.00005455029159,0.000004754670166,0.00001885881797,0.00003853903401,0.000005750814575,0.000002300607635,id6,0.000009966013343,0.00002406326138,0.0000105291346,0.00002915931363,0.000002685558336,0.00001974508072,0.00004590285593,0.000002752393155,0.000001615793585,id6,0.00001959919937,0.00003355446589,0.00001219849711,0.0000355505297,0.000004765920041,0.00004218988801,0.00004443763769,0.000002621653544,0.000001152031853
thinking_var_normal - C3.csv,thinking,variance,C3,130,,id60,0.0005626639512,0.000003205330345,0.0004062804002,0.0008829472198,0.000866954966,0.0005365763223,0.000340964705,0.0005879672298,0.0001534929127,id60,0.0001819446682,0.000001787197168,0.0001753134975,0.0003746636251,0.0005087456094,0.0002433277897,0.0002121659108,0.0003379756964,0.0001003620115,id60,0.001516217494,0.000003000330584,0.0007096587821,0.0009991266985,0.0009455750717,0.001294511427,0.0009963667736,0.001044471152,0.0001334659166
thinking_var_normal - C3.csv,thinking,variance,C3,131,,id61,0.0008381264525,0.0003316824,0.0005901827865,0.000590828335,0.00004870729689,0.0005280927702,0.0005152679304,0.0004254498322,0.0005965153037,id61,0.0004324793713,0.0002839029584,0.0002962951346,0.0004736193558,0.00002932604643,0.0006806667479,0.0003191125536,0.0003769304906,0.0003843013874,id61,0.0004168595095,0.0003125973561,0.0004145727473,0.0003888179268,0.00001864852902,0.0002012475031,0.0003873248195,0.0004169532799,0.0003310063964
thinking_var_normal - C3.csv,thinking,variance,C3,132,,id62,0.0003915032146,0.0000936593053,0.0004352354842,0.000007253221344,0.00001555630287,0.000681223154,0.0003025968474,0.0006374318932,0.0000101954984,id62,0.0002616962316,0.0001518972911,0.0006290197938,0.000003258530503,0.00001986331057,0.0004543701754,0.0002142483852,0.0006697575356,0.00001162284556,id62,0.0005670531458,0.0001730805633,0.0007277233613,0.000008857524239,0.00002547668367,0.0009365592003,0.0003066529013,0.0008213490125,0.00001436435348
thinking_var_normal - C3.csv,thinking,variance,C3,133,,id63,0.0004806307296,0.000214216237,0.00006999501695,0.00002533915702,0.0002931959007,0.000497711643,0.0002543549187,0.0002544296135,0.00003482850411,id63,0.0005381294715,0.0001620342177,0.00001719391519,0.00004281474538,0.0003742554628,0.0004681543826,0.0001976424066,0.0002456848046,0.000139626861,id63,0.001293818725,0.0006692412651,0.0002071358834,0.00003981937992,0.0004899579515,0.00130152861,0.001097222577,0.0006999576351,0.00006428448858
thinking_var_normal - C3.csv,thinking,variance,C3,134,,id64,0.0009500229272,0.000660146569,0.00001781175627,0.0004068630999,0.0007819103452,0.0004988254905,0.0007862675594,0.0007401875407,0.000710469497,id64,0.0003614462473,0.0004358886863,0.000007334080215,0.0002048915378,0.0004311440819,0.0003195114095,0.0002463549988,0.0003806363409,0.0006700558728,id64,0.002090103861,0.00175375612,0.00000832995371,0.0009179990401,0.00204893087,0.003514431617,0.002997338607,0.002015834443,0.002595293963
thinking_var_normal - C3.csv,thinking,variance,C3,135,,id65,0.0001619329364,0.0001329620298,0.000183157785,0.0001544500753,0.0002429093433,0.000403621672,0,0.0003835288647,0.0007057036975,id65,0.00007594203445,0.0001589123266,0.0001946691011,0.0001350645245,0.0002589258443,0.0003640545619,0,0.0002419855832,0.0003511262239,id65,0.0003660139275,0.0001987149594,0.0005542704865,0.0002842058317,0.001265136767,0.0008513474613,0,0.0007751117418,0.002776954176
thinking_var_normal - C3.csv,thinking,variance,C3,136,,id66,0.0004595052619,0.000356549027,0.0001763020534,0.0005821471689,0.000622911643,0.000389003262,0.0005944914777,0.000006874256784,0.0004116796265,id66,0.0002987154065,0.0002674652488,0.0001673178595,0.0005345335036,0.0002235318334,0.0002368394859,0.0002270864023,0.00004906607714,0.0002458467034,id66,0.002949561161,0.002148937842,0.0007258708887,0.001906614217,0.002812022932,0.00194063967,0.002618236986,0.0001024651911,0.004724913394
thinking_var_normal - C3.csv,thinking,variance,C3,137,,id67,0.00008431370899,0.000000003048298851,0.00002857983109,0.0000003196762273,0.00004533994074,0.00001614512896,0.0000001989712045,0.00003765043216,0.0003834489809,id67,0.00004070133793,0.0000000007310861553,0.00001944456073,0.0000001342841248,0.000023432508,0.000005526653262,0.00000007607010464,0.00004127640153,0.0002103098175,id67,0.00003985426081,0.000000002347387535,0.00003283381864,0.0000002058499095,0.0002764172823,0.00001068144829,0.0000001195232075,0.00004975939267,0.0005330209075
thinking_var_normal - C3.csv,thinking,variance,C3,138,,id68,0.00001493968235,0.00002245768395,0.000191452582,0.000009660185958,0.00001406484155,0.0001638729952,0.001652192886,0.00001589117806,0.0001260837505,id68,0.00001906891262,0.000007248550704,0.00001433155188,0.00001186512756,0.00002368949017,0.00008142747975,0.0001296542894,0.00001512807066,0.00009192819486,id68,0.0000316848822,0.000008429515955,0.00002218661987,0.00001232758935,0.00001071562596,0.0001057708504,0.00005737747972,0.00001353221474,0.0001369863768
thinking_var_normal - C3.csv,thinking,variance,C3,139,,id69,0.0002534914808,0.0003637859928,0.0002492882631,0.00005053784717,0.0003005979876,0.0001027624056,0.0002741787972,0.0004502570554,0.0001152132659,id69,0.0001251802712,0.0001607933227,0.000123398213,0.00009043663515,0.0001154243039,0.00005948477514,0.00008495379544,0.0001660034267,0.0001023256398,id69,0.00049030118,0.0004273370035,0.0002965582522,0.00009861875627,0.0007716723479,0.00007973607598,0.0004839448859,0.0005177564136,0.0001928215722
thinking_var_normal - C3.csv,thinking,variance,C3,140,,id7,0.000003783289914,0.000007107507034,0.0000131723164,0.000002244690397,0.0000007316231171,0.00007448579808,0.0000027656282,0.0000009816209211,0.00007206387328,id7,0.000001698743584,0.000003201990214,0.000005719982761,0.000001321807127,0.0000002939416321,0.0000517773881,0.000001435931566,0.0000003658532122,0.0000165544514,id7,0.000002065142385,0.000005175074132,0.000007891036712,0.000001444754435,0.000000153884663,0.00005044339332,0.000002340740318,0.0000005459247524,0.00002512858411
thinking_var_normal - C3.csv,thinking,variance,C3,141,,id70,0.000000008171496828,0.0000002150940047,0.00009925635261,0.00000410751497,0.00001313055187,0.0000359826751,0.0001231755014,0.00004506367864,0.00001233613184,id70,0.0000000006448016099,0.00000001641022106,0.00006155771965,0.000001381791997,0.00001439940501,0.00001510429821,0.00004475749377,0.00003349403804,0.00001497123697,id70,0.000000001092592429,0.00000004843264397,0.0000818123862,0.000002601476342,0.00003393446476,0.00003508002265,0.00006256425515,0.00005368977163,0.00003185489975
thinking_var_normal - C3.csv,thinking,variance,C3,142,,id71,0.00002710339498,0.0003786882274,0.0002629240881,0.0005048332182,0.0002110574075,0.0001064610319,0.00001099487264,0.00001785479749,0.0001597378009,id71,0.00001363189843,0.0001377909304,0.0002390941843,0.0002395116984,0.0001221802601,0.0001077744337,0.00000963112202,0.00005328275802,0.000124243938,id71,0.00003336453366,0.001186334484,0.0009292269777,0.001897074348,0.0002682115928,0.0002736421339,0.000004485436695,0.00004879482366,0.0003632315269
thinking_var_normal - C3.csv,thinking,variance,C3,143,,id72,0.0000752673547,0.00007735152657,0.0002825213296,0.00008692993997,0.0001244517182,0.0001062488685,0.0002769864185,0.0001772262351,0.0002286409817,id72,0.00006412559392,0.0001159256946,0.0001144554734,0.00003425730167,0.0001031161905,0.00004103059536,0.0001615349255,0.0001338064431,0.0001889352536,id72,0.0001561481928,0.0001945793529,0.001075492345,0.00007236604593,0.000411675241,0.0004646978423,0.0008915914053,0.0003176520315,0.0009640936259
thinking_var_normal - C3.csv,thinking,variance,C3,144,,id73,0.0002576229204,0.0004156291463,0.0003248742357,0.0002214852178,0.0001144692933,0.0003968614219,0.0004580850453,0.0005277182244,0.0003350899845,id73,0.0001299552468,0.0002914623334,0.0001322366453,0.0001713325002,0.0001138815632,0.0002377451482,0.0002490644988,0.0002068148559,0.0002577645232,id73,0.0001795768385,0.0006954671041,0.0006151736311,0.0009275012839,0.0002809499114,0.001024136284,0.0007485302362,0.0008762178988,0.0008508037759
thinking_var_normal - C3.csv,thinking,variance,C3,145,,id74,0.00001841693857,0.00002582109301,0.00004754322757,0.00004798037528,0.00009188260467,0.000175399563,0.0001210952396,0.00009351967715,0.0000866907191,id74,0.00001189538628,0.00001223854988,0.0000283366122,0.00002145457999,0.00005620689573,0.00009001009826,0.00005302615074,0.00005212868156,0.00003466637028,id74,0.0000244394407,0.00002865468067,0.00006608484024,0.00004643658545,0.0001336056426,0.0002145734162,0.0004421309022,0.00008357559272,0.0000663012226
thinking_var_normal - C3.csv,thinking,variance,C3,146,,id75,0.0001238931878,0.00007720236818,0.00007667873827,0.00008254241057,0.00002169285235,0.00005098902334,0.0001772900311,0.0001405499106,0.0001261740041,id75,0.00005295982726,0.00004660864145,0.00005115015085,0.00005783082618,0.00001630306651,0.00003221422691,0.0001208217354,0.0000947865182,0.00005224870649,id75,0.0002009731759,0.0006268538724,0.00034527573,0.0001068991746,0.00008101206231,0.0003274316634,0.001221630409,0.0003531125276,0.0004378989023
thinking_var_normal - C3.csv,thinking,variance,C3,147,,id76,0.00008041481461,0.0003533421449,0.0002181173498,0.0001895196722,0.0001466134677,0.0001156655611,0.0003862452809,0.0001471186692,0.0002242439735,id76,0.00003192467826,0.0002665279229,0.0001471236332,0.0001252080965,0.0001319806887,0.00008640621405,0.0002710826719,0.0001269941451,0.0001872716499,id76,0.0001309845249,0.0007949857039,0.0009613197944,0.0002959527401,0.0004774029013,0.0003057126024,0.001765860779,0.0005671612561,0.001454561192
thinking_var_normal - C3.csv,thinking,variance,C3,148,,id77,0.000203581449,0.0004530397329,0.00007854562746,0.0001944095748,0.0002807670027,0.0002888342273,0.0001095108717,0.00007680551725,0.0001221070518,id77,0.00009720045755,0.0003351983037,0.00007345843303,0.0001044313548,0.0002475548036,0.000120540894,0.00006573635371,0.00007926178715,0.00009887074505,id77,0.0003814054218,0.001464284977,0.0002560304429,0.0003720095427,0.0005544244336,0.0007872614634,0.000150970166,0.0002147377704,0.0003805987608
thinking_var_normal - C3.csv,thinking,variance,C3,149,,id78,0.00002010722137,0.0000292380008,0.000002485246299,0.00002217886941,0.0000000002513876008,0,0.00003227487607,0.00003147093775,0.0000009093595155,id78,0.00001412093317,0.00001219582627,0.0000008876883124,0.00001035072756,0,0,0.00002537313238,0.000007036508268,0.0000004514004406,id78,0.00001403645742,0.0000460070855,0.000002235890562,0.0001052886005,0.0000000001904407351,0,0.00007129524962,0.000029642229,0.0000009723518717
thinking_var_normal - C3.csv,thinking,variance,C3,150,,id79,0.0003982215836,0.000369402407,0.0001814065355,0.00007959926974,0.0002856794037,0.0004183375744,0.00009695496907,0.0003922231478,0.00001775785109,id79,0.0005136898468,0.0002702911836,0.0001476193316,0.0001207559206,0.0002123285135,0.0004922770922,0.00007810822698,0.0005691177701,0.00002145080298,id79,0.002106720784,0.001177828621,0.0007129141036,0.0001269292298,0.0006889219674,0.000844410461,0.00009435233653,0.001276213294,0.00004235104065
thinking_var_normal - C3.csv,thinking,variance,C3,151,,id8,0.0001570522045,0.00004074712726,0.0000907454541,0.00001375598465,0.0001341285372,0.00003776635644,0.00002896091516,0.0000444615563,0.0001509864898,id8,0.0003541075012,0.00004605097945,0.00003732557848,0.000008291947036,0.0001234155168,0.000009403746441,0.00002194654894,0.00001562045038,0.00005688601456,id8,0.0002501445031,0.00006806611994,0.00006099972439,0.00003485136547,0.00006480448126,0.00002807902562,0.00001966184858,0.00002384625953,0.00009195428902
thinking_var_normal - C3.csv,thinking,variance,C3,152,,id80,0.00005896141791,0.0001012604797,0.0001176004355,0.0001254168772,0.0001322795215,0.0002659577477,0.00005480907566,0.00008069731963,0.00004855930242,id80,0.00007596466875,0.00009171006481,0.00009905032862,0.0001516059513,0.0000751852291,0.0002609011576,0.00002310553849,0.00003397309314,0.00004527227477,id80,0.0001653105915,0.0003173106743,0.0002909597383,0.000638277005,0.0002149559535,0.001071178115,0.0001164165801,0.0001480875269,0.00009139085523
thinking_var_normal - C3.csv,thinking,variance,C3,153,,id81,0.00001292571348,0.000000003562113806,0.00003168130463,0,0.00002796034466,0.0000005952819692,0.000000006644547672,0.00005552450525,0.00004937896902,id81,0.000007252555977,0.000000001114398371,0.00002502742122,0,0.00001438155048,0.00000005253064172,0.000000003301194486,0.00001143992519,0.00001195468514,id81,0.00003271824294,0.000000001107175581,0.00002561007487,0,0.00003185939695,0.0000001069446121,0.000000003518657236,0.00003187414521,0.000002983493925
thinking_var_normal - C3.csv,thinking,variance,C3,154,,id82,0.0004849540432,0.0004988387937,0.0002731030751,0.0003356532703,0.0005915679577,0.0002022709318,0.0003627495917,0.0004832002902,0.000281875136,id82,0.0003031544022,0.0002376706684,0.0002265540623,0.0004680247299,0.0004211208104,0.0001759189408,0.0002741365552,0.0005782039765,0.0002318296705,id82,0.00136434963,0.00216814759,0.0009892778707,0.0009021736002,0.00204585096,0.0007725728689,0.001152435312,0.002065773031,0.000973040196
thinking_var_normal - C3.csv,thinking,variance,C3,155,,id83,0.0002768925126,0.00004321547807,0.0006241359395,0.0002419833425,0.0003735271497,0.00000207580078,0.0004085601929,0.0005479524832,0.00006155643184,id83,0.0001037079189,0.0000361673894,0.0002346545685,0.0001162343169,0.0001933866392,0.0000007020655394,0.0001589029046,0.0002776198238,0.00003226372008,id83,0.0002299983741,0.00006268560485,0.001401851775,0.0005470368701,0.0008798453706,0.000002845618722,0.001074226076,0.001652888043,0.0002384983133
thinking_var_normal - C3.csv,thinking,variance,C3,156,,id84,0.0004575959095,0.0002328600896,0.0001604073707,0.0001633600164,0.0001626785157,0.0002768074627,0.0003801169554,0.0005813081502,0.0001016519382,id84,0.0003377282269,0.0002704142831,0.0001407857845,0.00007765335294,0.0001101450876,0.0001621008223,0.0002159070341,0.0003759620598,0.0001314281824,id84,0.001222176387,0.0005861981835,0.0003960482562,0.0002432923832,0.0001660363405,0.001233963772,0.001476982932,0.001927737935,0.0002828173253
thinking_var_normal - C3.csv,thinking,variance,C3,157,,id85,0.000126504827,0.00004265506026,0.00006113876264,0.00002356550564,0.00006266798927,0.0003113705708,0.0001478370784,0.00004722939037,0.0001240680695,id85,0.00005562169158,0.00005292792766,0.00005041337905,0.00002620910514,0.0001135993462,0.0002627721321,0.000112621795,0.00005816205286,0.000116534918,id85,0.00009781834358,0.00002873379603,0.0001074455764,0.00003953335275,0.0002569110229,0.000781502035,0.0001711376119,0.00009240458508,0.0005449844292
thinking_var_normal - C3.csv,thinking,variance,C3,158,,id86,0.00001184852162,0.0004510545528,0.0004996059937,0.0006245649012,0.0005159175191,0.0002499088909,0.0004697313141,0.0006948813796,0.0004137607702,id86,0.000005344340409,0.0003287030483,0.0004874254248,0.0003457745573,0.000524310129,0.0003231542501,0.0004184120401,0.0005681215208,0.000492233773,id86,0.00001549937223,0.001061145563,0.0008732847167,0.001211030642,0.001622086984,0.001204482289,0.001295461891,0.001979967263,0.0009659438623
thinking_var_normal - C3.csv,thinking,variance,C3,159,,id87,0.00004990808855,0.000070568021,0.00002442496424,0.00005037171182,0.00003215011576,0.0000387581077,0.000003436700701,0.00003820719466,0.0001042735391,id87,0.00002253894529,0.00004174215195,0.00001720481163,0.00003631719048,0.00002335469021,0.00002705194205,0.000001510283557,0.00001966479471,0.00004751522175,id87,0.00006472312063,0.00007947398814,0.00002975994416,0.00006308218788,0.00006647257268,0.00005660483663,0.000003788493146,0.00005874722185,0.000287322865
thinking_var_normal - C3.csv,thinking,variance,C3,160,,id88,0.0001918393061,0.0002407189877,0.0001739340557,0.0003940375314,0.0004128964587,0.0001446441338,0.0003173985294,0.0004806401721,0.000150684791,id88,0.000139265056,0.0001796387268,0.00007307850543,0.0001846020913,0.00036453222,0.0001538299256,0.0001640639604,0.0002600470299,0.00009449971773,id88,0.000217861768,0.000381505394,0.0001839893217,0.0004752946307,0.0007854319958,0.0004160854892,0.0006044511633,0.0008570476755,0.0002893601438
thinking_var_normal - C3.csv,thinking,variance,C3,161,,id89,0.0002086063278,0.0004385615474,0.00007586258282,0.00008329910529,0.00006719499573,0.00006438357592,0.0004336985551,0.00005907449235,0.0001708853832,id89,0.0001302059942,0.0003951886987,0.000105966205,0.00006592437912,0.0001723685022,0.0001518090985,0.0003002224954,0.00006320782312,0.0002300487684,id89,0.0001488220203,0.0009920207874,0.0004099353596,0.0001788388258,0.0001503001567,0.0001913457447,0.0004767645671,0.00003747045897,0.0001657951653
thinking_var_normal - C3.csv,thinking,variance,C3,162,,id9,0.0002274263661,0.00007052615271,0.0001288782895,0.0001534773461,0.0001109137724,0.0001770904069,0.0000004849729555,0.00008152077143,0.0002336285855,id9,0.00008216221646,0.00006320273087,0.000075751065,0.00009115466281,0.00005326359353,0.00004090152354,0.0000001986999554,0.00003272278145,0.00009311175072,id9,0.0001407435954,0.00005666550321,0.0001084507044,0.0001109172196,0.00006937775483,0.00005274037201,0.0000002448664902,0.00009556732237,0.0002322697611
thinking_var_normal - C3.csv,thinking,variance,C3,163,,id90,0.0003742134941,0.0003669118612,0.0006204434489,0.0006995091729,0.0000002484442056,0.0000002276662897,0.0000103072318,0.0002959187778,0.000004651207159,id90,0.000412408886,0.0003014800847,0.0005691735074,0.0007207415569,0.0000001230814683,0.00000009924292396,0.000003045512456,0.0003950253971,0.000003460048951,id90,0.0006443882394,0.0004019209261,0.000460480324,0.0006614983049,0.0000001170217107,0.0000001588288168,0.000006705568639,0.0006051995294,0.000002516543514
thinking_var_normal - C3.csv,thinking,variance,C3,164,,id91,0.0000006770125171,0.0000167151264,0.00001255001407,0.0003338403487,0.00000009268994837,0.000009993611566,0.0001400256611,0.0002167791478,0.0004722187488,id91,0.0000005946157917,0.000006455071915,0.0000006893943698,0.0001362613585,0.000000006962795688,0.00000697852661,0.0001436539292,0.00007815960409,0.0002539808541,id91,0.0000005004603035,0.000008647441229,0.000001021072459,0.0008363901041,0.00000001181060941,0.00001405738711,0.0001304025609,0.0002507833945,0.0003281049887
thinking_var_normal - C3.csv,thinking,variance,C3,165,,id92,0.0009683313494,0.0007046984252,0.0007156391109,0.0008698690626,0.0003049089047,0.0006140637723,0.000206284262,0.000001079992258,0.0006946529597,id92,0.0003353864331,0.0004753872362,0.0004747248232,0.0003194244127,0.0002019397106,0.0005244340437,0.0001581960895,0.0000004136044501,0.0002574667278,id92,0.000618330722,0.001077575777,0.0005600602144,0.001096032196,0.0004393567768,0.0005017478403,0.0001485527148,0.0000009456337163,0.0003956411078
thinking_var_normal - C3.csv,thinking,variance,C3,166,,id93,0.0007908540746,0.0008369227774,0.0004798578233,0.0006178727739,0.0008714032628,0.001231212831,0.0006838142754,0.0007093376924,0.0002183941576,id93,0.0008828796433,0.0004447671032,0.0002581904524,0.0007009033581,0.0006144674161,0.0009079905152,0.0004530199496,0.0004436575402,0.0001495322637,id93,0.00329202856,0.003379327521,0.0006630948376,0.001551567709,0.00396430806,0.002608132774,0.0007720615491,0.002558154657,0.0001335725539
thinking_var_normal - C3.csv,thinking,variance,C3,167,,id94,0.0004409021998,0.0005191427013,0.0002364962003,0.0002762353378,0.0004124089504,0.0003388135991,0.0003170242176,0.0004446445672,0.0002356364624,id94,0.0001725850205,0.0003342647911,0.0002795027273,0.0001810335786,0.0002841232925,0.000139568373,0.0001844875207,0.0001922080618,0.0001519653192,id94,0.001094764674,0.001479459089,0.0007070088029,0.0004010819698,0.0009248754184,0.000482048582,0.000922450022,0.0007942053536,0.000425956764
thinking_var_normal - C3.csv,thinking,variance,C3,168,,id95,0.0004177725885,0.0001811432912,0.0001766389102,0.000287517604,0.0002128842834,0.0001157996053,0.00008741457868,0.0002926907489,0.000284951616,id95,0.0002533291455,0.0001480368022,0.0001270694178,0.0001949134892,0.0001203137803,0.000129351326,0.000109097221,0.0002739966534,0.000168123494,id95,0.0007905831692,0.0006308916575,0.0003568472943,0.000805870035,0.0003044583805,0.0003594353952,0.000121296683,0.001085816844,0.0008701764234
thinking_var_normal - C3.csv,thinking,variance,C3,169,,id96,0.00005049261951,0.00004669830914,0.0000122259909,0.0000000671300871,0.0001208936544,0.000004175306532,0.0000003891951604,0.0002804655719,0.0002560054258,id96,0.00002426936498,0.00002721875668,0.0000122241475,0.0000000194519149,0.00007904260366,0.000003796812506,0.00000009436443579,0.0001963692645,0.0001848299172,id96,0.00003565436191,0.00004546819826,0.00002451666458,0.00000002784626442,0.0001759303398,0.000003665091008,0.0000007541685775,0.0005916553291,0.0004367839941
thinking_var_normal - C3.csv,thinking,variance,C3,170,,id97,0.0000414919628,0.00007186142654,0.00005846433556,0.0001334272696,0.0001051185905,0.000002225035577,0.0001084745705,0.00005712695819,0.0001359866989,id97,0.00002253970778,0.00005937432421,0.00004017343471,0.000046112127,0.00005893507846,0.000003028520716,0.00008188461295,0.00004782434994,0.0001367076352,id97,0.00002980755347,0.00007497845166,0.00006012837658,0.000099496072,0.0001370618238,0.000004987829059,0.0001775374072,0.00009250721183,0.0002675582958
thinking_var_normal - C3.csv,thinking,variance,C3,171,,id98,0.0001045697142,0.0002030794505,0.000096025717,0.00004968580696,0,0.0003001485675,0.00004910833886,0.0003643518863,0.000406876962,id98,0.00008165188336,0.0002352682528,0.0001190112905,0.00006870123117,0,0.0002543138843,0.00008512132536,0.0002660285788,0.0004356080697,id98,0.0001212143469,0.0003799461877,0.0001283905061,0.0001187625115,0,0.0005157983746,0.00007530746266,0.00104545977,0.0006078572175
thinking_var_normal - C3.csv,thinking,variance,C3,172,,id99,0.0003961056867,0.0001872754491,0.0004731045111,0.0005888357579,0.0001972509131,0.0004410443021,0.0004806779689,0.000000109715962,0.000797843863,id99,0.0002061250069,0.00009512121638,0.0001913138962,0.0002641075284,0.0001320223555,0.0002126020205,0.0001961510921,0.00000004382773143,0.0005118334642,id99,0.0002823498483,0.0001737006194,0.001315634237,0.002840875475,0.0004675126794,0.0008473002328,0.002129282789,0.00000004362943704,0.002700893562
thinking_var_normal - C4.csv,thinking,variance,C4,1,,High_Beta,variance (µ),,,,,,,,,Low_Beta,variance (µ),,,,,,,,,Mu,variance (µ),,,,,,,,
thinking_var_normal - C4.csv,thinking,variance,C4,2,,ID,scenario1,scenario2,scenario3,scenario4,scenario5,scenario6,scenario7,scenario8,scenario9,ID,scenario1,scenario2,scenario3,scenario4,scenario5,scenario6,scenario7,scenario8,scenario9,ID,scenario1,scenario2,scenario3,scenario4,scenario5,scenario6,scenario7,scenario8,scenario9
thinking_var_normal - C4.csv,thinking,variance,C4,3,,id1,0.0005088294842,0.0002710458251,0.00002900146316,0.00002467101078,0.0004236810271,0.000004943933997,0.000000001728036153,0,0.00006702760671,id1,0.00003613534024,0.0001036254373,0.00001097485167,0.000008671613731,0.0003106557027,0.000001449869714,0.0000000006139795089,0,0.00004087856298,id1,0.00005334165125,0.0001057977516,0.000009885784818,0.00001112053514,0.0005769594137,0.000001166616904,0.0000000009616121523,0,0.00007586117984
thinking_var_normal - C4.csv,thinking,variance,C4,4,,id10,0.0001701980248,0.0001919855143,0.0003303127784,0.000001463359637,0.0002898013529,0.0003423190584,0.00008839583072,0.0002812017576,0.0002829962382,id10,0.00009694899316,0.00009817532677,0.0002096052443,0.00000007743916244,0.0003088687782,0.0002569947896,0.00005798884887,0.0001063955756,0.0001591937817,id10,0.0001013451963,0.00007859106948,0.000290149699,0.00000007836261602,0.0006931918119,0.0003597846222,0.00008118011797,0.0001628595349,0.0002909842206
thinking_var_normal - C4.csv,thinking,variance,C4,5,,id100,0.000191965996,0.00006496154278,0.00009632024519,0.0002201588946,0.0002266691395,0.0005198418402,0.0007845785765,0.0004408429592,0.0007287282355,id100,0.0002327557257,0.00004046778924,0.00001052150048,0.000287196575,0.0001791704352,0.0005109527819,0.001104810934,0.0003920134518,0.0008737371589,id100,0.000171245288,0.00003995692684,0.00002660379507,0.0006902604703,0.0002312465163,0.0006634455432,0.002762532266,0.0006049780778,0.001955901184
thinking_var_normal - C4.csv,thinking,variance,C4,6,,id101,0.0007312602093,0.0003862543097,0.0002874669221,0.0002361889336,0.0001609140109,0.0004161277439,0.000206236154,0.0008197806602,0.0008449514877,id101,0.0005054382157,0.0001368429531,0.0001404732264,0.00006068268609,0.0001015469139,0.0002246424568,0.000158046046,0.000386123712,0.000437672745,id101,0.0007920709828,0.0002951723093,0.0002398044689,0.0001034942733,0.00008232327334,0.0005756488065,0.0001796379824,0.0007530793263,0.0007688584064
thinking_var_normal - C4.csv,thinking,variance,C4,7,,id102,0.0009992025587,0.0005852005891,0.001133542378,0.0003629012676,0.0006405338558,0.0009178170478,0.0006263110836,0.0005367810685,0.000423615019,id102,0.0004628052641,0.0003856497604,0.0003353729902,0.00008352279364,0.0003944967939,0.0005037230571,0.0004614831754,0.0002018649011,0.00009262300365,id102,0.0006198995172,0.0003352332868,0.0009097579179,0.0001132385367,0.000656832112,0.0009893448283,0.000430300234,0.0002941732035,0.0001878844347
thinking_var_normal - C4.csv,thinking,variance,C4,8,,id103,0.0005773499668,0.0004351185376,0.0004404362348,0.0005127913239,0.0007798996891,0.0006454269805,0.0007354201084,0.0000696704649,0.0003147901721,id103,0.0003077291748,0.0002235617783,0.0003764315877,0.0002728254457,0.000416480401,0.0005170484176,0.0003624398771,0.00003686771521,0.0002265814215,id103,0.001627962069,0.0005524984382,0.001308264707,0.001715976017,0.001737874093,0.000920988725,0.001743687396,0.0000441271653,0.0007421669648
thinking_var_normal - C4.csv,thinking,variance,C4,9,,id104,0.0004270608227,0.0006111733621,0.0006540846894,0.0006889136318,0.00009004046698,0.0005541608808,0.0003625570473,0.0005144663457,0.000447504058,id104,0.0006688950718,0.0004448161687,0.00051680467,0.0006331438857,0.00005349481985,0.0003039295518,0.0002592861173,0.000532198506,0.0003625769599,id104,0.001009626641,0.003376919554,0.002478767744,0.00206692958,0.00006488435981,0.001964551414,0.001053533823,0.002226263942,0.001359386102
thinking_var_normal - C4.csv,thinking,variance,C4,10,,id105,0.00008218685925,0.00008457555648,0.0000698466416,0.0002695899928,0.0004756209952,0.0004323637461,0.0004323843212,0.0006659245254,0.0005429850115,id105,0.00008312798651,0.0000715411389,0.00004388847203,0.0002647996534,0.0003350768524,0.0003095909674,0.0002344455549,0.0006935046142,0.0006354457223,id105,0.0000674349753,0.00005033519683,0.00005783742753,0.0002848671175,0.000603819309,0.0003899316915,0.0001963507432,0.0005726366888,0.0008894459593
thinking_var_normal - C4.csv,thinking,variance,C4,11,,id106,0.0008271180283,0,0.0001462004986,0.00005086999485,0.0002505444792,0.0003634114584,0.0001780585381,0.0004108341842,0.0002700306332,id106,0.0004181509001,0,0.00005948577501,0.00002823475587,0.00007595435322,0.0002214484824,0.0001605009915,0.0001397795621,0.00008791377972,id106,0.000679415626,0,0.00004574567917,0.00004197899369,0.00002916160806,0.0004818548104,0.0002162402874,0.000278198907,0.00007669563113
thinking_var_normal - C4.csv,thinking,variance,C4,12,,id107,0.0005667118402,0.000857215912,0.0005163479869,0.0003709547123,0.0007990608343,0.0006659392572,0.0007227698527,0.0006081161995,0.0007531766732,id107,0.0005199465935,0.0004977332369,0.0003009768998,0.0004556096244,0.001101679856,0.0005184935861,0.0009364938832,0.0002721371961,0.000581002029,id107,0.001143796571,0.0009232749296,0.0007736781413,0.0009961807641,0.002622118691,0.0009686891208,0.001497876166,0.0002223429879,0.001118686296
thinking_var_normal - C4.csv,thinking,variance,C4,13,,id108,0.0003695702878,0.0005770903691,0.0001286443321,0.0002789021496,0.0004852550436,0.000394107242,0.0003511168865,0.0006196030393,0.0004880940521,id108,0.0001901942289,0.0003109412974,0.00004106160178,0.0001359073865,0.0002346105561,0.0001469077008,0.0002146865292,0.0004449645033,0.0003212184146,id108,0.0008830202658,0.0006737995105,0.0002412089287,0.0007797394162,0.001329565997,0.001291980228,0.0003229864286,0.001260580836,0.0004628245583
thinking_var_normal - C4.csv,thinking,variance,C4,14,,id109,0.0007187009534,0.0006561348675,0.000676511862,0.0006339629184,0.0001938388112,0.0005091133982,0.000460571271,0.0007889399543,0.0002399549702,id109,0.0005894175946,0.0004609266132,0.0007146948139,0.0004440923846,0.00009932599692,0.0006612104516,0.0002548906164,0.0006309059577,0.0001486678348,id109,0.001633459804,0.002502384144,0.001998321575,0.001260792966,0.0001985922195,0.001043834432,0.0005700969811,0.00161088459,0.00029782336
thinking_var_normal - C4.csv,thinking,variance,C4,15,,id11,0.0004644301328,0.0002522683579,0.00000002971859751,0,0.000000007353395642,0.0004747179035,0.00006739314144,0.0006093559257,0.0001331672159,id11,0.0003384940699,0.0001448852897,0.00000000560211472,0,0.000000009848223308,0.0004020085622,0.00002910253408,0.0004765885102,0.00003007876101,id11,0.001118003198,0.0003920235376,0.00000001512469931,0,0.00000001046195221,0.0008396557275,0.00007437317962,0.002454895614,0.00002813334385
thinking_var_normal - C4.csv,thinking,variance,C4,16,,id110,0.0002520842557,0.0007425346329,0.0007661316748,0.000743375704,0.0002335849287,0.0004259432631,0.0002507674234,0.0005896799463,0.0006337258587,id110,0.0001431654577,0.0004738134389,0.000700486148,0.0004499685116,0.0001775819603,0.0004078046179,0.0003240031075,0.00036136149,0.0002390504796,id110,0.0003892762938,0.002685093861,0.002589264104,0.002120551894,0.0003869731392,0.001243798885,0.0007318144453,0.0008853520117,0.001361045423
thinking_var_normal - C4.csv,thinking,variance,C4,17,,id111,0.000234009668,0.00000004836817565,0.000171255126,0.0001696284466,0.0002770735425,0.0006815735756,0.0001477207183,0.0003713681418,0.0003003049641,id111,0.00009561700989,0.00000001174978719,0.00009875924538,0.00005209743621,0.0001345690333,0.0003327366039,0.00005618711287,0.0002157020334,0.00006672917082,id111,0.00007089392897,0.000000008312378076,0.00008881709788,0.00008112878617,0.00009379430204,0.0003260167124,0.00005025523623,0.0001627199093,0.0001221958303
thinking_var_normal - C4.csv,thinking,variance,C4,18,,id112,0.00002263470286,0.0002749974197,0.00007978150576,0.0006523221252,0.0006856755421,0.0007344752483,0.0004380929953,0.0003883414368,0.000713312003,id112,0.00001040812895,0.00008131046979,0.00004486577815,0.0003093838391,0.0002309774796,0.0004631911446,0.0003344889017,0.0003039336711,0.0004787895158,id112,0.00001651530143,0.0004211201528,0.0002649188261,0.001462275119,0.001287793851,0.0007384157467,0.0009274939613,0.0007791429657,0.001804756545
thinking_var_normal - C4.csv,thinking,variance,C4,19,,id113,0.0005671355043,0.0009042769767,0.0007749506869,0.0006881119362,0.0007314353271,0.0008154599903,0.0007880458575,0.0005240877147,0.000598161392,id113,0.0003390686255,0.000324156584,0.0002991889956,0.0003814992713,0.0004734776837,0.0004359327733,0.0003214057149,0.0004758042484,0.0004836914028,id113,0.002623770801,0.003129146089,0.003018013747,0.003120435339,0.002878460347,0.003317218867,0.002829597807,0.002608274235,0.002672606511
thinking_var_normal - C4.csv,thinking,variance,C4,20,,id114,0.0001348650104,0.00008166027878,0.0003676388652,0.0006188572484,0.000125297836,0.00074459581,0.000553064626,0.0001116788533,0.0006114423257,id114,0.0001074752752,0.00002948506914,0.0001728690733,0.0006346805379,0.0001021522063,0.0007867556078,0.0003860293247,0.0000605556594,0.0006933141186,id114,0.0001002606053,0.000057580524,0.0006036170202,0.001674946651,0.0001877660676,0.002068010258,0.001181376876,0.0001241607729,0.002276822656
thinking_var_normal - C4.csv,thinking,variance,C4,21,,id115,0.0003461464336,0.00004488677998,0.00004123972771,0.0000444978372,0.0001920587828,0.0001852409821,0.000004161608664,0.0002302254225,0.000755255677,id115,0.0001633994188,0.00002074265871,0.00002397669641,0.00002561066497,0.0001936429428,0.0001376739391,0.000003854763214,0.0001025341884,0.0007004650233,id115,0.0002746526539,0.00002818410052,0.00001802369547,0.0000382748987,0.0002301535184,0.0001519291069,0.000003058200073,0.0001355925722,0.0004765261224
thinking_var_normal - C4.csv,thinking,variance,C4,22,,id116,0.0005796368916,0.0006933901243,0.0007261866338,0.0005275415222,0.0006319955086,0.000600864608,0.0003574584822,0.0008035203034,0.0004528296609,id116,0.0005917221312,0.0002027229216,0.0005090157918,0.0003955688627,0.0003981670729,0.0003534915732,0.0003096482727,0.0003922558173,0.0002711348298,id116,0.00140805979,0.001406038791,0.003262215867,0.001277462451,0.003299342988,0.002808405716,0.00185214345,0.002791500758,0.001765176855
thinking_var_normal - C4.csv,thinking,variance,C4,23,,id117,0.0002849255317,0.0004254634046,0.0009727466111,0.0003774651784,0.0001157429554,0.00009112458194,0.0006348846078,0.0002391529607,0.0004820229558,id117,0.0002913807571,0.0005214200542,0.001360627316,0.0003772519992,0.0002042880068,0.00006342988371,0.0009626424919,0.0003115532738,0.0006856229217,id117,0.0003692888546,0.0008194735593,0.0009330334569,0.0004122425308,0.000142770255,0.00009421233985,0.0006304035939,0.0005199924407,0.0005613845237
thinking_var_normal - C4.csv,thinking,variance,C4,24,,id118,0.00006105980815,0.000143272374,0.0000878134142,0.00009039576119,0.00008221531727,0.0001113639414,0.00003324981913,0.00009500437012,0.00002355494603,id118,0.00003666587687,0.0001052318794,0.00003627689213,0.00004953786796,0.00003070229563,0.00004233012304,0.00002458478328,0.00005621878428,0.000008891197593,id118,0.00008952573815,0.00005894096495,0.00004834922287,0.00004026012184,0.0000450108966,0.00004566415865,0.00002381467256,0.0000528041057,0.00001321408234
thinking_var_normal - C4.csv,thinking,variance,C4,25,,id119,0.0001399580941,0.0004950458709,0.0008088617528,0.0006342875049,0.000689604348,0.0006842869343,0.0005231436012,0.0006766299805,0.0006034438469,id119,0.00008468380222,0.0004421594945,0.0004915951938,0.0004036478777,0.0005558731074,0.0004941006544,0.0003580701847,0.000538097179,0.0003832246304,id119,0.0006774975689,0.001924359898,0.003490719887,0.003027084474,0.003506913984,0.002959205646,0.00286892018,0.003038385796,0.001104001619
thinking_var_normal - C4.csv,thinking,variance,C4,26,,id12,0.0005407804511,0.00003118766246,0.000141576165,0.0007114208702,0.00006890634011,0,0.0006621481374,0.0004924783554,0.00005741175077,id12,0.00031563676,0.00001221461873,0.0000347363299,0.0002898901982,0.00003068758122,0,0.0003267353727,0.0003267838615,0.00001948200464,id12,0.0005746634895,0.00001766736293,0.00005643895518,0.000370142376,0.00004803568993,0,0.0007243044769,0.0004269523404,0.00003385990743
thinking_var_normal - C4.csv,thinking,variance,C4,27,,id120,0.0007713746048,0.0004817293849,0.0001807092348,0.0006774267232,0.0007382632108,0.0007681349517,0.0005911838161,0.0007967971562,0.0005932068706,id120,0.0004549562907,0.0002023237202,0.0001148844216,0.000513189346,0.0004930253974,0.0006770742973,0.0003752338924,0.0005500927621,0.0002643188978,id120,0.002980425266,0.0008939403336,0.0001600925398,0.002995278499,0.002940157757,0.003784372176,0.002061432619,0.002020228671,0.001271902219
thinking_var_normal - C4.csv,thinking,variance,C4,28,,id121,0.0003948841526,0.0004134010743,0.0005860168571,0.0005120739125,0.0005912050295,0.0005973955238,0.0004063584748,0.00009013593559,0.0005546840442,id121,0.0002079779665,0.0001937784739,0.0003208704501,0.0002540707113,0.0002576286056,0.0003749649924,0.0002387314224,0.00003042450801,0.0005616983495,id121,0.0006787790145,0.0009117716413,0.001077790897,0.0008978565339,0.001222584365,0.001413663851,0.0009070500485,0.00005543516118,0.001388504172
thinking_var_normal - C4.csv,thinking,variance,C4,29,,id122,0.001033905354,0.0008140898553,0.0003559799523,0.0004238029829,0.0002745998662,0.00000001361503591,0.0003615129575,0.0006814077932,0.000434636535,id122,0.0006540227976,0.0003291444528,0.0002764118813,0.0003265602166,0.0002913477886,0.00000006914325758,0.0003444914633,0.0005715181873,0.000415531933,id122,0.002874452833,0.00196427422,0.001458696667,0.0003938601812,0.0006227670666,0.0000001336418905,0.001349804994,0.001695057538,0.0006851830195
thinking_var_normal - C4.csv,thinking,variance,C4,30,,id123,0.0008379150613,0.0001084537181,0.0005374439377,0.0008350781783,0.0006298374768,0.0000009197149528,0.0005599584763,0.0007333285067,0.0004428197192,id123,0.0006847364387,0.00004061555298,0.0002300888138,0.0006731237933,0.0004075822194,0.0000007306503932,0.0003865288191,0.0005016349528,0.0003302694317,id123,0.001563348748,0.0002046590343,0.0008430839131,0.001977656574,0.001119541132,0.000003490651079,0.002615142438,0.001832261969,0.0009509810748
thinking_var_normal - C4.csv,thinking,variance,C4,31,,id124,0.0003472230272,0.00000002054747957,0.0002627448926,0,0.0001500608187,0.0005083364513,0.00002172905118,0.00006921004135,0,id124,0.0001758822457,0.00000003871548236,0.0001408508441,0,0.00008357999968,0.0002391675105,0.000005618884386,0.00002179640546,0,id124,0.000174745885,0.00000001766807301,0.0002446586701,0,0.00006827920535,0.0002449011936,0.00001001294912,0.00003189788204,0
thinking_var_normal - C4.csv,thinking,variance,C4,32,,id125,0.000003113866163,0.0006239199186,0.000319168651,0.0002334342733,0.0007414953317,0.0006017976325,0.0006070219349,0.0006501859602,0.0005616669141,id125,0.000001334613336,0.0002494366409,0.0002048420994,0.0002152680886,0.0005159908239,0.0004180009839,0.0003073569995,0.0006531938429,0.0004829038728,id125,0.000003050517956,0.001320313275,0.0006856619048,0.0006191610883,0.001776763402,0.002135786683,0.001802197989,0.002602181735,0.002102653267
thinking_var_normal - C4.csv,thinking,variance,C4,33,,id126,0.0005132383346,0.0004464621322,0.0007201856526,0.0004223362265,0.0004716834414,0.0003612795458,0.0004074918483,0.0003469843145,0.0001070471276,id126,0.0003752424768,0.0002605128731,0.0006759308165,0.000296354866,0.0006465029443,0.0004318259003,0.0003474628605,0.0002206785004,0.00003607855758,id126,0.0005454945365,0.0001695069143,0.0006121695322,0.000316059629,0.0003464265827,0.000373458996,0.0003463521305,0.0002906085011,0.0000399911394
thinking_var_normal - C4.csv,thinking,variance,C4,34,,id127,0.0006775169515,0.0009638003616,0.0004947107612,0.0007165848329,0.0009460463466,0,0.0004930201849,0.00002950357654,0.000271274977,id127,0.0005181052715,0.0006197387051,0.0004000530483,0.0004598908449,0.0006167228088,0,0.0003036267964,0.00005265205253,0.000163482445,id127,0.00103867573,0.0006460754775,0.0005012733919,0.0009887235585,0.001803758323,0,0.0004001900246,0.00004233895842,0.0003005163021
thinking_var_normal - C4.csv,thinking,variance,C4,35,,id128,0.0008017021119,0.0003009238278,0.0004409463832,0.0008232761727,0.0005362506149,0.0007302930456,0.0008380104118,0.0001379676811,0.0008698713209,id128,0.0002669964229,0.0001914168208,0.0001593508045,0.0004736567905,0.0002509250591,0.0004958104836,0.0005390547062,0.00002878222832,0.0004441138963,id128,0.001201684496,0.000498612179,0.0006475567135,0.000920860555,0.001133320776,0.002198180353,0.001507124854,0.0002376536908,0.001301181182
thinking_var_normal - C4.csv,thinking,variance,C4,36,,id129,0.0007657826715,0.0003955055045,0.0002485619514,0.0004568480359,0.0002947303924,0.0006219062242,0.0003250660315,0.0005985088303,0.000002363227074,id129,0.0005536338854,0.0003863784589,0.0002346547203,0.0002768562111,0.000195263921,0.0002278988608,0.0001466031209,0.000403985496,0.000002827280847,id129,0.001381062565,0.0003771845779,0.0002553163175,0.000572703596,0.0002417152066,0.0004911539362,0.0002070075262,0.0004790041788,0.000002847609711
thinking_var_normal - C4.csv,thinking,variance,C4,37,,id13,0.0001228163395,0.0005616490885,0.000566101819,0.0001621599811,0.000240800254,0.00008824167078,0.0002768440569,0.0002674073413,0.0002601972658,id13,0.00007687632856,0.0004095189571,0.0001572895381,0.0001209285277,0.0001635923802,0.00008122066087,0.000116321836,0.0001444613393,0.00007697411455,id13,0.0000847698937,0.0004322986389,0.0003417013749,0.000145060549,0.0004766505848,0.0001972645039,0.0001849742671,0.0001184942043,0.0001561814421
thinking_var_normal - C4.csv,thinking,variance,C4,38,,id130,0.00000002909268129,0.0000001226342729,0.00005852089688,0.00000176622515,0.0006473760302,0.00006805288738,0.0005065663269,0.0007247362631,0.0007028866157,id130,0.00000003618829147,0.0000001164789236,0.00003323318062,0.000001460394387,0.0006961653651,0.0001018453263,0.0004350564059,0.001170924205,0.0009476092586,id130,0.00000002296038517,0.00000009795320462,0.0000536386101,0.000001566073359,0.0006145621086,0.0001026384428,0.001553891632,0.001318971968,0.0008146764141
thinking_var_normal - C4.csv,thinking,variance,C4,39,,id131,0.00007248992212,0.0000005099509183,0.0001411718837,0.00007958011591,0.00001734522253,0.0006552978542,0.00004420169978,0.00001010446623,0.00008132569435,id131,0.00004145830377,0.0000002754163352,0.0001455742183,0.00004189325538,0.000009971493141,0.0004259112785,0.00002243143908,0.00001011033828,0.00003062571694,id131,0.00009322104397,0.0000004679504001,0.0001091213729,0.0001841038134,0.00001014112426,0.0006652439463,0.000100788682,0.00002261472317,0.00008396125979
thinking_var_normal - C4.csv,thinking,variance,C4,40,,id132,0.0002384707153,0.0003403924515,0.0005346145893,0.0002637970195,0.0003811962938,0.0007374803673,0.0003700073284,0.0007407586798,0.0006474186452,id132,0.0002182165495,0.0002641597607,0.000366833532,0.00009572859483,0.000214107234,0.0002688286167,0.0004246334893,0.000449630093,0.0004272258699,id132,0.0007861758182,0.001772371859,0.002889832373,0.000816799283,0.001973342171,0.004559872584,0.001783557177,0.004041989348,0.003969169296
thinking_var_normal - C4.csv,thinking,variance,C4,41,,id133,0.0006949713847,0.0007664970612,0.0006279518003,0.0007271005204,0.0004894294547,0.0006350013092,0.0006511353427,0.0005881713593,0.0009689325572,id133,0.000664281788,0.000539657822,0.0005234347242,0.0009691302406,0.0005325133667,0.001174090082,0.0007420428851,0.000291781785,0.0005010633636,id133,0.001699740481,0.0008684220896,0.00105141428,0.0007590832289,0.0009933180139,0.001968044845,0.001925943353,0.001631836318,0.002050244774
thinking_var_normal - C4.csv,thinking,variance,C4,42,,id134,0.0003003655044,0.0001901666737,0.0004249729285,0.0002426151019,0.000327632903,0.0003080272826,0.0001705073924,0.000643447295,0.0004592938458,id134,0.000233639071,0.00008740443689,0.0001790795368,0.00009110396734,0.0001187241483,0.0001110196023,0.00006576188975,0.0002979160497,0.0001883693387,id134,0.000181847787,0.000103861424,0.0003442559906,0.00008357777118,0.0001578618168,0.000217867942,0.0001303167367,0.0004752749033,0.0004145951542
thinking_var_normal - C4.csv,thinking,variance,C4,43,,id135,0.0004457053724,0.0007298382858,0.0005913094517,0.0005480423015,0.0005666440322,0.0006622268575,0.000613908116,0.0005496015489,0.0005983367072,id135,0.00029945877,0.0005563303383,0.0004140439332,0.0003110359312,0.0005765652525,0.0005626953156,0.0005776969552,0.0006785376689,0.0004792645111,id135,0.0007772533815,0.002523603381,0.001632900459,0.001375497621,0.002270213537,0.001742584086,0.002087112666,0.002477260658,0.001993691267
thinking_var_normal - C4.csv,thinking,variance,C4,44,,id136,0.0006384649062,0.0005533090463,0.0005480458004,0.0004893476591,0.0004726430068,0.000522451488,0.0008595065176,0.0007383868906,0.0002097418084,id136,0.0006449777515,0.0003661355595,0.0005083114495,0.0004505660226,0.0002820547701,0.000414898775,0.0006929851477,0.0007389725213,0.0001005750999,id136,0.002081007062,0.001651184659,0.002306011721,0.001684408877,0.001835304105,0.0006971545045,0.002429885414,0.002529654914,0.0009642045088
thinking_var_normal - C4.csv,thinking,variance,C4,45,,id137,0.0001894490529,0.0002995233185,0.0001049686838,0.0007335174514,0.0001804279361,0.00005449648216,0.0001000965057,0.0004229573381,0.0002692285716,id137,0.00009574232336,0.0001076769325,0.00004090213884,0.0002586240212,0.00007911226706,0.00002217359272,0.00005063449364,0.0001610649617,0.0001100202016,id137,0.0002787127924,0.0003254138492,0.0002205150376,0.0007452853566,0.0001011330002,0.00002667202837,0.0000752446887,0.000551468154,0.0005207616735
thinking_var_normal - C4.csv,thinking,variance,C4,46,,id138,0.0005429327279,0.0005657363952,0.0006633958838,0.0004073461115,0.0005441699126,0.0006036957526,0.0004859212311,0.0003265773248,0.0006272800599,id138,0.0003543958645,0.0004968065409,0.0004503094727,0.0004431262028,0.0005237956416,0.0003892372247,0.0003753491678,0.0002665483304,0.0002264772834,id138,0.0008608012367,0.001243989701,0.002487633907,0.0009240082024,0.001369941575,0.002026063074,0.002052083253,0.0009307839982,0.0003499146869
thinking_var_normal - C4.csv,thinking,variance,C4,47,,id139,0.0007890160595,0.0008823884862,0.000722046855,0.0007214030817,0.0009852579233,0.0008157326897,0.0006702254098,0.0006715723254,0.0005292393925,id139,0.0004512874887,0.0004957740756,0.0005599315791,0.0004222335215,0.0002629656485,0.0005365931846,0.0005478575097,0.0003887936796,0.0003129303144,id139,0.002852972627,0.002973064222,0.004094845644,0.003366975791,0.003306229621,0.003718052995,0.003176159319,0.002362284056,0.002119862799
thinking_var_normal - C4.csv,thinking,variance,C4,48,,id14,0.00009914221539,0.0001486855924,0.0000384061923,0.0002163007564,0.0002066620963,0.0007864451473,0.0007006805344,0.0003619153415,0.0003696198511,id14,0.0003551270718,0.00007185496385,0.00003420080766,0.0001727442436,0.00006454548382,0.0010431885,0.0005527623326,0.0003175843271,0.0003898289738,id14,0.0001719978815,0.0004662009335,0.00003847662487,0.0004088047956,0.0002554860927,0.001477634979,0.00187271599,0.0004488877137,0.0008587091306
thinking_var_normal - C4.csv,thinking,variance,C4,49,,id140,0.001094821388,0.0008018804199,0.0006498676185,0.0006568945802,0.000902371996,0.0007485637279,0.0003179984161,0.0006828416732,0.000857329207,id140,0.0008155666274,0.000832582979,0.0007136657559,0.0004176614235,0.0006295641418,0.0004112328923,0.0002353106165,0.0005148061724,0.0004021280109,id140,0.001573798335,0.001228768967,0.00253114974,0.001637676428,0.003617256142,0.002609529581,0.0005259727979,0.004079288033,0.001209948828
thinking_var_normal - C4.csv,thinking,variance,C4,50,,id141,0.0005996061661,0.0004947754285,0.000577771156,0.0005164606746,0.0006660079192,0.0003692814026,0.0003185204613,0.0007311930117,0.0003992190503,id141,0.0004066904077,0.0003694632829,0.0005217319873,0.0005281317892,0.0005258777004,0.0004375216424,0.0002900496116,0.0006134934817,0.0004002252263,id141,0.001456664115,0.0009371173329,0.001082830416,0.001030724044,0.001057506722,0.0005340158274,0.0006911122557,0.001266839001,0.0009868935938
thinking_var_normal - C4.csv,thinking,variance,C4,51,,id142,0.0009654621508,0.0008370198228,0.0004492488853,0.0009203556268,0.0005582443995,0.0006040331715,0.0004582556121,0.0003371077857,0.0007196807681,id142,0.0006201846777,0.0004287726901,0.0002816877061,0.0006445933298,0.0003507705114,0.0003942306322,0.0003994641213,0.0005534922898,0.0002917167099,id142,0.003458835159,0.001959504258,0.001009988811,0.003853653215,0.003108304356,0.001333002619,0.001168165924,0.0004938078124,0.002826225252
thinking_var_normal - C4.csv,thinking,variance,C4,52,,id143,0.0005709106007,0.0006905438455,0.0004131444148,0.0005105344165,0.0008199650812,0.0009367221848,0.0006794745977,0.0007142991544,0.0009086575969,id143,0.0004293544093,0.0005194918642,0.0001967633208,0.0004403088666,0.0005828470399,0.0005963652631,0.0003441552477,0.000588722917,0.0005381395786,id143,0.0008824106312,0.001748512285,0.001450056832,0.00164289945,0.001708663754,0.001272838447,0.001524320662,0.002538981689,0.001525340807
thinking_var_normal - C4.csv,thinking,variance,C4,53,,id144,0.000470457391,0.0002152827263,0.0007819510062,0.0006443596933,0.0008946490033,0.0005447977456,0.0003006457766,0.0005355423022,0.0007283825714,id144,0.0002667363617,0.0001887442599,0.000380735706,0.0003134988611,0.0005293445469,0.0003488360785,0.0001617037274,0.0004002526211,0.0004194870012,id144,0.002954852882,0.0009639701959,0.00410668659,0.002777734427,0.002791976411,0.005124083822,0.0004252182461,0.002530290026,0.002624523454
thinking_var_normal - C4.csv,thinking,variance,C4,54,,id145,0.0007265066454,0.0006384135907,0.0009245784211,0.0005492452853,0.0007882071454,0.0007378529337,0.0007836263941,0.0002167634643,0.0003412903825,id145,0.0004805256015,0.0005549269297,0.0006536831886,0.0004934378838,0.0006879452149,0.0008094077021,0.0006773454855,0.00009200454489,0.0002483421396,id145,0.001579688957,0.001146867399,0.001666196129,0.001504481082,0.002073837532,0.001471790184,0.001412276075,0.0001822874159,0.0005502705935
thinking_var_normal - C4.csv,thinking,variance,C4,55,,id146,0.0003394009264,0.0006462864397,0.0006007348558,0.0007060507207,0.000550316153,0.0004726691832,0.0006890504891,0.0008950580197,0.0004182753001,id146,0.0002073013103,0.0003878175662,0.0003848686995,0.0001950232405,0.0003023443454,0.0002233660494,0.0004056469006,0.000371817717,0.0002120867325,id146,0.0008117696975,0.001942453608,0.0009033298331,0.002338697905,0.0009595522653,0.001839193053,0.001033262979,0.002422717097,0.0007324437484
thinking_var_normal - C4.csv,thinking,variance,C4,56,,id147,0.0003952533007,0.000365593449,0.0005159459131,0.0004504185534,0.0001746777145,0.0004279672231,0.0002842961629,0.0003682349848,0.0004817363395,id147,0.0002213430595,0.0003803335307,0.0002850090193,0.0003021387876,0.0002087511563,0.0002417279926,0.0003118446746,0.000326522677,0.0003455657626,id147,0.001445707887,0.001568091145,0.002403439657,0.002240063635,0.0005994945489,0.002178785237,0.001020215964,0.0009836351619,0.002443645602
thinking_var_normal - C4.csv,thinking,variance,C4,57,,id148,0.0008361584303,0.0006652636442,0.0004305842963,0.0003769889871,0.0006305499012,0.0001930642385,0.0004824249522,0.0007657301817,0.00009274081744,id148,0.0006684201288,0.0003892083407,0.0002715210335,0.0001446196715,0.0005230261598,0.0001021154694,0.0002484732187,0.0004089792175,0.00005900805458,id148,0.001345877123,0.000603571613,0.0004890206728,0.0002943844976,0.0005977189512,0.0002280189983,0.0005364431183,0.001534225459,0.0001615940412
thinking_var_normal - C4.csv,thinking,variance,C4,58,,id149,0.000864311574,0.0006083527918,0.0009046536792,0.0008900334741,0.0005240337561,0.0005080195585,0.0008593862053,0.00101206999,0.0006217102963,id149,0.0003393722133,0.0004753109558,0.0005012324334,0.0003071163361,0.0005947310814,0.0001999635422,0.0008236628893,0.001045420866,0.0004372313024,id149,0.001402137664,0.0008793959306,0.002288284481,0.001649989117,0.001317979691,0.0005766444992,0.001913622988,0.001972005077,0.001325684215
thinking_var_normal - C4.csv,thinking,variance,C4,59,,id15,0.0005579290999,0.0008013914081,0.0007826966847,0.0005540141225,0.0007024176668,0.0005662349661,0.0004636898946,0.000428650058,0.0007843321866,id15,0.000156425206,0.0003410230968,0.0005806330317,0.0003232528368,0.0003824403857,0.0002006661703,0.0002099831335,0.0002491751063,0.0004696490294,id15,0.0001209589606,0.0009804011294,0.0008166108084,0.000666544145,0.0007028157973,0.0006571912753,0.0005905887323,0.000563483338,0.0009244145369
thinking_var_normal - C4.csv,thinking,variance,C4,60,,id150,0.00008162663703,0.0006755348449,0.0006792538277,0.0004820656057,0.0008143232976,0.0006914434086,0.0008928034202,0.0004492187993,0.0007982638365,id150,0.00004022246753,0.0005018356371,0.0003342037474,0.0002318457889,0.0006030591111,0.0004543598382,0.0005930642204,0.000368737639,0.000764486934,id150,0.00001721534245,0.000540972852,0.0005857482968,0.000385004195,0.0008027591913,0.0006553307996,0.0008709029035,0.0005062589444,0.0007833894448
thinking_var_normal - C4.csv,thinking,variance,C4,61,,id151,0.0002383168142,0.0006549441208,0.0005754480489,0.0001314026791,0.0002299975026,0.0004119448111,0.0007472291386,0.0007141681506,0.0006609356863,id151,0.00008950923582,0.0002961564995,0.0002644537436,0.00008387629056,0.0001982247705,0.0004425603065,0.0008791399137,0.0007156053102,0.0003336740186,id151,0.0001245322588,0.0007873662123,0.0006129508928,0.0001295447883,0.0002187696656,0.0008944156627,0.0008239070105,0.001760186323,0.0006048043182
thinking_var_normal - C4.csv,thinking,variance,C4,62,,id152,0.0000006398083861,0.000001050977039,0.00003265819679,0.0002234900916,0.000001115496468,0.000003518298739,0.0008268818596,0.0003939263042,0.0002251933265,id152,0.0000004520928906,0.000001203319653,0.0000114530397,0.00008837938275,0.0000002618356993,0.000001097103774,0.0003341855558,0.0001993187863,0.000177298568,id152,0.0000004047467627,0.00000113846819,0.00002698659254,0.0002260400464,0.0000002365014158,0.000002055608923,0.0008213046739,0.0003589602623,0.0002325275407
thinking_var_normal - C4.csv,thinking,variance,C4,63,,id153,0.0005258968315,0.0008172815316,0.0003478684517,0.000008784186327,0.001113289034,0.0008303803345,0.000766784662,0.0007184949958,0.000782333384,id153,0.0001864096507,0.0006944946062,0.0001827070565,0.000009565742814,0.000688330419,0.0005758761345,0.000387373799,0.0004045571359,0.0004756980987,id153,0.0006338997878,0.001425282797,0.0008520975185,0.00003405963097,0.002212446226,0.002166571725,0.0008492192152,0.002202879633,0.002964076923
thinking_var_normal - C4.csv,thinking,variance,C4,64,,id154,0.00062543417,0.0007079744793,0.0005125349461,0.0008682232625,0.0007686295568,0.0006135740928,0.0004836408467,0.0005644280337,0.0007936499145,id154,0.0002740427527,0.0003875746932,0.0005182964786,0.0003920729233,0.0005421855332,0.0004131154489,0.0002830192595,0.0004656437621,0.0003050504134,id154,0.00178035088,0.002565286302,0.00147105997,0.003308707056,0.002866145825,0.003109140249,0.001216699721,0.003001135822,0.003923042846
thinking_var_normal - C4.csv,thinking,variance,C4,65,,id155,0.0006619450394,0.000462439221,0.0005374366802,0.0004232133962,0.0003320463254,0.000418670546,0.0004735413157,0.0002213727478,0.0002184860101,id155,0.0005713628589,0.000351450795,0.0003738199931,0.0003396997017,0.0002316459855,0.0002514099709,0.0002748855021,0.0002180609709,0.00007442684481,id155,0.001093909379,0.000882356607,0.0009554089722,0.0006081877666,0.000911774625,0.0006492472886,0.0006143301505,0.0003933488497,0.0001073229762
thinking_var_normal - C4.csv,thinking,variance,C4,66,,id156,0.0004358304288,0.0001506414819,0.0006064353549,0.0004710989611,0.0004857154064,0.0008906206234,0.0006576925401,0.0004737752716,0.000000843463258,id156,0.0006300048238,0.0001285376566,0.0003653692558,0.0002697250227,0.0007160518858,0.001367983621,0.0009713920119,0.0006012663393,0.000000724470708,id156,0.0004928830426,0.00009261633597,0.0004748683287,0.0003916193795,0.00043231159,0.0009122002869,0.0006422915677,0.0004303082597,0.0000006801761003
thinking_var_normal - C4.csv,thinking,variance,C4,67,,id157,0.0004698616603,0.0004236377483,0.0004142979453,0.0005574094816,0.0003857967461,0.0002718700188,0.0006750048549,0.0007837288209,0.0004313442231,id157,0.0003150662552,0.0003100053158,0.0004894518627,0.0009661874233,0.0002071504139,0.0001565406934,0.0006696835147,0.0008872260268,0.0007535064564,id157,0.0002672166679,0.0002724448842,0.0004265277486,0.0004706278701,0.0003533637687,0.0001618213516,0.0007688916426,0.001125061431,0.0003653822035
thinking_var_normal - C4.csv,thinking,variance,C4,68,,id158,0.0004528589314,0.0003228711799,0.00004576341495,0.0002785480267,0.0006069215717,0.0005865648774,0.0007225960004,0.0004490025199,0.0003805359356,id158,0.0001497391345,0.0002180689342,0.00002355072742,0.000143278953,0.0003386915659,0.0003604923794,0.0003154519029,0.0002651405265,0.000380287128,id158,0.0001694224825,0.000414931627,0.00002823780897,0.0002061497923,0.0004708731885,0.0003254390654,0.0006983871499,0.0005818092751,0.0006463489493
thinking_var_normal - C4.csv,thinking,variance,C4,69,,id159,0.0003985665416,0.0006184267011,0.0005185389776,0.0002761567621,0.0007022910206,0.00000001265876911,0.0008031521335,0.0005700781771,0.00003032195567,id159,0.0002961781785,0.0005973948728,0.0004559632918,0.0001776939889,0.0005460632337,0.000000005328062155,0.0006037988299,0.0006454699343,0.00002190419113,id159,0.0005751982635,0.001514032527,0.002661526083,0.0005994113387,0.001861561524,0.00000001122038053,0.003501787242,0.001121101515,0.00006109657819
thinking_var_normal - C4.csv,thinking,variance,C4,70,,id16,0.0003927410481,0.0003215414855,0.00009506350376,0.0000004877163298,0.000006404300368,0.00001084913165,0.0002819948175,0.0002760497355,0.0001213293895,id16,0.0002170784174,0.0003343878087,0.00004338374023,0.0000001709579108,0.0000007084049176,0.00002087590256,0.0002537806201,0.0001518048612,0.00005707280754,id16,0.0001630163742,0.000270535887,0.00004985204077,0.000001186235811,0.000005231980485,0.00002118502682,0.0002331396219,0.0002150055909,0.0001042931485
thinking_var_normal - C4.csv,thinking,variance,C4,71,,id160,0.0006368512894,0.0007941426557,0.000544203062,0.0002084260705,0.00003420761427,0.0003245659931,0.0006554266072,0.0004971104931,0.0007811995149,id160,0.0004065268836,0.0004827126001,0.000377993222,0.0001634358802,0.00001036939948,0.0002732975589,0.0004011900792,0.0002676402755,0.0003393146517,id160,0.002405066284,0.002157754772,0.001444748269,0.000378151942,0.00007304074214,0.0004396965221,0.002513939539,0.001125350275,0.002256403819
thinking_var_normal - C4.csv,thinking,variance,C4,72,,id161,0.0002480635492,0.0005964074963,0.0005110206993,0.0003839793992,0.0006802641083,0.0001245733188,0.0007681911646,0.0006055660882,0.0008452836423,id161,0.0001238041932,0.0003293396501,0.0002619503997,0.0001139633993,0.0004243461051,0.0001936633184,0.0003897112139,0.0003894693068,0.0003316738137,id161,0.0003005902798,0.001428759895,0.0007341347193,0.001175832231,0.002912933939,0.0005345008593,0.002569549271,0.002621332909,0.002362282497
thinking_var_normal - C4.csv,thinking,variance,C4,73,,id162,0.0003832343636,0.0006056675526,0.0003635056715,0.0004595644006,0.0004159003347,0.0007854877245,0.0006307209047,0.0008743186763,0.0005625977065,id162,0.000342731981,0.0004434492182,0.000263100626,0.0005188856005,0.0001530708733,0.001082754769,0.0007466487301,0.001088487394,0.0006976407189,id162,0.001258479462,0.001502916674,0.001305911346,0.0007424541604,0.0001841771022,0.001454472198,0.001187669315,0.0005636521422,0.001395420691
thinking_var_normal - C4.csv,thinking,variance,C4,74,,id163,0.0004693815269,0.0005787041796,0.000821351595,0.0007945517991,0.000509789062,0.00006033128502,0.00001472797552,0.0008010780117,0.0003051106646,id163,0.000475555305,0.0004325063943,0.0008083581708,0.0004659367614,0.0005367191035,0.00003312294028,0.00001608395488,0.0006327862242,0.0001608085393,id163,0.002730695877,0.0006863019108,0.003396212531,0.004267481787,0.003351262484,0.00004030415778,0.00003132236332,0.002822271268,0.0006806045794
thinking_var_normal - C4.csv,thinking,variance,C4,75,,id164,0.0001145187362,0.0001953949766,0.0004581950074,0.0004369915843,0.00005826319727,0.0005922111871,0.0003627161265,0.0004857425418,0.000314421834,id164,0.00005707325626,0.0000946426932,0.0002643575591,0.0001994525655,0.00003048388122,0.0003714610976,0.000355887589,0.00025886411,0.0001308730613,id164,0.0000363863769,0.0001440620832,0.0009350828601,0.0003159806496,0.0001379183761,0.0007049308922,0.0006944904398,0.0009423726743,0.000352919288
thinking_var_normal - C4.csv,thinking,variance,C4,76,,id165,0.0006455440549,0.0007213796231,0.0003497437579,0.0001629031833,0.0004748652594,0.0006100686286,0.0004564090313,0.001064786737,0.0008695060047,id165,0.0002415804747,0.0004453074019,0.000267207488,0.0001371392083,0.0002297743486,0.0003384601442,0.0003690470032,0.0002829920686,0.0003678896362,id165,0.001067331711,0.002715971208,0.0006797460635,0.0002615063397,0.0005953870836,0.001210313603,0.001341183334,0.002283287227,0.003069214399
thinking_var_normal - C4.csv,thinking,variance,C4,77,,id166,0.000115186754,0.00007431605789,0.0001674990241,0.0001253039835,0.0004191512541,0.00004825410227,0.00003960312539,0.0001438743579,0.0003176044826,id166,0.0001208629364,0.00004827690749,0.0001634004033,0.000150425988,0.0002093692296,0.00001883971588,0.00003663579247,0.0002036846187,0.00005635618868,id166,0.0002583329214,0.00002784876355,0.0003089666401,0.0002692136578,0.0005167982962,0.00002549439723,0.0001267248023,0.0002506801582,0.0005838901307
thinking_var_normal - C4.csv,thinking,variance,C4,78,,id167,0.0004502918369,0.0006296990549,0.0005340216507,0.0008621095813,0.0009157331267,0.0003619950547,0.0008438469985,0.0008594873294,0.0009734459184,id167,0.0002669600057,0.0005414700837,0.000361077162,0.0005562393637,0.000743789179,0.0003631454846,0.0004754140531,0.0004545983297,0.0006005954811,id167,0.001397597732,0.002099363482,0.001668612512,0.002204711994,0.00237745124,0.0007302580233,0.001113864822,0.0008941722941,0.00149048443
thinking_var_normal - C4.csv,thinking,variance,C4,79,,id168,0.0005852767129,0.0007299463609,0.0006465385545,0.000466067494,0.000819189113,0.0006018226523,0.0009117163689,0.0007693141836,0.001001913215,id168,0.0002240002243,0.0003847206075,0.0004901351526,0.000349645842,0.00049703413,0.0008653974029,0.0005245666006,0.0004255524883,0.0004617693955,id168,0.001006685787,0.001339002182,0.001211494424,0.00116313528,0.001487390414,0.001107093036,0.002000205034,0.001918745216,0.002307901429
thinking_var_normal - C4.csv,thinking,variance,C4,80,,id169,0.0008211782723,0.0005181198973,0.0001877659932,0.0003915592989,0.0004831970875,0.0001474251013,0.00007612413635,0.0001375988765,0.0001393192921,id169,0.0005036035641,0.0004545160352,0.0001008263921,0.0002644841854,0.000338689811,0.000100893915,0.0001760885714,0.00006987703948,0.0001590798498,id169,0.002672725134,0.001858253037,0.0002024485278,0.001686850172,0.002750704205,0.0007178438015,0.0004487977118,0.0003802067324,0.0004136760595
thinking_var_normal - C4.csv,thinking,variance,C4,81,,id17,0.0001808468325,0.00001305121369,0.000306056448,0.0000003601024419,0.000007004628579,0.00001041776371,0.00001598070322,0.000003980626957,0.00000909999131,id17,0.0000658337779,0.000005729351816,0.00005587268742,0.0000002304993788,0.000001366421919,0.00000291295076,0.000002411245617,0.000001754814664,0.000002021588095,id17,0.0001056086225,0.000008661502524,0.00005423694329,0.0000001272157367,0.000003353059502,0.000007568411306,0.000003288996023,0.000003413810564,0.000002709747476
thinking_var_normal - C4.csv,thinking,variance,C4,82,,id170,0.0001703768424,0.0007256731084,0.0008434152736,0.000551108669,0.0004521293841,0.0002219665066,0.0002175248537,0.0006872372708,0.0002376854733,id170,0.00009281385574,0.0007360439255,0.0004390595505,0.000358944552,0.00037500559,0.0001632472369,0.0001209025518,0.0006227980928,0.000213022688,id170,0.0005026201986,0.00175772227,0.003341483143,0.001130351778,0.000888284993,0.001065111791,0.0003512592069,0.002319722278,0.0006930902907
thinking_var_normal - C4.csv,thinking,variance,C4,83,,id18,0.0004612770113,0.0002761228925,0.0004060431359,0.0003889433612,0.0001357354141,0.0003691790133,0.00008132268628,0.0003375447572,0.0002439855203,id18,0.0002122976818,0.0002463067736,0.0001593283382,0.0002523967767,0.00007248238627,0.0002531565519,0.00005691915128,0.0002128755782,0.000187115014,id18,0.0002349931134,0.000458331625,0.0006445426881,0.0007863722604,0.0001740063124,0.0004370218856,0.00009338753842,0.000788907858,0.0002687921343
thinking_var_normal - C4.csv,thinking,variance,C4,84,,id19,0.0006089064193,0.0003438741757,0.0004784167673,0.0006307008592,0.0002518476995,0.0005218316549,0.0000838882193,0.00002523908544,0.0004809133577,id19,0.0005406221172,0.0001807090478,0.0001921664603,0.0002869243138,0.0001883728996,0.0003466550326,0.00006932019457,0.00002208255753,0.0002356166496,id19,0.0002166431069,0.0001374237928,0.0001849968762,0.0001977850826,0.00006552552901,0.0002204251842,0.00006318359389,0.00002288073633,0.0001846051681
thinking_var_normal - C4.csv,thinking,variance,C4,85,,id2,0.0001540426768,0.001163361245,0.0005488646757,0.0003757234579,0.0004035446909,0.0001373058597,0.0003400453819,0.000295394456,0.0006537800966,id2,0.0001445651234,0.0005481635971,0.0003314955368,0.0002030414438,0.0001831078127,0.00006422189604,0.0001580802665,0.0001259686914,0.0003322355112,id2,0.00008872039649,0.0003934991809,0.0002315705191,0.0002035038878,0.0001942892752,0.00007909615764,0.0001513889202,0.0002049931245,0.0003418716514
thinking_var_normal - C4.csv,thinking,variance,C4,86,,id20,0.0005454929403,0.000125900061,0.001309579825,0.0003360501332,0.0004209533479,0.0002442433063,0.000378001488,0.0004855709438,0.0005470911247,id20,0.0003126167805,0.0001935349536,0.0006197110968,0.0002019739865,0.0003121518404,0.0001785126065,0.0002306240603,0.000219299806,0.0003865488825,id20,0.0005385753427,0.00006745430927,0.0005083980983,0.0001502628412,0.000281935049,0.0001311614385,0.0006318550117,0.0002380958909,0.0005530712448
thinking_var_normal - C4.csv,thinking,variance,C4,87,,id21,0.001620901068,0.0005769682251,0.0007167049975,0.001162058913,0.0003708232491,0.001159288946,0.0001908900797,0.0002619791919,0.0001797273047,id21,0.0005872924097,0.0004178400558,0.0002418730369,0.0005555645822,0.0001793383588,0.0004607147163,0.0000553988373,0.0001193716159,0.00006482166432,id21,0.0004267618922,0.0006565971378,0.0003329000438,0.00102806328,0.0001646357539,0.0007482736277,0.0001213325249,0.0001189511031,0.0001040427165
thinking_var_normal - C4.csv,thinking,variance,C4,88,,id22,0.0003502804267,0.00001108792962,0.000000003289109995,0.000001940533726,0.000001586966046,0.0003149750426,0.0002156687994,0.000003405744477,0.0000003688767798,id22,0.0002576616784,0.000004754999667,0.000000006195280495,0.000001034007584,0.0000008387789971,0.0001125716394,0.00007657604722,0.000001014046536,0.0000001521491789,id22,0.0002308364358,0.000003913180166,0.000000001077708396,0.000001078297408,0.0000008025881884,0.0001036803888,0.00005438702478,0.0000007283555874,0.000000210548523
thinking_var_normal - C4.csv,thinking,variance,C4,89,,id23,0.0005790994543,0.0003677964425,0.000139369342,0.000394104782,0.000002211679721,0.0004796607842,0.00004380739927,0.0005271027445,0.0007397178891,id23,0.0003282211948,0.0001083515303,0.0001238557947,0.0005472070387,0.000001270603255,0.0003000190188,0.0001243681999,0.0004454575466,0.0006873996574,id23,0.0002712261016,0.0002630582908,0.0001284313915,0.0004953932974,0.000004864691158,0.000413585695,0.00006728484115,0.0003435834524,0.0004787834245
thinking_var_normal - C4.csv,thinking,variance,C4,90,,id24,0.0004718448867,0,0.0005653951049,0.0005848948276,0.000453844025,0.00007546384855,0.0006218386818,0.0005938651825,0.000491389859,id24,0.0004103595692,0,0.0004110621068,0.0004340561944,0.0003734626475,0.00004945817404,0.0004619359566,0.0005120845219,0.0003426907691,id24,0.001016061858,0,0.0008434198673,0.0007871436573,0.0005572458616,0.0001001387723,0.0003869005491,0.001102185571,0.000768268725
thinking_var_normal - C4.csv,thinking,variance,C4,91,,id25,0.0001222695849,0.0006892196663,0,0.0003361775502,0.000005088829409,0,0,0.000006602627333,0.00003320084042,id25,0.00009475172404,0.0002338314328,0,0.0001848366205,0.000006398654967,0,0,0.000006715062069,0.00002524119276,id25,0.000151683099,0.0006541826113,0,0.0001493379824,0.0000132794015,0,0,0.00001337755618,0.0000493978953
thinking_var_normal - C4.csv,thinking,variance,C4,92,,id26,0.0001093232494,0.000009044466137,0.0002038180571,0.0002777686243,0.000005671373237,0.000005610515837,0.0001405844287,0.0003578723152,0.0003580073999,id26,0.00008033283653,0.000004496157437,0.0001911045363,0.0002943046904,0.000006627674343,0.000006455374785,0.0001682244371,0.0002594528199,0.0002087688877,id26,0.00005209237685,0.000005888094377,0.0001732139129,0.0002320791892,0.00001219348948,0.00001263408286,0.0001061589826,0.0002488528157,0.000380098148
thinking_var_normal - C4.csv,thinking,variance,C4,93,,id27,0.0004217429373,0.00009335810112,0.0002480300136,0.0003878163487,0.0005518295167,0.0004637180809,0.0002247096906,0.0004009262434,0.00003404017434,id27,0.0002314762574,0.0001014263098,0.000211206563,0.0001436753592,0.000302488245,0.0002747010677,0.0000572362702,0.000281320565,0.00003404260141,id27,0.0003819118046,0.0001603838996,0.000222398981,0.0003288143138,0.0004604507164,0.0003478887706,0.0001318781645,0.0004006169478,0.00004218271054
thinking_var_normal - C4.csv,thinking,variance,C4,94,,id28,0,0.0006345872901,0.0005688412073,0.00005880372466,0.0007107255062,0.0005356833094,0.0002834032045,0.0002441511624,0.0001945483527,id28,0,0.0002256818529,0.0002677617307,0.00003515220619,0.0002729473171,0.0002417735799,0.0002124762258,0.00005980494081,0.0001236371853,id28,0,0.0003918355756,0.0003601052117,0.00003539171512,0.0003163094453,0.0003105777644,0.0001349895061,0.00008695394652,0.0001286216917
thinking_var_normal - C4.csv,thinking,variance,C4,95,,id29,0.00004773558026,0.0001737258731,0.0005711040837,0.0005302649343,0.000150942496,0.0002278977601,0.0005121419883,0.0005919100876,0.00003655627637,id29,0.00003123258329,0.0001363668296,0.0002265120722,0.0002250344729,0.00008101572494,0.0001002572409,0.0002617607866,0.0001805931639,0.000009885185369,id29,0.00003483235517,0.0001236107395,0.0003892825191,0.0005486737679,0.00007186734342,0.0003169505096,0.0006065986118,0.0004457075488,0.00002560520594
thinking_var_normal - C4.csv,thinking,variance,C4,96,,id3,0.0006143569329,0.0006282801663,0,0.00001432959592,0.000000109981042,0.000121461563,0.00053606263,0.00013550807,0.0001890578768,id3,0.000345473395,0.0002712632533,0,0.000006133867311,0.00000004687297717,0.00008286466977,0.000363193148,0.00009639331878,0.0000704363575,id3,0.0004103146562,0.0008007995687,0,0.0000138564971,0.00000007033737012,0.00005337152138,0.0002069212507,0.0001667682123,0.0003018806889
thinking_var_normal - C4.csv,thinking,variance,C4,97,,id30,0.0004081686205,0.0003179277996,0.0005190779502,0.0004765670041,0.0003381081854,0.0003864076644,0.000005954112727,0.0001990969658,0.00002834396412,id30,0.0003550994245,0.0001537726071,0.0003811873942,0.0002862511464,0.000339757051,0.000444413954,0.000002482269115,0.0001222374344,0.0000123055716,id30,0.0003557077126,0.0001757373468,0.0002836256312,0.0002470842819,0.0003550468314,0.000287983964,0.00000309444218,0.00008508672937,0.00001946681195
thinking_var_normal - C4.csv,thinking,variance,C4,98,,id31,0.0000451310397,0.0005201391606,0.000489329558,0.0001737981498,0.0003459052299,0.0002581999317,0.0002181234947,0.0002623358437,0.00008076460214,id31,0.00002476543819,0.0001912407676,0.0001280499315,0.00008758790235,0.0001455452619,0.0001285736214,0.00008833625787,0.00009484258833,0.00004053207201,id31,0.00003359364193,0.0001790431489,0.0001598501763,0.0001379447188,0.0002025631969,0.0001212388235,0.00008412309006,0.00008999828839,0.0000345306864
thinking_var_normal - C4.csv,thinking,variance,C4,99,,id32,0.000008823727219,0.0001310949531,0.000388008365,0.0001620978891,0.0002156151067,0.0004326122539,0.00009329689983,0.0001661351121,0.0001766066291,id32,0.000008189696907,0.00007317557811,0.0001311622134,0.00004897460996,0.0002566952345,0.0001824719132,0.00003126486108,0.00007274901569,0.00003842991612,id32,0.00001036407878,0.0005614833574,0.000255065598,0.0004838247745,0.0003443302625,0.000519739331,0.00003763123598,0.0001693817329,0.00004808891539
thinking_var_normal - C4.csv,thinking,variance,C4,100,,id33,0.0001160148,0.0006041676114,0.000240953955,0.00069023561,0.0005468260957,0.0002698538997,0.000002006140421,0.0006439020688,0.0007093897794,id33,0.00007156544301,0.0004226684371,0.0002453534053,0.0004549042471,0.0003905105211,0.0002812377876,0.0000003176122441,0.0002653724003,0.0004200899857,id33,0.0001033611076,0.000971159348,0.001065488075,0.001138416332,0.001025663894,0.0004322662015,0.0000007870769658,0.001087081934,0.0007101533298
thinking_var_normal - C4.csv,thinking,variance,C4,101,,id34,0.0001542936263,0.0002625561944,0.0001619784114,0.000006544941311,0.0003032965739,0.00003884145121,0.00004369073845,0.000003433876012,0.0001398004585,id34,0.00006913227576,0.0001019035916,0.00007067297109,0.000006253230287,0.00005924079996,0.00001995237925,0.00001557502499,0.0000006593834002,0.00002547692634,id34,0.00007284698308,0.00008265949448,0.00008801233211,0.000008400672581,0.00006166795638,0.00002991308042,0.00001839806155,0.0000006940648003,0.00002811106365
thinking_var_normal - C4.csv,thinking,variance,C4,102,,id35,0.000396460591,0.0001622167156,0.000527247936,0.0006214183704,0.0001230282817,0.0003288239166,0.0003139743064,0.0000008234294567,0.0003306475582,id35,0.00004452482561,0.00007529265199,0.0001034451956,0.0003639961541,0.00006170328186,0.0001422694725,0.0002349359174,0.0000003883420479,0.0001594345505,id35,0.00004156394468,0.00007141477404,0.0002507854534,0.0003247765203,0.00004095716861,0.0002621660043,0.0001254938625,0.0000002753206358,0.000140087671
thinking_var_normal - C4.csv,thinking,variance,C4,103,,id36,0.000008748064941,0.0001347144177,0.0001559765694,0.0001516380067,0.0003741990535,0.000003517825858,0.00009991505997,0.0006961253661,0.0006170227264,id36,0.000004213664672,0.00008640252484,0.00004163841063,0.00008784832824,0.0001450597264,0.00000384112154,0.00003075953759,0.0002080048684,0.0003370369207,id36,0.000004549019175,0.00009737437998,0.0000437445743,0.00009294420459,0.0002415731258,0.000006087038698,0.00009057720839,0.00024925867,0.0002742840109
thinking_var_normal - C4.csv,thinking,variance,C4,104,,id37,0.0001818897179,0.0003532675697,0.0006926695225,0.00006869845638,0.000002640357463,0.00005721033813,0.0001045383375,0.0008126775875,0.000484410407,id37,0.00008965748872,0.0003260376593,0.0003669271434,0.00007071494832,0.0000004083955237,0.00006608733071,0.00005493042793,0.0006506188639,0.0005848800396,id37,0.00005711072006,0.0004197758778,0.0006130000537,0.0001472718613,0.0000005854369903,0.0001384726484,0.0001637405842,0.001611195094,0.0013657193
thinking_var_normal - C4.csv,thinking,variance,C4,105,,id38,0.0000001155919335,0.0003735093241,0.0001782170849,0.0006647676646,0.000026837895,0.00002670336735,0.0000008034566735,0.00005449184292,0.0001128066843,id38,0.00000007462645569,0.0002621193511,0.0001142835799,0.0005170738534,0.00001799942374,0.00001224840268,0.0000005576500747,0.00002912286195,0.00009958626144,id38,0.0000002350986068,0.0002695584615,0.0003312918697,0.0003211924449,0.00002532647217,0.00004907014926,0.000001106854503,0.00007068684557,0.00009045236014
thinking_var_normal - C4.csv,thinking,variance,C4,106,,id39,0.0003921928153,0.000001325748188,0.0002672325435,0.0006904124988,0.0003860562188,0.0001016101481,0.0005118543257,0.0005380789597,0.0004452953702,id39,0.0003525870536,0.0000003717459058,0.00008363447489,0.0008000237321,0.0001433254416,0.00006286180091,0.0002417907216,0.0001543245041,0.0002697334813,id39,0.000377303785,0.0000002529994697,0.0001904940705,0.0005220892844,0.0003051353301,0.00007124794524,0.0002455845465,0.0002416768135,0.0002285936608
thinking_var_normal - C4.csv,thinking,variance,C4,107,,id4,0.0004034255554,0.0009030431154,0.00004260975029,0.0001790157261,0.000002125314365,0.0002426018136,0.00006482106186,0.000675559124,0.0007041464094,id4,0.0003407954188,0.0004400836958,0.000006188680596,0.00009650424088,0.000001723836009,0.0002678178956,0.00004117731477,0.0002874934063,0.0002831313124,id4,0.0005540339681,0.0006160830856,0.00002813435787,0.00007637806209,0.000001007753079,0.000482284011,0.00005748322284,0.0005230716659,0.0003766288031
thinking_var_normal - C4.csv,thinking,variance,C4,108,,id40,0.00001477975636,0.000009760443704,0.00000001105447116,0.0003674197664,0.00004706919171,0.00001998885276,0.0002430579331,0.0002035690372,0.00000507527126,id40,0.000003962595154,0.000003883656016,0.00000000829298226,0.000299350164,0.000005522588421,0.000001921766198,0.0001033786753,0.000119575015,0.00000257767449,id40,0.00000680565449,0.00001071411346,0.00000001963611962,0.0004740597023,0.00003536930147,0.0000023505882,0.0001083957373,0.0004756648506,0.000002674912851
thinking_var_normal - C4.csv,thinking,variance,C4,109,,id41,0.00007283691351,0.0001376331211,0.0002231295244,0.00007978658347,0.00007973612326,0.00005837218636,0.0001791060495,0.00009000616869,0.00009811106549,id41,0.00003548384673,0.0001011044607,0.00009036497109,0.00003000883028,0.00002724017015,0.00004182914683,0.00006344584561,0.00007293568993,0.00003940154354,id41,0.00006054584496,0.00006469553637,0.00013085422,0.00002063467187,0.000008296675396,0.0000262681768,0.0001341802109,0.00009263153762,0.00004470160739
thinking_var_normal - C4.csv,thinking,variance,C4,110,,id42,0.0003513158266,0.0001565958404,0.0003254159406,0.0001746953282,0.000100086743,0.00008301328608,0.00004781501566,0.0001328418895,0.00009958596615,id42,0.0002259454068,0.0001177751148,0.0001570674592,0.0001577439622,0.00006351982217,0.00005967481694,0.00004112114301,0.0001547990437,0.00007957032769,id42,0.0006568162307,0.0001051240896,0.0002798463694,0.00009488859797,0.00003391312514,0.00005664933106,0.00005084696437,0.0000857671825,0.0002102723128
thinking_var_normal - C4.csv,thinking,variance,C4,111,,id43,0.0003600665142,0.0003334017189,0.000006768876958,0.0000001710809586,0.00000978055693,0.000134663045,0.00000988231589,0.0005275581901,0.00006884065852,id43,0.0002514970388,0.0002717592578,0.000007792949426,0.0000001173875517,0.000002444352854,0.00005381789269,0.000004169519321,0.0003118592366,0.0000594182058,id43,0.0004625585687,0.0003897500398,0.00001366683704,0.0000003064623074,0.000007695151842,0.00008752167316,0.000002830609776,0.0008230765459,0.0001069021887
thinking_var_normal - C4.csv,thinking,variance,C4,112,,id44,0,0.0001157848136,0.00000001671727204,0.00003592569316,0.000005318969112,0.00005423713127,0.0000692998631,0.0004670933278,0.0004645534673,id44,0,0.00003751614853,0.000000002415911451,0.000006216363989,0.000001049140022,0.00004540535402,0.00006639694562,0.000278203089,0.0002350826207,id44,0,0.00001529131045,0.000000002164490059,0.00001266851501,0.000001981168832,0.0000481586406,0.00008833809816,0.0009139826196,0.000936979202
thinking_var_normal - C4.csv,thinking,variance,C4,113,,id45,0.0004019889518,0.0003660825264,0.0003569333643,0.0002983988255,0.0003722020923,0.0001591180472,0.0006818451384,0.0004003461986,0.000767314779,id45,0.0002904075959,0.0001341951428,0.00021849054,0.00009347032414,0.0003063349345,0.00008964462001,0.0002396620051,0.0003101555113,0.000303038971,id45,0.0005349233021,0.0003279248983,0.000160088406,0.0002826521279,0.0008765010892,0.00009819760537,0.0006273386397,0.0003036222052,0.0006483234539
thinking_var_normal - C4.csv,thinking,variance,C4,114,,id46,0.0002003134393,0.000215660318,0.0001086799257,0.0002428091643,0.0000796679859,0.0000001490669781,0,0.0000132656824,0.0004573144618,id46,0.00005131349877,0.00009080665388,0.00003620281781,0.0001110739406,0.00008479486036,0.0000001758228148,0,0.000001767034677,0.0003494127252,id46,0.00009894604273,0.0001155293171,0.00008072318841,0.0001157917531,0.0000860820757,0.0000003957727266,0,0.000003037757358,0.0003162614043
thinking_var_normal - C4.csv,thinking,variance,C4,115,,id47,0.0002399773765,0.0002339681957,0.0001052169418,0.0001360068924,0.0004965997878,0.0001958452889,0.0002549538957,0.0003576089345,0.0001400044145,id47,0.00009531187533,0.0001105769879,0.00008225543349,0.00005037139635,0.0003012967639,0.0001375321578,0.0000859470245,0.0001409801175,0.00004336264841,id47,0.0001215809003,0.00007531914531,0.00003242413319,0.00006224884344,0.0002787970757,0.00009163221821,0.0001258863897,0.0001265042039,0.00004860947553
thinking_var_normal - C4.csv,thinking,variance,C4,116,,id48,0.00004156403237,0.0001215216594,0.0001668722098,0.0002226093267,0.0003104884556,0.0002675462298,0.0003439409254,0.0001853523436,0.0002749716984,id48,0.00001417377732,0.0000408904249,0.00007803476306,0.0001439782383,0.00006397870313,0.0001068420909,0.0001015417554,0.00004476738111,0.0001110808995,id48,0.00001108845443,0.00003767906681,0.000082904329,0.0001827755279,0.0001202533156,0.0001249785562,0.0001670284069,0.00005176873071,0.0001133781749
thinking_var_normal - C4.csv,thinking,variance,C4,117,,id49,0.0001199367683,0.0007142648093,0.0006171707219,0.0007023827526,0.00005061196147,0.0001449454981,0.0002757710184,0.00007091378744,0.00166732086,id49,0.00007792547763,0.0003062347747,0.0001804798396,0.0002233920086,0.000005736255041,0.00003696680605,0.00009559625949,0.00001477367444,0.0006727602149,id49,0.00009674260691,0.0004082612861,0.0003100580325,0.0004670011784,0.00002573784591,0.0001030001635,0.0001787734573,0.00004337664784,0.0006177201209
thinking_var_normal - C4.csv,thinking,variance,C4,118,,id5,0.0002936687481,0.0003282644643,0.0003221859429,0.0009305759782,0.00006499092575,0.0003663669888,0,0.000417692372,0.0004431164611,id5,0.0002992835791,0.0003780686102,0.000234519367,0.0004673902645,0.00006553965799,0.0001683798528,0,0.0003052853458,0.0002337974026,id5,0.000547630702,0.0008363298842,0.0003104844531,0.0006523464701,0.0001036126267,0.0004074850461,0,0.0006843855612,0.000228120419
thinking_var_normal - C4.csv,thinking,variance,C4,119,,id50,0.0005408852313,0.0002801663785,0.0005021800457,0.00007012017685,0.00000002015654221,0,0,0.0002392973313,0.0003294136478,id50,0.0005644427177,0.00008790791911,0.0004701374758,0.00004932249785,0.000000008936757436,0,0,0.0002295701237,0.0002717190012,id50,0.0008954899966,0.000172094895,0.0007324762577,0.0001092851277,0.00000001240117502,0,0,0.0001195882182,0.000444335341
thinking_var_normal - C4.csv,thinking,variance,C4,120,,id51,0.00009463688018,0.00008216936463,0.0003561220691,0.0001524181436,0.0002078371102,0.0001740842464,0.00008115580979,0.0001821790269,0.0001215948439,id51,0.00005392282425,0.00001482086245,0.0001688649264,0.00007963003058,0.000144864952,0.00007058562713,0.0000370863311,0.00008197756998,0.00004900604945,id51,0.00006237015679,0.00003525467832,0.0001453431842,0.00008256650285,0.0001811580416,0.0000865623643,0.00007077465057,0.000119440873,0.00008113697647
thinking_var_normal - C4.csv,thinking,variance,C4,121,,id52,0.0002115092013,0.0003143176596,0.0001157894199,0.0006758706075,0.0006882346128,0.0001868547071,0.00006023474662,0.0006355011421,0.0008620957749,id52,0.0001131260919,0.0003595195449,0.00006691131928,0.0004385802007,0.0005311097158,0.00007907725779,0.00001204941063,0.0006205301684,0.0009234650382,id52,0.00006838572031,0.0002445898394,0.0001172361644,0.0002866095192,0.0003350669106,0.0001281766412,0.00004933751482,0.0004644679047,0.001025161339
thinking_var_normal - C4.csv,thinking,variance,C4,122,,id53,0.0002326509993,0.0001671968558,0.0004060236123,0.0005396433343,0.000138314958,0,0.000519341346,0,0.00001499652022,id53,0.0001575246631,0.0002098091395,0.0002532284131,0.0001810309434,0.00002439049837,0,0.0004039390274,0,0.00000102772048,id53,0.0002139596124,0.0001481122448,0.0003086410439,0.0002011536334,0.00002203905833,0,0.0002839269243,0,0.000002825247815
thinking_var_normal - C4.csv,thinking,variance,C4,123,,id54,0.0004597121959,0.0003359944242,0.0004217519739,0.0005071699197,0.0004453467614,0.000501280784,0.0005199278005,0.0005159719346,0.0006444378486,id54,0.0003545602298,0.0002509677851,0.0002730148263,0.00048573067,0.0002955890501,0.0003641772791,0.0002229680322,0.000332622942,0.0003374213518,id54,0.002706621233,0.001897205364,0.001058467294,0.002459190895,0.002019626848,0.001785288599,0.00222875668,0.001560971603,0.002160444783
thinking_var_normal - C4.csv,thinking,variance,C4,124,,id55,0.0003339570421,0.00003918188394,0.0002313534384,0.0002755584922,0.0002234821227,0.000936144408,0.001018718198,0.0006318238543,0.0006058132387,id55,0.00025363321,0.00003632043573,0.0001114529643,0.0002048236287,0.0001500173549,0.001102561708,0.0008362798298,0.0006576278932,0.0006573424127,id55,0.000416594555,0.00005807998708,0.0003642037245,0.0008188601193,0.0001625368461,0.001940066294,0.002551402053,0.001143455836,0.001190799976
thinking_var_normal - C4.csv,thinking,variance,C4,125,,id56,0.0002401401618,0.0000001349656593,0.0000007523361148,0.00000001687486941,0.00000000793485515,0.00004996140427,0.00001998488022,0.0005795169768,0.000007100794175,id56,0.0001104203922,0.0000000870857654,0.0000005496046107,0.000000009047931164,0.000000003677177536,0.00002419831163,0.000005690761789,0.0003541591871,0.000004039515995,id56,0.0005011606702,0.0000002746281087,0.000001213609314,0.00000004366740321,0.00000001785928837,0.0004602506294,0.00001984388359,0.002228318391,0.000006034907096
thinking_var_normal - C4.csv,thinking,variance,C4,126,,id57,0.0003125730246,0.000350818624,0.0003859816386,0.0005726886137,0.0002677902345,0.0003647196325,0.000180367361,0.0001634425072,0.0007000176081,id57,0.0001653522146,0.0004034408486,0.0004071526222,0.0002566693354,0.0001091160902,0.0002612153551,0.000180715093,0.0001471897731,0.0003532757238,id57,0.0002678501774,0.0008542090416,0.000204389241,0.0009680298625,0.0001574664091,0.0003810346542,0.0005057029575,0.0002915561269,0.0008689758975
thinking_var_normal - C4.csv,thinking,variance,C4,127,,id58,0.0006237296756,0.00009365440404,0.0003030156152,0.0003592269855,0.0005399253535,0.00003780533027,0.0002187295211,0.0006831579681,0.000471084005,id58,0.0004033579495,0.00009982448645,0.0002879042611,0.0002445845733,0.0003833270419,0.00002373495395,0.0001487024963,0.0006520213612,0.0001525585903,id58,0.001017910977,0.0001633504314,0.0008615619465,0.0007035355925,0.001771203561,0.00004383255104,0.0007501083765,0.001671666362,0.0007284624058
thinking_var_normal - C4.csv,thinking,variance,C4,128,,id59,0.00000007393848084,0.0006246395801,0.0006049976098,0.0001971595942,0.0005803363933,0.000075656638,0.0003675867845,0.0001387400105,0.0004107859605,id59,0.00000003039479048,0.0003991323599,0.000284090754,0.0001832166472,0.0004648241359,0.00006798967658,0.0003336161938,0.00005148563433,0.0002428110896,id59,0.00000005698597074,0.00174079127,0.003021848634,0.0004513462734,0.00237280548,0.0001553586803,0.00152914995,0.0004544960114,0.002047879679
thinking_var_normal - C4.csv,thinking,variance,C4,129,,id6,0.0000001183028974,0.00009231403415,0.00001252669971,0.00038355492,0.0000231459991,0.0001520711481,0.000368696172,0.000006052908739,0.00006587689647,id6,0.0000001057609261,0.00007542179157,0.00002817691251,0.0003704094282,0.00001625641616,0.0000910141019,0.0002135566566,0.000002342169097,0.00003772379455,id6,0.0000002127490331,0.0001010759302,0.00002894519485,0.000336699104,0.00002323074567,0.000129106337,0.0002517477016,0.000004643958009,0.00002846777183
thinking_var_normal - C4.csv,thinking,variance,C4,130,,id60,0.0004711539205,0.000001803780732,0.0004329950854,0.000184837786,0.00089572498,0.0005869108884,0.0007649371219,0.0005456275807,0.0005395352132,id60,0.0003400585096,0.000001023353782,0.0002622158904,0.0001196454074,0.0004921728647,0.0003177227393,0.0003807591344,0.0003575164755,0.000341221232,id60,0.002167866081,0.000001610298116,0.001499976026,0.0006542676217,0.001786751048,0.002639467139,0.003747902032,0.00184823582,0.002192532017
thinking_var_normal - C4.csv,thinking,variance,C4,131,,id61,0.0006589706783,0.0007158159614,0.0006918269699,0.0001979725325,0.0009897202283,0.000862914678,0.0007425738019,0.000766490648,0.0006978057847,id61,0.0003356909876,0.0003650956608,0.0004804114148,0.0001827763787,0.0002216845487,0.0009156772212,0.0003791811825,0.0005574728553,0.0004612626678,id61,0.0002796412515,0.0006812074726,0.0005824107892,0.0002090921057,0.0001891591055,0.0007297335394,0.0005924061995,0.0007771950097,0.0007706558219
thinking_var_normal - C4.csv,thinking,variance,C4,132,,id62,0.0004858382275,0.0005138278112,0.0002817357428,0.00004773142671,0.0000001796121464,0.0009111880599,0.0003574885075,0.0004116093294,0.0003168299078,id62,0.0004745282985,0.0005776024972,0.0002380869115,0.00003473597913,0.00000009371923347,0.0005273184201,0.0002717903778,0.0002757502453,0.0002863378495,id62,0.0005189750342,0.0007040314029,0.00059416979,0.00007267016345,0.0000002752171617,0.0007278893993,0.0008492040397,0.0005382741051,0.0001538196446
thinking_var_normal - C4.csv,thinking,variance,C4,133,,id63,0.0003136649942,0.0003167656763,0.0001294410693,0.0002257466524,0.0003460584489,0.000469972211,0.0002227855779,0.0003139340149,0.0004165029862,id63,0.0003621522732,0.0001872913656,0.00008364150897,0.0001419232522,0.0003453413156,0.0004539735841,0.0001853635937,0.0001813166407,0.0003800319106,id63,0.0005504372527,0.0006337919485,0.0001812498736,0.0003687506084,0.001213097344,0.0005657237196,0.0009198077702,0.0007413870365,0.000671765588
thinking_var_normal - C4.csv,thinking,variance,C4,134,,id64,0.0009164730456,0.0004897086981,0.0005288834086,0.0001637627756,0.000571967382,0.0002614435212,0.0005668293826,0.0005216448402,0.0007342089938,id64,0.0005092835629,0.0001783231698,0.0003538547318,0.0001461466216,0.0003960578145,0.0001819411091,0.0004485093278,0.0003398659317,0.0003487215401,id64,0.002061081526,0.001620876626,0.00136523016,0.0001717254879,0.002913031592,0.0009241316954,0.002506430868,0.001945496222,0.001234494374
thinking_var_normal - C4.csv,thinking,variance,C4,135,,id65,0.0005260934387,0.0003427514806,0.0006105862399,0.0005476831413,0.0005274488786,0.0004617584137,0.0002419624507,0.0004536448628,0.0006147320988,id65,0.000498702372,0.0001439366138,0.0004259659565,0.0003155768322,0.0004885602056,0.0004101941509,0.00008772456148,0.000363392917,0.0005832657577,id65,0.003080120741,0.0003257712547,0.0009394384584,0.001215315471,0.001648799985,0.000747444399,0.0005365816288,0.001315539884,0.001862548795
thinking_var_normal - C4.csv,thinking,variance,C4,136,,id66,0.0004026858345,0.0004362426456,0.0005281614101,0.0006370363349,0.0005002328444,0.0005105005878,0.000464254294,0.000007730922798,0.0005537026101,id66,0.0002277414775,0.0003417180583,0.0003188466611,0.0003753688432,0.0004012254925,0.0003822971611,0.0002294325398,0.00005142991518,0.0003590905318,id66,0.001700507419,0.002444559018,0.002930104029,0.00201446801,0.002503577451,0.003379286408,0.003659706132,0.0001227552658,0.002107914922
thinking_var_normal - C4.csv,thinking,variance,C4,137,,id67,0.000009775869416,0.00000004818232261,0.0000002647564311,0.000000136125482,0.00001466299456,0.000001971924609,0.00000001844725186,0.000001650681924,0.0001738620264,id67,0.000004636818255,0.00000001155576625,0.00000007045702839,0.00000003143847465,0.000004037950395,0.00000124616221,0.000000007043192278,0.0000005124929264,0.00006727888341,id67,0.00000580298497,0.0000000371035089,0.0000001747678896,0.00000008117619025,0.00000725361567,0.000000962319658,0.00000001106814139,0.0000006335778965,0.00008390980522
thinking_var_normal - C4.csv,thinking,variance,C4,138,,id68,0.000015848881,0.0003611055615,0.0002436735346,0.0001745846792,0.0000541204795,0.0003994522241,0.000006580811728,0.0001163368563,0.0004898460421,id68,0.00004814841469,0.0002410547026,0.0002292296954,0.0002000361547,0.00001191447741,0.0004384017111,0.00005598495601,0.000153212879,0.0005559832617,id68,0.0001043432971,0.0004096395513,0.000164302251,0.0001985953048,0.00002389128388,0.0003335366929,0.00005951595953,0.00005919263867,0.0005521215815
thinking_var_normal - C4.csv,thinking,variance,C4,139,,id69,0.00008725366693,0.00006587022392,0.00006851847886,0.000558434784,0.0004056704107,0.0003118378124,0.0006100627655,0.0004548681932,0.0002957991694,id69,0.00004735012181,0.00002225040456,0.00003030838184,0.0002572398873,0.0001988156633,0.000180640516,0.0002913310579,0.0003071306941,0.000152751792,id69,0.0001651732483,0.00004435438177,0.00006133224951,0.001365066219,0.0009910613037,0.0006575985425,0.0008765085631,0.0003955259134,0.0003467433049
thinking_var_normal - C4.csv,thinking,variance,C4,140,,id7,0.0001374325409,0.000322265071,0.000485510998,0.00005544121492,0.0007478834523,0.0005242597312,0.0003446472,0.0002234916846,0.0005343397985,id7,0.00005247700861,0.0001319485431,0.0002861848027,0.00002984962101,0.0004206729025,0.0002878662026,0.0002562588991,0.0001456053143,0.0003533884392,id7,0.00006051137115,0.0001340298556,0.0003374723546,0.0000490266493,0.0006806465724,0.0005709717306,0.0005825815181,0.0001476688874,0.0006913815874
thinking_var_normal - C4.csv,thinking,variance,C4,141,,id70,0.0008052584224,0.0001096947311,0.001079967796,0.0006924821393,0.0002713076729,0.0001055282639,0.0007289566787,0.0007401131153,0.001079891506,id70,0.0002920768139,0.000005879900224,0.0003761616348,0.000659155646,0.0001514644553,0.00009301594449,0.0004625473974,0.000287926907,0.0005493285214,id70,0.0009126310693,0.00001245482746,0.0004722542273,0.0004118588883,0.0003057043288,0.00009492729663,0.0007016103046,0.0006354960313,0.001747208487
thinking_var_normal - C4.csv,thinking,variance,C4,142,,id71,0.0005591655462,0.0001131071876,0.0006483003339,0.0004583543114,0.0006704583403,0.0004681468326,0.0003024552067,0.0000872187341,0.0001054661796,id71,0.0006086819532,0.00007353065956,0.0004405859674,0.0003615499692,0.000740917656,0.0004915036525,0.0004717984546,0.00006526028822,0.00005984330925,id71,0.001979783431,0.00006317742265,0.003266450546,0.001786246665,0.002621430283,0.0008699358899,0.001810281802,0.00007682032391,0.0003210420399
thinking_var_normal - C4.csv,thinking,variance,C4,143,,id72,0.0001898234264,0.0003273222638,0.00006547482701,0.0003636491181,0.00059994134,0.0004153310711,0.0003397367558,0.0005706539385,0.0002892905752,id72,0.0001599186149,0.0002354968079,0.0000602929711,0.0003724762028,0.0001795926328,0.000238754159,0.0002710999491,0.0002550084668,0.0002164148281,id72,0.0002464348132,0.001219989624,0.0003866568374,0.001058767387,0.001841481097,0.000824769675,0.00139674968,0.0005753580683,0.0009921806448
thinking_var_normal - C4.csv,thinking,variance,C4,144,,id73,0.00030022995,0.0005163373571,0.0002781271337,0.0007747279789,0.0005474979595,0.0004418026751,0.0005657967137,0.0008295011623,0.0009416925302,id73,0.000160172438,0.0003597955293,0.000166658881,0.0001688651302,0.0004019890299,0.0002522327465,0.0002561919326,0.000306852648,0.0004838504529,id73,0.0002193202488,0.001055463963,0.0005396127707,0.001283991078,0.001434967381,0.0009669608644,0.001309529457,0.001000367707,0.001895945997
thinking_var_normal - C4.csv,thinking,variance,C4,145,,id74,0.0004082078202,0.00005475787637,0.0003800019225,0.0003442251278,0.0004449423116,0.001009913895,0.0006971888917,0.0003870956618,0.0007300342694,id74,0.0004070243784,0.00003956417217,0.0002593074074,0.000240430181,0.0003524285121,0.000586113612,0.000430636852,0.0002002071545,0.0005474588898,id74,0.001484568339,0.00005001411356,0.0008905362856,0.0004152785278,0.0007654807508,0.001651920408,0.001619625457,0.0004940220925,0.002045378634
thinking_var_normal - C4.csv,thinking,variance,C4,146,,id75,0.00004421816849,0.0003765090308,0.0006461098709,0.000649348212,0.000005624121348,0.000506414549,0.0005145048255,0.0003627822379,0.0002769667574,id75,0.00002267764604,0.0002597159734,0.0004616984144,0.0005649075155,0.000001556419207,0.0003045401654,0.0003519456534,0.0002423618582,0.0001803014904,id75,0.0001140119931,0.001843734469,0.003154546767,0.002343391809,0.000002223844036,0.003020337744,0.00253123051,0.0008792774968,0.001276937706
thinking_var_normal - C4.csv,thinking,variance,C4,147,,id76,0.0007609177935,0.000479655115,0.0002668972806,0.0001051417951,0.00009639135201,0.00006462932226,0.0003630042452,0.00006268791531,0.0002899012774,id76,0.0005276487613,0.000279409802,0.000187580609,0.00004244531132,0.0001027255461,0.00003731104626,0.0002320350571,0.0001012781869,0.0001823835241,id76,0.00333487117,0.00133966294,0.000980513224,0.000112352898,0.0002082599924,0.00009767266742,0.001007394769,0.000221944112,0.001021391041
thinking_var_normal - C4.csv,thinking,variance,C4,148,,id77,0.0005453955867,0.0009901564286,0.0007648271409,0.0003998080111,0.000353598158,0.0002240488339,0.0002163801973,0.0004230009733,0.000168724394,id77,0.0004660763711,0.0003568309177,0.0003337802863,0.0004170719049,0.0002865047244,0.0001704833372,0.0002341139596,0.0003012821449,0.0001506902436,id77,0.001614853411,0.002298055612,0.002182192737,0.001076398188,0.0006986821507,0.0004450427215,0.0008661506103,0.0008901666662,0.0006001258919
thinking_var_normal - C4.csv,thinking,variance,C4,149,,id78,0.0003869574352,0.0002810094385,0.00000003726433611,0.0003720055276,0.00008139849506,0.0003467205973,0.000537004819,0.0003880806009,0.0003190253337,id78,0.0001864658895,0.0001492658566,0.00000001516473002,0.000162928783,0.0000220044929,0.0003441636881,0.0002375394017,0.0001753132803,0.0002712784573,id78,0.0006211332065,0.0003938342374,0.00000003435581518,0.0005594597527,0.00007188950665,0.0006771034658,0.001175696627,0.000415858856,0.001011004601
thinking_var_normal - C4.csv,thinking,variance,C4,150,,id79,0.0005883141098,0.0001837150595,0.0001816681939,0.0005069646947,0.0005244822052,0.0004672344157,0.00001252943957,0.0005929620146,0.000050817237,id79,0.0004383345864,0.0001264306473,0.0001184434701,0.0005729231457,0.0002812439814,0.000292795305,0.00001305140332,0.0005887279842,0.00007030962462,id79,0.001739715859,0.0003387968222,0.0002703062308,0.0009380254429,0.0005146008087,0.0008293568937,0.000009513379697,0.0007936773083,0.00006231896837
thinking_var_normal - C4.csv,thinking,variance,C4,151,,id8,0.0006595647549,0.000001892754171,0,0.0000907412744,0.0005746435367,0.0004470447756,0.0008216666521,0.0004636501426,0.0002258460494,id8,0.0003469663648,0.0000007405841278,0,0.00004955915453,0.0001460699065,0.0001330319997,0.0002996057739,0.0002043167234,0.0001052140325,id8,0.001075643487,0.00000158381977,0,0.0001424491462,0.0003820330898,0.0001696251572,0.0005532525965,0.0003623142042,0.00009713321882
thinking_var_normal - C4.csv,thinking,variance,C4,152,,id80,0.0002521157845,0.0004124531816,0.0004063785331,0.00009189729605,0.000109885096,0.0002306209859,0.00005234509984,0.0002861424803,0.00005300487271,id80,0.0001929842525,0.0002799560797,0.0002551805832,0.00003690177063,0.00003643620405,0.0002606726873,0.0000574234488,0.0002183548099,0.00002166276222,id80,0.0006242815239,0.001482487109,0.001432824698,0.0004675311697,0.0001874790856,0.0009807980284,0.00007743604806,0.0006023512609,0.00005260016467
thinking_var_normal - C4.csv,thinking,variance,C4,153,,id81,0.00004099742027,0.00000005732033323,0.00002159233228,0.0003323734821,0.00101766509,0.0000434979455,0.000001723101059,0.00003030206769,0.00002772334547,id81,0.00004473287024,0.0000000179325225,0.00001679690232,0.0002711956771,0.0005852044965,0.0001358838519,0.0000007248482756,0.00004972090962,0.00005087316225,id81,0.00008175890938,0.00000001781629583,0.00001722761178,0.0002829953505,0.001663599364,0.00009194283049,0.0000008485394062,0.0002171858988,0.0001321894623
thinking_var_normal - C4.csv,thinking,variance,C4,154,,id82,0.0004805228966,0.0007862355236,0.0008612926581,0.0008009066728,0.0006325755334,0.0006012831987,0.0007216787564,0.0005846110171,0.00027850544,id82,0.0004530649397,0.0004406782192,0.0002732073075,0.0004325645937,0.0004595700923,0.0002725195295,0.0004934352658,0.0007995663092,0.0001097165726,id82,0.001688214139,0.002413283063,0.002244069021,0.002275377404,0.002381328348,0.002573557872,0.00326538497,0.002233668022,0.0004968222403
thinking_var_normal - C4.csv,thinking,variance,C4,155,,id83,0.0004564900234,0.0000415562591,0.0009041753788,0.0003383246522,0.0003999333471,0.00008381824957,0.00004101787784,0.0004961882735,0.0006685548959,id83,0.0005457288977,0.00006931950564,0.0005934438855,0.0001592487939,0.0002107607203,0.00008138874553,0.00002463932126,0.0002991630138,0.0007988029206,id83,0.0008830384339,0.00003964743308,0.002298476078,0.001229849487,0.0006735680974,0.0002734584903,0.00001340659533,0.001589431913,0.001236452977
thinking_var_normal - C4.csv,thinking,variance,C4,156,,id84,0.000574386131,0.0003846604035,0.0001952892815,0.0001858868197,0.0001222627606,0.0001815574233,0.0004877744839,0.0003005203036,0.0001638878179,id84,0.0003776341819,0.0002623541572,0.0001949030646,0.00008184023118,0.0001232263527,0.0001508736708,0.0002907026664,0.000306221926,0.0002024304553,id84,0.001353243417,0.0005223489126,0.0004859196299,0.00008548419448,0.0002251020163,0.0003289290168,0.00121964579,0.0006818561412,0.0002076512269
thinking_var_normal - C4.csv,thinking,variance,C4,157,,id85,0.00004604264329,0.00004665634362,0.0001066193028,0.00002068341743,0.0001001155776,0.0003711139295,0.0001082692778,0.00006191858839,0.0001935713234,id85,0.000043912854,0.00002045107241,0.00006075507798,0.00002517124927,0.00007388959796,0.0006783450667,0.00003472680942,0.00005977748378,0.0001486590461,id85,0.00005730565088,0.00002257913399,0.00009948919381,0.00003354813848,0.00006450821471,0.0008230562462,0.0002202509732,0.00006501137902,0.0004455108959
thinking_var_normal - C4.csv,thinking,variance,C4,158,,id86,0.000006823051036,0.0003419103661,0.0003347437289,0.000436416339,0.0003460551952,0.000536797599,0.0006097650429,0.0004138156091,0.0001758873047,id86,0.000003377204855,0.000181954568,0.0001604157641,0.0002930827272,0.0002146211088,0.0003768656508,0.0002784453749,0.0003138994214,0.0001142536149,id86,0.00001229642884,0.0006068786,0.0009863770335,0.0006118842561,0.001205123595,0.001381288833,0.002510298218,0.0008013478966,0.0003157676218
thinking_var_normal - C4.csv,thinking,variance,C4,159,,id87,0.0006974955842,0.0003472904101,0.0004771056206,0.0003878819396,0.0006816921887,0.0008566355728,0.0005869718214,0.0007408103053,0.0006820641639,id87,0.0003435358043,0.0001653320998,0.0003356471465,0.0003252087649,0.0004145067453,0.0005037944032,0.0006374378187,0.0005785494479,0.0004101774352,id87,0.001745895312,0.0007333277593,0.002178717546,0.00110815525,0.001809804179,0.003552211598,0.001495574508,0.002082067325,0.002057789377
thinking_var_normal - C4.csv,thinking,variance,C4,160,,id88,0.0007371551384,0.0007536690579,0.0006014155065,0.0004382332133,0.0005066539217,0.00010261386,0.0004624862204,0.0002067069237,0.0005972747868,id88,0.000622399419,0.0004722175643,0.0004699507337,0.0003016202978,0.0002650093696,0.00005297157175,0.0005713668838,0.0001374158082,0.0003256546206,id88,0.001214307366,0.001174945258,0.0007499295535,0.0009878735737,0.0004293430876,0.00006622117292,0.0009495065434,0.0003835632911,0.001868064461
thinking_var_normal - C4.csv,thinking,variance,C4,161,,id89,0.00008363242792,0.0004374230131,0.0002270243476,0.00006814484355,0.00003736154492,0.0001181218855,0.0002090053219,0.00002916690927,0.0001302666164,id89,0.00009279458223,0.0002942981418,0.0001363273189,0.00002273635033,0.00005460913421,0.0001962986058,0.0003136403805,0.00008391563697,0.00017516834,id89,0.0001930460295,0.001567381814,0.0008481825496,0.0002888363721,0.0001570637623,0.0001754571631,0.0004407060917,0.00009669548983,0.0008745274725
thinking_var_normal - C4.csv,thinking,variance,C4,162,,id9,0.0008907319834,0.0002173389413,0.0000868236503,0.0003011781355,0.0002578055995,0.00001435384435,0.0000009011626226,0.0002917207943,0.00009211722929,id9,0.000304708227,0.0001111857927,0.00005902082014,0.00008590751269,0.00007372573056,0.000003663265322,0.0000004702484429,0.0001866619764,0.00008517320933,id9,0.0003907256733,0.0001699921629,0.00005658673667,0.0001373660384,0.00007254399895,0.00001243615907,0.0000005700331008,0.0002043125308,0.0002526310045
thinking_var_normal - C4.csv,thinking,variance,C4,163,,id90,0.0005143931083,0.0004968461778,0.0002445354223,0.0001468786552,0.00000001338215567,0.00003506658806,0.00006720796853,0.0002955010266,0.00000270717863,id90,0.0006855504624,0.0004367354027,0.00008998296793,0.00005741833318,0.000000006636386184,0.00006337792351,0.00002818737657,0.0003990607974,0.000001620629053,id90,0.0006459521146,0.001042880818,0.000165214055,0.00004666834252,0.000000006312033948,0.0001071249737,0.00004214591232,0.0004830678221,0.000001303661692
thinking_var_normal - C4.csv,thinking,variance,C4,164,,id91,0.0000007749504641,0.00002126917049,0.0000207800756,0.0001093923872,0.000000313560485,0.0001025018173,0.0001974955167,0.00005728920973,0.0003900364258,id91,0.0000005503293264,0.00001171382897,0.000004848302255,0.0003401269534,0.00000002349225145,0.000004517788022,0.0000771103652,0.00009261281508,0.0001567003672,id91,0.0000003988145619,0.00001598705614,0.00001103083497,0.0005425082164,0.00000003990247007,0.000004361872402,0.0001197462984,0.0001017443925,0.0001947312661
thinking_var_normal - C4.csv,thinking,variance,C4,165,,id92,0.0004838031029,0.0008882346181,0.0006938692876,0.0004930400511,0.000454772319,0.0006558800984,0.0002431968671,0.000001251019379,0.0003653987918,id92,0.0001803734323,0.0004442600812,0.000530913907,0.0002105391918,0.0003102297946,0.0005004813332,0.00009103970752,0.0000002557873897,0.0003029905667,id92,0.0004195315958,0.0007095289304,0.0006118704485,0.0009068003888,0.0003872253984,0.0007381644771,0.00008409745975,0.0000009200945764,0.0004523540254
thinking_var_normal - C4.csv,thinking,variance,C4,166,,id93,0.0009803273185,0.0009550601018,0.0001827394216,0.001111535187,0.0004759175204,0.0008291168684,0.0007723974525,0.0007370868423,0.00004134114053,id93,0.0009829512752,0.0007233459956,0.0001118191369,0.0005344471027,0.0002541426763,0.0006896323951,0.0003409011154,0.0001608168124,0.00001760211169,id93,0.002752817254,0.002032479864,0.0002700206198,0.002527792162,0.001945577024,0.002293879836,0.0003711413219,0.002471261825,0.00002685062372
thinking_var_normal - C4.csv,thinking,variance,C4,167,,id94,0.0005701240895,0.0007946916495,0.0002204436266,0.0001991273006,0.0004279135154,0.0001766456061,0.0002965553524,0.000008401870628,0.00020241641,id94,0.0003505471663,0.0003586829298,0.0002172264116,0.000113982709,0.0003835806288,0.0001542234677,0.0002220493889,0.000004137605177,0.0002445208904,id94,0.001415703988,0.001377844908,0.0002451786006,0.0003538164188,0.001186779874,0.0002026003033,0.001203443481,0.00000507618885,0.0006872322857
thinking_var_normal - C4.csv,thinking,variance,C4,168,,id95,0.0005021080972,0.0004706923065,0.000513992786,0.0003164324897,0.0002366841622,0.00002544948472,0.00008555081001,0.0002575045243,0.0004119624349,id95,0.0003729436116,0.0003352462263,0.0002963964779,0.0003703579353,0.000190038791,0.00002820795011,0.0000614712751,0.0001589162732,0.0002615628119,id95,0.001496904747,0.001200335901,0.001678585085,0.0008369613774,0.0008501101426,0.00001736700244,0.0002799157618,0.0008300128044,0.001298874313
thinking_var_normal - C4.csv,thinking,variance,C4,169,,id96,0.00002789536788,0.0001091352472,0.0002712829907,0.00001143366699,0.00007156695592,0.00001211359652,0.00005049492947,0.0004071677191,0.0002878595883,id96,0.00001912289692,0.00008184618256,0.0002400158452,0.000006260236183,0.00009409548232,0.00002514396502,0.00002105796531,0.0003106871693,0.0003393350945,id96,0.00004054080258,0.0001800862818,0.0006286197298,0.000006732608024,0.0001007456856,0.00001830238038,0.00004057619335,0.001303431619,0.0004964399011
thinking_var_normal - C4.csv,thinking,variance,C4,170,,id97,0.0004113031016,0.0005508253089,0.000413297784,0.0004601792042,0.0001283745934,0.000009713910325,0.0008405396346,0.0003978198381,0.0004075635128,id97,0.0002918220968,0.0004963801687,0.0004082780179,0.000310678867,0.00009882923346,0.000006239037947,0.0003880572928,0.0003873654768,0.0003842048553,id97,0.0004182295526,0.0008214039579,0.000890198322,0.0006904603762,0.0002146549654,0.000009013402845,0.001020135157,0.0004806917862,0.000588837901
thinking_var_normal - C4.csv,thinking,variance,C4,171,,id98,0.0001745451202,0.0004936508204,0.000452770881,0.00006273807548,0.00004901752605,0.0004799031277,0.000262342745,0.0006965572249,0.0002850093245,id98,0.0003331017094,0.000677663674,0.0008097682798,0.00003354472322,0.00006570914674,0.0007282434646,0.0004717118797,0.001300345984,0.0003243098311,id98,0.0001358899797,0.0005971680391,0.0004783707492,0.00004127350331,0.00003731439374,0.0005989625034,0.0002852110246,0.0008034902902,0.0002281174471
thinking_var_normal - C4.csv,thinking,variance,C4,172,,id99,0.0009263962693,0.0006186372117,0.0007922066907,0.0007242389091,0.0005426315779,0.0006651282797,0.0004395921383,0.0006865075529,0.0009043210739,id99,0.0004360270708,0.0003752705339,0.0002005579824,0.0003058946482,0.00027480378,0.0002598013623,0.0004211280064,0.0002919612486,0.0004852343555,id99,0.001757679385,0.0005144456424,0.001426820357,0.002716272127,0.002380069216,0.0027539629,0.001026526786,0.002111584274,0.003905058761
thinking_var_normal - Cz.csv,thinking,variance,CZ,1,,High_Beta,variance (µ),,,,,,,,,Low_Beta,variance (µ),,,,,,,,,Mu,variance (µ),,,,,,,,
thinking_var_normal - Cz.csv,thinking,variance,CZ,2,,ID,scenario1,scenario2,scenario3,scenario4,scenario5,scenario6,scenario7,scenario8,scenario9,ID,scenario1,scenario2,scenario3,scenario4,scenario5,scenario6,scenario7,scenario8,scenario9,ID,scenario1,scenario2,scenario3,scenario4,scenario5,scenario6,scenario7,scenario8,scenario9
thinking_var_normal - Cz.csv,thinking,variance,CZ,3,,id1,0.0003764201811,0.0001679554256,0.0003194507974,0.0002483648113,0.0005471683107,0.00001035045009,0.0000003202350736,0,0.00007700972806,id1,0.00003275903869,0.0001482393001,0.0002627880318,0.0001088447931,0.0002351424744,0.000002654511573,0.0000001139318155,0,0.00004461089701,id1,0.00004458733684,0.0001154862916,0.0002584858268,0.0001427599747,0.0004638069383,0.00000278847702,0.0000001782374673,0,0.000134891444
thinking_var_normal - Cz.csv,thinking,variance,CZ,4,,id10,0.00008946694442,0.00008349989925,0.0001557257304,0.000005832019057,0.0003348259677,0.0003586679299,0.00006625189765,0.0005246590599,0.0003559666887,id10,0.0001639688,0.00003780135727,0.0001740054331,0.0000003086304809,0.0002511202789,0.0003534521832,0.00008927772464,0.0003791072277,0.0001806958458,id10,0.00008220307868,0.00008820481088,0.0003183441987,0.000000312316443,0.0007635829275,0.0005015166392,0.00005167111339,0.0005274733438,0.0003352336853
thinking_var_normal - Cz.csv,thinking,variance,CZ,5,,id100,0.0003562023048,0.0002486394598,0.0002651278753,0.000351847529,0.0003220860761,0.0004210991639,0.0005543365553,0.000398208567,0.0007202468438,id100,0.0004338447247,0.0002246833684,0.0001082175703,0.0003519302657,0.0001746042145,0.0004385106722,0.0009297934347,0.0004797291469,0.0008018320434,id100,0.0006485311673,0.0002704315293,0.0001211800178,0.0006136263112,0.0001879653383,0.00100527041,0.002048881914,0.0007998137347,0.00192899439
thinking_var_normal - Cz.csv,thinking,variance,CZ,6,,id101,0.0005004409905,0.0005131209096,0.0005683856152,0.000399253394,0.0002810882016,0.0005432246856,0.0004176440441,0.0005911887532,0.0007444715486,id101,0.000275903358,0.0002261092829,0.0003188120749,0.0001989571826,0.0001561412183,0.0003461803446,0.0002536895265,0.0004583679428,0.0002620454736,id101,0.0009859404789,0.0002681559349,0.0009777859165,0.0007377330531,0.0001878009408,0.0005739904949,0.0005395062667,0.0005486526474,0.0005717734408
thinking_var_normal - Cz.csv,thinking,variance,CZ,7,,id102,0.001064909372,0.0006556435603,0.0007692993251,0.0001389146818,0.0005178596553,0.0008794488721,0.0009468207433,0.000369342899,0.0006151598713,id102,0.0006817517957,0.0003127496904,0.0003977520463,0.0001107724596,0.0003521982472,0.0006072772965,0.0007135798312,0.0002719386861,0.0002465444886,id102,0.0007117245409,0.0002258574427,0.0007531351072,0.00007966314133,0.0007635070642,0.001454855487,0.000763125649,0.0001878343632,0.0004265127132
thinking_var_normal - Cz.csv,thinking,variance,CZ,8,,id103,0.0009336400608,0.0007865144788,0.0006202408181,0.000390652039,0.0008498279316,0.001005688519,0.0003791571343,0.0001551935267,0.0002362994473,id103,0.0003152411418,0.0004527716441,0.0005331415783,0.0001912710499,0.0003011996337,0.0003235374384,0.0002229240712,0.0001291076418,0.000118214144,id103,0.00174416429,0.001129880978,0.002191025476,0.0008468744966,0.002037786826,0.001359829661,0.001132965996,0.000237655113,0.0006179162316
thinking_var_normal - Cz.csv,thinking,variance,CZ,9,,id104,0.0004136190245,0.0005872876244,0.0003958937704,0.0006620860473,0.0000928300726,0.0005941446278,0.0005745792149,0.0005359671711,0.0005652625726,id104,0.0003864883114,0.0003382091273,0.0002860578067,0.0004688089199,0.00004130774962,0.0003663689389,0.0002781471434,0.0005548966982,0.0005412126381,id104,0.001124813111,0.002707029368,0.001222176642,0.002222654366,0.0000920048529,0.002120612575,0.001615660972,0.001710664466,0.001638286786
thinking_var_normal - Cz.csv,thinking,variance,CZ,10,,id105,0.0002467600614,0.0004714793132,0.000159154549,0.0004936305525,0.0006793547647,0.0006961533227,0.0004120230789,0.0006798065754,0.0006809031608,id105,0.0001654832475,0.0005105702819,0.00006929436212,0.0001964022745,0.0006562622574,0.0003080013698,0.0001867108656,0.000620508608,0.0006526363832,id105,0.0001378353546,0.0004321459228,0.00007196653273,0.0004542620433,0.0005042895143,0.0005376955335,0.0001400219253,0.000497161603,0.0004240580103
thinking_var_normal - Cz.csv,thinking,variance,CZ,11,,id106,0.00001176146093,0,0.0002188889541,0.0004059756608,0.000466856532,0.00005793538492,0.0005794805848,0.0004328604229,0.00003077777855,id106,0.00001283862429,0,0.00007246195322,0.0002510280178,0.0002696936433,0.00004259893438,0.0003391627347,0.00008273234036,0.0000231753241,id106,0.00002540833484,0,0.0001703564134,0.000414597449,0.0003412573596,0.00005264599946,0.0005647955007,0.0001514264222,0.00002739744611
thinking_var_normal - Cz.csv,thinking,variance,CZ,12,,id107,0.0003620481494,0.0007398522658,0.0006685228652,0.0006323777207,0.0009405104574,0.000296795759,0.0009245977118,0.0004264086355,0.0006477505276,id107,0.0001952420031,0.0004203620241,0.0003500418049,0.0009262897738,0.0007701179179,0.0003277377834,0.0004902703134,0.0002038488361,0.0005313699374,id107,0.0002863224949,0.000734731496,0.0005314645719,0.002170714502,0.002052821271,0.0003966907581,0.001400972965,0.0002677713413,0.0009519188433
thinking_var_normal - Cz.csv,thinking,variance,CZ,13,,id108,0.0004480732009,0.0006792546744,0.000385878225,0.0002819824905,0.0004505507792,0.0003592384095,0.0001634898124,0.0005785967684,0.0003667933651,id108,0.0001431082546,0.0004625659027,0.0001457299797,0.0001024914976,0.0002419566853,0.0001414629906,0.000110451294,0.0004578983078,0.0003187588271,id108,0.001135687013,0.0007392382787,0.0007732805599,0.0008039461671,0.001187197575,0.001221029488,0.0001096057307,0.001002755803,0.0003262262556
thinking_var_normal - Cz.csv,thinking,variance,CZ,14,,id109,0.0003818884661,0.0007064887956,0.0004634649458,0.00001041275546,0.0004487614652,0.0004484025192,0.00007670964269,0.0000282814383,0.0004400411341,id109,0.0003405404165,0.0003912366629,0.0003962088838,0.0000157909531,0.0003652882118,0.0003980283783,0.00009773567205,0.00003685547265,0.0002165249834,id109,0.0004245196296,0.001454809991,0.001713702721,0.0000176593339,0.0004977982546,0.0005992294892,0.0002201326025,0.0001163466701,0.0007982081386
thinking_var_normal - Cz.csv,thinking,variance,CZ,15,,id11,0.0004496360428,0.0004008921947,0.00000008679292579,0,0.0000005463204771,0.0003460694688,0.0001827857624,0.0006892280266,0.00003845853873,id11,0.0002515611423,0.0002097190347,0.00000001007497114,0,0.0000007307846526,0.0002340991417,0.0000803863629,0.0006688743652,0.00000328619146,id11,0.0009730022178,0.0005812498752,0.0000000374156522,0,0.0000007770088566,0.0009418016804,0.0003837267871,0.002289061237,0.000006347857601
thinking_var_normal - Cz.csv,thinking,variance,CZ,16,,id110,0.0009402349529,0.0005386072057,0.0005346744614,0.0005785677988,0.00009874324447,0.000351851846,0.00007406421806,0.0002153847069,0.00064533604,id110,0.0005251995647,0.0002262531806,0.0003419558762,0.0003073952927,0.00007604362253,0.000270000815,0.00004742741595,0.0001575724549,0.000376796339,id110,0.002292159835,0.001421655527,0.001288681668,0.002281832179,0.0001844294427,0.0008987593796,0.0000821293004,0.0001253908763,0.001791888604
thinking_var_normal - Cz.csv,thinking,variance,CZ,17,,id111,0.0001586932138,0.0000003057366519,0.00005135544271,0.0001121041448,0.0003135203568,0.00116183895,0.0002051019655,0.0004120901229,0.0002208685405,id111,0.0000582953483,0.00000007430364655,0.00002637734656,0.00004954608728,0.0002014035027,0.00067254257,0.0000952086606,0.0001288945662,0.00009922949912,id111,0.00005701986569,0.00000005252767433,0.00003344523138,0.00005619726582,0.0001633697215,0.0005803837013,0.00008524782454,0.0001523927626,0.0002136002384
thinking_var_normal - Cz.csv,thinking,variance,CZ,18,,id112,0.0001208764408,0.00007820554915,0.0002301189127,0.0004980881439,0.00005855704483,0.0001195526958,0.0002221223048,0.0001713958965,0.0005965958399,id112,0.00007768098711,0.00004705377103,0.0001414367315,0.000205449523,0.00008311549655,0.00004471199584,0.0002026772709,0.0001235595184,0.0003454676809,id112,0.0000818454459,0.00007380840072,0.0004695912138,0.0007697817888,0.00004222577342,0.0001126348988,0.0004947563377,0.0001546986553,0.001735518007
thinking_var_normal - Cz.csv,thinking,variance,CZ,19,,id113,0.0003547763629,0.0006704761379,0.0005707594741,0.0006584278442,0.0005768230635,0.0008183498592,0.0006839180208,0.0007767504625,0.0006715999891,id113,0.0001966965675,0.0002908270043,0.0002778459458,0.0005065998718,0.0003707229635,0.000533495141,0.0002654527964,0.0004310222517,0.0003735477821,id113,0.00159887127,0.003126921648,0.003490542421,0.003522126136,0.003330283066,0.00405010403,0.002421626872,0.002813068252,0.00287383063
thinking_var_normal - Cz.csv,thinking,variance,CZ,20,,id114,0.0003305224643,0.0002579433484,0.0005236749118,0.0005865182739,0.0006897872781,0.0007417792579,0.0004999835679,0.0002322221132,0.0005506638036,id114,0.0001914787093,0.0001553581549,0.0002033513326,0.0004052305102,0.0004266043189,0.0008317199195,0.0004003846922,0.0003203439875,0.0004817949947,id114,0.0005810030413,0.0004546369754,0.0008736443729,0.0008285152673,0.002353953964,0.002120793696,0.001280753576,0.0008423190683,0.002070175148
thinking_var_normal - Cz.csv,thinking,variance,CZ,21,,id115,0.00007693847979,0.0004350435155,0.0001867215788,0.0001278757266,0.0004199025692,0.0003421759765,0.00004668256116,0.00009502444433,0.0007470016796,id115,0.00006384222399,0.0002487419416,0.00009140588881,0.0001034088425,0.0002802120714,0.0002968202709,0.00003920729852,0.00006948279673,0.0005439641505,id115,0.00005687955577,0.0001599537825,0.00005523097876,0.00006889221473,0.0003091414463,0.0003635274822,0.00002169659184,0.00007812970545,0.0005022904178
thinking_var_normal - Cz.csv,thinking,variance,CZ,22,,id116,0.0003654417646,0.000382329416,0.0005769664207,0.000377771465,0.0005125169475,0.0004441624301,0.0003829855575,0.0006949729221,0.000428598986,id116,0.0002105821016,0.0002377690532,0.0003185846364,0.0003717095479,0.0005091303453,0.000252923019,0.0002345045198,0.0004769018178,0.0002049563409,id116,0.0008482731475,0.001031976484,0.001977642842,0.001273146916,0.002828351133,0.002068374373,0.001602522464,0.002826966168,0.001480035841
thinking_var_normal - Cz.csv,thinking,variance,CZ,23,,id117,0.000611652578,0.0006615246832,0.0003768942872,0.0008496558958,0.00005783569786,0.00009827276562,0.0007933313603,0.0001579308744,0.0004056705241,id117,0.0004312238216,0.0003416740403,0.0007342861099,0.0008193301017,0.00006192717314,0.00004850676393,0.0007606389175,0.0004312400792,0.0004131204262,id117,0.0005419393824,0.001056953222,0.0003320833785,0.0008187117087,0.00007285174366,0.00006305090086,0.0006377963426,0.0002339221947,0.0006537206716
thinking_var_normal - Cz.csv,thinking,variance,CZ,24,,id118,0.0002044427785,0.0001769444168,0.0001305684672,0.0001532839512,0.0001739317017,0.000154841592,0.00009414393027,0.0001469716312,0.0001140954758,id118,0.00008598972017,0.0001099370663,0.00002898512082,0.0000953842855,0.0000746472046,0.00006346766734,0.00004036435657,0.00006962431522,0.00003454392985,id118,0.0001643312679,0.0001037040465,0.00003519942463,0.00007882146346,0.00006799586797,0.00007736641381,0.00005102874545,0.00009531597546,0.00004985450398
thinking_var_normal - Cz.csv,thinking,variance,CZ,25,,id119,0.0001940471662,0.0007429206948,0.0007766181018,0.0005761773364,0.0009012305018,0.0005273175303,0.0006093093921,0.0008069266928,0.0006186810209,id119,0.0001242100546,0.0003739178308,0.0006120275737,0.0004559699012,0.0004670770396,0.0006060737071,0.0005524426172,0.0003832503563,0.0002470117926,id119,0.0004532817404,0.00274946095,0.003217546164,0.003224165313,0.003811522364,0.002169297639,0.002986615652,0.002660307561,0.001697407576
thinking_var_normal - Cz.csv,thinking,variance,CZ,26,,id12,0.0008452011029,0.00003235174511,0.00002350482132,0.0002524640951,0.0007847012069,0,0.0006746385244,0.0005222350309,0.00001455472923,id12,0.0003126887881,0.00001219487945,0.00001280884331,0.00004200078031,0.0003414166755,0,0.0002961867984,0.0002058769402,0.00002106744879,id12,0.0007109926493,0.0000157300764,0.00002832967258,0.00005937644698,0.0009884158301,0,0.0006979253891,0.0004500528418,0.00002130974791
thinking_var_normal - Cz.csv,thinking,variance,CZ,27,,id120,0.0003967258298,0.0005056202346,0.0001261677115,0.000631020645,0.0005856169508,0.0008722856395,0.0003742570166,0.0007390901159,0.0006056115808,id120,0.0002664229971,0.0003129943692,0.0001329346821,0.0003301698846,0.0004008548485,0.0006213265288,0.0003735658663,0.000420555551,0.000290283426,id120,0.001081794502,0.001119042633,0.0001314903164,0.003296457778,0.003047442245,0.004086681349,0.001780623641,0.002167846247,0.001520228501
thinking_var_normal - Cz.csv,thinking,variance,CZ,28,,id121,0.0005166624168,0.0002789770935,0.0005747876955,0.0005207370602,0.0005609383615,0.0004809478776,0.0004116759756,0.00008815858946,0.0004686193706,id121,0.0003064323651,0.0002062458812,0.0003132642112,0.0002688369333,0.0003686334574,0.0004503343008,0.0003089891802,0.00003803622454,0.0004402654419,id121,0.001162631379,0.001060057632,0.0008179281166,0.0009777273298,0.001358009875,0.001320188573,0.001115108467,0.00008439098433,0.001354642088
thinking_var_normal - Cz.csv,thinking,variance,CZ,29,,id122,0.001022933267,0.0007599330297,0.0005428830672,0.0005524658493,0.0003240441537,0.000000008989453893,0.0004351815323,0.0007643325186,0.0003144882639,id122,0.00045211638,0.0003677073811,0.0002710581193,0.0002820386555,0.0002451892524,0.00000004565200898,0.0004567330522,0.0003833157376,0.0002711428123,id122,0.003855484261,0.001869385279,0.001264457326,0.0007348722246,0.0004532500277,0.00000008824222368,0.001819166911,0.001801561676,0.0006913048055
thinking_var_normal - Cz.csv,thinking,variance,CZ,30,,id123,0.0007490993776,0.0002536496861,0.0009614896199,0.0008861190749,0.0006783864881,0.0000001490330244,0.0005891188619,0.0006841943682,0.000458279241,id123,0.0006568793595,0.0001448981332,0.0003497664315,0.0006207194452,0.0005615883251,0.0000001183864687,0.0005681274033,0.0005813866608,0.0002248593791,id123,0.001791476245,0.0007660235246,0.002459771254,0.002314971566,0.002310505687,0.0000005655913779,0.002701377278,0.002643344747,0.001545518774
thinking_var_normal - Cz.csv,thinking,variance,CZ,31,,id124,0.000205370065,0.00000004678274599,0.0001879051384,0,0.0001328121155,0.0002852173431,0.00001377362535,0.0000280150438,0,id124,0.0002943892774,0.00000004181676591,0.0001097415997,0,0.00008281813047,0.0001911738375,0.000003583072083,0.000006802058854,0,id124,0.0002363998809,0.00000007305853143,0.0002465875222,0,0.000160267427,0.0002805496426,0.000006870030102,0.0000180056228,0
thinking_var_normal - Cz.csv,thinking,variance,CZ,32,,id125,0.0001681021415,0.0006427867967,0.0007019557816,0.0002730230237,0.0006530944383,0.0006764148353,0.0007331035258,0.0007466884984,0.0004511537909,id125,0.00006729113734,0.0003191639688,0.0003701177187,0.0003255668138,0.0005738113824,0.0003616298183,0.0004317145933,0.0005206163704,0.0003284978092,id125,0.0001273790091,0.001759649841,0.001704546557,0.0006980346049,0.001527087341,0.0022812323,0.001785079004,0.002356603086,0.002033538428
thinking_var_normal - Cz.csv,thinking,variance,CZ,33,,id126,0.0006058213156,0.0004001821931,0.0008195667951,0.0004411648928,0.0007748699912,0.0003837265124,0.0006504482627,0.0005720951641,0.0001289034779,id126,0.0005620739949,0.0001794017684,0.0005158462839,0.0005923171176,0.0006155868038,0.0004819928395,0.0004126951373,0.0003817544579,0.00004732162406,id126,0.0003526551446,0.0002294076151,0.0004607724582,0.0003079425567,0.0004221844879,0.0003735879727,0.0004639386272,0.0003757772835,0.00006894159652
thinking_var_normal - Cz.csv,thinking,variance,CZ,34,,id127,0.0006969417313,0.0007570224264,0.0006442950572,0.0005490364333,0.0002494123097,0,0.0002880050152,0.00003630821056,0.000372409276,id127,0.0004055140471,0.0004179761002,0.0006657543875,0.0003804838599,0.0002482968204,0,0.0001103232465,0.00005786633014,0.0001003316546,id127,0.0008078992898,0.000653783712,0.0006370993454,0.0007857245656,0.0007346576913,0,0.0004013518186,0.0001905050319,0.0001821873358
thinking_var_normal - Cz.csv,thinking,variance,CZ,35,,id128,0.0006082929167,0.0003685505639,0.0006899052661,0.0005766232281,0.000431614839,0.0005721123401,0.001037900537,0.0001612721514,0.0007234545276,id128,0.0003355888099,0.0002068327765,0.0003026453484,0.0002683824923,0.0002332321768,0.0004964272045,0.0005801774599,0.00006574123336,0.000303051585,id128,0.0007941198496,0.0009924516083,0.0008206490497,0.0008462213568,0.0005709703067,0.001609751018,0.001243541107,0.0002277858495,0.002250609723
thinking_var_normal - Cz.csv,thinking,variance,CZ,36,,id129,0.0009049549924,0.0004222754205,0.0002395886625,0.0002853738452,0.000310192915,0.0004225903344,0.0003014277604,0.0005862599216,0.000009922529023,id129,0.0003679980206,0.0003586219351,0.0002121613037,0.0001773733476,0.000171934164,0.0003132174932,0.0001571542521,0.0003792460602,0.000005699104795,id129,0.0009867069281,0.0007677469016,0.0002550134436,0.0004157213471,0.0002063714444,0.0005974278103,0.0001578585278,0.0005493707678,0.00001156806297
thinking_var_normal - Cz.csv,thinking,variance,CZ,37,,id13,0.0002928122425,0.0001833150062,0.0002974229943,0.0001390284117,0.0003398462507,0.00008782555297,0.0004869629892,0.000427085104,0.0002595778814,id13,0.0001623945225,0.0001258349208,0.0002387975923,0.00008749606986,0.000199209091,0.0000377815973,0.0001477697787,0.0002683557787,0.0001311537311,id13,0.0002050464255,0.0001947095592,0.0002321357731,0.00007259928766,0.0002116934791,0.00008945006257,0.0001197474662,0.0002306307735,0.0002421405279
thinking_var_normal - Cz.csv,thinking,variance,CZ,38,,id130,0.00006516710121,0.0001197026536,0.00005433401644,0.0000000621100344,0.0004322177005,0.0004512947564,0.0001384722717,0.0001000165785,0.0005967164431,id130,0.0002644392,0.00003907092806,0.00004977779197,0.00000005132951404,0.0004958915758,0.0002097657671,0.000138357973,0.00004486909373,0.0007475271467,id130,0.00009637499761,0.00004223941086,0.00005358182921,0.00000005528722614,0.001040315272,0.0003359019616,0.0004702129062,0.0003699920887,0.001116514076
thinking_var_normal - Cz.csv,thinking,variance,CZ,39,,id131,0.000001710163506,0.0000001608012988,0.0001782007391,0.0005849488297,0.00006309960592,0.0004929726024,0.0001186684143,0.000009987812844,0,id131,0.000002480836907,0.00000008684620976,0.0001001890828,0.0003574479139,0.0001089802939,0.0004416130849,0.000161592901,0.00001050699605,0,id131,0.000002384860636,0.0000001475574009,0.000166944874,0.0009753431776,0.00007751375367,0.000509455767,0.0005073942542,0.00002110691245,0
thinking_var_normal - Cz.csv,thinking,variance,CZ,40,,id132,0.0001801253639,0.0002640676234,0.0005412247388,0.0005036265685,0.0004359378025,0.0005352958166,0.0005205063172,0.0005818719274,0.0005305470986,id132,0.000120510536,0.0001204081329,0.000337977193,0.0002165668889,0.0001807887678,0.0003643840632,0.0003375276198,0.0003103145614,0.0001862465631,id132,0.0006344062783,0.001528851002,0.002954370486,0.002058927721,0.001648492586,0.003411607232,0.002659163528,0.003233821988,0.002729889012
thinking_var_normal - Cz.csv,thinking,variance,CZ,41,,id133,0.0006661266165,0.0006596441383,0.0003185152164,0.0006799378727,0.0005397235314,0.0006966170201,0.0005107616401,0.0005237429352,0.0007849601733,id133,0.0006517787111,0.0007183350109,0.0002229863453,0.0009642728539,0.0005188558822,0.0009463481284,0.0006728180788,0.0003807773593,0.0004018639564,id133,0.001435051185,0.0009994656558,0.0006322321023,0.001239931894,0.0006509964775,0.001936868068,0.002326396433,0.001868075087,0.003011134331
thinking_var_normal - Cz.csv,thinking,variance,CZ,42,,id134,0.0002590600961,0.0003232125437,0.0004594693827,0.0003016029841,0.0002214026754,0.0004539906672,0.0002102910806,0.0004565495944,0.0003939263221,id134,0.0001014244953,0.0001325364474,0.0002285268729,0.0001310252447,0.0001262903229,0.0001587758835,0.00006058128918,0.0002853403489,0.0002347437524,id134,0.0001603213818,0.0001667419591,0.0003263209614,0.000141365803,0.0001314637539,0.0002501264338,0.00007655988161,0.0003228717668,0.0003090230418
thinking_var_normal - Cz.csv,thinking,variance,CZ,43,,id135,0.0004213159151,0.0006068533034,0.0004732252452,0.0004837174411,0.0006635151577,0.0006126967689,0.0008705300819,0.0005562191336,0.0006297969068,id135,0.000258160166,0.0004556378237,0.0003238893444,0.0003762614183,0.0005249314447,0.0004019283073,0.0004994820868,0.0002486076403,0.0005052731799,id135,0.0009588201756,0.003440925218,0.002195840074,0.00117987735,0.002118405143,0.00246316711,0.002085086232,0.002558118632,0.001980500188
thinking_var_normal - Cz.csv,thinking,variance,CZ,44,,id136,0.0005537159782,0.0005276325259,0.0005036274649,0.0004174960993,0.0005518226429,0.0002002260942,0.000504145746,0.0006292612905,0.0002445395867,id136,0.0004685866186,0.0003468666658,0.0004255329913,0.0002647740882,0.0002690937194,0.0001317216136,0.0004259984747,0.0005243877219,0.0001124170068,id136,0.002533927634,0.002633089152,0.002446961206,0.001669215277,0.001488313144,0.0003456921687,0.00144328688,0.002275285973,0.0009752851858
thinking_var_normal - Cz.csv,thinking,variance,CZ,45,,id137,0.0003178260003,0.0003605858665,0.00001522789562,0.0006992439558,0.0001871401385,0.0001066733828,0.0003122665533,0.0003327323755,0.0001918107645,id137,0.0001427857966,0.0001858986157,0.000007383010296,0.0003399956114,0.00006879881792,0.00002965932281,0.0001224180507,0.0002556531971,0.00015988106,id137,0.0006630790823,0.0008117206895,0.00003561930376,0.0009986403997,0.00007934111784,0.00006786874518,0.0003690282987,0.0005785161017,0.0002205529146
thinking_var_normal - Cz.csv,thinking,variance,CZ,46,,id138,0.0008234396285,0.0006818939988,0.0006836853462,0.0008501699531,0.0006874100902,0.0009569466735,0.0005595798138,0.0004103896434,0.000890628688,id138,0.0005081120962,0.0007277267461,0.0005143125559,0.0005585071977,0.0005331722198,0.0004127289922,0.0003099413323,0.0002638527052,0.000363287712,id138,0.001175324424,0.00144632957,0.002018155875,0.002552198995,0.001240790316,0.001427959546,0.002411691803,0.0009813637883,0.001017671765
thinking_var_normal - Cz.csv,thinking,variance,CZ,47,,id139,0.0007311691564,0.000744273539,0.0007439832186,0.0007029265009,0.0008071801235,0.0007867779366,0.0007091672883,0.0004908232386,0.000726471208,id139,0.0003952231075,0.0002645979909,0.000371766907,0.0003269290627,0.0003038544078,0.0002529337074,0.0002992262887,0.0003201743999,0.0004085885731,id139,0.003170349347,0.004288156169,0.00475309258,0.001860185348,0.004648790446,0.003895487418,0.002451164793,0.001374436037,0.003253860869
thinking_var_normal - Cz.csv,thinking,variance,CZ,48,,id14,0.00005716768519,0.0002310752949,0.000104356667,0.0004634458018,0.0009138957866,0.0008825863496,0.0009974529476,0.0004963655533,0.00036196139,id14,0.00004647822627,0.0000659298613,0.00002545780028,0.0003089558204,0.0004544627415,0.000798225393,0.0007232298683,0.0002922613129,0.0003005259293,id14,0.00006892634317,0.0003214516915,0.00002850934205,0.0005392552641,0.002990280921,0.001675125644,0.002073374388,0.0006339120941,0.0007621752211
thinking_var_normal - Cz.csv,thinking,variance,CZ,49,,id140,0.0007415780222,0.0003960670982,0.0008368880384,0.0007402553034,0.00002457208715,0.0007261585102,0.0004154137093,0.0005266902246,0.0008045465604,id140,0.0005830654215,0.0002965576499,0.0007804120801,0.0003268614996,0.000011832273,0.0004238979098,0.0001921408543,0.0003527029325,0.0002451029723,id140,0.001628751604,0.001020784975,0.002376686338,0.002396364334,0.00001269779468,0.003035504387,0.001208395789,0.003100359424,0.001684069437
thinking_var_normal - Cz.csv,thinking,variance,CZ,50,,id141,0.0009463187938,0.0005872739342,0.0008980578373,0.0005406807032,0.000549003068,0.0005399863949,0.0004281867326,0.0005579565454,0.0004658289123,id141,0.0007304263848,0.0005449366474,0.0003452310431,0.000559769362,0.0006541283238,0.000926558054,0.0004660983679,0.0006550727002,0.000498077008,id141,0.0009996108828,0.0009638846911,0.0005274739765,0.0006787127141,0.0006039856773,0.0006152223249,0.0004799393785,0.001098061343,0.000982630034
thinking_var_normal - Cz.csv,thinking,variance,CZ,51,,id142,0.0008737193642,0.000665510339,0.0006960507465,0.0008013290106,0.0006135395639,0.000596121034,0.0005721709277,0.0005322912604,0.0006790117158,id142,0.0003876802184,0.000293859575,0.0005737434143,0.0004580407989,0.0002919143468,0.0002735670512,0.0004095634838,0.0004129825661,0.0002564046292,id142,0.00342721174,0.002255853375,0.00218524589,0.003906743896,0.003473831576,0.001325654958,0.001413526244,0.001245381455,0.003851850715
thinking_var_normal - Cz.csv,thinking,variance,CZ,52,,id143,0.0005157327564,0.0007720971217,0.00077340596,0.0005100411211,0.0006661444491,0.0008166361971,0.0004417204308,0.0006771764558,0.0005827557761,id143,0.0005620882568,0.0005683812083,0.0004708160617,0.0004768790655,0.0004245819572,0.0004599070037,0.0002774752099,0.000539341682,0.000716541201,id143,0.00136395647,0.002287921661,0.001994759108,0.001874964372,0.002176384311,0.001596158636,0.001099496287,0.002883881377,0.001526090233
thinking_var_normal - Cz.csv,thinking,variance,CZ,53,,id144,0.0004490928377,0.0004793180156,0.0006542122512,0.0005618997389,0.0006281369827,0.0007627871015,0.0006791835417,0.0008479533113,0.0006602498552,id144,0.0003213512815,0.0002977586712,0.000423584661,0.0004443425703,0.0004301099239,0.0003030307205,0.0004041015042,0.0003729175091,0.0003730843489,id144,0.002598330013,0.001649097816,0.00366258916,0.002905002301,0.002067869845,0.003748299681,0.001062441591,0.003322894375,0.002363971759
thinking_var_normal - Cz.csv,thinking,variance,CZ,54,,id145,0.0007530653911,0.0006673542663,0.0007719414335,0.000754391175,0.0007170767484,0.000779516808,0.0006934271885,0.0005057827749,0.0005630295047,id145,0.0004806517229,0.0004965816144,0.0007354713475,0.0004493823247,0.000690887625,0.0006839394357,0.0004749102007,0.0003846718975,0.0004718149431,id145,0.001940658596,0.001297022048,0.002284059408,0.00184052785,0.002054722335,0.001420143159,0.001442191482,0.0008974555319,0.0009926687752
thinking_var_normal - Cz.csv,thinking,variance,CZ,55,,id146,0.0003368263017,0.0007605516224,0.0003690561118,0.0005040847944,0.0005561456086,0.0006126077648,0.0004532067466,0.0007948561636,0.000403961695,id146,0.0002994790503,0.0003328014148,0.0002345781641,0.000249474385,0.0002340918566,0.0002577359702,0.0002309838831,0.0003347008435,0.0002275657068,id146,0.0003849272672,0.002043901716,0.0008577121703,0.001936838922,0.001444136009,0.002250339252,0.0006141062278,0.002187069311,0.001304564527
thinking_var_normal - Cz.csv,thinking,variance,CZ,56,,id147,0.000304490989,0.0004402820563,0.0004045267303,0.0004962154689,0.0001857972998,0.0003678501242,0.0002267186486,0.0004286773238,0.000416558028,id147,0.0002234257531,0.0003116100423,0.0002927174592,0.000208818342,0.0001699483632,0.0002239156732,0.0002350087386,0.0003472210488,0.0003065425633,id147,0.001464555383,0.002150411287,0.00230961072,0.002075567444,0.0005388085689,0.002207560566,0.0009551690066,0.001247215246,0.001723403294
thinking_var_normal - Cz.csv,thinking,variance,CZ,57,,id148,0.001005424024,0.0003157044268,0.0005406461117,0.0001123804967,0.0005882318711,0.0007567765458,0.0005187119929,0.0007986877551,0.0004158441154,id148,0.0004505392824,0.0001576295997,0.0004048877234,0.00006260649027,0.0004055171991,0.0005007276708,0.0003010094422,0.0004228514406,0.0006061028192,id148,0.001337964148,0.000434630982,0.0006526196714,0.0001175272217,0.0006555334679,0.001421063345,0.001152829912,0.001752238532,0.0008178446242
thinking_var_normal - Cz.csv,thinking,variance,CZ,58,,id149,0.0007356044914,0.0007230987881,0.000690624768,0.0005293154659,0.0006767421007,0.0005530838236,0.0009258240965,0.00007462695005,0.0006233649346,id149,0.000757362743,0.0003823495933,0.0005421475101,0.0003360945854,0.0005175104369,0.0002593156901,0.0005492986894,0.0002817439628,0.0004600859864,id149,0.001510546053,0.001034843228,0.002265692256,0.001451788164,0.001868188607,0.001229141599,0.002483168651,0.0002536329278,0.0008605700746
thinking_var_normal - Cz.csv,thinking,variance,CZ,59,,id15,0.0006370102174,0.0008896518661,0.0007395610444,0.001102338034,0.001036461282,0.0006735922949,0.000745401426,0.0007845544202,0.0009820980151,id15,0.0003944804415,0.0003279101112,0.0003782783102,0.0004921630804,0.0002303070624,0.0002463659665,0.000410032622,0.0004251125818,0.0006687604264,id15,0.0005551666259,0.0005683503984,0.0006257443575,0.0007444651537,0.0007932858808,0.0005627362859,0.0006987850237,0.001011407331,0.001109201364
thinking_var_normal - Cz.csv,thinking,variance,CZ,60,,id150,0.0002459963126,0.000579009203,0.0004842361735,0.0008764778893,0.0007982997302,0.0003818560741,0.00100784866,0.0005458370861,0.001153010286,id150,0.0001746228114,0.0004135324923,0.0003890046848,0.0004172776654,0.000733658825,0.0001957059732,0.0005774114386,0.0002251159749,0.0006691898274,id150,0.0002534355266,0.0005078632816,0.0004423148726,0.0006824222954,0.0005979542314,0.0004002093475,0.001086392453,0.0004250133119,0.0008337753518
thinking_var_normal - Cz.csv,thinking,variance,CZ,61,,id151,0.0002148195428,0.0006116160247,0.0004883658473,0.000597869169,0.0006478366027,0.0004680627991,0.0005734556675,0.0007832069128,0.0007396248636,id151,0.00006773918193,0.0002956706998,0.0002612994924,0.0004149694201,0.0006458786394,0.0007176618303,0.000728516354,0.001092567045,0.0003810728448,id151,0.0001136639044,0.001346458228,0.0008241193917,0.0005762912539,0.001305256217,0.0006992855583,0.0007553998928,0.001650847492,0.0005516154165
thinking_var_normal - Cz.csv,thinking,variance,CZ,62,,id152,0.000001486530345,0.000009554423195,0.0000905548925,0.0007800801622,0.000001167736005,0.00001670566348,0.0009350166033,0.0006945403042,0.0006434526251,id152,0.0000004293906008,0.000005444915265,0.00003975527614,0.0004543800335,0.0000002367080163,0.000005044723752,0.0002954906062,0.000563482794,0.0001817650336,id152,0.0000006523021824,0.000005190618122,0.00006182950382,0.001058036808,0.0000004721916274,0.00000595774623,0.001323083963,0.001721346408,0.0009318015933
thinking_var_normal - Cz.csv,thinking,variance,CZ,63,,id153,0.0007916493946,0.0008801907086,0.000555406289,0.00001335311029,0.0007478528958,0.0006456699864,0.000581869321,0.0005795899848,0.0006650446786,id153,0.0003112685185,0.0006499970095,0.000355124599,0.00001326883553,0.0006035670413,0.0005748820694,0.0003766367136,0.0003452009927,0.0005258690471,id153,0.001314806516,0.003282769589,0.0008783208915,0.0000398788777,0.001633654632,0.002045407014,0.00192689726,0.001062260471,0.003272828752
thinking_var_normal - Cz.csv,thinking,variance,CZ,64,,id154,0.0006080014217,0.0005254183184,0.0006440208059,0.0008363689307,0.0006802794147,0.0006750721304,0.0005021520955,0.0005910078439,0.0006328371128,id154,0.0002712430327,0.0004007439173,0.0003755126628,0.0002750256191,0.0002951263379,0.0004285749053,0.0003183366665,0.0003375428895,0.0002663460456,id154,0.001780616269,0.002140803187,0.002266670925,0.003147654254,0.00323228714,0.003510873198,0.002158452152,0.003750007524,0.004597808104
thinking_var_normal - Cz.csv,thinking,variance,CZ,65,,id155,0.0003416466094,0.0001835479864,0.0004269753423,0.0004245127781,0.0004300791451,0.0003799238206,0.0005324022633,0.0001905577548,0.0001701716322,id155,0.0001488492402,0.0001876640956,0.0003755967415,0.0003224096884,0.0004066998204,0.0002163093916,0.0001993568993,0.0003086787079,0.00006085787672,id155,0.0005924456862,0.0003233919102,0.0008962454057,0.0009162819539,0.001041813,0.0008349812477,0.0006485848174,0.0003655461745,0.0001094761991
thinking_var_normal - Cz.csv,thinking,variance,CZ,66,,id156,0.0003456788087,0.0002215829778,0.0007429562606,0.0003783557525,0.0005826831079,0.0005902474678,0.0005554733425,0.0005737482661,0.00000006719898665,id156,0.0005210120549,0.0003127056899,0.000533990337,0.0004695495218,0.0009053287871,0.001232929329,0.001107602132,0.0007556836636,0.00000009049901128,id156,0.0009086841804,0.0002393543866,0.0005999802519,0.0003186560105,0.0006251021168,0.0006388469508,0.0007906343022,0.0008865923127,0.00000009369112699
thinking_var_normal - Cz.csv,thinking,variance,CZ,67,,id157,0.0004862125537,0.0002514448011,0.0004128090629,0.0003068024047,0.0003876395316,0.0002539949544,0.0005243944152,0.001081434028,0.0004511589758,id157,0.0002581987153,0.0002409604644,0.0003074005447,0.0003805000349,0.0001755962307,0.0001768560362,0.0005436188835,0.001014659732,0.0005288582962,id157,0.000257748529,0.0001358345417,0.0002207017699,0.0002166026169,0.000241242077,0.0001702019045,0.0004221197645,0.0006611373985,0.0003167997382
thinking_var_normal - Cz.csv,thinking,variance,CZ,68,,id158,0.0001688384863,0.0002466422224,0.00003456630351,0.0002349980047,0.0001717236694,0.0002233317743,0.0005408522005,0.0004322639179,0.0003751310749,id158,0.00008518484759,0.000138852336,0.00002799334037,0.00008335053809,0.0001006836528,0.0001413419991,0.0002843977498,0.0002498256945,0.0002826293802,id158,0.000102118594,0.0002008690245,0.00002527387764,0.0001829339236,0.0001954552681,0.0002157347934,0.0005072709082,0.0004231648985,0.0009682202172
thinking_var_normal - Cz.csv,thinking,variance,CZ,69,,id159,0.000420609323,0.000660367226,0.0005279092936,0.0004751978566,0.0006565101648,0.0000002140167581,0.0006931180085,0.0005556907203,0.0001416873531,id159,0.0002238688745,0.0004544381508,0.0005446554554,0.0002140077445,0.0003621208566,0.00000009007942077,0.0003092828013,0.0005207033518,0.00006184043341,id159,0.000723118524,0.002402709227,0.002714602369,0.0004947736355,0.002509415321,0.0000001896984963,0.002217001647,0.0005801582058,0.0001236995753
thinking_var_normal - Cz.csv,thinking,variance,CZ,70,,id16,0.0002116094376,0.000545181208,0.00008038980559,0.0000004881677497,0.000005285197947,0.000006188962794,0.0004089691594,0.0006799130955,0.0001947420936,id16,0.0001077526931,0.0003976603457,0.00003683777959,0.0000002105616828,0.0000008280369607,0.000008058362968,0.000431177979,0.0006957010382,0.0001547998145,id16,0.00007242643503,0.0003453897573,0.00002914033761,0.0000005493526604,0.00000224592465,0.00001511610637,0.0002723977848,0.0003999169048,0.0001014557515
thinking_var_normal - Cz.csv,thinking,variance,CZ,71,,id160,0.0007629576433,0.0007422919153,0.0008291044861,0.0001667601907,0.00003803172276,0.00003838317642,0.0003236241676,0.0006312698178,0.000754988632,id160,0.0003164448499,0.0003529802249,0.0004758596281,0.0001121205261,0.00001631494653,0.00002363865673,0.0001844730223,0.0003487180366,0.0004505365409,id160,0.002474598126,0.001827587969,0.001675153232,0.0003804603997,0.00003787724923,0.00008450146569,0.0004805285715,0.001212276123,0.002210940181
thinking_var_normal - Cz.csv,thinking,variance,CZ,72,,id161,0.0002875671153,0.0002427018255,0.0006074426191,0.0005455651802,0.0008421254844,0.0006319451335,0.0007471700238,0.0003600299638,0.0006697203616,id161,0.0001204806041,0.0001717258427,0.0003843448422,0.0002153235783,0.0003002759302,0.000408703451,0.0003921489531,0.0003385960273,0.0003906489603,id161,0.000575443151,0.0005910684005,0.0008229649647,0.001896510402,0.002887580114,0.003363584053,0.003156422862,0.002035447241,0.003569402313
thinking_var_normal - Cz.csv,thinking,variance,CZ,73,,id162,0.0004860829186,0.0003182353632,0.0005306252444,0.0004168746015,0.0002766172277,0.0007438311291,0.0005640386231,0.0006412540606,0.0006421656298,id162,0.000376568891,0.0003065670046,0.0004718755168,0.0005070045825,0.0001767145196,0.001307075453,0.0005874227209,0.000582263287,0.0007136719265,id162,0.00188565285,0.0005915591661,0.002375903332,0.001257429101,0.0003486226295,0.001808829349,0.0007950408954,0.0007605064096,0.00101333372
thinking_var_normal - Cz.csv,thinking,variance,CZ,74,,id163,0.0004213867239,0.0005924860743,0.0006012638324,0.0007037536027,0.0004915818055,0.0005175499614,0.0004062038825,0.0005720029479,0.0006042537574,id163,0.0003952480601,0.0004270234597,0.0006288636178,0.0004839105849,0.0003381759705,0.0003001837456,0.0004207109978,0.0005424779108,0.0004761650294,id163,0.002606145839,0.001375159588,0.003173769863,0.00393389425,0.004102016463,0.002131137676,0.0009164167685,0.001675371654,0.002797894904
thinking_var_normal - Cz.csv,thinking,variance,CZ,75,,id164,0.00009290248457,0.0002384483114,0.0005923898107,0.0004419046594,0.0002424166746,0.0003053213462,0.0004287483148,0.0004863395546,0.0003204753865,id164,0.00009063372652,0.00007010944325,0.0002977423098,0.0001911268969,0.000146193098,0.0002697571672,0.0004700363571,0.0002957562901,0.0001189559696,id164,0.00007807421905,0.00008393260884,0.001319156682,0.0004492789064,0.0002638956563,0.000587199808,0.0007318678911,0.0008660170239,0.0009093031225
thinking_var_normal - Cz.csv,thinking,variance,CZ,76,,id165,0.0005562319514,0.0006366131284,0.0001855633411,0.0002417402112,0.0001912354941,0.0002230240006,0.0006349023812,0.0007579986275,0.0006455005603,id165,0.0001734038976,0.000324818275,0.0001359241064,0.0001441701288,0.0001447491154,0.0001853036577,0.0002983958627,0.0003657911805,0.0004388858167,id165,0.001378064487,0.001953558194,0.0005258882545,0.0007681453083,0.0001505405039,0.0004440061406,0.001409374745,0.002270136417,0.003216316568
thinking_var_normal - Cz.csv,thinking,variance,CZ,77,,id166,0.0001657617442,0.0001150095095,0.0003663234364,0.0001492448667,0.0002607893648,0.00001856664513,0.00008942989967,0.0001087847762,0.0002169422813,id166,0.00007552478197,0.00004227256965,0.00006593093072,0.000109371162,0.00008892394774,0.00002231404021,0.00002941283285,0.00005496118547,0.0001131030045,id166,0.0004810454852,0.000194911669,0.0005572157049,0.0003189675023,0.0003940566285,0.00003563757013,0.0001290227255,0.000265030734,0.001104932376
thinking_var_normal - Cz.csv,thinking,variance,CZ,78,,id167,0.0006249767183,0.0005958060893,0.0008301783246,0.0006680189931,0.0006959763704,0.0006544886463,0.000316769152,0.0006763073967,0.0006971657359,id167,0.0005990319622,0.0004609075004,0.0003621653714,0.000352069484,0.0004399189126,0.0005365296565,0.000130429808,0.0005428520087,0.0003411209784,id167,0.002228011145,0.00218603492,0.001635661494,0.002698351706,0.002441601364,0.002002626085,0.0004764363476,0.001062626022,0.001339498493
thinking_var_normal - Cz.csv,thinking,variance,CZ,79,,id168,0.0004086905623,0.0006250086008,0.0007092564071,0.0003381039148,0.000890056999,0.0007151399063,0.0006754208463,0.0009292550064,0.0008455462593,id168,0.0002911484648,0.0003422149023,0.0004010818171,0.0001862345398,0.0005132776582,0.0006139249663,0.0004858624534,0.0004272342076,0.0005283842682,id168,0.0004988101067,0.001135028949,0.001066847008,0.0007303615072,0.001702324835,0.001710444204,0.001731706284,0.001698647128,0.001680974102
thinking_var_normal - Cz.csv,thinking,variance,CZ,80,,id169,0.0008610785012,0.00003609676442,0.000101196003,0.0002482642762,0.0002469119552,0.0001389021763,0.00005878447254,0.0001807710526,0.0002097267246,id169,0.0005035847673,0.0000225302727,0.00006821012885,0.0001515823573,0.0001677438112,0.00007453492471,0.00007135850078,0.00005174490047,0.00006686318541,id169,0.003713680143,0.0001482882022,0.0002710830035,0.001852366499,0.0005904998023,0.0002737142001,0.00009255162595,0.0006623075536,0.0004697225352
thinking_var_normal - Cz.csv,thinking,variance,CZ,81,,id17,0.0001878511755,0.00001037648992,0.0001294996268,0.000001397118913,0.00001291804982,0.000008160077269,0.00002041780872,0.0001018755282,0.00000002147019579,id17,0.0000858613493,0.000003894788891,0.00004208136309,0.0000008350978888,0.000003397705852,0.000001170766759,0.000004428929318,0.00005216032372,0.00000001309272722,id17,0.0001079842834,0.000005151457684,0.00004194611487,0.0000007656045778,0.0000093032551,0.000001129205389,0.000004852487672,0.00007087145673,0.00000001168002464
thinking_var_normal - Cz.csv,thinking,variance,CZ,82,,id170,0.0001202081206,0.0007494050648,0.0005973482697,0.0001873141591,0.0003531973468,0.0002106024016,0.0001397783707,0.0006446525692,0.0002914271389,id170,0.00005204954777,0.0006223577088,0.0004519191252,0.0001982420883,0.0002572880091,0.00008249370534,0.00009563347258,0.0003853976873,0.0002394402907,id170,0.0001477349743,0.002232642343,0.002637297204,0.0006917913743,0.0007549820587,0.0006521990448,0.0004942927216,0.002623079853,0.001039483442
thinking_var_normal - Cz.csv,thinking,variance,CZ,83,,id18,0.0003620014249,0.0005249760167,0.0005329726486,0.0002897418857,0.0001618566481,0.0003962831793,0.00009363983863,0.000003423144427,0.0003702196243,id18,0.0001325667652,0.0003764822076,0.0004308841411,0.000099613476,0.00008604215146,0.0002145146665,0.0001090951964,0.000003937704963,0.0003066232827,id18,0.0004117629935,0.0008335509775,0.001237741773,0.0007770908376,0.00007065252151,0.0004037174684,0.0001569678876,0.0000077060569,0.0005498820225
thinking_var_normal - Cz.csv,thinking,variance,CZ,84,,id19,0.0004939243331,0.0004691804893,0.0002388519327,0.0004411366083,0.0003445028637,0.0005614555829,0.0004522674838,0.0001362873563,0.000305833189,id19,0.0006350629105,0.0001811242403,0.0001008736063,0.0002663876255,0.0002265181891,0.0002674512176,0.0004541546334,0.00005684169988,0.00009498523296,id19,0.0002185368355,0.0002141472556,0.0003169332126,0.0001974876132,0.0003626150323,0.0002875154722,0.0005103411677,0.00004844824243,0.0001447931621
thinking_var_normal - Cz.csv,thinking,variance,CZ,85,,id2,0.0009469610832,0.001224958594,0.0008838214639,0.0004288980501,0.0004215836611,0.0003055802322,0.0004191405279,0.0005684208993,0.0005394269954,id2,0.0004565603622,0.0003701969884,0.0004386975198,0.0002573388366,0.0001935224172,0.0001413231009,0.0001767036119,0.0002796081884,0.0003049892506,id2,0.0004769738425,0.0003826592147,0.0003122828555,0.0001496838224,0.0002058685301,0.0001423696646,0.0001479940164,0.0002088092596,0.0003670255435
thinking_var_normal - Cz.csv,thinking,variance,CZ,86,,id20,0.0006362569785,0.0008955567021,0.0009694733896,0.0001620462459,0.0002785715934,0.0001549332378,0.000558437371,0.0003737328123,0.000370187226,id20,0.0002199739737,0.0006100589471,0.0005391340403,0.0001214036682,0.0002619260865,0.00009324270658,0.0003167503475,0.0001545873952,0.0003482180335,id20,0.000418891166,0.0008637794685,0.0006280230827,0.0001753227349,0.0002321368617,0.00009986438927,0.0006597814088,0.0002398969289,0.0003129530658
thinking_var_normal - Cz.csv,thinking,variance,CZ,87,,id21,0.00125657635,0.001001398194,0.0009481428048,0.0006575060913,0.0005266186788,0.000347840746,0.0001540381866,0.0008894213399,0.0007350458179,id21,0.0008891132408,0.0006994579054,0.0007923096497,0.0003363459079,0.0001954123323,0.0004306018954,0.00009020222738,0.0005091548627,0.0004975210482,id21,0.000567503499,0.00109738222,0.0009732089525,0.0006915909917,0.0001761869973,0.0004492913767,0.0001346866185,0.0005023635467,0.0006491005644
thinking_var_normal - Cz.csv,thinking,variance,CZ,88,,id22,0.0001524948005,0.00001201495056,0.000000001094108566,0.000004477334706,0.0002401656702,0.0001507117602,0.000193980553,0.000005617859528,0.0000009409704121,id22,0.00005985463122,0.000003093785792,0.000000001955924868,0.000001193325052,0.000121843163,0.0001110942475,0.0001099367117,0.000002486482229,0.0000004676466999,id22,0.00006084764025,0.000007204551314,0.0000000003503834874,0.000001485253042,0.0000707015776,0.0001036333081,0.00009369709415,0.000002616645036,0.000001035222685
thinking_var_normal - Cz.csv,thinking,variance,CZ,89,,id23,0.00007069838422,0.000006110082327,0.00004982405706,0.00004199080344,0.000001439751171,0.0002442747063,0.0007382863308,0.0001970351334,0.0001830756376,id23,0.00002037270091,0.000007029431366,0.00003198998408,0.00001189479941,0.0000009835702521,0.0000744476244,0.0001462797054,0.00009182522115,0.00002071426074,id23,0.00002623602753,0.00001375691017,0.00004146345033,0.00001007021051,0.000004510155512,0.0002281664522,0.0002552121588,0.0001843977181,0.00001871826554
thinking_var_normal - Cz.csv,thinking,variance,CZ,90,,id24,0.0003029161004,0,0.0001582254719,0.0007632507144,0.0008401251023,0.00008133292641,0.0002386907604,0.0006771055612,0.0005798312547,id24,0.0002820623199,0,0.00006880314256,0.0005494543811,0.0007408105496,0.0001182363873,0.0002059291091,0.0005968903319,0.0005452394876,id24,0.0007013226174,0,0.0000935688543,0.001006788226,0.0009599668631,0.00008034794744,0.0004660301132,0.0006551874379,0.001256018499
thinking_var_normal - Cz.csv,thinking,variance,CZ,91,,id25,0.0001573596579,0.0005232533298,0,0,0.000006463478447,0,0,0.000003742320472,0.0001183990646,id25,0.0000725405368,0.0002453681135,0,0,0.000008337746109,0,0,0.000005033671423,0.00009479008725,id25,0.0001143067676,0.0007195330089,0,0,0.00001443509588,0,0,0.00001260353456,0.00009731621647
thinking_var_normal - Cz.csv,thinking,variance,CZ,92,,id26,0.0002783285222,0.00001077609785,0.0000002575202493,0.0005015504209,0.000005435537901,0.000004859173121,0.00001951363848,0.0004807148991,0.0003835251287,id26,0.0001922029961,0.000003098470582,0.0000002634919191,0.0003272645418,0.000006052461712,0.000006155013014,0.00002853527003,0.0002610848989,0.0002766743951,id26,0.0001042179837,0.00001294898637,0.0000002949428905,0.0005303805693,0.00001296292147,0.00001233463939,0.000008587571113,0.0003540588421,0.0001927909299
thinking_var_normal - Cz.csv,thinking,variance,CZ,93,,id27,0.0003900359581,0.0002297085529,0.0005682418055,0.000135257698,0.0002499500318,0.0001350063941,0.0004530724589,0.0004167964866,0.00004772250904,id27,0.0002346649045,0.0001343087775,0.0002145906612,0.0001147889756,0.0002008947491,0.0001524164301,0.0002048942604,0.0002673317419,0.00003701289837,id27,0.000302068001,0.000114914166,0.0004142475802,0.0002234543641,0.0001761076743,0.0001273904456,0.0002197122579,0.0003662121267,0.00003023327896
thinking_var_normal - Cz.csv,thinking,variance,CZ,94,,id28,0,0.00009067569795,0.0001046859662,0.000008686585165,0.0002916113685,0.0001026581331,0.0001119359108,0.00002089227953,0.000448370937,id28,0,0.00003628023832,0.00003059556423,0.000005606085246,0.0001959067018,0.00003087958823,0.00008415884261,0.00001138907849,0.00006344629982,id28,0,0.0000559989885,0.00005165478722,0.000004885154389,0.0002203435134,0.00003766925163,0.0000442395558,0.00001287541728,0.00005234273295
thinking_var_normal - Cz.csv,thinking,variance,CZ,95,,id29,0.0001078978669,0.00009038555612,0.0003749008526,0.0005509914743,0.0005384534372,0.000001553953677,0.0005696132776,0.0004949416898,0.0000350124963,id29,0.00004880465325,0.00008208220561,0.0001661198415,0.0002375811501,0.0001960857828,0.00000156578586,0.0003664814834,0.000274048168,0.00001660683359,id29,0.0001005756758,0.00006913204579,0.0002419765629,0.000395574968,0.0002659374691,0.000003178849026,0.0005345366999,0.000344500822,0.00001187270738
thinking_var_normal - Cz.csv,thinking,variance,CZ,96,,id3,0.0005166158349,0.0004727453092,0,0.00002564798265,0.0001289470205,0.0003938390562,0.0005876292391,0.00007583292161,0.0002470989399,id3,0.0002372994812,0.0002987917515,0,0.000009421755807,0.00008679471722,0.0001602653966,0.0002056897457,0.00006619638504,0.0001216360437,id3,0.000379599181,0.000483880844,0,0.00002030912595,0.00009589658106,0.0002036658868,0.0003026144457,0.0001465166545,0.0004058565726
thinking_var_normal - Cz.csv,thinking,variance,CZ,97,,id30,0.001052337881,0.0005913969572,0.0003770017525,0.00007212740571,0.0002106373836,0.000001686978859,0.00012654622,0.0005596186629,0.0009659814473,id30,0.0003584835923,0.000175296582,0.0001753001932,0.00003294415145,0.0001119023354,0.0000009277741111,0.00006717303675,0.000237774835,0.0003507300923,id30,0.0002988211186,0.0001961212232,0.0001746954731,0.00005015991245,0.0001193743098,0.000001030062109,0.00006846343808,0.0003359944085,0.0004140097513
thinking_var_normal - Cz.csv,thinking,variance,CZ,98,,id31,0.00004993006969,0.0002517647423,0.0006799861651,0.0002146799316,0.0002488698977,0.0001660882399,0.0003518825367,0.0001863644207,0.0001955070603,id31,0.00001253447083,0.0001192950421,0.0001311650978,0.00008960256151,0.0001096103102,0.00006452794962,0.00004834991204,0.00004695356755,0.0000314081087,id31,0.00003513892765,0.0001070796732,0.0001010389179,0.0001626006151,0.0001171625042,0.0001028876148,0.00009269577873,0.00005323079808,0.00003016456129
thinking_var_normal - Cz.csv,thinking,variance,CZ,99,,id32,0.00004535341396,0.0001487653343,0.0003234578883,0.000304041837,0.00007530729758,0.00004918999703,0.000208596489,0.0001124730864,0.0005386222995,id32,0.00003061580173,0.0000491477683,0.0001097454696,0.0001244053703,0.00002852904416,0.00001369026367,0.00004933933969,0.00007069596455,0.0001667787254,id32,0.00003963170143,0.0001616306019,0.0004052022144,0.0001840794563,0.00006186519557,0.00002858693553,0.00007715783914,0.00009589163604,0.000401620899
thinking_var_normal - Cz.csv,thinking,variance,CZ,100,,id33,0.0003122685115,0.0002751552143,0.0002823813021,0.0004733815794,0.0008395942807,0.0002976405071,0.000002248663979,0.0003548184115,0.0004622719936,id33,0.00005157443465,0.00008234567512,0.0001229422617,0.000219128629,0.0003919845888,0.0001299728838,0.000000355861025,0.00008302022842,0.0001139208664,id33,0.0001197393212,0.0002961905565,0.0002988054424,0.0004130067669,0.0009013830559,0.0001906171794,0.0000008821693513,0.0002247831028,0.0001619874362
thinking_var_normal - Cz.csv,thinking,variance,CZ,101,,id34,0.0002471030777,0.0003392382631,0.0002397574708,0.0000237013203,0.0001587517173,0.00002785301447,0.000006883042517,0.00001748452035,0.0001711181395,id34,0.00008151472055,0.0002121958724,0.0001119641953,0.00001534546449,0.00002407249626,0.00001134647507,0.000004595559001,0.000005803864312,0.00001813575929,id34,0.0001121524948,0.000135163317,0.00009254153909,0.00004016213961,0.00004502756833,0.00001728977587,0.000006143416636,0.000006194710478,0.00001988225198
thinking_var_normal - Cz.csv,thinking,variance,CZ,102,,id35,0.0001823518289,0.0002079616288,0.00007764161468,0.0005730880458,0.0004512965003,0.0003778184929,0.0004577675131,0.0001970147974,0.0003587083892,id35,0.00005999452243,0.00006766204253,0.00001775758875,0.0003289943785,0.0002156672017,0.0001161095111,0.0001220434682,0.00009728145847,0.00007069375663,id35,0.00008543051346,0.0001290767048,0.00002777631453,0.0002465038796,0.0002862960658,0.0001236643295,0.00008158551294,0.00004008013929,0.0001115573687
thinking_var_normal - Cz.csv,thinking,variance,CZ,103,,id36,0.00001278453771,0.0001151134319,0.001250009186,0.0001079551095,0.0001749886784,0.00001004432371,0.00006433916914,0.0003088814487,0.0004936887771,id36,0.000008939917994,0.00003085423645,0.0001894371754,0.00008857715406,0.0001088379652,0.00001103054473,0.000008445233237,0.0001589549772,0.0001872797007,id36,0.000007526359185,0.00003313285579,0.0003246795401,0.00008675290872,0.00009860686384,0.000007977456454,0.00001309052306,0.0002053341546,0.0002437923014
thinking_var_normal - Cz.csv,thinking,variance,CZ,104,,id37,0.0002094380872,0.0007479560626,0.0002352193855,0.0005545562952,0.000003172173643,0.0002712625225,0.00001966310371,0.0004679137054,0.000357856528,id37,0.0000343906917,0.0001543104931,0.00007185463259,0.0001964824581,0.0000004906501464,0.0002698835083,0.0000148424406,0.0001923930996,0.0002559411381,id37,0.00008445163193,0.0003041642913,0.00009646298665,0.0003772479579,0.0000007031928299,0.0001509414472,0.00002754547647,0.0003169383265,0.0003791473217
thinking_var_normal - Cz.csv,thinking,variance,CZ,105,,id38,0.00000005822867117,0.00006992262143,0.000006210298222,0.0002406985861,0.00007656421852,0.00001418484905,0.0000008018772073,0.00003183965586,0,id38,0.00000003748058523,0.00005882065823,0.000008801385567,0.0001912486609,0.00001609696638,0.00001003222616,0.0000005562724615,0.00004566300777,0,id38,0.0000001178742526,0.00009688771214,0.0000129655372,0.0005270154121,0.00005355132477,0.00006093603204,0.000001105056709,0.0001023734085,0
thinking_var_normal - Cz.csv,thinking,variance,CZ,106,,id39,0.0007328675446,0.0001248330765,0.000006095700109,0.0004807231981,0.0002286669502,0.000437646153,0.0002122632957,0.0001838157828,0.0002454939669,id39,0.000248998774,0.0001273886515,0.000006664146412,0.0004327753038,0.0002716261417,0.0002940767614,0.0003661289001,0.0001413074243,0.0002379903686,id39,0.0003191391535,0.0002349354674,0.0000153542199,0.0003490202546,0.0006396904782,0.0003900329363,0.0002234387415,0.0001062018731,0.0001209357696
thinking_var_normal - Cz.csv,thinking,variance,CZ,107,,id4,0.0007442954777,0.0005538249582,0.00004300806724,0.000281516054,0.000002228886724,0.0006008368145,0.00002502643595,0.0007645134035,0.0005051655102,id4,0.000312177021,0.0001373851309,0.00002746600194,0.0002023072624,0.000001774093015,0.0006682158003,0.00002581356253,0.00034235356,0.0002475164358,id4,0.0006071668308,0.0005079212931,0.00002215849292,0.0001424381371,0.0000009953776815,0.0008637958857,0.00004150300676,0.0002852876734,0.0002712067788
thinking_var_normal - Cz.csv,thinking,variance,CZ,108,,id40,0.00001009287477,0.0001958355234,0.000000007254600313,0.00004826884612,0.00006474493684,0.0000004606848573,0.0000591316231,0.000001482352277,0.00001240362597,id40,0.000006181822052,0.00009040563297,0.000000005438738874,0.00001851502662,0.0000223926017,0.00000007500346067,0.00001230541001,0.000000416889653,0.000009846013591,id40,0.000006190843825,0.0001163171961,0.00000001289264049,0.00003909386248,0.00003626233434,0.00000007471997684,0.00001976881112,0.0000007115723668,0.00001575227759
thinking_var_normal - Cz.csv,thinking,variance,CZ,109,,id41,0.00002878271368,0.0001384808258,0.0001159969571,0.000122738293,0.00001963050689,0.00005062405834,0.0001617207913,0.00006302247247,0.00009617260148,id41,0.0000268075591,0.00005326827509,0.00004883785204,0.0001119978937,0.00001408816585,0.00001368157577,0.00005701813037,0.00002053458718,0.00008211937217,id41,0.00006432003844,0.00005221248928,0.00005574713472,0.00008364885407,0.00001784790702,0.00001179222706,0.00007241462647,0.00001314255426,0.00016217394
thinking_var_normal - Cz.csv,thinking,variance,CZ,110,,id42,0.0003498537895,0.0005301247756,0.0003740120695,0.000163685765,0.000254644359,0.0001843011702,0.0001786092213,0.0001415516699,0.0001020762781,id42,0.000125427043,0.0007042146003,0.0003549160415,0.000380492095,0.00022946066,0.00008208789268,0.00002688467411,0.00004874595394,0.00007361351658,id42,0.0007834525592,0.0005564887356,0.0003861339512,0.0001988880925,0.0003618476221,0.0001535796005,0.00002639976903,0.0000837110118,0.0002563535777
thinking_var_normal - Cz.csv,thinking,variance,CZ,111,,id43,0.000668066694,0.0007533880949,0.00003333860243,0.0000002112662993,0.00002228471514,0.00008799336112,0.000008412410968,0.0004893413341,0.0001726099501,id43,0.0003052951601,0.0004184244398,0.00001064991402,0.0000001187469,0.00001031133548,0.0000722512118,0.000004222033657,0.0003388396376,0.0000854417931,id43,0.001176882031,0.0009410299982,0.00005022311718,0.0000003230848874,0.00002940874234,0.0001280534018,0.000002155458374,0.0006037104221,0.0003980774414
thinking_var_normal - Cz.csv,thinking,variance,CZ,112,,id44,0,0.000001610242103,0.00000004748695061,0.000001438845548,0.00001274427975,0.00004720172975,0.00002601870361,0.0004971641762,0.0002708628603,id44,0,0.000000947193576,0.000000006689832581,0.0000003509715708,0.000002027987681,0.0000270601437,0.00002728599136,0.0004139158155,0.0001846516527,id44,0,0.0000007438412126,0.000000006172667251,0.0000005120380711,0.000004242826414,0.00004024959105,0.00003361736279,0.001736611047,0.0008788781698
thinking_var_normal - Cz.csv,thinking,variance,CZ,113,,id45,0.0005018508468,0.0003713481712,0.0002501920839,0.0004163207876,0.0004315873497,0.00001931558834,0.0003783690694,0.0003678550699,0.0005557547459,id45,0.0003271155409,0.0002330427413,0.000135133478,0.000311426905,0.0003688329027,0.00001082663566,0.000251809875,0.0001405641516,0.0002871254856,id45,0.0005335417189,0.0004772572603,0.0001320901284,0.0004422420845,0.0005705413862,0.000007500646805,0.0003455843457,0.0003177508407,0.0005153334549
thinking_var_normal - Cz.csv,thinking,variance,CZ,114,,id46,0.0001780644938,0.00022367338,0.0002172402836,0.0001780348822,0.00007733145494,0.0000001092543449,0,0.000004367052291,0.0005307166019,id46,0.0001138570846,0.0001016098425,0.00006288831789,0.000133688341,0.00006953584619,0.00000007157830383,0,0.000004128720867,0.0002415800321,id46,0.0001668217099,0.000287161474,0.0001613670998,0.00009773406744,0.0001435976629,0.0000001789119144,0,0.000005441225782,0.0002015163195
thinking_var_normal - Cz.csv,thinking,variance,CZ,115,,id47,0.0003564142894,0.0002075418976,0.00009918359422,0.00009315460079,0.0006413404216,0.0001962446505,0.0002386186737,0.0002798311239,0.0002876222403,id47,0.0001373147763,0.00007138815749,0.00005746000319,0.00004471634725,0.0003715944774,0.00008137355589,0.00008711906961,0.0001007305894,0.000130640933,id47,0.0001749976142,0.00007633796931,0.00005497627963,0.0000416592742,0.000584908247,0.00009149628029,0.0001316170485,0.0001460613132,0.00007784246119
thinking_var_normal - Cz.csv,thinking,variance,CZ,116,,id48,0.00005321749583,0.0002099478674,0.0002408990507,0.0002850376512,0.0002513469319,0.0002510691026,0.000335896548,0.0002302585331,0.0001917338464,id48,0.00001946479002,0.00007521253149,0.00008849176089,0.0001006919934,0.00009211685599,0.00005966307086,0.0001355263389,0.00008416627856,0.0001085439793,id48,0.000004083394348,0.00008712743685,0.00008644627912,0.0001315603674,0.0001256091455,0.00006321801003,0.0001107303963,0.00009005793067,0.00007625187489
thinking_var_normal - Cz.csv,thinking,variance,CZ,117,,id49,0.0008624637703,0.000592216848,0.0005447707865,0.0004826106833,0.00001427998358,0.0001152166749,0.000281677242,0.000001540645624,0.001189965686,id49,0.0003628795138,0.0002459436779,0.0001501685438,0.000153765548,0.000004636987147,0.00004713092388,0.0001003198973,0.000001525179697,0.000701150023,id49,0.0005300478599,0.0003175987779,0.0001784116665,0.0001542914305,0.00001162416793,0.00011401944,0.000142932979,0.0000006787745394,0.000494577165
thinking_var_normal - Cz.csv,thinking,variance,CZ,118,,id5,0.0006130924511,0.0003286663466,0.0004442689359,0.0006696316899,0.000133851277,0.0004213548511,0.0002773939527,0.0006079672404,0.0003404269471,id5,0.0006324303931,0.0004227940727,0.0002050718602,0.0003039824162,0.00006774526987,0.0003164337387,0.0003069303401,0.0007021820704,0.0001992059256,id5,0.0006761739005,0.0004131043623,0.0003963188525,0.0009003672863,0.0001632425488,0.0006425302917,0.0004308282793,0.0009296638564,0.0003774416077
thinking_var_normal - Cz.csv,thinking,variance,CZ,119,,id50,0.001069625093,0.0003352024278,0.0002762328384,0.0003073653023,0.00000002887807398,0,0,0.0002190602858,0.0002022188267,id50,0.0007373038379,0.0001482801489,0.0003121138751,0.0003411896762,0.00000001279833004,0,0,0.000120191013,0.0002344559255,id50,0.001218421027,0.000193941071,0.0003861002063,0.0003184832893,0.00000001776919648,0,0,0.0001473981463,0.0003503824296
thinking_var_normal - Cz.csv,thinking,variance,CZ,120,,id51,0.0001143922847,0.00007629084387,0.0003202719198,0.00005857631458,0.00008705093276,0.0001363002374,0.0001276082556,0.0001526752182,0.0002070791306,id51,0.00007716444801,0.00003213608258,0.0002097469258,0.00003436968802,0.00001383882769,0.00006278133835,0.00007827103855,0.00009443450973,0.00009678602687,id51,0.0001018046814,0.00006434744467,0.0002174550872,0.00002639345545,0.00005528718485,0.00009459666294,0.0001174465779,0.0001084677319,0.0001089930253
thinking_var_normal - Cz.csv,thinking,variance,CZ,121,,id52,0.0005984134195,0.0004394546296,0.0006077381548,0.0003082764124,0.0005514370997,0.000217103469,0.0003389416484,0.0004854985391,0.0008710615445,id52,0.0002573371825,0.0004480350819,0.0004691636335,0.0003761827244,0.000318736501,0.00008015067408,0.000181335448,0.0007007868847,0.000714080069,id52,0.0002432823881,0.0003684553663,0.0005735905819,0.0001866909818,0.0002415083136,0.0001307163684,0.0001926636588,0.0004467990416,0.0008869558345
thinking_var_normal - Cz.csv,thinking,variance,CZ,122,,id53,0.0004843231462,0.00004186749711,0.0003244940015,0.0002527322827,0.0001779317158,0,0.000101062847,0,0.00003484436599,id53,0.000223064244,0.00004484212765,0.0002353747228,0.0001812414002,0.00002109084634,0,0.00004124027534,0,0.000002809685326,id53,0.0003612075887,0.00003050057548,0.0003766009699,0.0001417112675,0.00003677669659,0,0.00004864316209,0,0.000002917847884
thinking_var_normal - Cz.csv,thinking,variance,CZ,123,,id54,0.0005356645279,0.0002992118485,0.0003404078296,0.0005942242445,0.0003793957029,0.0005157283706,0.0006887199138,0.0006763047265,0.000750457839,id54,0.0003121608079,0.0002210641437,0.0002534247159,0.0003852574395,0.0002228604839,0.0003865558528,0.0003741778591,0.0004438457777,0.0003697649459,id54,0.003439450663,0.00151191177,0.001957041167,0.002563291295,0.001994924183,0.00272523385,0.002570504282,0.002344434088,0.003438534515
thinking_var_normal - Cz.csv,thinking,variance,CZ,124,,id55,0.0004385152068,0.0000269297678,0.0003397345335,0.0003301625323,0.00001782133522,0.0009394903886,0.0008349423199,0.0006110576543,0.0006850762809,id55,0.0006430127129,0.00002455706027,0.000099429261,0.0002609979215,0.000006960248296,0.0008032200635,0.0006733442611,0.0009260311098,0.0005389736883,id55,0.0007155448723,0.00003872690231,0.001652781559,0.001027151596,0.00002022353101,0.002307094265,0.002182655408,0.002087683949,0.001377173647
thinking_var_normal - Cz.csv,thinking,variance,CZ,125,,id56,0.00004494693601,0.000007659046099,0.000001644601276,0.0000001145312821,0.0000003539714672,0.00003666640737,0.00005982130323,0.0006348634248,0.000001975417427,id56,0.00002219651797,0.000002848072509,0.000001246187533,0.00000009251813087,0.0000001633726073,0.000006943306471,0.00004902110581,0.0003191869337,0.00000100386716,id56,0.00006819335411,0.000003421785921,0.000002748260018,0.0000003039104864,0.0000007933981577,0.00008983717357,0.00003747690496,0.002491218235,0.000002386749279
thinking_var_normal - Cz.csv,thinking,variance,CZ,126,,id57,0.0005899823573,0.0003806958923,0.0002499131961,0.0006396957617,0.0001406819159,0.0004688732397,0.0004476194285,0.0003108769312,0.0004918539527,id57,0.0002365133275,0.0001460552445,0.0001716793744,0.0005009918833,0.0000493090772,0.0004251657559,0.0002856333987,0.0001351382059,0.0002107524675,id57,0.0004759752717,0.000596882771,0.0002228534158,0.0005541057558,0.00009859719781,0.0003709126192,0.0008795932889,0.0002753038814,0.0004311802394
thinking_var_normal - Cz.csv,thinking,variance,CZ,127,,id58,0.0005390977418,0.0002842042123,0.0001100005958,0.0001981056639,0.0007146529295,0.00005067436166,0.0002916864471,0.0005663878261,0.0003497384017,id58,0.0004262891152,0.0003095058292,0.0001016379085,0.000129012306,0.0006666225914,0.00004978418585,0.0001780288079,0.0004929977625,0.0004108108938,id58,0.000884700038,0.0008521404771,0.0005419949597,0.0005255010776,0.002112958749,0.0001253133589,0.0004339857835,0.001848275767,0.0007830561409
thinking_var_normal - Cz.csv,thinking,variance,CZ,128,,id59,0.0001729388654,0.0003478113701,0.0006160431772,0.0004349588242,0.0006340908828,0.0001449429468,0.0005946795823,0.0001669479584,0.0005832931696,id59,0.00006334579112,0.0002858426858,0.0003758190905,0.0002516275638,0.0003742475999,0.0001020119192,0.0004951145029,0.0000956702384,0.0002490731063,id59,0.0005097633379,0.002077540133,0.003984307234,0.001733818953,0.003852147894,0.000296753529,0.00206828728,0.0002723451445,0.002821096643
thinking_var_normal - Cz.csv,thinking,variance,CZ,129,,id6,0.0000001648176939,0.0002318625098,0.00002742007827,0.000309746409,0.0001427356727,0.0004701947232,0.0005191546364,0.00001282345871,0.00000884906,id6,0.0000001473444212,0.0001217852055,0.000007970945909,0.0001011117396,0.00005971331741,0.000210453619,0.0003652312136,0.000005578194042,0.00000563935249,id6,0.0000002963985312,0.0001930098141,0.00001044646808,0.0001310197259,0.00008228383314,0.0004729108534,0.0004927231376,0.000007732879611,0.000001851718937
thinking_var_normal - Cz.csv,thinking,variance,CZ,130,,id60,0.000349732375,0.000001753255722,0.00005842314352,0.0002712171227,0.001156346936,0.0007018645282,0.000666628769,0.0005876647682,0.0003899554477,id60,0.0001329179945,0.0000009885346073,0.00003779623198,0.0001323046514,0.0005528032752,0.0004643781978,0.0003145476213,0.000439721776,0.0001362366331,id60,0.0006273093489,0.00000157228264,0.0001034041804,0.0007704243126,0.002821070272,0.002957604701,0.003549326159,0.002647842868,0.001804113183
thinking_var_normal - Cz.csv,thinking,variance,CZ,131,,id61,0.001044317955,0.0004868366292,0.0004110061041,0.0004757044969,0.00005946130213,0.0007680876139,0.0004296615428,0.0005403047103,0.0005885150628,id61,0.0004961319831,0.0003441714044,0.0004020134754,0.0003104400064,0.0000867241351,0.001103837297,0.0003885089938,0.0004997315807,0.000623740639,id61,0.0005754038986,0.0003885267026,0.0004791476517,0.0004257850912,0.00005348289388,0.0006642149009,0.000539280493,0.0006244408065,0.0009016847129
thinking_var_normal - Cz.csv,thinking,variance,CZ,132,,id62,0.0004961226075,0.0005613420952,0.0003676056939,0.000006630880778,0.0000009970757037,0.0009505210208,0.0007636826812,0.0005761733087,0.0002923778051,id62,0.0005104374376,0.0004019642782,0.0003132304392,0.000001377792797,0.0000004486902471,0.0005532800765,0.0003543632,0.0007820698362,0.0002255642281,id62,0.0005709689943,0.001243366579,0.0006123911776,0.00000651970576,0.00000124132913,0.00137777314,0.001490717446,0.001072251675,0.0003379309999
thinking_var_normal - Cz.csv,thinking,variance,CZ,133,,id63,0.0003955932608,0.0002105395856,0.0001123464384,0.0002369224978,0.0002699525739,0.0004211344818,0.0003973463102,0.0003327772311,0.00003156007804,id63,0.0002230840173,0.0001028162153,0.00004293559743,0.0001268439039,0.00009905755096,0.0005181431694,0.0001830125795,0.0002875706227,0.0000609838673,id63,0.0004701044137,0.0004556663259,0.0002677682439,0.0002575500986,0.0006519945254,0.001668329761,0.001033323068,0.001572309818,0.0001643652328
thinking_var_normal - Cz.csv,thinking,variance,CZ,134,,id64,0.0008087253874,0.0005861613121,0.00001712939077,0.00002209853164,0.0003863293713,0.001116207001,0.0002356403427,0.0008119799668,0.0004733856686,id64,0.0002915587275,0.0001923602431,0.000008289433135,0.00001019981393,0.0001555029977,0.0003807676148,0.000136680824,0.0003021920807,0.0001430687755,id64,0.001504804099,0.0007175300039,0.00001446662372,0.00003702179194,0.0007430650505,0.001840658041,0.001250190727,0.001224994743,0.001713733815
thinking_var_normal - Cz.csv,thinking,variance,CZ,135,,id65,0.0006033463994,0.0003716819661,0.0008284093153,0.0007227418588,0.0006419092612,0.0005346088286,0.0002662128976,0.0006266377147,0.0006119081235,id65,0.0004919711398,0.0002530739261,0.0004709092864,0.0003428178374,0.0005071684553,0.0006457074483,0.0003024740356,0.0005854725196,0.0005913271821,id65,0.002056738374,0.001418716498,0.00218408002,0.002061561431,0.001767902325,0.001122599947,0.0005889396848,0.003173875292,0.003738416814
thinking_var_normal - Cz.csv,thinking,variance,CZ,136,,id66,0.0005543301962,0.0004949967799,0.0005313274227,0.0007945147545,0.0005134087136,0.0002467067976,0.0004508011107,0.000008271386316,0.0002312032882,id66,0.0002526112593,0.0002818595208,0.0003684240168,0.0004414528986,0.0004016671071,0.00009468536345,0.0002488345979,0.00003549952075,0.0001538250664,id66,0.003270086729,0.002470571015,0.003477063364,0.003194414326,0.003303905813,0.0006477399786,0.00283620753,0.000115873073,0.0004775082074
thinking_var_normal - Cz.csv,thinking,variance,CZ,137,,id67,0.00000004226653722,0.0000001223029783,0.0001178133697,0.0000003304427882,0.0000006433782298,0.000003583425741,0.0000000658327463,0.000002637524111,0.0001748174805,id67,0.00000002272850537,0.00000002933243049,0.00006708310393,0.0000001648163092,0.0000002174938906,0.000001348817164,0.00000002513564806,0.00000118553395,0.0001103106206,id67,0.00000001638430873,0.0000000941812141,0.0001823269793,0.0000001843569514,0.0000003481565732,0.000001946204532,0.00000003948484533,0.0000009829565207,0.0002427623409
thinking_var_normal - Cz.csv,thinking,variance,CZ,138,,id68,0.000608324207,0.0007492030585,0.0003041357507,0.0005328597306,0.00004036562623,0.0001464663021,0.0005043860088,0.0002548331156,0.0003818717354,id68,0.0008782023487,0.0007836801486,0.0004382336538,0.0006406860927,0.00007113213725,0.0001515736261,0.0003239875127,0.0004516867143,0.001032538193,id68,0.001493493416,0.0009792910422,0.0004725531341,0.0008066983779,0.0002086816813,0.0002301110501,0.0003820275714,0.0002122951773,0.0009396227267
thinking_var_normal - Cz.csv,thinking,variance,CZ,139,,id69,0.0006308293963,0.0006084837392,0.0007132669628,0.0006255723182,0.0002581625496,0.0002046251383,0.0005884144239,0.0006991214549,0.0001932864453,id69,0.0003113172971,0.0002583615159,0.0002511188569,0.0002616177872,0.0002907290946,0.00008233760734,0.0002695197213,0.0003658525202,0.00009528606339,id69,0.0006789833934,0.001427654788,0.001083962891,0.001007967108,0.0004543667654,0.0003031199197,0.0007315266481,0.001117226326,0.0003132144282
thinking_var_normal - Cz.csv,thinking,variance,CZ,140,,id7,0.0002141767244,0.0004517007247,0.0005504407623,0.00007470782777,0.0007900774116,0.0003984278496,0.0004800166205,0.0002467911548,0.0005699084768,id7,0.00008535625071,0.0003434812128,0.0002645247699,0.00004138127937,0.0004904871748,0.0003146697644,0.0001964846757,0.0001742924492,0.0002327019845,id7,0.0001223634876,0.0002821113666,0.000430498978,0.00003701132734,0.0009804115141,0.0005414253815,0.0003004900503,0.0002481015284,0.0008009408904
thinking_var_normal - Cz.csv,thinking,variance,CZ,141,,id70,0.0008031013884,0.0006147360852,0.0008679019161,0.0009614659724,0.0005230089375,0.0008945983141,0.0008398395569,0.00055616931,0.0005934217664,id70,0.0004079742409,0.0002298338615,0.0007980349434,0.0007140332659,0.0003890070678,0.0006762534063,0.0006629504423,0.0006514598919,0.000669134982,id70,0.001541756902,0.0008246133483,0.0006782919237,0.001115269555,0.0006046217702,0.001779677782,0.0009070913992,0.000558371529,0.001759015855
thinking_var_normal - Cz.csv,thinking,variance,CZ,142,,id71,0.0005212051551,0.000006001646253,0.0001421490178,0.0003042938096,0.0004369107149,0.0002886936843,0.0003735042196,0,0.0003293471227,id71,0.0004761068356,0.0000006927376185,0.000118066994,0.0001825771387,0.0003674270918,0.0001502867456,0.0001159725784,0,0.0001464004999,id71,0.001868803597,0.0000001506313542,0.000745597729,0.0006665666289,0.0008137652441,0.0007256954998,0.001753056837,0,0.001027859223
thinking_var_normal - Cz.csv,thinking,variance,CZ,143,,id72,0.00002804802585,0.0001477969417,0.0001466554096,0.0002755662332,0.0007981379506,0.0003027066675,0.0005188308058,0.0004610064318,0.0009537568222,id72,0.000006842743125,0.00004531712,0.00004006629662,0.0001811131085,0.0003726060395,0.0002096825883,0.0002561081905,0.0004388495191,0.0005575473863,id72,0.00001530367114,0.0002017718635,0.0004146440593,0.0009533584571,0.002773683864,0.0004555358389,0.003375276189,0.0009222850515,0.003680722634
thinking_var_normal - Cz.csv,thinking,variance,CZ,144,,id73,0.0002772643726,0.0006804402929,0.0004380982073,0.0006654345668,0.0005324955096,0.0003656258356,0.0003765184466,0.0007965512246,0.000874215654,id73,0.00008294810952,0.0004842542778,0.0002325549439,0.0003214913126,0.000315225009,0.0002389752994,0.0002330677052,0.0002932562443,0.0003271352851,id73,0.0001277022574,0.001134263639,0.00085418789,0.001318591374,0.00113876101,0.001108507136,0.001396071622,0.001304534181,0.001851475134
thinking_var_normal - Cz.csv,thinking,variance,CZ,145,,id74,0.0006533179963,0.0001538757052,0.0004406224885,0.0002077938344,0.0005207534069,0.0008969393617,0.0001337853316,0.0004497955238,0.0007344419493,id74,0.000293017915,0.0000625893664,0.0003077076932,0.0002509422358,0.0003102676808,0.0005495712572,0.0001042676238,0.0003163278651,0.0005285577815,id74,0.001661984351,0.0004856095407,0.001165489495,0.0001454844347,0.001368243995,0.00210134412,0.0003976956083,0.0008470814245,0.002398395033
thinking_var_normal - Cz.csv,thinking,variance,CZ,146,,id75,0.0001028207361,0.0001303031296,0.000502756621,0.0006027651169,0.00006305687152,0.0002910046957,0.0004962238321,0.0005408986773,0.000774774824,id75,0.00004139142138,0.0000502503032,0.000300231068,0.0004664162215,0.00001907271585,0.0001953086019,0.0003267120137,0.0003798126844,0.0003543656608,id75,0.0001006956853,0.0006222864998,0.002682143878,0.001688246648,0.00009488154081,0.001099591907,0.003522592107,0.002272728976,0.003972521826
thinking_var_normal - Cz.csv,thinking,variance,CZ,147,,id76,0.0005963627953,0.0003623929302,0.0002212064445,0.0001348223238,0.0001620756875,0.00004848754639,0.0005276738039,0.00009495074424,0.0004277097245,id76,0.0005779742379,0.0002598233166,0.0001318937505,0.0001092098536,0.000148320207,0.00006674610017,0.0003166046032,0.00009630415175,0.0001951010884,id76,0.002925824396,0.001167751089,0.0008566893086,0.0002829973685,0.0003928710214,0.0001081659195,0.001519986348,0.0002124209172,0.001562585722
thinking_var_normal - Cz.csv,thinking,variance,CZ,148,,id77,0.000407197428,0.0008893108097,0.0006469611808,0.0003344012271,0.0003510398721,0.0001718575403,0.0001190235147,0.0001616346041,0.0001444307522,id77,0.0003970676873,0.0003366708883,0.0003661621612,0.000183885496,0.0002910320542,0.0002166173901,0.0001627109405,0.00008305614896,0.00008643658097,id77,0.001255620656,0.002416398798,0.002031749939,0.0009385164506,0.0007548385589,0.0005347840762,0.0003143677183,0.0002513342088,0.0001517328359
thinking_var_normal - Cz.csv,thinking,variance,CZ,149,,id78,0.0002270089257,0.0001522684937,0.000008096800016,0.0002414129955,0.0000386115238,0.0002638882849,0.0004530361155,0.0002101522238,0.0003433908386,id78,0.0001539508576,0.0000467829054,0.000003280531642,0.0001668436656,0.00001997038766,0.0002270384024,0.0002073209914,0.0001099104111,0.0001891032969,id78,0.0002527746824,0.0001620207915,0.000003570409011,0.0005131202556,0.0001377986691,0.0008243261046,0.002479973615,0.0005123718223,0.0006645401636
thinking_var_normal - Cz.csv,thinking,variance,CZ,150,,id79,0.0005756981327,0.0003140803248,0.0001532037873,0.0006149879341,0.0006416842163,0.0005396037875,0.000004329525174,0.0006903311113,0.0001159510757,id79,0.000407151332,0.0001590016602,0.0001283578736,0.0006798708726,0.0007470582133,0.0004603996403,0.000008974811096,0.0009976633079,0.00006973961299,id79,0.002558196528,0.0007069265559,0.0003157458611,0.0007811542862,0.002612013871,0.000639513419,0.00001073543669,0.0009530479611,0.000229396695
thinking_var_normal - Cz.csv,thinking,variance,CZ,151,,id8,0.0006471777996,0.00000437151178,0,0.00006936841088,0.000610042503,0.000444467619,0.000381285127,0.0006473902284,0.0003124807764,id8,0.0003389091335,0.000001645783926,0,0.00006227489679,0.0004702867351,0.0001597539665,0.00009764218684,0.00027937598,0.00009242091857,id8,0.000402353571,0.000002713119721,0,0.0001608433091,0.0004868028623,0.0004524131727,0.0002244632394,0.0004673063707,0.0001613486266
thinking_var_normal - Cz.csv,thinking,variance,CZ,152,,id80,0.0002237429525,0.0003949309229,0.0002846743462,0.00007860877141,0.00007896724693,0.0001436498893,0.0001153352391,0.0001957479027,0.00003145188373,id80,0.0001557267107,0.000343451502,0.0001524928339,0.0001334352712,0.0001499183214,0.0001521861274,0.00008732134943,0.0001718066864,0.00002991850377,id80,0.0008078499224,0.001638724305,0.0007396081312,0.0002641449707,0.0002739388089,0.0003262258328,0.00007087316855,0.0007606616284,0.0001566953475
thinking_var_normal - Cz.csv,thinking,variance,CZ,153,,id81,0.0000730117306,0.000000004349285986,0.0008719485247,0.0000642754276,0.0003238405263,0.0001365215249,0.00000001892247141,0.0005385297545,0.00005697828096,id81,0.0001210289566,0.000000001360663214,0.0008785579201,0.00002882219761,0.0002268656521,0.0003340391291,0.000000002189734674,0.0002712804763,0.0001046423377,id81,0.00006147405871,0.000000001351844302,0.001166187929,0.0001219408635,0.0003800567947,0.0001455515458,0.000000003521605252,0.0005831077816,0.0001072613625
thinking_var_normal - Cz.csv,thinking,variance,CZ,154,,id82,0.0008726887349,0.0004035748127,0.0007733146462,0.0005750378569,0.0008055868943,0.0006828516565,0.0008542365421,0.000539258791,0.0002619983469,id82,0.0005188966094,0.0004592180466,0.0003228975783,0.0002887351234,0.0005245154347,0.000303408542,0.000314349678,0.0009077063517,0.0001727226967,id82,0.001804470088,0.001647191336,0.00356421792,0.002531347183,0.00241442401,0.002666220608,0.003239808322,0.00324728602,0.001233663477
thinking_var_normal - Cz.csv,thinking,variance,CZ,155,,id83,0.0002501496036,0.00003075216675,0.0003397093834,0.0003120627357,0.0004883272983,0.0002691725332,0.0005031493361,0.0004582837892,0.0007163466955,id83,0.0001528495807,0.00002329373027,0.0001438322688,0.0002132131824,0.0002505553943,0.0001235685835,0.0002388115667,0.0003864333422,0.0004002509662,id83,0.0003367378175,0.00002777700129,0.0008388901783,0.0007697999662,0.001685945416,0.0006995734651,0.001727823346,0.001218973337,0.00147248773
thinking_var_normal - Cz.csv,thinking,variance,CZ,156,,id84,0.000566678265,0.0002775306589,0.0005188009149,0.0001277995456,0.0001254862804,0.0002189148291,0.0005697566657,0.0004979691857,0.0001368734096,id84,0.0006220211244,0.0002157302897,0.0002550371049,0.0001199695112,0.0001058189799,0.0001544882482,0.0004463187598,0.0004314242375,0.0001730157828,id84,0.001244528636,0.0007116152885,0.001251311119,0.000183218049,0.0001451075306,0.0002576525115,0.001243643916,0.001387264784,0.0001822971625
thinking_var_normal - Cz.csv,thinking,variance,CZ,157,,id85,0.00002636685334,0.00002466258139,0.000134228737,0.0001030256122,0.00007455057351,0.0005336965735,0.0001683934082,0.00004157730368,0.0001787186605,id85,0.00001344073198,0.00006677157497,0.0000135430102,0.0001140093776,0.00005211583863,0.0004461154662,0.00007135832501,0.00006450638884,0.0001761864495,id85,0.000006395670033,0.00005903968875,0.000120887464,0.0001723320411,0.0001238352708,0.001226652464,0.0004313498743,0.00005413334278,0.0004200405966
thinking_var_normal - Cz.csv,thinking,variance,CZ,158,,id86,0.00002233692418,0.0005408311616,0.0005490007725,0.0004016989451,0.000589600697,0.0004007896859,0.000508870236,0.0003237436177,0.0002901886955,id86,0.00001073711913,0.0005281068643,0.000367872876,0.0002280387721,0.000358966014,0.0001805229696,0.0004198360237,0.0001668752469,0.0001836919793,id86,0.00003889299072,0.0009992278984,0.001040238441,0.0006525715443,0.001286480095,0.0006593903673,0.002003197434,0.000568605501,0.0006146716635
thinking_var_normal - Cz.csv,thinking,variance,CZ,159,,id87,0.0005432155093,0.0002782891802,0.000515603972,0.0006374376379,0.0005963006497,0.0009109012355,0.0006944782325,0.0007462328444,0.0006816900096,id87,0.0002417175128,0.000124027889,0.0004809941735,0.0004304228011,0.0003598358962,0.000435167667,0.0006802757802,0.0004257323299,0.000335543853,id87,0.0015542787,0.001307234947,0.002140746497,0.001894553862,0.002218169467,0.003966917755,0.00201540845,0.002606979087,0.002409280856
thinking_var_normal - Cz.csv,thinking,variance,CZ,160,,id88,0.0004536053576,0.0005093273451,0.0005127980706,0.0004995328022,0.0007370057289,0.0001806058931,0.000558779628,0.0002421641145,0.0003303776215,id88,0.0001126847342,0.0005245952257,0.0003076730588,0.000331249461,0.0002930769094,0.0001596869754,0.0004205231995,0.0001330964302,0.0001952125706,id88,0.0005093168444,0.001421180644,0.000802707903,0.0007318135263,0.001331925581,0.000159640331,0.00178932509,0.0004201028014,0.001259772595
thinking_var_normal - Cz.csv,thinking,variance,CZ,161,,id89,0.0001645001903,0.0006697525817,0.000320430022,0.000006186340165,0.00001970496088,0.00008519519714,0.00003613256074,0.00005874327866,0.00005567236489,id89,0.00004799400147,0.0003625987817,0.000189956439,0.000007117873798,0.00001805837334,0.0001073792356,0.00003894290595,0.00002488765459,0.00004018523243,id89,0.0000567669614,0.0008885111327,0.0007871576508,0.00001393106302,0.00002648381439,0.0001065417651,0.00004644829034,0.00002818530592,0.00004323203306
thinking_var_normal - Cz.csv,thinking,variance,CZ,162,,id9,0.0006072462763,0.000344079636,0.0001066602494,0.000347564893,0.00003121942573,0.00001497539731,0.000001013654436,0.000558475758,0.00004762384509,id9,0.0002186315553,0.00006558463028,0.00005900919263,0.0001924321203,0.00004845938959,0.000004235816392,0.0000005335071784,0.0002817198718,0.0000227782963,id9,0.0002361485577,0.0001686173669,0.00007540974706,0.0001782207452,0.00006339635582,0.00001469647926,0.0000003317086199,0.0006056071149,0.00002173273955
thinking_var_normal - Cz.csv,thinking,variance,CZ,163,,id90,0.0005387490389,0.0003770655944,0.0002367408008,0.00001177708663,0.0000004340225196,0.0000003619102081,0.000002387298208,0.0004384970379,0.00000149394705,id90,0.000669846087,0.0003096491617,0.00007219289714,0.000005649515163,0.0000002152374492,0.0000001518442863,0.0000007054072171,0.000464638398,0.0000008323907483,id90,0.0005763641289,0.0009175904151,0.0001570461585,0.000003847400499,0.0000002047177561,0.0000001968105456,0.000001553330006,0.0003355877558,0.0000006577151157
thinking_var_normal - Cz.csv,thinking,variance,CZ,164,,id91,0.0001577960228,0.0000219857239,0.0001480708376,0.0002789908195,0.0000001784755576,0.00002849382225,0.0004536505276,0.0006929996094,0.0004337116382,id91,0.00008038025371,0.00000776871521,0.00009141246441,0.0001220347012,0.00000001337955837,0.00003797819365,0.000110959395,0.0001439397612,0.00008818408876,id91,0.0004743725139,0.00001041147088,0.0001660341838,0.0004055696849,0.00000002272896709,0.00008535035388,0.0001249608003,0.0002252562803,0.000425558736
thinking_var_normal - Cz.csv,thinking,variance,CZ,165,,id92,0.000584663164,0.0006738541769,0.0007952645944,0.0006177237918,0.0005317385694,0.0005134250903,0.0002278429255,0.0000005464886602,0.0004078427366,id92,0.0002485820484,0.0004196122614,0.0005644431177,0.0003457008301,0.0003440308792,0.0003740638645,0.0001376195273,0.000000178076144,0.0001217091602,id92,0.0002559425349,0.0009681122417,0.0007095305384,0.001081101935,0.0003079430257,0.0004396105742,0.0001181340566,0.0000002873181834,0.0001301788218
thinking_var_normal - Cz.csv,thinking,variance,CZ,166,,id93,0,0.0003108874049,0.0002216773276,0.00000003321647866,0.00000006140708254,0.0000008748679862,0.002986398107,0.00000006330885523,0.0005912145247,id93,0,0.00001725089478,0.00007137222961,0.00000002549584836,0.00000001975587757,0.0000005523708867,0.000060573102,0.00000002065339476,0.00006827650008,id93,0,0.00004200072018,0.0001874768385,0.0000001686633823,0.00000001542552265,0.000001016564012,0.0001798984062,0.00000008556521002,0.00005395085282
thinking_var_normal - Cz.csv,thinking,variance,CZ,167,,id94,0.000574893634,0.0005920969751,0.0001233641607,0.0003824885335,0.0005422430189,0.0002468167758,0.0004333774104,0.0003262093515,0.000256209181,id94,0.0003031319681,0.0003292716957,0.00008746131482,0.0002584988023,0.0004979312466,0.0002149909914,0.0002718879655,0.0002021017963,0.0001724371844,id94,0.001494803243,0.002091257657,0.0001987932191,0.00111817696,0.0008130411978,0.0007162807034,0.0007929527103,0.0003889570701,0.000343700743
thinking_var_normal - Cz.csv,thinking,variance,CZ,168,,id95,0.0005207050932,0.0004448474317,0.0004915196532,0.0003723604955,0.0003973071972,0.0000278922928,0.0001437823838,0.0001569230516,0.0003395632749,id95,0.0003240700688,0.0002588754837,0.0003486801425,0.000347433717,0.0002152937123,0.00003553320373,0.00008622190015,0.000131396591,0.0002753675182,id95,0.0008548954769,0.001094625317,0.001346396689,0.001150976782,0.001780075668,0.00005112263963,0.0003480902846,0.0003488590981,0.001053932172
thinking_var_normal - Cz.csv,thinking,variance,CZ,169,,id96,0.00001034318154,0.0001107013599,0.00001411969427,0.0000001164059567,0.00006600656057,0.000003923506144,0.00005660925545,0.0004702050241,0.0001849361862,id96,0.000006890954652,0.0001167600065,0.000005565837499,0.000000006827493331,0.00005529011324,0.00002581611169,0.00000798518352,0.0003468776979,0.0002099364275,id96,0.00001469428387,0.0001650705338,0.00002231707371,0.000000005044530406,0.00009553436973,0.00002962333013,0.00002080249573,0.001371551989,0.0003733867546
thinking_var_normal - Cz.csv,thinking,variance,CZ,170,,id97,0.0003795060787,0.0005642599976,0.0005663464104,0.0005012839104,0.0003846582833,0.000006123609986,0.0006397519949,0.0004821805803,0.0004607382141,id97,0.0002075979257,0.0003455598113,0.0003573728185,0.0003132263076,0.0003238597217,0.000003233401011,0.0004189118107,0.0003362834409,0.0003700673828,id97,0.0003996965341,0.0005826653275,0.0006719766247,0.000847271129,0.0005235229432,0.0000110451877,0.0007790791617,0.0006144350766,0.0007666840926
thinking_var_normal - Cz.csv,thinking,variance,CZ,171,,id98,0.0001536402225,0.0003497859281,0.0003468487409,0.00006633049523,0.0002578960631,0.0005855159446,0.0001563674482,0.0004603549156,0.0001475606375,id98,0.0001548948447,0.0005032077227,0.0002827534637,0.000144395406,0.0003496106747,0.0008744484928,0.000226433839,0.000733709926,0.0001562140893,id98,0.0001707136008,0.0004230995656,0.0004148961093,0.0002501823033,0.0004355623393,0.0009496941231,0.0002208858692,0.0007851556286,0.0001314696018
thinking_var_normal - Cz.csv,thinking,variance,CZ,172,,id99,0.0008470408712,0.0006426052737,0.000555957491,0.0008041212197,0.0006463372099,0.0005869477559,0.0007776676805,0.0006456970927,0.0008096984677,id99,0.0003314428604,0.0003885940632,0.0002310643063,0.0004711395177,0.0002868635271,0.0001912291916,0.0005204480407,0.0003992841548,0.0003523243349,id99,0.001091403338,0.001106258581,0.002855694292,0.002761245864,0.00262096398,0.002622960398,0.002250185897,0.002127752551,0.003219137568
