subject_id,scenario,scenario_num,resting_C3_High_Beta_mav,resting_C3_Low_Beta_mav,resting_C3_Mu_mav,resting_C4_High_Beta_mav,resting_C4_Low_Beta_mav,resting_C4_Mu_mav,resting_CZ_High_Beta_mav,resting_CZ_Low_Beta_mav,resting_CZ_Mu_mav,thinking_C3_High_Beta_mav,thinking_C3_Low_Beta_mav,thinking_C3_Mu_mav,thinking_C4_High_Beta_mav,thinking_C4_Low_Beta_mav,thinking_C4_Mu_mav,thinking_CZ_High_Beta_mav,thinking_CZ_Low_Beta_mav,thinking_CZ_Mu_mav,resting_C3_High_Beta_variance,resting_C3_Low_Beta_variance,resting_C3_Mu_variance,resting_C4_High_Beta_variance,resting_C4_Low_Beta_variance,resting_C4_Mu_variance,resting_CZ_High_Beta_variance,resting_CZ_Low_Beta_variance,resting_CZ_Mu_variance,thinking_C3_High_Beta_variance,thinking_C3_Low_Beta_variance,thinking_C3_Mu_variance,thinking_C4_High_Beta_variance,thinking_C4_Low_Beta_variance,thinking_C4_Mu_variance,thinking_CZ_High_Beta_variance,thinking_CZ_Low_Beta_variance,thinking_CZ_Mu_variance
id1,scenario1,1,5.082302137,3.395973984,3.931532545,4.15143153,2.680948701,3.282657196,6.597785932,2.703202638,3.467530577,13.16664599,2.781926162,3.048139877,17.03752668,4.548446369,5.605410449,14.12323247,4.450526934,5.355470865,8.879493958e-05,3.444332171e-05,5.4688663e-05,4.427828272e-05,1.81846167e-05,2.646315822e-05,0.0001282090953,1.514065826e-05,2.423415743e-05,0.0003314100055,1.491422033e-05,1.812003521e-05,0.0005088294842,3.613534024e-05,5.334165125e-05,0.0003764201811,3.275903869e-05,4.458733684e-05
id1,scenario2,2,4.768486319,4.775144608,5.059984854,6.775944248,5.739713728,8.009283497,4.79895066,4.849762331,5.932599444,5.667414316,4.110266207,6.111616826,7.4109411,5.280881248,5.394629638,4.70244611,4.856669731,4.766055452,0.0001118458638,8.795059585e-05,7.253137787e-05,0.000201026006,8.559217731e-05,0.0001725335455,0.0001534967512,7.425248958e-05,0.0001084631324,0.0001847045839,6.924625895e-05,0.0001652048513,0.0002710458251,0.0001036254373,0.0001057977516,0.0001679554256,0.0001482393001,0.0001154862916
id1,scenario3,3,7.801122902,4.832168897,6.064388067,4.488198155,2.962759234,3.263121196,11.3250744,8.119140781,8.995475626,2.702330442,1.664664989,1.849646406,3.40206745,2.132839766,2.096333111,11.47436485,11.18281961,10.87942112,0.0001485202693,4.813790988e-05,7.643701247e-05,3.9877359e-05,1.578318491e-05,2.039707048e-05,0.0002978896001,0.0001352229579,0.0001554705407,1.813635982e-05,6.085292606e-06,7.446510349e-06,2.900146316e-05,1.097485167e-05,9.885784818e-06,0.0003194507974,0.0002627880318,0.0002584858268
id1,scenario4,4,1.594918708,1.535426044,1.976480405,2.020131772,2.16241275,2.206693704,4.092029418,4.156824376,4.048733507,2.714371692,1.764158244,2.017124052,3.402711285,2.077311552,2.397787865,10.27935113,7.529528176,8.395547701,1.34390492e-05,1.352162222e-05,1.529453717e-05,2.668936669e-05,2.407166029e-05,2.236398123e-05,7.92188178e-05,7.55892933e-05,8.096092499e-05,1.400975827e-05,5.522171075e-06,8.136301035e-06,2.467101078e-05,8.671613731e-06,1.112053514e-05,0.0002483648113,0.0001088447931,0.0001427599747
id1,scenario5,5,5.482535646,4.243839758,5.650069068,8.505770718,3.475707858,5.100157777,3.686032756,3.18568422,5.494267,3.074627365,3.929368791,4.396202496,13.18829339,13.07453094,16.76191154,14.25101148,10.61757472,14.51441432,0.0001596719806,5.098559415e-05,9.83910859e-05,0.0004824929988,4.698271165e-05,9.451971231e-05,7.786981945e-05,3.105291229e-05,0.000121239031,6.717595784e-05,5.983457472e-05,8.196262028e-05,0.0004236810271,0.0003106557027,0.0005769594137,0.0005471683107,0.0002351424744,0.0004638069383
id1,scenario6,6,4.407749867,3.166919414,3.17961569,0.89032942,0.6285964865,0.8068075113,1.14346254,1.022043489,1.122526312,12.39614264,6.465203396,6.342204395,1.533478305,0.8328329241,0.787138551,2.354475702,1.22680926,1.238177854,8.014845573e-05,3.055726469e-05,4.060584925e-05,2.536007787e-06,1.27991774e-06,2.741847505e-06,4.944446137e-06,4.205024678e-06,5.758491097e-06,0.0003773633628,9.817044985e-05,9.091610344e-05,4.943933997e-06,1.449869714e-06,1.166616904e-06,1.035045009e-05,2.654511573e-06,2.78847702e-06
id1,scenario7,7,1.609396736,1.26095404,2.06480317,0.9024662309,1.111426619,1.908975018,0.7880823363,1.255922943,2.182166075,0.4687557696,0.3510815762,0.4425381719,0.02317392464,0.01733287332,0.02188608465,0.3154172554,0.2362417229,0.2977771783,3.468768318e-05,1.055350157e-05,2.874177943e-05,1.412452802e-05,1.193088627e-05,3.284241624e-05,7.884175123e-06,1.379671191e-05,3.451632343e-05,7.073143306e-07,2.516359536e-07,3.936447224e-07,1.7280361e-09,6.139795e-10,9.616121e-10,3.202350736e-07,1.139318155e-07,1.782374673e-07
id1,scenario8,8,0.03485562592,0.04359463922,0.04411482039,0.03230691442,0.04042785248,0.04088872152,0.02423315403,0.03032261586,0.03068141858,0.0,0.0,0.0,0.0,0.0,0.0,0.0,0.0,0.0,4.01508789e-08,2.96328631e-08,3.1969218e-08,3.45143001e-08,2.54850847e-08,2.7460447e-08,1.94168892e-08,1.43378195e-08,1.5462126e-08,0.0,0.0,0.0,0.0,0.0,0.0,0.0,0.0,0.0
id1,scenario9,9,2.886457601,1.376256905,1.533352248,6.898365889,2.597264789,3.428827349,5.295953878,2.543457121,2.937543515,2.022992609,1.380801313,2.435353407,4.800134424,4.094095079,5.855863433,5.330791639,4.357366589,7.515991941,1.91415944e-05,3.287107386e-06,4.119644927e-06,0.0001175595351,1.173417048e-05,2.742791415e-05,5.500710706e-05,1.248099804e-05,1.542905026e-05,2.606542382e-05,8.631189276e-06,2.716255179e-05,6.702760671e-05,4.087856298e-05,7.586117984e-05,7.700972806e-05,4.461089701e-05,0.000134891444
id10,scenario1,1,2.022243089,2.185094525,2.68134475,4.659582753,3.465740841,3.809741639,6.409969733,3.562445402,6.114231863,0.1398137451,0.06526979553,0.0710315985,5.133835183,4.915357706,5.274314346,3.512626633,5.190460192,3.906691295,4.410285434e-05,2.983580432e-05,5.168379134e-05,9.534194955e-05,3.547927672e-05,4.823138692e-05,0.0002171174645,4.083037215e-05,0.0001196414905,6.58399737e-08,8.3763291e-09,9.1981607e-09,0.0001701980248,9.694899316e-05,0.0001013451963,8.946694442e-05,0.0001639688,8.220307868e-05
id10,scenario2,2,5.781643558,3.647303165,4.485983953,4.74606043,3.556375771,3.905196993,15.06914056,11.29872609,15.18424183,6.37536819,1.607469328,1.803179755,5.955989589,5.41328664,4.884702251,5.664376319,3.71778871,4.978928003,8.058329861e-05,5.223473049e-05,9.893318425e-05,0.0001105027504,4.306442467e-05,4.725151877e-05,0.0005247339494,0.0002722066166,0.0005086485239,6.888730948e-05,4.167667487e-06,5.963822476e-06,0.0001919855143,9.817532677e-05,7.859106948e-05,8.349989925e-05,3.780135727e-05,8.820481088e-05
id10,scenario3,3,1.667310019,1.077736408,1.394099805,12.44499121,8.427635524,10.00659774,11.17738296,10.16349841,11.85198581,0.959979502,0.6325250013,0.8624949747,12.64926291,10.40205501,12.35987083,8.640206536,9.388798697,11.9674483,4.230694921e-06,1.874538414e-06,3.421209041e-06,0.000264399762,0.0001181364501,0.0001721947809,0.0002504580864,0.000179486155,0.0002539889177,1.91333992e-06,6.926000518e-07,1.500883316e-06,0.0003303127784,0.0002096052443,0.000290149699,0.0001557257304,0.0001740054331,0.0003183441987
id10,scenario4,4,1.471553288,0.6372858804,1.594274713,3.50629349,2.524986489,2.590152649,3.767130258,0.8687427192,0.7999744856,1.063628044,1.456445994,2.053966427,0.6198813651,0.1721984874,0.1735977105,1.237530074,0.3438082727,0.3466194494,1.71740906e-05,3.118715853e-06,1.751666492e-05,4.730490409e-05,2.913156472e-05,3.24305362e-05,2.107675665e-05,1.352284045e-06,9.633944752e-07,1.164832191e-05,1.37728741e-05,2.690620541e-05,1.463359637e-06,7.74391624e-08,7.8362616e-08,5.832019057e-06,3.086304809e-07,3.12316443e-07
id10,scenario5,5,4.358625897,2.337920854,2.842509592,13.07181525,11.97305934,17.75548491,16.03224908,14.3175004,21.40025378,2.860581647,2.188146535,2.591590168,9.87386105,10.18269641,14.94804328,11.40479132,10.67071059,17.16696948,6.925824541e-05,1.853021779e-05,2.705131571e-05,0.0004472385778,0.0003121726085,0.000721391076,0.0005583518202,0.0004122506232,0.0009334212281,2.372737034e-05,2.392286058e-05,3.353351053e-05,0.0002898013529,0.0003088687782,0.0006931918119,0.0003348259677,0.0002511202789,0.0007635829275
id10,scenario6,6,4.936050188,4.219218359,5.073128484,10.06002046,7.187616436,12.42086252,22.24081665,16.25784542,18.83884502,4.581008967,4.194337172,5.39308846,10.72076865,10.07519317,11.88281557,10.72807517,11.51262963,13.89496364,4.539524559e-05,3.744091622e-05,6.40156316e-05,0.0002474165477,0.0001110024151,0.0004061208273,0.0008982017226,0.0004022333583,0.0006089900005,5.613211453e-05,4.348639804e-05,7.084915777e-05,0.0003423190584,0.0002569947896,0.0003597846222,0.0003586679299,0.0003534521832,0.0005015166392
id10,scenario7,7,2.744933129,1.164986195,1.102969474,0.5175424972,0.1719908076,0.159634419,1.252909439,0.4164605418,0.3865945927,3.497612844,3.274364489,3.172641835,3.587236757,3.368564016,3.911400942,3.166111408,3.750063015,3.371334755,1.693113495e-05,4.018284736e-06,4.315256402e-06,4.188137452e-07,5.32502243e-08,3.9867268e-08,2.454467177e-06,3.121477927e-07,2.338539733e-07,6.609022196e-05,7.127767773e-05,8.051217623e-05,8.839583072e-05,5.798884887e-05,8.118011797e-05,6.625189765e-05,8.927772464e-05,5.167111339e-05
id10,scenario8,8,2.10735465,2.629288737,3.397712945,7.418422184,5.187677782,7.999669581,9.028218403,5.488391142,7.9283795,3.888244689,3.878119447,5.219251491,10.63784039,7.235422594,9.062636173,16.16716088,14.13816656,15.89151543,1.95773785e-05,3.67851038e-05,5.635674107e-05,0.0002130478098,9.286406993e-05,0.000259717339,0.0003767562489,0.0001004103192,0.0002207056877,4.520068722e-05,4.391530598e-05,8.831535736e-05,0.0002812017576,0.0001063955756,0.0001628595349,0.0005246590599,0.0003791072277,0.0005274733438
id10,scenario9,9,6.145936537,7.733339757,11.55789877,16.49124238,9.822135908,13.03772513,15.16486246,10.51348015,10.93710585,4.242195621,4.311779529,4.803617911,11.49825893,8.629175394,11.44684241,12.13557463,8.920939201,11.58690227,0.0001039859033,0.0001347012333,0.0003283240409,0.0005250103163,0.00016612322,0.0002777178662,0.00049776652,0.0002039718632,0.0002009320771,7.15035989e-05,7.342380074e-05,7.169551676e-05,0.0002829962382,0.0001591937817,0.0002909842206,0.0003559666887,0.0001806958458,0.0003352336853
id100,scenario1,1,2.481056835,2.624564748,2.346949609,18.43072164,18.59214363,23.30238013,8.174608412,9.534005644,12.22599781,0.8170649299,0.703196565,0.6888095881,7.263757293,8.886958789,7.849048573,11.63459492,12.92586323,15.85802567,1.850720418e-05,2.406741591e-05,1.417248293e-05,0.0005720937696,0.0005339790152,0.00085245589,0.0001607067117,0.0002123747151,0.000365129852,1.45251947e-06,1.005755646e-06,1.009785464e-06,0.000191965996,0.0002327557257,0.000171245288,0.0003562023048,0.0004338447247,0.0006485311673
id100,scenario2,2,6.131243208,4.638511947,6.902757518,11.53175378,9.641276963,11.99519242,10.37126745,7.129755822,12.82090163,4.486699773,3.587926988,3.805999916,5.590661777,4.127516885,4.092077739,10.20124985,10.12334953,11.46428758,7.443212288e-05,4.654427189e-05,9.027335529e-05,0.0003325160794,0.0002182226278,0.0003664951112,0.0002530164002,0.0001049681437,0.0004682231706,3.5455613e-05,2.033938516e-05,2.47427718e-05,6.496154278e-05,4.046778924e-05,3.995692684e-05,0.0002486394598,0.0002246833684,0.0002704315293
id100,scenario3,3,6.222645446,5.016785793,7.523771063,13.98989426,16.31211479,19.99397768,17.30113112,16.93382471,19.18895345,1.984501724,1.530280578,2.028691668,4.736618653,2.02838249,2.780936679,8.490839735,6.03890386,6.59370376,8.659379389e-05,6.467482273e-05,0.0001387025486,0.0003545874208,0.0005385245404,0.000884685937,0.0006208827183,0.000588185371,0.000906322702,1.004228486e-05,9.444011333e-06,2.586816169e-05,9.632024519e-05,1.052150048e-05,2.660379507e-05,0.0002651278753,0.0001082175703,0.0001211800178
id100,scenario4,4,3.073695251,2.774417274,5.601082598,15.69765066,13.78802324,19.00881112,14.845634,11.67737677,15.78077382,0.7059838338,0.6085671627,0.8763833531,8.382191247,10.085355,14.62858532,11.02674835,12.05766327,15.53122968,4.895543793e-05,2.61717701e-05,0.0001303262297,0.0005754651948,0.0003879412546,0.0008090090499,0.0004909662069,0.0002699824211,0.000544743615,7.187728514e-06,4.286139152e-06,1.332653336e-05,0.0002201588946,0.000287196575,0.0006902604703,0.000351847529,0.0003519302657,0.0006136263112
id100,scenario5,5,4.818238239,4.365936868,4.256313607,9.510478751,8.272595486,11.80562407,18.98155075,11.09658393,17.1952138,2.933583566,2.743335105,2.274711506,7.00402733,7.022678596,7.160493918,8.143043902,7.186978813,7.336326715,4.092737737e-05,3.370412954e-05,3.318013282e-05,0.0002840076078,0.0001925249877,0.0004439331757,0.0006856176741,0.0002042538563,0.0005564516926,1.995756985e-05,1.836330027e-05,1.084779504e-05,0.0002266691395,0.0001791704352,0.0002312465163,0.0003220860761,0.0001746042145,0.0001879653383
id100,scenario6,6,7.929071676,7.471403794,9.468072551,12.28271946,14.73954945,17.2218211,17.72244539,16.09002269,27.19361072,5.864146112,6.006630064,5.874343111,14.81687975,15.42521214,17.53101127,14.85785977,15.42786628,22.18894746,0.0001123816861,9.059077874e-05,0.0001654663452,0.0003555992989,0.0003726520874,0.000516294527,0.0005577566369,0.0003972320963,0.001117865472,5.765559621e-05,5.934408521e-05,5.493979378e-05,0.0005198418402,0.0005109527819,0.0006634455432,0.0004210991639,0.0004385106722,0.00100527041
id100,scenario7,7,4.896046368,5.893270298,5.703024894,14.43458498,10.55089378,12.10274417,11.10723315,9.985333529,10.67569651,5.852266187,7.578518787,8.919530361,21.86650098,27.43645836,43.85128452,17.88360847,24.37198245,35.80175021,5.517067856e-05,6.737920386e-05,6.221174039e-05,0.0006765847671,0.0002957595848,0.0004429492125,0.0003768291595,0.0002572030819,0.000270963134,5.720786186e-05,9.232699024e-05,0.0001249871716,0.0007845785765,0.001104810934,0.002762532266,0.0005543365553,0.0009297934347,0.002048881914
id100,scenario8,8,7.349659767,5.551405088,7.206359455,13.84755361,14.87452514,14.40519585,13.79958672,9.037557083,12.54064625,4.7025933,5.629678814,5.521618818,12.67554759,11.95702473,15.49481262,12.07605192,13.67913146,17.92020137,0.0001039625675,5.550133676e-05,9.308793157e-05,0.0004827966095,0.0004906178953,0.0004221807433,0.0005173969161,0.0001680886097,0.0003833958203,4.144873971e-05,5.989976026e-05,5.231755667e-05,0.0004408429592,0.0003920134518,0.0006049780778,0.000398208567,0.0004797291469,0.0007998137347
id100,scenario9,9,4.456751613,5.023243841,6.367478168,4.080605344,5.493498605,6.262740399,5.675169786,5.437376607,8.319432466,5.792630968,5.730719224,8.809856478,20.8706935,23.70247162,35.50304681,20.85460958,22.11396847,34.92742107,4.388303399e-05,5.014821949e-05,7.633198581e-05,6.087075549e-05,0.0001206586749,0.0001698906498,0.0001303709176,9.025901688e-05,0.000278781212,6.035526932e-05,5.282583479e-05,0.0001525770146,0.0007287282355,0.0008737371589,0.001955901184,0.0007202468438,0.0008018320434,0.00192899439
id101,scenario1,1,6.91104901,4.899626723,6.598355999,11.66835259,7.308417162,10.71261523,13.60964266,10.47300115,13.93780609,11.84077758,10.60271476,12.66419605,20.60666387,17.73937423,23.09496285,16.80486132,12.4640495,23.21867861,0.0001178400861,4.468024583e-05,7.430882071e-05,0.0003146377277,9.17762155e-05,0.0002717345115,0.0003723522112,0.0001650394463,0.0003410684078,0.0002767996928,0.0002344789228,0.0003198014957,0.0007312602093,0.0005054382157,0.0007920709828,0.0005004409905,0.000275903358,0.0009859404789
id101,scenario2,2,9.129256285,9.286908759,11.50767364,11.57276485,9.064819958,12.30267597,12.1721876,9.539280483,12.56579195,6.672405971,4.078903308,5.376639488,14.97691266,9.313235567,13.57194786,17.68144107,12.19905062,12.70254216,0.0001639496639,0.0001410338668,0.0002286444103,0.0002923267064,0.0001821402277,0.000310729977,0.0003039264911,0.0001755436406,0.0003077467804,7.6268977e-05,3.011653877e-05,4.743342566e-05,0.0003862543097,0.0001368429531,0.0002951723093,0.0005131209096,0.0002261092829,0.0002681559349
id101,scenario3,3,13.84208784,11.07742009,8.956903765,8.615093837,5.471320262,5.194826516,8.005984801,7.374428195,9.530713889,16.41092241,13.25463865,14.49103115,13.01974387,9.349738463,11.62549092,17.28899883,14.05943876,24.05819739,0.0004696018913,0.0002309585409,0.00017032516,0.0001288863085,5.259886088e-05,5.032971521e-05,0.000112773814,0.0001189008285,0.0002132275493,0.0005650682109,0.0003066920802,0.0003526764258,0.0002874669221,0.0001404732264,0.0002398044689,0.0005683856152,0.0003188120749,0.0009777859165
id101,scenario4,4,8.567885068,5.391640144,7.15027591,10.7067872,7.561531794,7.668701514,13.00303635,11.96950119,16.8362441,11.64631383,7.562894226,11.56524243,11.7938537,6.168291795,7.822206912,14.53519175,11.15524404,20.14883632,0.0001799254793,5.103441516e-05,0.000112785669,0.0002365619219,0.0001050286354,0.0001003851658,0.0003280589951,0.0002554576154,0.0005092070562,0.0002357137201,9.186410648e-05,0.0002222026544,0.0002361889336,6.068268609e-05,0.0001034942733,0.000399253394,0.0001989571826,0.0007377330531
id101,scenario5,5,8.583005346,5.141592376,6.777043548,13.06361395,8.844797887,12.18862492,10.83475474,8.455654552,10.44240584,7.587480179,6.996634079,5.151753033,9.521201041,7.591125348,6.940021727,12.08322529,9.537652048,10.88693217,0.0001235112572,4.719876876e-05,6.947065585e-05,0.0003236132846,0.0001295848828,0.0002431429307,0.0001996502332,0.0001235183045,0.0001892721098,8.815496334e-05,7.978568565e-05,4.082703353e-05,0.0001609140109,0.0001015469139,8.232327334e-05,0.0002810882016,0.0001561412183,0.0001878009408
id101,scenario6,6,8.951669119,6.93523048,7.440226482,16.25626094,9.229935734,12.9402765,15.80087084,13.0874317,14.34445794,13.01344528,8.40920115,14.01798594,15.56720206,12.07173976,19.52953386,18.30688356,14.56742154,18.72915457,0.0001455236733,0.0001053941892,0.0001018981238,0.0005144156791,0.0001539715057,0.0002867460603,0.0004666507582,0.0003803078191,0.000364387486,0.0003166031354,0.0001288493076,0.0003247643855,0.0004161277439,0.0002246424568,0.0005756488065,0.0005432246856,0.0003461803446,0.0005739904949
id101,scenario7,7,10.90199015,9.250231818,8.894440523,13.49195839,7.811964687,8.380020081,17.66773604,12.15925357,18.83164628,12.60899436,10.65849566,12.62953915,11.1006517,8.859388603,11.0707202,14.03818991,12.04373916,17.33657072,0.0002152033481,0.0001296678137,0.000136218821,0.0002935708366,9.980434348e-05,0.000124739554,0.000617662283,0.0002290310257,0.0006328381931,0.0002817027378,0.0001796743337,0.0002473026283,0.000206236154,0.000158046046,0.0001796379824,0.0004176440441,0.0002536895265,0.0005395062667
id101,scenario8,8,11.59916582,6.857450093,7.188938071,19.06644058,12.48478015,16.99781237,16.47429472,11.28836067,13.29369116,9.562994163,7.81876156,9.511814353,22.697138,15.64400831,21.11347452,18.74316292,15.85756051,17.72990582,0.0002521416069,7.960158373e-05,8.62961911e-05,0.0006508546781,0.0002751999606,0.0004971722816,0.0004693304285,0.0002283759396,0.0002975508349,0.0001667783395,0.0001081473564,0.0001463807522,0.0008197806602,0.000386123712,0.0007530793263,0.0005911887532,0.0004583679428,0.0005486526474
id101,scenario9,9,10.7371765,8.32291499,8.712949955,18.55159327,14.61273186,22.03944617,15.41694524,11.01770435,15.96663541,18.27836375,12.71830849,14.54118566,22.70622808,16.31713854,22.26992105,20.95327151,12.83182646,18.31655844,0.000198691691,0.0001180043473,0.0001293773607,0.0006379101684,0.0003935590546,0.0009000139309,0.0004251992547,0.0002023372343,0.0004667227347,0.0005661982845,0.0002637494486,0.0003332390579,0.0008449514877,0.000437672745,0.0007688584064,0.0007444715486,0.0002620454736,0.0005717734408
id102,scenario1,1,17.0339388,13.78536885,14.91257083,22.20974499,23.45444265,17.4629221,16.1577027,18.10963246,16.55691788,18.57001514,16.99101959,15.1600489,22.811787,16.50708372,18.38452733,24.29515408,20.49236296,20.68392707,0.0005541200782,0.0003508564742,0.0004113614815,0.0008889972703,0.0009024068372,0.0005176919255,0.0005097861482,0.0005328527041,0.0004345312241,0.0006726811574,0.0005326276128,0.0004520962814,0.0009992025587,0.0004628052641,0.0006198995172,0.001064909372,0.0006817517957,0.0007117245409
id102,scenario2,2,13.86519896,9.307842174,10.31198706,15.92524953,14.35740324,16.80366455,16.12445584,14.28785594,18.03494341,18.68226446,13.06141074,11.93573809,17.82254301,13.21413707,12.98214017,19.12625879,13.06671219,11.33983871,0.0003815728849,0.0001398331232,0.0001898177851,0.0004411331715,0.0003893191435,0.000531932581,0.0006320671867,0.0003954335818,0.0006044410003,0.0005951200553,0.0003170806501,0.0002288805381,0.0005852005891,0.0003856497604,0.0003352332868,0.0006556435603,0.0003127496904,0.0002258574427
id102,scenario3,3,15.93529479,12.8131833,15.31909746,17.68638657,13.06821058,18.91679755,22.07642272,18.48788073,23.02391692,19.82572131,11.73832952,19.83312772,25.97027156,14.77202939,23.48650231,20.78865342,15.53454265,21.75996727,0.0004949175478,0.000343528018,0.000442117359,0.0005657337341,0.0002784502841,0.000571065759,0.0009198378022,0.0005988611006,0.0009308123316,0.0006494886745,0.0002248194184,0.0006043530588,0.001133542378,0.0003353729902,0.0009097579179,0.0007692993251,0.0003977520463,0.0007531351072
id102,scenario4,4,19.57626638,13.18648101,19.14474234,18.02903251,12.3508929,16.35420839,16.50604488,11.75638544,15.72474882,8.618182796,7.049488303,5.833947119,9.891340393,5.538733438,6.383946828,6.77619276,5.829623292,5.813385529,0.0007345063677,0.0002915446188,0.0006022060026,0.0007445204022,0.0003153943223,0.0005188673302,0.0005999235146,0.000276122752,0.0005928063764,0.0001581318518,0.0001147141572,7.857908817e-05,0.0003629012676,8.352279364e-05,0.0001132385367,0.0001389146818,0.0001107724596,7.966314133e-05
id102,scenario5,5,11.87058169,8.923329057,11.19423887,18.96873745,13.80233431,15.83950901,13.08228137,8.668694913,14.09412416,14.83557861,10.00955962,16.32459379,17.33770555,13.94002243,17.86944643,15.13327185,13.47852939,18.47333136,0.0003579044246,0.0001699441933,0.0002983079568,0.0007147622922,0.000355348179,0.0004473499973,0.0004186345977,0.0001729153682,0.0004381806806,0.0005066751108,0.0002229045735,0.0005642204153,0.0006405338558,0.0003944967939,0.000656832112,0.0005178596553,0.0003521982472,0.0007635070642
id102,scenario6,6,19.20535699,11.65918417,17.00333925,22.43650801,14.62955138,13.59006034,19.16438532,15.68672028,12.65309384,16.387215,13.43450075,19.76648108,22.61688344,16.77772085,23.44822505,22.14593154,18.49671595,28.57805117,0.0007345976993,0.000257468343,0.0005061779098,0.0009042638314,0.0003581420566,0.0002978654373,0.0007563543138,0.0004091506345,0.0002741906843,0.0005659868269,0.0003425546072,0.0007610367641,0.0009178170478,0.0005037230571,0.0009893448283,0.0008794488721,0.0006072772965,0.001454855487
id102,scenario7,7,14.66281987,12.80270231,13.32136674,20.06360777,13.38660019,15.2016097,20.67915699,16.25872067,17.93148566,26.99758966,22.36331244,25.48064759,18.68139915,16.27231664,15.85034293,23.9585446,20.98644965,22.48020637,0.0005018874808,0.0003045281139,0.0003908903245,0.0008067267761,0.0003344836615,0.0004041123084,0.000781968935,0.000486327416,0.0005817868172,0.001239882134,0.0007957190083,0.001091573041,0.0006263110836,0.0004614831754,0.000430300234,0.0009468207433,0.0007135798312,0.000763125649
id102,scenario8,8,7.60157544,5.057415708,5.426228321,18.70680287,11.55595152,15.45523359,17.47291519,9.736219131,13.31246687,6.732636944,3.968606204,4.662806722,16.22297322,10.61448983,12.61248488,13.74355695,10.69791797,9.857176471,0.0001006159293,4.460198042e-05,4.912474998e-05,0.0007619802213,0.0002710025568,0.000454333316,0.0006963427695,0.0001624861964,0.0003563897806,7.379889327e-05,2.680900092e-05,3.221978987e-05,0.0005367810685,0.0002018649011,0.0002941732035,0.000369342899,0.0002719386861,0.0001878343632
id102,scenario9,9,3.528935979,2.400333539,2.706281204,16.14190684,11.72844351,12.43582565,16.46037189,10.97763162,13.76835126,2.364947413,1.264187947,1.160864336,16.2220166,7.539122736,10.95407904,19.07030925,12.00187383,16.19572083,3.375681044e-05,1.217532669e-05,1.330300602e-05,0.0004985585453,0.0002240109899,0.0002504375029,0.0004811053546,0.0002112252485,0.0003240980751,8.514456651e-06,2.627728677e-06,2.109754684e-06,0.000423615019,9.262300365e-05,0.0001878844347,0.0006151598713,0.0002465444886,0.0004265127132
id103,scenario1,1,13.77607104,12.60435849,14.78513102,7.965337423,8.488259626,9.262623895,14.66908917,13.63999229,14.46226287,25.23129375,14.852299,33.90496786,16.48149144,13.21680084,28.47369637,22.67485287,13.59743491,30.85594163,0.0004851872268,0.0003194241131,0.0004401631602,0.0002471966298,0.0001953768331,0.0002550285537,0.0004502765447,0.00032723355,0.0003641260637,0.001149426214,0.0003701963893,0.001817693516,0.0005773499668,0.0003077291748,0.001627962069,0.0009336400608,0.0003152411418,0.00174416429
id103,scenario2,2,13.91534506,18.19740874,19.08340009,9.227147852,12.91482927,15.10164045,19.40590245,20.01561134,21.22185521,17.87660199,15.2572588,22.32091184,12.90504263,10.6021116,16.4173479,19.51796218,16.05830811,23.91008176,0.000437637751,0.0005150819142,0.0005562496763,0.000229624336,0.0003800441404,0.0005151289059,0.0007396097221,0.0006596994011,0.0007807156806,0.0006832735507,0.0004144789662,0.0009761326201,0.0004351185376,0.0002235617783,0.0005524984382,0.0007865144788,0.0004527716441,0.001129880978
id103,scenario3,3,10.97740275,11.20609841,17.14799288,14.35539533,12.77124239,20.40490392,11.63767255,11.6235523,14.40331735,17.72220248,14.0447331,37.46598537,14.14662365,14.61566095,25.95263628,18.85265718,17.87295134,36.56198605,0.0003424071,0.0002801838347,0.0007196447443,0.0004688744972,0.0002613687729,0.0007528929882,0.0003054843313,0.0002321671307,0.0003521534958,0.0005696216528,0.0003207321239,0.002423432107,0.0004404362348,0.0003764315877,0.001308264707,0.0006202408181,0.0005331415783,0.002191025476
id103,scenario4,4,11.87858284,9.234037012,21.51895767,9.412646742,8.968034733,8.952971086,10.59493334,10.62886914,14.88348539,6.564770469,6.994362354,13.6815468,15.69833343,12.74806513,29.91190105,12.61740774,9.562739754,19.17548087,0.000383639343,0.0001795001282,0.001054694645,0.0002998094049,0.0002111708539,0.0001949252713,0.0003420077043,0.0002689912046,0.0005597046281,0.0001902850931,0.0001417120867,0.000683801952,0.0005127913239,0.0002728254457,0.001715976017,0.000390652039,0.0001912710499,0.0008468744966
id103,scenario5,5,16.62534129,13.248379,18.20687845,13.33110048,13.18337139,16.58411663,15.7374287,18.37438106,17.15995523,22.06419174,14.7026936,28.09500759,20.13973726,15.57994885,30.6234495,21.52843327,13.28362165,33.1283665,0.000569889938,0.0003053360583,0.0006071392043,0.0003593027752,0.000318293276,0.0005458007046,0.0005594739674,0.0007222148751,0.0005767960189,0.0008605850064,0.000330293651,0.001384668056,0.0007798996891,0.000416480401,0.001737874093,0.0008498279316,0.0003011996337,0.002037786826
id103,scenario6,6,13.49496793,11.14026084,26.01989483,17.21974081,15.28354632,27.29732775,21.82998055,19.91926778,29.73363084,17.01501195,14.88861335,21.85998946,17.32661476,17.46641986,23.38996102,23.70039745,13.87667347,28.41355493,0.000435102234,0.0003241930518,0.001450930913,0.0005476233443,0.0003791313329,0.001235337444,0.0007678451224,0.0006424449285,0.001556405997,0.0006372417089,0.0003639687029,0.0008775787522,0.0006454269805,0.0005170484176,0.000920988725,0.001005688519,0.0003235374384,0.001359829661
id103,scenario7,7,5.385009536,7.15973824,5.321788521,17.57182882,14.75226771,21.85250033,18.30833337,13.80751644,26.15330384,15.37042676,11.7667373,23.56135444,18.06938154,13.44740816,30.07043574,11.8670773,9.421700008,20.99105744,9.051322144e-05,0.0002559087506,7.272325565e-05,0.0006062604278,0.0003755330431,0.0009321560267,0.0006509089852,0.0003389621918,0.001259803303,0.000545553253,0.0003181450944,0.001258308173,0.0007354201084,0.0003624398771,0.001743687396,0.0003791571343,0.0002229240712,0.001132965996
id103,scenario8,8,8.944539789,8.976421211,13.42267226,8.811393753,8.749159352,10.37294876,12.27047157,9.942737998,11.6269599,1.144137029,1.327242003,1.108414153,3.003848823,2.865066487,2.949217147,5.303601101,5.7963595,7.718839712,0.0002812438444,0.0003009023924,0.0005728830404,0.0002554039301,0.0001990271745,0.0002578645829,0.0004584063515,0.000228130825,0.0003147380953,2.172714506e-05,1.840640849e-05,1.267030337e-05,6.96704649e-05,3.686771521e-05,4.41271653e-05,0.0001551935267,0.0001291076418,0.000237655113
id103,scenario9,9,12.85196377,13.16285935,21.8032456,11.03097668,10.81599306,16.86512095,12.55301089,11.25712181,16.29303961,7.857119492,5.411172641,8.720625253,11.53582437,11.02243837,18.15095223,9.398213026,7.335309837,15.36939326,0.0002943846287,0.0002880501908,0.0009783846747,0.0002852046525,0.0002300902086,0.0005669088124,0.0003559715468,0.0002169659343,0.0006343522591,0.0002160527664,8.964283226e-05,0.0002126985908,0.0003147901721,0.0002265814215,0.0007421669648,0.0002362994473,0.000118214144,0.0006179162316
id104,scenario1,1,10.69823003,11.09433706,14.97625749,15.32639744,16.37839984,25.33438401,13.03127216,12.28285635,25.50224675,15.39797389,14.83443888,19.79903876,12.35783525,17.13486467,20.36689839,13.3202815,14.10196574,23.83413215,0.0003396431145,0.0002632793997,0.0005516537989,0.0005746663161,0.000515932273,0.001436118464,0.0004168507992,0.0003241311823,0.001474462397,0.0005356150315,0.0004056965485,0.0007991945274,0.0004270608227,0.0006688950718,0.001009626641,0.0004136190245,0.0003864883114,0.001124813111
id104,scenario2,2,14.17334748,11.43834539,12.71168379,13.91343497,11.04288664,21.34609555,13.92985403,9.797019151,20.06531371,14.67738409,11.20191222,28.02130152,18.2491684,15.61012389,45.11957533,17.83102602,14.2256504,39.97557119,0.00047194298,0.0002250292325,0.0002883755544,0.0003916601276,0.0002055994649,0.0007584692592,0.0004773655801,0.000181697457,0.0008581610419,0.0004792929142,0.0002263015396,0.001701527596,0.0006111733621,0.0004448161687,0.003376919554,0.0005872876244,0.0003382091273,0.002707029368
id104,scenario3,3,12.53342429,12.18790205,15.47908655,12.42727444,16.57490915,20.09691789,5.838261835,5.535693575,9.193917381,14.92828884,15.50287761,29.83590554,18.92485011,18.00989328,38.41919539,12.75983854,12.04180488,22.3993034,0.0004892472471,0.0002959121057,0.0005573836132,0.0003644868456,0.0004931754197,0.0007578670309,0.0001801820891,0.0001146470851,0.00032254508,0.0004895356559,0.0004192570432,0.001854642402,0.0006540846894,0.00051680467,0.002478767744,0.0003958937704,0.0002860578067,0.001222176642
id104,scenario4,4,6.207848214,6.340464802,9.059032788,13.07753132,14.89555789,18.03506517,11.15925957,13.59914274,20.98685783,9.246936789,10.49540606,18.40138046,19.83518189,19.39689331,35.65090743,19.03797379,16.25271771,33.50319862,0.0001510454614,9.195427523e-05,0.0002077638011,0.0003985755712,0.0004743352201,0.0005796994282,0.0003153550195,0.0003489910468,0.001071561189,0.0002999998346,0.0002469063371,0.0009587340402,0.0006889136318,0.0006331438857,0.00206692958,0.0006620860473,0.0004688089199,0.002222654366
id104,scenario5,5,5.14933698,5.574089014,6.705229594,4.219532132,5.183711648,6.923924663,4.519040396,5.641608919,8.430899222,0.0001871993657,0.0003652424861,0.0005613321016,2.52985006,2.625762651,2.847970026,2.483462812,2.208519661,2.988236616,0.000170300359,0.000164499687,0.0002875244353,0.0001053928009,0.0001205432595,0.0002616927184,0.0001261354281,0.0001511242249,0.000306144108,0.0,0.0,0.0,9.004046698e-05,5.349481985e-05,6.488435981e-05,9.28300726e-05,4.130774962e-05,9.20048529e-05
id104,scenario6,6,12.15570205,10.66452673,16.4769163,7.418222383,10.93803058,14.53476034,8.600535006,7.748420971,15.71899162,16.05348299,13.00133757,28.65225146,15.53462525,12.99907099,31.18845915,17.50680435,14.09854489,34.64171705,0.0003941492236,0.0002378357198,0.0006596698955,0.0001993812721,0.0003562437154,0.0005786211659,0.0002189570218,0.0001417625304,0.0008194173188,0.0005511253976,0.0002974530649,0.001523008428,0.0005541608808,0.0003039295518,0.001964551414,0.0005941446278,0.0003663689389,0.002120612575
id104,scenario7,7,8.554925427,10.61173553,21.22592335,12.0399236,11.42397697,26.29785564,12.31631537,13.46287146,22.48256187,17.01920342,13.67681077,34.05488063,12.42354487,11.76402087,22.13594529,16.56233912,13.29754452,29.27705354,0.0002105444162,0.0002269454362,0.001082334414,0.0003258303177,0.0002242512507,0.001289757046,0.0003664202873,0.0003301359167,0.0009879614503,0.0005464329413,0.0003305076833,0.001999608265,0.0003625570473,0.0002592861173,0.001053533823,0.0005745792149,0.0002781471434,0.001615660972
id104,scenario8,8,11.91393743,20.33159731,18.30523951,9.650390454,9.046265332,17.54162694,14.62690723,15.34352844,18.94778456,18.06540506,18.83112058,34.76750988,16.43265844,17.37585133,35.67988815,15.52283734,17.3451953,29.72255976,0.0002891051701,0.0007087453824,0.0005396447458,0.0002959801553,0.0001729122863,0.0008829429725,0.0004550484497,0.0004129971068,0.0006491184178,0.0006114518654,0.0005752891395,0.001923186249,0.0005144663457,0.000532198506,0.002226263942,0.0005359671711,0.0005548966982,0.001710664466
id104,scenario9,9,11.81216316,9.559505017,11.8439123,10.15938902,10.93780241,13.99804131,14.77301445,17.32651633,18.38258369,17.58986438,13.56555672,26.47453639,14.41503573,13.93105143,24.08555985,17.05582328,17.79283314,31.06846398,0.0003979412815,0.0002168114769,0.0003396470882,0.0003627507482,0.0002894806957,0.0005113728559,0.0005506200291,0.000574692639,0.0006993814467,0.0006026826876,0.0003008867839,0.001331880759,0.000447504058,0.0003625769599,0.001359386102,0.0005652625726,0.0005412126381,0.001638286786
id105,scenario1,1,9.19000327,6.218376724,7.644445947,9.675321196,7.261910035,6.733078359,13.35215976,9.4680491,9.677496944,8.657143043,7.767994897,7.484573678,7.195797545,7.343623982,6.348401721,11.48435789,9.294300083,8.372852562,0.0001384797149,6.808508196e-05,0.0001059165971,0.0001644078427,8.727346557e-05,7.718416315e-05,0.0002984718068,0.0001602030179,0.0001711939357,0.0001421461609,0.0001078563897,0.0001338374434,8.218685925e-05,8.312798651e-05,6.74349753e-05,0.0002467600614,0.0001654832475,0.0001378353546
id105,scenario2,2,9.335558553,5.73798781,7.520381864,5.742335433,4.183309718,3.445326554,13.03323598,9.166687188,9.453515598,10.59723589,11.98651587,10.63156609,7.246753741,6.703910591,5.582944106,17.28566171,18.3755642,16.55492296,0.0001665113356,5.940605867e-05,8.781657869e-05,5.532184943e-05,2.907572748e-05,1.856982957e-05,0.0003394991836,0.0001403871696,0.0001521361252,0.0001777567433,0.0002217822821,0.0001729312258,8.457555648e-05,7.15411389e-05,5.033519683e-05,0.0004714793132,0.0005105702819,0.0004321459228
id105,scenario3,3,4.980406612,3.620121552,3.685520382,4.111195715,2.878761966,3.638450535,9.29760585,6.564011647,7.68046168,4.002683966,4.076528755,3.879911807,5.771641074,4.707554897,4.804603079,8.26423863,5.947890043,6.016548928,4.459743361e-05,2.366431882e-05,2.511576395e-05,3.686545105e-05,1.869007801e-05,3.183437775e-05,0.0001797680938,8.366779141e-05,0.0001177027207,2.651514217e-05,2.702350002e-05,2.486664546e-05,6.98466416e-05,4.388847203e-05,5.783742753e-05,0.000159154549,6.929436212e-05,7.196653273e-05
id105,scenario4,4,12.40506809,10.52044503,9.559403469,9.670859128,7.217014634,8.066270361,12.06727219,8.798786289,11.33671262,6.270117047,5.357517052,4.559856761,9.598187266,9.565524589,10.01917924,14.12358972,9.633627139,12.86626926,0.0003303746296,0.0002113833812,0.0001662691657,0.0002239639362,0.0001121312351,0.0001659035357,0.0002811154999,0.0001396022466,0.0002523458075,0.0001268270367,7.273703013e-05,5.001707842e-05,0.0002695899928,0.0002647996534,0.0002848671175,0.0004936305525,0.0001964022745,0.0004542620433
id105,scenario5,5,11.73528942,9.575402817,9.691496063,12.56081564,8.113747033,10.05560612,17.19462047,9.956366897,10.53481005,15.84177337,12.39761409,11.6633432,16.23714127,12.51902893,17.17205476,19.37225288,18.94350251,16.91384922,0.0002848397849,0.0001879969345,0.0001713843047,0.0003056760052,0.0001202756848,0.000196677481,0.0005967185298,0.0001970247058,0.0001932857513,0.0004497891043,0.0002654479969,0.0002949839181,0.0004756209952,0.0003350768524,0.000603819309,0.0006793547647,0.0006562622574,0.0005042895143
id105,scenario6,6,10.52757592,8.947602214,7.421790938,15.40042841,10.2953073,9.584373889,21.04458709,13.40657444,11.78510716,11.44999079,10.47869368,10.33527098,15.14519211,12.89326297,13.6140048,19.34368009,13.58270401,17.50046741,0.0002847104362,0.0001654025212,0.000126241965,0.0004676359665,0.0001691194178,0.00014931944,0.0008020832491,0.0003057059808,0.0002500208068,0.0002789500762,0.0002046793052,0.0002238203479,0.0004323637461,0.0003095909674,0.0003899316915,0.0006961533227,0.0003080013698,0.0005376955335
id105,scenario7,7,13.97412705,10.85972657,9.196204128,11.49225981,8.836090883,10.3874966,18.1033463,10.87441659,11.69120705,11.56177104,10.75594204,11.01507891,15.35293144,12.18670061,10.34247496,15.45610601,11.14191245,9.123264928,0.0003211205706,0.0001888316845,0.0001342266569,0.0002543658095,0.0001442097909,0.0001861556804,0.0005820253222,0.0001921465016,0.0002243530884,0.0002365470776,0.0002031959043,0.0001834618994,0.0004323843212,0.0002344455549,0.0001963507432,0.0004120230789,0.0001867108656,0.0001400219253
id105,scenario8,8,15.01406258,10.74838182,12.92000472,15.34832121,14.12373767,15.91503339,19.60568516,11.73448768,15.28682021,17.89595534,16.31293086,17.4913112,18.41771286,18.81731867,17.983372,19.76580398,19.28195271,17.3381346,0.00039845927,0.0002008083668,0.0003099928343,0.0005157014102,0.0003941450906,0.0005408687472,0.0009163272115,0.0002607407797,0.0004590781119,0.0006017863923,0.0004837219255,0.0005704680514,0.0006659245254,0.0006935046142,0.0005726366888,0.0006798065754,0.000620508608,0.000497161603
id105,scenario9,9,16.66770355,20.10309259,14.44044093,16.92420282,14.83103518,14.4936028,19.07490661,19.73745263,15.97686807,18.45134454,16.31791803,15.7521394,16.72472893,19.48653932,22.47586142,19.50733953,19.2718386,15.35409673,0.0005338609393,0.0007733599858,0.0003754784758,0.0005627435639,0.0004385821207,0.0003928774219,0.0006321925222,0.0006382718428,0.0004329749464,0.0006447622287,0.0004526398585,0.0005139396663,0.0005429850115,0.0006354457223,0.0008894459593,0.0006809031608,0.0006526363832,0.0004240580103
id106,scenario1,1,4.943654195,4.203188746,4.42724701,7.525473538,7.2526223,10.0789394,3.123261634,3.227620968,2.745218623,8.977949456,7.647510042,11.42638241,19.35415037,15.51151861,18.53477767,1.118477142,1.503112058,2.172144233,0.0001576646444,8.328372275e-05,7.875664679e-05,0.0002290218621,0.0001596791241,0.0003412550224,9.907177657e-05,6.367025829e-05,3.97335176e-05,0.0002844124574,0.0001525242224,0.0004005750592,0.0008271180283,0.0004181509001,0.000679415626,1.176146093e-05,1.283862429e-05,2.540833484e-05
id106,scenario2,2,0.8493685465,1.458230624,0.6696329027,1.448673523,2.869759077,3.362273987,0.0001375811083,7.015039829e-05,0.0002577722924,0.0,0.0,0.0,4.584440552e-05,0.0001687747935,0.0003243573294,0.0,0.0,0.0,1.761846611e-05,3.128552105e-05,4.464853249e-06,2.590999289e-05,6.671467709e-05,9.708663635e-05,0.0,0.0,0.0,0.0,0.0,0.0,0.0,0.0,0.0,0.0,0.0,0.0
id106,scenario3,3,2.785623124,2.157293469,2.319047981,4.990025008,4.880188842,4.24574016,6.352528316,5.629867117,7.175385663,3.467947473,2.531146643,3.189868687,4.577325975,3.511910907,3.523928023,9.064866382,5.968325041,8.513748109,4.375088629e-05,1.659318057e-05,1.478932691e-05,0.0001243312523,8.763065831e-05,7.868269038e-05,0.0001369034821,9.077138497e-05,0.0001288282436,6.192253166e-05,2.152155037e-05,4.00844292e-05,0.0001462004986,5.948577501e-05,4.574567917e-05,0.0002188889541,7.246195322e-05,0.0001703564134
id106,scenario4,4,7.530620207,4.573442153,5.756015755,4.455842072,3.482358682,4.532773611,6.533571785,4.45318552,4.451562862,5.741826114,5.689038931,7.63666806,5.292499626,3.98237822,4.687813443,15.02236481,11.07774686,15.28228793,0.000208835168,7.100982477e-05,0.0001045760454,3.867105461e-05,2.116768328e-05,3.74944493e-05,0.0001221049007,4.478734538e-05,4.14758371e-05,0.0001165653562,0.0001241151356,0.0002511747686,5.086999485e-05,2.823475587e-05,4.197899369e-05,0.0004059756608,0.0002510280178,0.000414597449
id106,scenario5,5,2.947586646,2.452117626,3.732268029,9.867463336,11.54534371,8.575990146,0.3674134034,0.2997093915,0.3220817792,0.06634979658,0.04909322919,0.05286729941,6.876432389,3.879049473,2.968281837,13.79647391,11.39381467,12.88708883,7.697265718e-05,2.931223407e-05,0.0001004769049,0.0003160729113,0.0004382695951,0.000195080286,3.602986631e-07,1.464245662e-07,1.82686973e-07,9.9448044e-09,5.3481341e-09,6.382344e-09,0.0002505444792,7.595435322e-05,2.916160806e-05,0.000466856532,0.0002696936433,0.0003412573596
id106,scenario6,6,7.666644623,6.867057453,6.323052924,20.07272092,17.2470123,15.77656417,10.74806287,9.294962974,12.69849972,0.7044066191,0.6582304876,0.6494998371,10.84826231,8.670561396,12.06680942,5.018631532,4.693695269,4.920271424,0.0002164920154,0.0001429474225,0.0001025497007,0.0007303307079,0.0005516734889,0.0004404839143,0.0002703164186,0.0001774599801,0.0003141422388,1.114242907e-06,7.670749819e-07,8.645102217e-07,0.0003634114584,0.0002214484824,0.0004818548104,5.793538492e-05,4.259893438e-05,5.264599946e-05
id106,scenario7,7,5.471020105,5.679077955,6.408111054,16.87819382,13.08363759,17.64846064,6.29886204,6.733076845,8.291514308,2.745529985,2.261344075,2.902446399,6.766488046,7.287560139,8.105602358,16.39984153,13.95965078,18.1875097,0.0001921164704,0.000172994942,0.0001796516574,0.0006995618859,0.0003365644003,0.0006080178546,0.0001789575004,0.0001697903387,0.0002258635588,8.592334755e-05,3.655745018e-05,8.603343853e-05,0.0001780585381,0.0001605009915,0.0002162402874,0.0005794805848,0.0003391627347,0.0005647955007
id106,scenario8,8,16.71984968,12.15657063,13.80180837,18.75165901,13.75351096,17.04027136,11.06388977,6.847247674,10.00253825,13.4225493,8.175129627,12.51161045,15.01900345,8.890993767,12.65114433,13.65564125,6.937657718,9.330634536,0.0004900909222,0.0002433510427,0.0003478578129,0.0005743543655,0.0003440868499,0.0005040042074,0.0002221308829,7.878596034e-05,0.0001658193538,0.0003256817142,0.0001191005015,0.0002570112433,0.0004108341842,0.0001397795621,0.000278198907,0.0004328604229,8.273234036e-05,0.0001514264222
id106,scenario9,9,3.948525373,3.055425918,3.400403134,4.062270911,4.01854257,4.323553088,5.607608486,6.295564763,6.72956908,3.2904034,2.627485862,3.279431124,7.749959708,5.181107548,5.147475528,3.529345685,3.293265982,3.423356938,6.4546881e-05,2.722292478e-05,3.222669155e-05,6.603866517e-05,6.947334616e-05,6.429351773e-05,0.0001506905755,0.000104433603,0.0001102842102,2.098263364e-05,1.351126006e-05,2.320493283e-05,0.0002700306332,8.791377972e-05,7.669563113e-05,3.077777855e-05,2.31753241e-05,2.739744611e-05
id107,scenario1,1,12.89033393,9.653378498,11.6337553,18.05716611,14.25130085,22.17295126,11.19196846,7.370517073,9.544589935,6.411766936,4.422225925,5.756611921,18.39195121,17.24331293,26.35791619,13.9550409,10.00674529,11.55631046,0.0003623011673,0.0002084131773,0.0002738210678,0.0005760122402,0.0003319449657,0.001056426534,0.0002405560506,0.000101972795,0.0001564773276,8.638707072e-05,5.323245938e-05,7.042852661e-05,0.0005667118402,0.0005199465935,0.001143796571,0.0003620481494,0.0001952420031,0.0002863224949
id107,scenario2,2,13.96749667,10.3741625,14.30109643,17.76157212,13.79281496,26.7387938,18.51857781,11.55534273,16.86985601,21.5410515,15.5926877,23.72023448,22.19853592,16.82352885,23.91125069,20.00438988,14.79853603,20.96780541,0.000408470677,0.000187073142,0.0003998912751,0.000554562328,0.0003125671356,0.001189117448,0.0006087446725,0.0002247252469,0.0004676977108,0.0008994411054,0.0004690932945,0.0009988929615,0.000857215912,0.0004977332369,0.0009232749296,0.0007398522658,0.0004203620241,0.000734731496
id107,scenario3,3,13.89425422,9.051159419,12.21281417,15.00799139,13.66842996,14.83178237,12.72581137,10.18385571,10.26205912,16.17566028,13.51261524,21.74683821,17.80892264,13.10023931,22.39849187,18.62485629,13.56183311,17.99520786,0.0005727824299,0.0001765584868,0.000339878008,0.0004503356981,0.0003620797021,0.0004432242741,0.0004144562057,0.000291614964,0.0001992903679,0.0005491895835,0.0003542908762,0.0008699995371,0.0005163479869,0.0003009768998,0.0007736781413,0.0006685228652,0.0003500418049,0.0005314645719
id107,scenario4,4,18.97634985,14.99656056,24.01547401,17.71114597,15.55607379,22.50172999,18.52025819,14.79745363,19.77643534,23.00125316,23.27721966,45.70249479,13.61207185,15.60832664,23.65527814,19.19553404,23.6532658,36.96541408,0.0006465207517,0.0003457500192,0.001019456466,0.0006471134493,0.0004220744701,0.001022131782,0.0007201466411,0.0003600692522,0.0007349680534,0.0008345213014,0.0008494706181,0.003187815127,0.0003709547123,0.0004556096244,0.0009961807641,0.0006323777207,0.0009262897738,0.002170714502
id107,scenario5,5,18.94520948,18.64096149,25.32748069,19.41299515,18.01488318,20.95664548,15.32396711,12.00526732,19.45579087,20.40207958,23.35206644,41.63890349,21.7398401,27.23880684,41.58421268,22.81100452,21.3410197,35.60998461,0.000682037032,0.0005568167611,0.001116009803,0.0007428683708,0.0005480744928,0.000831016631,0.0004885482245,0.0002598932617,0.000752334728,0.0007334337293,0.0008644706403,0.002505360658,0.0007990608343,0.001101679856,0.002622118691,0.0009405104574,0.0007701179179,0.002052821271
id107,scenario6,6,20.08534006,22.79499273,20.03259926,15.32876624,16.55141688,21.91250022,17.62573729,13.02488534,17.05327058,14.3654397,12.46915389,18.79188381,18.48912186,17.03299292,21.99187725,9.481481083,10.57792803,11.83750462,0.0007498134058,0.0008797944753,0.0006693857728,0.0004895967385,0.0004316149596,0.001015086456,0.0006446317512,0.0003103634712,0.0005111141268,0.0004735417414,0.0003007437539,0.0007303412071,0.0006659392572,0.0005184935861,0.0009686891208,0.000296795759,0.0003277377834,0.0003966907581
id107,scenario7,7,21.09224351,19.05690665,23.35723249,17.07634926,15.52038772,21.6362766,13.97226899,16.05006683,16.35790786,22.93287991,23.84441909,38.06735796,20.24130017,23.42216189,30.59422215,22.13857349,17.23694539,29.28729586,0.0008681528799,0.0006139643822,0.001108071046,0.0006085181631,0.0004663229077,0.0009067189673,0.0004630181923,0.0005099771903,0.0004879176278,0.0008676145409,0.0009060624718,0.00223770601,0.0007227698527,0.0009364938832,0.001497876166,0.0009245977118,0.0004902703134,0.001400972965
id107,scenario8,8,15.29648862,16.56018922,18.09593956,13.51425955,12.13024375,11.4961706,14.43410084,9.078037054,12.0947547,19.45918094,23.60938119,22.37845944,19.18415812,12.95981656,11.81705202,15.88780929,11.31747897,12.95375845,0.0004737803422,0.0005107628449,0.0005851423356,0.0003302992064,0.0003031350203,0.0002024799615,0.0003975204925,0.0001333383679,0.0002400771541,0.0006433694863,0.0008107395815,0.0007797450736,0.0006081161995,0.0002721371961,0.0002223429879,0.0004264086355,0.0002038488361,0.0002677713413
id107,scenario9,9,14.64695927,16.35191522,20.16892525,16.98923987,20.03534622,21.74693733,12.70472489,13.23043686,14.39490306,21.62851497,23.18702104,26.96495398,20.70774055,18.54955463,26.71394211,20.11650749,18.20928544,24.71542912,0.000486531333,0.0005258277431,0.001030311727,0.0005149019238,0.0006795205588,0.0008984708206,0.0003391858117,0.000387194347,0.0004371490572,0.0007824564394,0.0009983911552,0.001176890781,0.0007531766732,0.000581002029,0.001118686296,0.0006477505276,0.0005313699374,0.0009519188433
id108,scenario1,1,10.9049973,7.541683326,7.171267877,17.17516587,12.58307625,12.2120758,15.96095749,10.21729546,11.6837144,8.679987477,5.929588683,15.38826083,13.02327728,10.27412663,20.80453697,14.67575658,8.746081247,23.38336072,0.000199143273,9.417512531e-05,8.223240613e-05,0.0006566202574,0.0003340932237,0.0003288652226,0.0005056532269,0.0001949778677,0.0002379257409,0.0001305195641,6.40221125e-05,0.0005361624859,0.0003695702878,0.0001901942289,0.0008830202658,0.0004480732009,0.0001431082546,0.001135687013
id108,scenario2,2,12.36561552,9.151357604,6.280561396,20.20000364,11.34338994,9.557608049,19.46531845,15.72760613,11.65889829,14.70574984,12.19157788,16.53610446,18.34083315,13.4779418,19.77666002,19.57938379,16.0899198,19.90764062,0.0002839973778,0.0001392699341,6.410354464e-05,0.0007690540117,0.0002192391481,0.0001419343742,0.0007423043717,0.0004061123123,0.000240222331,0.0004147003673,0.0002676721863,0.0004565778565,0.0005770903691,0.0003109412974,0.0006737995105,0.0006792546744,0.0004625659027,0.0007392382787
id108,scenario3,3,10.53961472,7.723673087,7.334995339,8.751162356,6.207812141,6.001077117,10.54435389,8.163470582,8.129011706,12.50868965,7.116652031,18.00719795,8.603774092,5.00294133,11.9518245,14.83573387,9.211394168,20.9008269,0.0002116230652,0.0001092529343,9.668866104e-05,0.0001408329144,6.891345303e-05,6.463578309e-05,0.0002308269606,0.0001252388479,0.000127508543,0.0002681731708,8.124708045e-05,0.0005842068227,0.0001286443321,4.106160178e-05,0.0002412089287,0.000385878225,0.0001457299797,0.0007732805599
id108,scenario4,4,14.6611028,9.589700447,12.92831555,13.00705286,7.167470023,10.59431364,14.3830659,10.67146376,12.57691454,15.61921224,8.037005439,21.49748221,13.29337393,9.348350195,21.62584806,12.99882499,7.394739329,21.94479681,0.0003547254134,0.000148674726,0.0003194368629,0.0002941245689,8.74438769e-05,0.0002127493582,0.0003735034106,0.0001926744029,0.0002942175236,0.0004124744324,0.0001069144955,0.0007374596276,0.0002789021496,0.0001359073865,0.0007797394162,0.0002819824905,0.0001024914976,0.0008039461671
id108,scenario5,5,15.56514915,12.61323279,15.1292648,16.52619094,11.670025,12.65031895,16.65022763,9.678417788,10.38376228,13.92344204,9.200579128,18.71939015,17.08625699,11.7545006,27.86283115,16.27573534,11.9700134,24.92313951,0.0004039542367,0.0002680486185,0.0003478280796,0.0004642445837,0.0002243622656,0.0002771171443,0.0004825513718,0.0001555274473,0.0001647568889,0.0003165375168,0.0001381891954,0.000654046938,0.0004852550436,0.0002346105561,0.001329565997,0.0004505507792,0.0002419566853,0.001187197575
id108,scenario6,6,12.22786112,8.242346185,8.514037364,16.23911305,8.43420603,10.61993913,13.59620041,9.065281154,8.891111205,13.39555277,8.867915789,23.76111389,15.67870293,9.527660927,28.14190497,14.53689453,9.133749059,27.72306946,0.0002765699766,0.0001105646555,0.000116986233,0.0004679853984,0.0001225320306,0.0001803937531,0.0003155170235,0.0001520237145,0.0001335535027,0.0003467431177,0.0001286941674,0.0009120837401,0.000394107242,0.0001469077008,0.001291980228,0.0003592384095,0.0001414629906,0.001221029488
id108,scenario7,7,8.577625035,5.180375354,5.693076465,14.91159456,13.07095965,7.931841571,9.886391509,6.557018957,6.761708095,9.187724494,5.399952197,7.369463609,14.00981161,11.14154992,12.39907984,9.464459918,7.708453626,7.61006561,0.0001363995673,5.108173408e-05,5.729536671e-05,0.0004030772442,0.0003197499398,0.0001078287606,0.0001833854064,7.945452053e-05,7.638720014e-05,0.0001502155529,5.250055556e-05,9.21172523e-05,0.0003511168865,0.0002146865292,0.0003229864286,0.0001634898124,0.000110451294,0.0001096057307
id108,scenario8,8,20.76650829,11.71666736,14.82271796,17.97579638,11.06543228,13.39700484,20.6366764,12.81502445,15.69239233,16.83121152,14.80180656,27.10526979,19.37479755,16.19482814,25.97581639,18.10526213,16.66673267,22.69721111,0.0007101896494,0.0002204910776,0.0003900126446,0.0006050513505,0.0001805557546,0.0003026464479,0.0007215033622,0.0002796045202,0.0004099193216,0.0004594693166,0.0003556429011,0.001367368578,0.0006196030393,0.0004449645033,0.001260580836,0.0005785967684,0.0004578983078,0.001002755803
id108,scenario9,9,10.72469654,7.852232348,8.930349191,15.10099201,11.71377007,11.89994412,14.32969504,11.15896584,12.44497179,13.11604129,10.61438075,13.38725062,17.45320868,14.08059476,17.22803554,15.15756948,13.36222228,14.08995922,0.0001889884644,0.000114115918,0.0001180453603,0.0003546487329,0.0002377016127,0.0002435312766,0.0003381199635,0.0002526081183,0.0002269881963,0.000265908896,0.0001806342252,0.0003045615679,0.0004880940521,0.0003212184146,0.0004628245583,0.0003667933651,0.0003187588271,0.0003262262556
id109,scenario1,1,9.222820857,9.301300725,10.0939145,15.98927918,12.84896839,19.16833162,8.726943253,9.549235641,11.23567153,9.820688469,11.36046041,15.56260808,20.28460306,19.44888561,32.84537504,11.91828952,12.52858491,13.91782533,0.0002420468756,0.0001850529872,0.0001918541332,0.0005441114665,0.0003116079515,0.0007769574843,0.0002437267787,0.0001975852095,0.0003380010852,0.0002164333063,0.0002471463613,0.0004405028348,0.0007187009534,0.0005894175946,0.001633459804,0.0003818884661,0.0003405404165,0.0004245196296
id109,scenario2,2,11.77206497,11.83526383,13.15958281,14.87738384,13.36050747,16.85536829,10.08086756,9.780096704,13.70110298,16.00641948,14.96279082,21.32072342,19.80785385,17.53523328,40.08748058,18.7827146,15.38976223,28.66364249,0.0003511470972,0.0002545698513,0.0003405569022,0.0004343191296,0.0002943894578,0.0004450439668,0.0002351534555,0.0001699803111,0.0003250381114,0.000592394685,0.0003860974899,0.0007943000503,0.0006561348675,0.0004609266132,0.002502384144,0.0007064887956,0.0003912366629,0.001454809991
id109,scenario3,3,8.881284475,9.176444961,11.26146569,11.75823755,12.0956087,13.64995431,10.09369087,9.299757586,8.601538682,14.55341842,13.70660467,25.00281993,20.19115603,21.29272744,36.15438756,15.3438538,15.43204465,30.982969,0.0002217019414,0.000169896174,0.000276148666,0.0003236603952,0.0002668758754,0.0003520021709,0.0002777695001,0.0002149047302,0.0001568797062,0.0004264962765,0.000319450047,0.001241356098,0.000676511862,0.0007146948139,0.001998321575,0.0004634649458,0.0003962088838,0.001713702721
id109,scenario4,4,3.570180236,3.585350212,4.469462195,7.821756969,10.91378929,13.29148685,0.4550596959,0.75987127,1.090491354,9.286523073,7.393398483,15.85024119,18.01182552,16.53567703,25.35347736,0.7673763255,1.320454233,1.592171217,8.106902915e-05,6.432958209e-05,0.0001004689619,0.0001846041921,0.0002863941302,0.0004125664798,5.876651758e-06,6.761979666e-06,1.323324626e-05,0.0002703306684,0.0001414864852,0.0007509616393,0.0006339629184,0.0004440923846,0.001260792966,1.041275546e-05,1.57909531e-05,1.76593339e-05
id109,scenario5,5,9.194837044,6.56423558,10.05019182,11.59393794,9.419253984,13.29546852,1.7608226,2.491683309,3.516257925,3.898421381,3.405539431,4.072880392,6.426820134,4.700777241,6.704681514,14.70734521,14.37577353,15.91483101,0.0002463599511,8.386170847e-05,0.0002198139613,0.0003171563319,0.0001649756788,0.0003422512987,2.67403973e-05,2.517242041e-05,5.317716896e-05,0.0001010468264,4.449495305e-05,7.464851113e-05,0.0001938388112,9.932599692e-05,0.0001985922195,0.0004487614652,0.0003652882118,0.0004977982546
id109,scenario6,6,10.11537038,9.129232855,14.15186145,13.15729071,12.36832133,16.31641801,11.02455826,11.74351543,16.62007966,14.91553171,13.83926783,17.19738981,16.35052521,19.82246001,23.68901424,14.04925611,14.84950907,17.87537044,0.0002610780035,0.0001541308882,0.0004156151224,0.0003994435715,0.0002886746498,0.0005588337239,0.0002757522029,0.0002410817009,0.0005776201942,0.0005148503184,0.0003672240469,0.0005639895436,0.0005091133982,0.0006612104516,0.001043834432,0.0004484025192,0.0003980283783,0.0005992294892
id109,scenario7,7,11.70297197,11.61466129,12.26239637,16.01606389,12.4203574,22.79627596,2.002439978,2.150894516,3.683441388,9.994801428,7.602511093,14.12940651,13.77354143,11.5860848,17.07056742,3.373362151,5.246238947,7.326783074,0.0003718953894,0.0002510655697,0.0003194551922,0.0005558435204,0.0002634801243,0.0009819865355,5.288901372e-05,4.190962054e-05,0.0001127882116,0.0003230008419,0.0001380505305,0.0004639602183,0.000460571271,0.0002548906164,0.0005700969811,7.670964269e-05,9.773567205e-05,0.0002201326025
id109,scenario8,8,17.314517,16.3382705,22.80248121,9.695611946,8.569529753,10.63620038,3.363470552,4.565937434,4.96037044,17.77876245,16.99079023,23.58700907,21.47546575,20.29087336,31.32073141,1.201865131,1.962095121,2.975703517,0.0006205635621,0.000431458506,0.0008788455983,0.0002690280028,0.0001405571257,0.0001886781171,6.353457573e-05,8.762438576e-05,8.069697795e-05,0.0005840239294,0.0004857222133,0.0008669217837,0.0007889399543,0.0006309059577,0.00161088459,2.82814383e-05,3.685547265e-05,0.0001163466701
id109,scenario9,9,13.67827888,12.84259655,13.33479769,9.952981201,9.065144695,11.92025984,9.364048065,8.719275567,11.37579796,11.21850381,10.74298697,18.06111089,6.754524138,5.689412839,7.942281707,13.70902263,10.33424277,19.29009887,0.0004636503036,0.0003664942757,0.0003596651687,0.000300901797,0.000179371134,0.0003143479486,0.0002594906255,0.0001363890432,0.0002257316424,0.0003367717129,0.0002513943905,0.0008012792172,0.0002399549702,0.0001486678348,0.00029782336,0.0004400411341,0.0002165249834,0.0007982081386
id11,scenario1,1,8.434141822,5.652132681,11.80854495,18.5674511,15.45737167,25.91739312,18.62636551,16.03762066,20.47420732,13.19268948,11.4090195,18.44016368,15.44759657,13.48583831,26.18789737,15.35827792,12.07871863,22.02067616,0.0001689843307,5.856078754e-05,0.0002733304664,0.0006182989261,0.0003817159597,0.001178823963,0.0007145564021,0.0003964897381,0.0006419884147,0.0003646923521,0.0002192022028,0.0006675404142,0.0004644301328,0.0003384940699,0.001118003198,0.0004496360428,0.0002515611423,0.0009730022178
id11,scenario2,2,6.175175684,6.532496288,6.819348784,11.78465686,11.6666823,9.678620293,7.363259147,7.272755257,5.694862283,7.740436242,6.220483512,11.4504501,9.45520451,8.390083852,12.86852348,13.07985391,10.37638659,16.92682315,8.118227853e-05,0.000118187766,0.0001043491397,0.0003962551735,0.0002725338582,0.0001768596322,0.000112448966,0.0001429312222,8.611321685e-05,0.0001972171037,0.0001052805929,0.0004601652864,0.0002522683579,0.0001448852897,0.0003920235376,0.0004008921947,0.0002097190347,0.0005812498752
id11,scenario3,3,3.64566083,5.047240833,7.561662363,1.475691102,0.9843738214,1.234075211,1.107590335,1.135990877,1.183265217,0.9162041333,0.8958343368,1.091130406,0.07217900005,0.04776379389,0.07712105886,0.07600957574,0.04564783963,0.08908855337,4.323233784e-05,5.651369564e-05,0.0001114024007,5.005838817e-06,2.045914948e-06,2.985621717e-06,3.343737984e-06,3.547697366e-06,3.048892393e-06,2.226064914e-05,1.162874659e-05,1.66076901e-05,2.97185975e-08,5.6021147e-09,1.51246993e-08,8.67929257e-08,1.00749711e-08,3.74156522e-08
id11,scenario4,4,0.03131403127,0.03777665154,0.06389715891,0.04642462494,0.05602089844,0.09475788176,0.1757177087,0.2121183888,0.3588143154,2.540104954e-05,6.207549805e-05,0.0001259799522,2.609796251e-05,6.399404242e-05,0.0001309039438,3.344588579e-05,7.713516164e-05,0.0001503697928,4.8276076e-09,5.1611334e-09,1.16011077e-08,1.0608684e-08,1.13419537e-08,2.54959043e-08,1.519221497e-07,1.624307731e-07,3.651730161e-07,0.0,0.0,0.0,0.0,0.0,0.0,0.0,0.0,0.0
id11,scenario5,5,3.56753694,6.024515421,5.595912143,9.112036402,7.103296378,8.296096802,9.807599112,8.385217835,6.110192605,2.268170522,2.912804981,4.103679803,0.04747605954,0.05454353936,0.06097965432,0.4092264107,0.4688465391,0.5240840437,4.690081684e-05,0.0001207251803,8.458188696e-05,0.0003126914178,0.000172156891,0.0002052633306,0.0003581007714,0.0002382086614,0.0001214598727,3.287436126e-05,3.222802877e-05,7.099326862e-05,7.3533956e-09,9.8482233e-09,1.04619522e-08,5.463204771e-07,7.307846526e-07,7.770088566e-07
id11,scenario6,6,11.2835923,9.595448511,18.3555366,20.14218358,12.25543543,23.24139853,18.02945373,13.08328452,20.90538157,16.2335341,12.33562821,18.11821834,15.57934834,14.71197554,18.92512284,13.54302816,11.42886553,19.56703148,0.0001916187529,0.0001567889714,0.000624476334,0.0006908245335,0.0002621479523,0.0008052257875,0.000588566792,0.0002957238484,0.0007337234195,0.0004424109686,0.0002597551137,0.0005419833715,0.0004747179035,0.0004020085622,0.0008396557275,0.0003460694688,0.0002340991417,0.0009418016804
id11,scenario7,7,7.116142172,9.010522931,11.2499464,9.235121837,4.316176051,7.704435929,6.9314379,6.217749279,3.531182579,10.08448262,7.936275469,22.2800145,4.940720044,3.745378215,6.301735997,8.614155596,6.372515125,13.64698057,9.963495648e-05,0.0001144070049,0.00018959468,0.0001842496681,4.321993119e-05,0.000101428831,0.0001128078213,7.111764285e-05,1.993982525e-05,0.0002131683385,0.0001414525054,0.0009654875391,6.739314144e-05,2.910253408e-05,7.437317962e-05,0.0001827857624,8.03863629e-05,0.0003837267871
id11,scenario8,8,8.937573651,13.07088218,15.01507288,13.88891242,10.61021026,19.15881849,20.95745472,17.52098644,30.42723514,8.833407517,7.177544269,14.24191463,19.21688176,17.76051989,40.31094805,20.75489087,20.72047166,39.51698991,0.0002159023873,0.0003337682731,0.0005506815415,0.0003440192646,0.0002261336773,0.000790973532,0.0007500821569,0.0004981134059,0.001569085356,0.0002459116945,0.0001240289902,0.0005228801485,0.0006093559257,0.0004765885102,0.002454895614,0.0006892280266,0.0006688743652,0.002289061237
id11,scenario9,9,2.734903804,1.671341527,2.077103369,7.124544903,2.246995806,2.504637241,10.89797972,4.232064247,4.889891816,6.157175039,1.627732518,2.374225384,7.619590769,3.503642408,3.665956085,4.248382478,1.294686936,1.747269201,2.410570304e-05,1.225192227e-05,2.219087937e-05,0.0001028340664,1.045253311e-05,1.07366547e-05,0.0002604608494,4.724936275e-05,4.636450746e-05,0.0002704425184,1.495033082e-05,3.404725785e-05,0.0001331672159,3.007876101e-05,2.813334385e-05,3.845853873e-05,3.28619146e-06,6.347857601e-06
id110,scenario1,1,12.59877536,10.6093149,10.92881352,4.141233866,3.048244484,4.236449089,13.97167029,10.98143273,9.922687359,18.15339827,15.22326226,32.44265819,9.50757417,7.851406883,11.24738201,22.17475027,16.46928908,36.57410583,0.0003950774253,0.0002359012595,0.0002626536466,4.482105544e-05,1.643740318e-05,3.636077084e-05,0.000458590759,0.0002266515244,0.0002045674133,0.0005668704434,0.0004184394222,0.001921255358,0.0002520842557,0.0001431654577,0.0003892762938,0.0009402349529,0.0005251995647,0.002292159835
id110,scenario2,2,5.507880093,5.381540221,5.357084735,6.237033032,5.262218576,6.302322902,7.549579582,7.948890824,9.195960726,13.2370266,7.947540427,25.54094052,20.69930482,16.36455172,41.32379289,16.27796022,11.53171286,25.55334925,0.0001409976488,8.81698571e-05,9.915658507e-05,0.000141193912,7.159977573e-05,0.000131884203,0.0001855313482,0.0001457549455,0.0002399512136,0.0004505628959,0.0001342489572,0.001660158761,0.0007425346329,0.0004738134389,0.002685093861,0.0005386072057,0.0002262531806,0.001421655527
id110,scenario3,3,6.62863836,5.534704842,6.420517445,18.11170183,19.08008336,15.87345259,19.2741358,16.65812356,15.22063738,19.03990273,17.75174752,36.19164755,21.96744257,19.8604876,41.88524534,17.37592186,14.26106749,27.73730268,0.0001177853292,5.90224499e-05,0.000136537994,0.0006465650369,0.0006342550339,0.0004692740395,0.0007836084294,0.0004576968356,0.0004159442663,0.000621890406,0.000550453618,0.002084487376,0.0007661316748,0.000700486148,0.002589264104,0.0005346744614,0.0003419558762,0.001288681668
id110,scenario4,4,5.083357755,5.47377125,6.653184268,10.99321826,9.867069103,10.438453,11.25883673,7.522709229,8.668677461,12.91291404,9.78242324,23.29386141,20.81518633,16.47917792,35.47728372,17.57843191,13.89587942,35.73916406,9.672717321e-05,8.735284988e-05,0.0001088944572,0.0003546523371,0.0002043180587,0.0002415077945,0.0003716027285,0.0001163538032,0.0001647907277,0.0003814357068,0.0001858906277,0.001138399098,0.000743375704,0.0004499685116,0.002120551894,0.0005785677988,0.0003073952927,0.002281832179
id110,scenario5,5,14.09271828,7.81761362,14.98887036,7.967084715,4.91018385,6.624595711,7.772365867,5.572729812,8.101776762,4.934378502,6.062770557,6.599501964,7.530842867,7.360882403,11.10903027,4.7509607,4.818565962,7.090834237,0.0005194606081,0.0001301079512,0.000570093592,0.0003073679791,8.674615421e-05,0.0001426280407,0.0002606583641,0.0001058583126,0.0002265031324,9.787569938e-05,0.0001172020047,0.000115298881,0.0002335849287,0.0001775819603,0.0003869731392,9.874324447e-05,7.604362253e-05,0.0001844294427
id110,scenario6,6,8.728620421,7.282603262,10.97609568,9.438762778,7.180324323,9.007407565,8.280945089,5.784168948,5.622162484,11.51638397,10.79642334,18.03329275,12.74760803,13.54507186,22.99357771,10.70916089,10.24368165,17.563237,0.0002215108727,0.000144743665,0.0002798947606,0.0002743378481,0.0001127527361,0.0002078363698,0.0002388392318,8.025941963e-05,9.551801068e-05,0.0003745453666,0.0002760658671,0.0008374900812,0.0004259432631,0.0004078046179,0.001243798885,0.000351851846,0.000270000815,0.0008987593796
id110,scenario7,7,6.684919085,5.162292203,8.029361055,5.007689332,5.56769875,5.205805885,6.069219627,4.995627949,5.940854594,5.438837224,5.442518042,7.324938492,8.049320536,10.2481196,15.06584679,3.644835693,3.782063406,5.263990609,0.0001983016891,8.476834608e-05,0.0002954032189,0.0001171986849,0.000128988215,6.991198423e-05,0.0001682719291,7.86787171e-05,9.047362479e-05,0.0001392969996,8.064987937e-05,0.0002392816797,0.0002507674234,0.0003240031075,0.0007318144453,7.406421806e-05,4.742741595e-05,8.21293004e-05
id110,scenario8,8,9.709808919,5.966423378,5.858891573,23.51846004,15.24199488,22.53536078,12.18515627,7.970477585,11.80590642,6.590081368,5.775101284,6.226734013,17.37210187,13.79195151,21.76275872,7.855572595,7.995012205,7.493529781,0.000341337785,8.271506265e-05,8.226618475e-05,0.001080801697,0.0003859854365,0.0008253538868,0.000351928349,0.0001311016768,0.0002726639425,0.0001591927481,8.061877826e-05,0.0001206907596,0.0005896799463,0.00036136149,0.0008853520117,0.0002153847069,0.0001575724549,0.0001253908763
id110,scenario9,9,16.23618399,13.63388568,15.92454241,19.54801733,14.24118546,21.92463677,14.96967748,13.22012661,20.98557503,12.02786719,10.42306897,16.63561078,17.67374893,11.05939505,26.33425628,18.60166027,14.84117822,33.30283294,0.0005055529431,0.0003364292891,0.0005109675799,0.0007318746161,0.0003569683821,0.0008980026902,0.0004023882954,0.0003032592254,0.0009123518613,0.0003649250323,0.0002233451954,0.0006336418288,0.0006337258587,0.0002390504796,0.001361045423,0.00064533604,0.000376796339,0.001791888604
id111,scenario1,1,9.701473557,6.817199889,7.054112845,9.649803878,6.037065053,6.234626936,7.345649598,5.858164398,6.123042007,10.14132585,5.49227959,6.47459734,11.3325062,7.566366854,6.420134792,9.776727491,5.77401737,5.794160124,0.0002049252334,8.874585953e-05,9.256310447e-05,0.0001888852814,6.260973213e-05,7.210036261e-05,0.0001103405501,6.857563187e-05,6.883544147e-05,0.0001988427367,5.831489064e-05,7.847993998e-05,0.000234009668,9.561700989e-05,7.089392897e-05,0.0001586932138,5.82953483e-05,5.701986569e-05
id111,scenario2,2,2.979842214,3.021042613,2.55747596,2.483234231,2.00172874,1.766387389,2.231030414,1.29241609,1.326000688,0.1814948453,0.1185639065,0.09503051885,0.06169972156,0.04029400871,0.03232038074,0.1551191885,0.1013274607,0.0813433614,3.376634914e-05,3.287066236e-05,2.336988407e-05,2.664239305e-05,1.562219779e-05,9.402915915e-06,1.865587082e-05,3.79225392e-06,5.624341642e-06,4.189829481e-07,1.018142595e-07,7.19532936e-08,4.83681756e-08,1.17497871e-08,8.312378e-09,3.057366519e-07,7.43036465e-08,5.25276743e-08
id111,scenario3,3,10.47474471,6.086053195,5.4965331,14.40722787,7.714391262,7.961256295,6.362790768,3.823359328,3.863334942,6.579599849,5.15896383,4.833939152,8.984706622,6.961746808,6.896023248,5.090182013,3.831044436,4.281577675,0.0001967643801,6.304407176e-05,4.802671651e-05,0.000375464301,9.906457731e-05,0.0001038271331,7.90247659e-05,2.484908966e-05,2.524835009e-05,9.516847888e-05,5.184627003e-05,4.424966908e-05,0.000171255126,9.875924538e-05,8.881709788e-05,5.135544271e-05,2.637734656e-05,3.344523138e-05
id111,scenario4,4,9.092635575,6.328893157,6.025331342,8.486326513,5.821120682,6.37090083,6.450392915,5.324232691,5.136447258,8.159654989,6.131223982,6.730491738,8.64488605,5.359496015,6.190417871,8.051293663,5.351722575,5.686357505,0.0002695908701,0.0001048115717,8.677968779e-05,0.0001583117807,7.236349338e-05,8.601595163e-05,7.283535405e-05,4.591889609e-05,4.626836159e-05,0.000156993567,8.000165154e-05,9.834583393e-05,0.0001696284466,5.209743621e-05,8.112878617e-05,0.0001121041448,4.954608728e-05,5.619726582e-05
id111,scenario5,5,12.09569866,8.453719624,8.246555466,12.68647554,7.890977373,7.326302632,12.15975732,9.684947513,10.96004242,12.14192283,7.258636015,7.813447854,11.8546527,8.326238298,7.199125332,12.94823587,10.03507015,9.76830733,0.0002913125186,0.0001317032057,0.0001221580978,0.0002729707894,0.0001140067418,8.623746292e-05,0.000283274291,0.0001756241274,0.0001938333653,0.0003023860213,0.0001023689954,0.0001079257889,0.0002770735425,0.0001345690333,9.379430204e-05,0.0003135203568,0.0002014035027,0.0001633697215
id111,scenario6,6,2.994984927,2.511649916,2.52956025,15.48874967,12.25912691,13.79323632,21.06878006,16.96364956,17.03054858,5.763537926,4.778196445,5.248123495,17.03720009,12.08263915,11.71815786,24.3928304,19.17083293,18.19408541,1.642056631e-05,9.358794224e-06,1.005687274e-05,0.000503504766,0.0002638495928,0.0003298027028,0.0007904676194,0.0004897047688,0.0004923225726,0.0001224432406,6.36167692e-05,9.036530895e-05,0.0006815735756,0.0003327366039,0.0003260167124,0.00116183895,0.00067254257,0.0005803837013
id111,scenario7,7,8.765918586,5.188003641,5.496259098,10.87098498,7.067973171,6.556907894,8.88683555,5.668260211,7.398950352,9.17187904,6.64187784,6.605642917,7.186257198,4.566553836,4.602771159,9.028802365,5.926745129,5.842158347,0.0002128025643,5.792024856e-05,5.802384293e-05,0.0003210033655,0.0001181837562,8.211178827e-05,0.0001861280048,6.981884207e-05,0.0001335233017,0.0002102910962,0.0001257953272,0.0001028491021,0.0001477207183,5.618711287e-05,5.025523623e-05,0.0002051019655,9.52086606e-05,8.524782454e-05
id111,scenario8,8,16.0495969,8.695242821,9.184284971,16.23334313,8.38375935,10.3472227,16.5685636,8.450167289,10.35731426,10.70759855,6.420045408,7.439143337,12.13237656,9.380142794,8.656978939,13.54358,7.740355167,8.22534303,0.0005159020469,0.0001293231961,0.0001369157012,0.00050294123,0.0001266071451,0.0001982042715,0.0005351155835,0.0001223935854,0.0001704774173,0.0002754642155,0.0001030125825,0.0001330513103,0.0003713681418,0.0002157020334,0.0001627199093,0.0004120901229,0.0001288945662,0.0001523927626
id111,scenario9,9,16.39661653,10.54766682,12.12879173,15.52674071,9.633824365,9.277813863,13.35925124,11.52053631,12.82632653,9.045981996,5.146696515,5.946631769,11.06858147,5.854713599,6.773254502,10.40199267,7.183300985,9.313281768,0.0004821199683,0.0002063035031,0.0002599782745,0.0004622634605,0.0002016471759,0.0001686994147,0.0003097980411,0.0002237826279,0.0002747541285,0.0001823943637,4.611539917e-05,9.238888335e-05,0.0003003049641,6.672917082e-05,0.0001221958303,0.0002208685405,9.922949912e-05,0.0002136002384
id112,scenario1,1,1.428622253,1.484127318,1.375454545,0.6281767996,0.4036100786,0.5434272272,2.030858143,1.459490994,1.940654648,6.854362732,3.425143172,6.675882619,3.085767215,2.141044227,2.703146019,7.037715608,5.544537701,6.429060849,8.045931857e-06,1.046165106e-05,9.540838936e-06,1.281395477e-06,3.504302293e-07,7.038192163e-07,1.561053812e-05,6.750071432e-06,1.249449495e-05,0.0001410067395,2.672340695e-05,0.0001212779517,2.263470286e-05,1.040812895e-05,1.651530143e-05,0.0001208764408,7.768098711e-05,8.18454459e-05
id112,scenario2,2,4.263859689,3.461053124,2.649803769,5.791548877,3.831538617,5.127393732,4.937468463,4.140038146,3.037093815,5.272072463,3.052730964,4.970517963,10.19581446,5.594505506,12.33245365,5.31585233,4.261148586,5.236511614,5.640584797e-05,3.332095597e-05,1.887191575e-05,9.782220065e-05,3.392995465e-05,6.191853442e-05,7.856902627e-05,5.362283796e-05,2.855914812e-05,8.772882069e-05,2.377346843e-05,5.829049995e-05,0.0002749974197,8.131046979e-05,0.0004211201528,7.820554915e-05,4.705377103e-05,7.380840072e-05
id112,scenario3,3,4.581844249,3.621379954,3.819094861,5.255980094,4.791653803,4.925723097,14.09273368,9.972437509,9.980949916,5.133724045,4.559992645,9.545639003,6.118488562,4.518580129,10.97428721,9.749653718,8.320485265,14.14079618,3.480282411e-05,2.181804326e-05,2.39527645e-05,4.324502949e-05,3.894065327e-05,4.170354478e-05,0.0003555425927,0.0001593468994,0.000156378743,5.880220851e-05,4.612881619e-05,0.0002268583288,7.978150576e-05,4.486577815e-05,0.0002649188261,0.0002301189127,0.0001414367315,0.0004695912138
id112,scenario4,4,15.18414362,10.30120863,11.05216431,16.81263273,15.67119897,17.14107314,0.795905603,0.4452959258,0.516932432,10.15851841,7.869682536,10.29403418,18.60465302,12.80195655,28.22437423,13.73722157,9.147765098,16.56833687,0.0003976925335,0.0001639152526,0.0001959259399,0.0005220226175,0.0004844080343,0.0005105918161,1.021460165e-06,3.187705143e-07,4.243850602e-07,0.0001815738612,0.0001086923633,0.0001801223195,0.0006523221252,0.0003093838391,0.001462275119,0.0004980881439,0.000205449523,0.0007697817888
id112,scenario5,5,6.928169829,5.420807261,6.978347928,10.46728031,6.310954609,10.17151793,5.775339588,4.120038927,7.897156763,10.0447426,5.693007209,10.90273997,19.28126804,11.91586232,26.55931227,2.229372132,2.750579704,2.437662513,0.0002107134026,9.307702197e-05,0.0001433795754,0.0002947043465,0.0001086264598,0.0002681308796,0.0001625268354,5.759795385e-05,0.0003233359086,0.0003339193597,8.290083876e-05,0.0003820039881,0.0006856755421,0.0002309774796,0.001287793851,5.855704483e-05,8.311549655e-05,4.222577342e-05
id112,scenario6,6,6.559597617,5.946208301,5.280842276,14.25306618,10.04321109,12.38569312,6.715868299,5.507980264,6.620316134,6.3511536,4.070431679,6.172318577,20.51295571,15.68710217,19.61068138,7.765653062,5.236918017,7.546333156,0.0001158205026,8.307594699e-05,5.088708234e-05,0.0004646777544,0.0002078853139,0.0002848369885,0.0001068559786,6.653164218e-05,9.734602834e-05,6.667050634e-05,2.797364963e-05,6.2467003e-05,0.0007344752483,0.0004631911446,0.0007384157467,0.0001195526958,4.471199584e-05,0.0001126348988
id112,scenario7,7,14.77474117,8.956817615,11.11164644,14.23787336,10.52290439,7.366732282,14.44699296,10.46959561,9.980791925,17.08974441,12.87349574,20.2830734,15.63919207,14.30360468,20.77673158,10.38069535,10.32767992,14.46391117,0.000489096629,0.0001765185082,0.0002840579772,0.0004840795221,0.0002445631268,0.0001162217477,0.0004881346428,0.000286729954,0.0002202121358,0.0005270710616,0.0002748195024,0.0006927681034,0.0004380929953,0.0003344889017,0.0009274939613,0.0002221223048,0.0002026772709,0.0004947563377
id112,scenario8,8,10.2316699,7.773885927,8.353745892,14.44108346,10.19119605,9.873091386,9.047510055,7.585097386,6.838290335,13.42949162,9.736348551,11.12056385,14.87993538,14.07581989,20.95559835,9.711593876,8.318902325,9.296593289,0.0001994127656,0.0001149260381,0.0001226491679,0.0004909980216,0.0002052421999,0.0001926679018,0.0001748117621,0.0001161708406,7.698063816e-05,0.0003967486649,0.0001804427269,0.0002184994362,0.0003883414368,0.0003039336711,0.0007791429657,0.0001713958965,0.0001235595184,0.0001546986553
id112,scenario9,9,9.597384311,7.940953989,9.576820874,18.94678811,13.08836009,13.1984163,17.50607368,13.24337475,11.94399586,12.24489957,10.7831159,17.19126576,21.05200298,16.77695814,34.12151443,19.24026654,14.62329299,33.44203725,0.0001801463799,0.0001205025098,0.0001549153271,0.0006078787382,0.0002842576186,0.0002992097786,0.000546992011,0.0003189489082,0.0002277447043,0.0002482377826,0.00022001538,0.0005120856328,0.000713312003,0.0004787895158,0.001804756545,0.0005965958399,0.0003454676809,0.001735518007
id113,scenario1,1,5.11686953,6.710442713,8.798703883,17.59594767,12.60974632,21.6093392,12.30900228,11.49168407,14.75433358,14.94761535,14.13077859,28.43623271,17.98212643,14.1943069,39.69111497,12.56828969,9.701506886,26.26855721,5.326382473e-05,0.0001174737719,0.0002448525817,0.0006322321279,0.0002685471675,0.0008584954808,0.0003606318893,0.000261497233,0.0005090451075,0.0004494510153,0.0003620967575,0.001497996025,0.0005671355043,0.0003390686255,0.002623770801,0.0003547763629,0.0001966965675,0.00159887127
id113,scenario2,2,13.43165266,10.94940934,17.53716433,19.38510619,13.12930598,19.13063405,15.91962918,14.34986174,20.39712015,15.08778117,10.91852737,25.02861401,23.12392746,14.48051538,45.5633156,20.06096301,12.99620788,45.31053005,0.0003864380406,0.0002126577569,0.0005993947087,0.0008192359195,0.00033571706,0.0006427588248,0.0005309717812,0.0004083659947,0.0007576731981,0.0004469417361,0.0002096396779,0.001193825786,0.0009042769767,0.000324156584,0.003129146089,0.0006704761379,0.0002908270043,0.003126921648
id113,scenario3,3,5.552585257,5.824853957,10.48245246,11.55211493,11.35238121,17.85568969,10.69729738,11.58300093,20.134907,15.36812519,9.862883694,35.00962707,21.83292523,13.79182621,44.27286805,18.18715335,13.57873124,46.3360636,0.000151452048,0.0001087750496,0.0005768130377,0.0003505680286,0.0002828759496,0.0008070928145,0.0002932580262,0.0003168578683,0.001032915488,0.0004977755428,0.0001688502307,0.002457700768,0.0007749506869,0.0002991889956,0.003018013747,0.0005707594741,0.0002778459458,0.003490542421
id113,scenario4,4,7.833366792,7.921714586,10.12964015,14.69636119,16.82083328,16.94699789,12.93330912,12.23391461,19.71006371,14.60319426,13.07497808,30.43280866,20.1213993,15.58063782,45.86062845,19.86679783,17.97160078,49.40915394,0.0001568357373,0.0001263335409,0.0002472924763,0.0004546852718,0.0005109836061,0.000503734965,0.0003860038447,0.0002644158005,0.0007940480844,0.0004571364578,0.0002875944919,0.001882689389,0.0006881119362,0.0003814992713,0.003120435339,0.0006584278442,0.0005065998718,0.003522126136
id113,scenario5,5,10.7707528,10.81799302,12.61232593,16.48101984,13.75761397,16.83037239,14.19171693,9.920811393,18.70458765,16.91471876,15.06878719,39.57949972,21.13786839,17.1849659,44.68951345,18.93785134,15.61633058,49.17278605,0.000292792607,0.0002391224499,0.0003286800167,0.0005639131918,0.0003505704132,0.000520975348,0.000367987161,0.0001605003496,0.0005527660873,0.0005566711714,0.0003825527422,0.002647993961,0.0007314353271,0.0004734776837,0.002878460347,0.0005768230635,0.0003707229635,0.003330283066
id113,scenario6,6,15.76967172,16.65443925,19.09866329,16.15528858,13.23347404,18.41620197,14.50289915,12.29266838,17.81596332,19.27369859,14.38882353,38.18207908,22.28497859,16.52035605,48.2717177,23.05548154,18.5719306,54.29898812,0.0005182181791,0.0004776764289,0.000664921394,0.0005930718413,0.0002986246389,0.0006857132484,0.0004691472426,0.0002667717197,0.0005950953395,0.0006332060751,0.0003339513004,0.002377328511,0.0008154599903,0.0004359327733,0.003317218867,0.0008183498592,0.000533495141,0.00405010403
id113,scenario7,7,19.49932648,14.43094236,23.5993244,20.25847618,15.69904918,25.92387168,17.95530659,15.03974882,26.99945602,14.2906014,13.96176848,34.98402362,20.78358617,13.81494594,42.08652266,18.75506234,12.48445997,37.32330862,0.0007546416794,0.0003645543827,0.001143480727,0.0008297956751,0.0004263036328,0.001309467583,0.0006635958607,0.0003579863549,0.001410816525,0.0004677651223,0.0003555563871,0.002292527733,0.0007880458575,0.0003214057149,0.002829597807,0.0006839180208,0.0002654527964,0.002421626872
id113,scenario8,8,11.80109858,9.837911415,15.15804806,18.85227356,13.28767002,26.12753803,16.92410506,13.4511562,24.01948421,11.43961801,10.26997429,21.35687198,17.07226642,17.15221633,37.95095526,20.85358458,15.72837228,42.13095444,0.0003169383241,0.000211594293,0.0005111279609,0.0005918935998,0.0003063701395,0.001152056825,0.0005902828664,0.0003060644301,0.001149360707,0.0003258476854,0.0002040683783,0.001132876666,0.0005240877147,0.0004758042484,0.002608274235,0.0007767504625,0.0004310222517,0.002813068252
id113,scenario9,9,10.27870136,8.45280825,10.79909234,17.04662606,14.72924772,23.72644751,13.96643361,12.3170083,20.69573896,11.69388666,11.85536003,21.25018119,18.69688423,17.69949244,40.04825517,19.6276461,14.87375632,41.98961416,0.0002842173741,0.0001395378577,0.0002756148758,0.0005684597755,0.0003707058954,0.001090996374,0.0004529371825,0.0002635437571,0.0009752207541,0.0003075832257,0.0002696315587,0.001093429188,0.000598161392,0.0004836914028,0.002672606511,0.0006715999891,0.0003735477821,0.00287383063
id114,scenario1,1,10.62512932,7.207393429,7.793571666,4.660017088,4.405938154,6.53060397,11.66759965,8.308785494,11.03241307,11.11345757,8.98167092,16.48353877,5.775850474,6.409620698,6.44273715,12.6105253,10.67939724,18.22844302,0.0002522632114,0.0001151733678,0.0001273180108,8.870348786e-05,4.948331878e-05,0.0001324047006,0.0003164526596,0.0001320247419,0.0002207814602,0.0002463318654,0.0001646942618,0.000576080983,0.0001348650104,0.0001074752752,0.0001002606053,0.0003305224643,0.0001914787093,0.0005810030413
id114,scenario2,2,9.24039356,6.085790771,6.710033528,5.886870426,3.77655857,3.86552704,11.99880402,6.675169832,9.039239361,9.969332002,7.01355702,13.83045579,6.74423209,4.30101466,5.793630835,11.68682279,9.657126929,15.9599973,0.0001564860011,6.298666885e-05,7.707790678e-05,6.666086046e-05,2.246664895e-05,2.509172645e-05,0.000266271242,7.474680703e-05,0.0001418569117,0.0001883755742,8.349267886e-05,0.0003160832419,8.166027878e-05,2.948506914e-05,5.7580524e-05,0.0002579433484,0.0001553581549,0.0004546369754
id114,scenario3,3,10.90622688,7.832839307,7.652830063,11.38541826,9.835865428,12.85407018,10.37904578,7.817246133,10.4602266,15.17856254,11.80210224,22.18039889,14.79282414,10.70036811,19.60471771,17.38341635,10.9189784,23.70430826,0.0002105696451,0.0001058781865,0.0001043009826,0.0002423766854,0.0001524580838,0.0003031946772,0.0001903909162,9.72628041e-05,0.0001879156312,0.0004037708276,0.0002346566158,0.0008329869661,0.0003676388652,0.0001728690733,0.0006036170202,0.0005236749118,0.0002033513326,0.0008736443729
id114,scenario4,4,11.86107006,11.69690187,11.96363957,12.5086186,13.46162958,13.18727307,12.68205843,12.32232563,14.83170232,13.48623416,11.9105969,22.20774298,18.13783581,17.8008143,30.64756293,16.59212565,14.2613443,19.78236719,0.000356924613,0.000316246573,0.0003661640072,0.000374825845,0.0004252653025,0.0003902088048,0.0003225467351,0.0002963401291,0.0004814524263,0.0004011419319,0.0002762830348,0.00106782289,0.0006188572484,0.0006346805379,0.001674946651,0.0005865182739,0.0004052305102,0.0008285152673
id114,scenario5,5,13.32731837,9.935979284,11.97265041,13.48950731,9.796597805,16.28609715,17.43277664,13.73719051,17.06363327,4.974635313,4.073102851,6.020676166,4.890549532,5.927002933,7.252476003,19.26186964,15.79387485,38.21204947,0.0005133095687,0.000209905442,0.000312064058,0.0004233193883,0.0001905737943,0.0005696927011,0.0006844127655,0.0003324497943,0.0005704872304,0.000139621151,6.528582339e-05,0.0001530423351,0.000125297836,0.0001021522063,0.0001877660676,0.0006897872781,0.0004266043189,0.002353953964
id114,scenario6,6,20.49613471,13.75029002,17.25252744,19.46316008,18.9125438,29.16246398,20.75199268,15.6927266,21.855662,17.06650117,16.99982449,27.43716871,20.9990492,22.24939414,36.65067851,21.1211587,22.90427626,36.10929253,0.0008116886401,0.0003258694115,0.0004685007572,0.0006637140029,0.0005836250675,0.001498034271,0.0008274933057,0.0004300940739,0.0009097504336,0.0005453245135,0.000454107441,0.001258868786,0.00074459581,0.0007867556078,0.002068010258,0.0007417792579,0.0008317199195,0.002120793696
id114,scenario7,7,10.87797609,8.145202935,11.5337568,13.14253555,13.16966712,11.0962658,9.478688231,8.207253341,8.75795944,15.44631753,14.71879962,23.96867493,16.08873095,13.40709278,23.19876437,16.88784467,15.15235817,25.77684282,0.0002288079253,0.0001116366583,0.0002584380632,0.0004328949717,0.0003718890724,0.0003177410007,0.0001681092299,0.0001150007624,0.000134888236,0.0004470651402,0.0003779008702,0.001060167005,0.000553064626,0.0003860293247,0.001181376876,0.0004999835679,0.0004003846922,0.001280753576
id114,scenario8,8,8.359429647,6.05713976,6.150843819,6.401795033,4.967539048,6.297925938,8.478972938,6.88318219,7.281673748,7.865659766,5.475390907,8.61932971,6.693513986,5.305654906,7.586054835,9.448919187,11.87958574,17.93158926,0.0001834063402,6.580915274e-05,6.690717857e-05,6.94700366e-05,4.491416548e-05,7.72437424e-05,0.0001503890892,0.0001095186559,9.26276094e-05,0.000200167224,6.012775374e-05,0.0001837214922,0.0001116788533,6.05556594e-05,0.0001241607729,0.0002322221132,0.0003203439875,0.0008423190683
id114,scenario9,9,13.52432445,12.37418467,14.46212822,14.18700927,15.95882886,20.2444102,9.622363399,10.29876652,11.36702994,17.3183664,18.94360412,26.35020683,18.42919992,21.1340806,37.76116888,17.3819349,17.95157525,35.18930197,0.0004678027314,0.0003241716393,0.0004956276362,0.0003918689562,0.000493507198,0.0008585893223,0.0002309423375,0.0002265218355,0.0003021611818,0.0005974583727,0.0006308681508,0.00125504856,0.0006114423257,0.0006933141186,0.002276822656,0.0005506638036,0.0004817949947,0.002070175148
id115,scenario1,1,13.71598881,9.672990933,11.70261509,18.50798373,14.77940746,16.98043803,7.205302995,5.208685463,5.660097498,11.89168778,9.396260453,10.29825856,12.59957724,9.234097989,11.49969397,6.47439296,5.455605644,5.425778545,0.0003852632407,0.0001754383283,0.0002572339229,0.0005936397677,0.0003753163524,0.0004450649363,9.259635598e-05,4.425239938e-05,5.609423729e-05,0.000284581344,0.000177454613,0.0002194292189,0.0003461464336,0.0001633994188,0.0002746526539,7.693847979e-05,6.384222399e-05,5.687955577e-05
id115,scenario2,2,5.975903047,4.444255482,3.831830441,3.898425688,2.65381683,2.778928249,7.754318859,5.28496679,6.243747418,12.58923934,8.07719584,7.47445556,5.179350876,3.496534307,4.051214427,16.13914081,12.42307221,10.19110659,7.415824079e-05,4.199826684e-05,2.777267905e-05,3.085843121e-05,1.178573474e-05,1.433383053e-05,0.0001243001812,5.834371959e-05,7.24045666e-05,0.0002530523126,0.0001067860697,0.0001045150021,4.488677998e-05,2.074265871e-05,2.818410052e-05,0.0004350435155,0.0002487419416,0.0001599537825
id115,scenario3,3,10.47790064,5.084152582,6.257375866,3.810239347,2.916635904,1.763480609,7.280227723,3.866926458,4.568802628,7.562211116,5.473771883,4.667828438,3.852124034,3.164374127,2.936203008,7.763154582,5.428302525,4.639357764,0.0002714375896,5.227508906e-05,8.992016351e-05,3.461801427e-05,2.008182652e-05,7.267501344e-06,0.0001576118968,3.516500786e-05,4.425651366e-05,0.000188846681,7.130847322e-05,5.932617065e-05,4.123972771e-05,2.397669641e-05,1.802369547e-05,0.0001867215788,9.140588881e-05,5.523097876e-05
id115,scenario4,4,10.48482824,5.731808226,6.980088712,6.732880124,3.673063334,5.293181146,11.74933523,7.75273339,8.945847038,6.923013197,5.463264184,6.169748885,4.893163165,3.78868149,4.725359908,7.759229563,6.75576335,6.101324225,0.0002464868247,5.838862735e-05,9.692761174e-05,7.758296115e-05,2.413681393e-05,4.727542029e-05,0.0002475557879,0.0001023210772,0.0001418665928,0.0001154602275,6.227889276e-05,8.558825769e-05,4.44978372e-05,2.561066497e-05,3.82748987e-05,0.0001278757266,0.0001034088425,6.889221473e-05
id115,scenario5,5,5.598558126,4.417460722,4.653202365,7.127994244,5.412893864,7.681090577,8.128351775,5.932311025,6.679673716,10.69087151,8.434725962,11.55599907,10.46955733,10.93211511,11.882364,15.18889101,12.45499357,12.54209061,8.832449785e-05,5.104488518e-05,5.054995089e-05,0.0001238747757,5.617867852e-05,0.0001294812984,0.0002038364541,9.941310095e-05,0.0001267308362,0.0002208511437,0.0001282031195,0.0002326479222,0.0001920587828,0.0001936429428,0.0002301535184,0.0004199025692,0.0002802120714,0.0003091414463
id115,scenario6,6,8.795026186,6.331215516,7.93914658,8.15472433,7.031359037,9.351508475,10.54980851,7.375330923,9.379335759,15.60407365,11.68617633,9.316046999,10.2826008,9.044611687,9.560080514,13.40422441,12.28774389,13.40624698,0.0001707741751,8.826750837e-05,0.0001246891328,0.0001461948033,0.000110900851,0.0001554308325,0.0003021491467,0.0001236135428,0.0002032658356,0.0004130798168,0.0002563996336,0.0001491342146,0.0001852409821,0.0001376739391,0.0001519291069,0.0003421759765,0.0002968202709,0.0003635274822
id115,scenario7,7,5.99527413,3.764993819,5.384107723,2.221524329,1.191180518,1.698057096,5.058762288,3.849083676,3.853837942,5.845230204,5.464982245,4.704536301,1.519953756,1.490060913,1.304614152,4.758595916,4.193486074,3.363984484,7.698486301e-05,2.62212601e-05,6.813752743e-05,1.047665542e-05,2.797211703e-06,4.961973897e-06,5.413041965e-05,2.828482969e-05,2.93839648e-05,0.0001309544479,0.0001020243554,6.793997818e-05,4.161608664e-06,3.854763214e-06,3.058200073e-06,4.668256116e-05,3.920729852e-05,2.169659184e-05
id115,scenario8,8,17.32116473,17.00449586,15.01997531,13.64809355,10.01807282,10.8245687,7.173192437,4.768861252,5.598377027,2.718408438,2.358962318,1.621310091,8.13350158,7.143975235,8.603707007,3.11755842,2.982495543,2.896676455,0.00067876388,0.0006449961112,0.0004128783485,0.0004854901443,0.0001642612486,0.0002214145278,0.0001321701475,5.41351569e-05,6.780386334e-05,8.271217684e-05,4.425696414e-05,1.472624071e-05,0.0002302254225,0.0001025341884,0.0001355925722,9.502444433e-05,6.948279673e-05,7.812970545e-05
id115,scenario9,9,15.31612396,11.99968776,11.2946192,12.11834141,8.838887484,14.56739958,15.21142717,13.2673457,18.2091885,13.81496344,9.284137231,11.42541796,19.9335612,19.67883104,16.39543105,20.0106133,17.89585654,17.0217958,0.0005290331083,0.0003026218383,0.0002676201932,0.000372421969,0.0001565876905,0.0005151424163,0.0004502869499,0.0003878212463,0.0006629225859,0.0004348004435,0.0001950725918,0.0002728513145,0.000755255677,0.0007004650233,0.0004765261224,0.0007470016796,0.0005439641505,0.0005022904178
id116,scenario1,1,6.902661343,8.172800055,9.16301398,13.94818561,12.10150014,14.94618076,12.43290424,9.739425222,15.03762152,11.33918129,12.04736095,17.82462082,17.9697396,18.82016278,28.05901779,12.42193631,10.92827345,19.42703856,0.0001433179178,0.000136058583,0.0001613921754,0.0004911637239,0.0002573096089,0.0005381294262,0.0004037399223,0.0002178582405,0.000552286392,0.0003054523942,0.000261694757,0.0005878199887,0.0005796368916,0.0005917221312,0.00140805979,0.0003654417646,0.0002105821016,0.0008482731475
id116,scenario2,2,7.898464548,7.943375253,16.11211423,8.452095516,7.806245901,13.23665438,6.537691145,7.757755407,13.73740647,12.14893976,9.057671293,16.74202876,18.0784762,10.68472878,27.80717741,12.64322919,11.02407745,22.30583649,0.0001885198193,0.0001171224654,0.000729810355,0.0002351816718,0.0001304461833,0.0005747216915,0.0001468588267,0.0001392503725,0.0006384782703,0.0003779730234,0.0001523364865,0.0006542424018,0.0006933901243,0.0002027229216,0.001406038791,0.000382329416,0.0002377690532,0.001031976484
id116,scenario3,3,12.03555073,12.47508131,18.17057791,10.24479253,8.626983123,17.00314654,10.16413586,7.860812109,19.03877036,12.84761038,12.16759972,23.81755661,20.74355928,17.48290636,46.12321131,17.96368665,14.59616789,35.21912467,0.000367097399,0.000288217596,0.0007021441858,0.0003475209505,0.0001596366788,0.0007710684636,0.0003384684952,0.0001490479715,0.0008405113637,0.0003922951066,0.000257783824,0.001083099549,0.0007261866338,0.0005090157918,0.003262215867,0.0005769664207,0.0003185846364,0.001977642842
id116,scenario4,4,8.05717236,9.272491836,15.4664743,11.55124882,13.98520597,16.55864579,10.01095219,8.978233764,12.45894962,14.29091231,11.35199644,24.43139048,16.39689815,15.23620612,27.10589148,12.81156317,14.15326285,24.46394154,0.000159615404,0.0001480871006,0.0005012279719,0.0003567399549,0.0003997088266,0.0007391315443,0.0002241593751,0.0001725901641,0.0004073341919,0.0004492393011,0.0002360472448,0.001317587613,0.0005275415222,0.0003955688627,0.001277462451,0.000377771465,0.0003717095479,0.001273146916
id116,scenario5,5,11.40126222,10.1616193,15.59123864,18.03068538,18.67520082,21.17555351,15.56815042,17.50525636,18.39557624,11.67474443,12.11750669,18.79930908,19.69912933,16.00891543,46.06679453,16.62426295,17.76546043,41.18358995,0.000308209816,0.0001963291618,0.0007001554213,0.0006140114299,0.0005462104481,0.0009111522352,0.0004721961652,0.0005287080995,0.0008230598523,0.0003557027099,0.0002954721663,0.0007791860345,0.0006319955086,0.0003981670729,0.003299342988,0.0005125169475,0.0005091303453,0.002828351133
id116,scenario6,6,7.353880864,8.246977588,11.47672654,10.29804335,8.737786053,14.54315714,8.137755164,8.921448482,11.6500081,14.75977263,10.72901107,30.5750322,17.61931799,14.00360349,40.10122776,14.35385931,12.0744869,32.03858236,0.0001811373687,0.0001542241372,0.0002743724496,0.0003527854185,0.0001627364293,0.0005938057475,0.0002155703167,0.0001920163035,0.0004166231537,0.0004268076465,0.0001839588134,0.001842505417,0.000600864608,0.0003534915732,0.002808405716,0.0004441624301,0.000252923019,0.002068374373
id116,scenario7,7,9.666738413,9.187292832,12.89583253,14.19594641,11.47662316,17.6023328,10.13895892,9.302289542,14.18278689,11.71805915,14.08780826,21.50039514,14.08582595,13.85813353,32.76408088,14.32391422,12.2853073,30.0691082,0.0002351736999,0.0001526280581,0.000380016207,0.000447708402,0.0002256505588,0.0005981728926,0.0002853111805,0.000182794556,0.0004981272068,0.0002994698051,0.0003734593514,0.0009044639454,0.0003574584822,0.0003096482727,0.00185214345,0.0003829855575,0.0002345045198,0.001602522464
id116,scenario8,8,11.39476594,10.96161279,15.79096649,12.00067706,13.55899662,15.054294,9.69904497,10.49769986,13.51870835,14.39403296,13.56635278,24.13010444,22.33910004,15.27813378,41.98357099,20.1814926,17.3702101,42.4494121,0.0003681245601,0.0002409646765,0.0004615420242,0.000332810241,0.0003902729388,0.0004690569536,0.0002872592374,0.0002296353994,0.0004516344766,0.0004419685701,0.0002859980903,0.001065412674,0.0008035203034,0.0003922558173,0.002791500758,0.0006949729221,0.0004769018178,0.002826966168
id116,scenario9,9,8.585015284,9.351390315,16.44135423,15.27921448,15.2339912,20.12864996,10.20637045,9.954169114,20.53308591,13.38417657,13.57775251,25.78811628,14.66931518,11.38632828,29.14972749,14.60049883,10.7438518,26.97963468,0.0001889625247,0.0001803143566,0.0007065592726,0.0004677332165,0.0004246960175,0.0007986565863,0.0002712992597,0.0001741382486,0.001148456262,0.0003795027916,0.0003294955795,0.001280031676,0.0004528296609,0.0002711348298,0.001765176855,0.000428598986,0.0002049563409,0.001480035841
id117,scenario1,1,5.162371793,2.506426593,5.37474008,6.538252772,4.699204291,5.57698258,6.664517481,7.213478673,8.561037939,9.604540661,6.506739425,9.479368718,7.053262271,8.355392622,9.004147358,13.87702669,13.36767343,14.36831659,0.0002223027158,2.733397685e-05,0.000148758729,0.0002428063072,7.969946906e-05,0.0001093387169,0.0002823203453,0.0002614574792,0.0003284653819,0.0004732187751,0.0001419198908,0.0003458382674,0.0002849255317,0.0002913807571,0.0003692888546,0.000611652578,0.0004312238216,0.0005419393824
id117,scenario2,2,12.50257511,10.65394318,10.19309443,12.55053692,12.54170428,11.38130337,11.71002022,11.30787581,9.739168913,13.21140119,11.49173339,16.48575823,12.75218886,15.4933499,18.56880036,15.96710358,12.51086384,20.93421291,0.0005275025471,0.0003199476242,0.0002972061936,0.0005120786824,0.0004234939916,0.0003935115213,0.0004357828769,0.0003670055801,0.0002761756594,0.0005077129354,0.0003204191203,0.0007328432124,0.0004254634046,0.0005214200542,0.0008194735593,0.0006615246832,0.0003416740403,0.001056953222
id117,scenario3,3,21.29937095,16.08528171,21.19155832,25.33066296,19.4962453,26.54440511,20.53115786,14.76705421,14.50472727,22.77112947,22.56459345,21.1474348,23.3523614,27.81860581,23.51670122,13.48042244,16.72018674,13.26403771,0.0008829393029,0.0004537550547,0.0008327149325,0.001114352621,0.0006719836677,0.001183417679,0.0008841771897,0.0004484080578,0.0004516483968,0.001083488515,0.001142425412,0.0008225497907,0.0009727466111,0.001360627316,0.0009330334569,0.0003768942872,0.0007342861099,0.0003320833785
id117,scenario4,4,19.37812005,15.02389939,18.66346334,0.4936991761,0.4802275219,0.481325731,16.97652652,17.54156406,16.26032432,18.27472851,16.93895282,21.62014277,10.42436315,11.57546052,11.65918534,19.60288525,19.90116845,19.40232652,0.0008268920048,0.0004069960123,0.0007142076839,7.444479663e-06,2.975111285e-06,2.965034649e-06,0.0006288286417,0.0006281765359,0.0005375207789,0.0007714018204,0.0005773512788,0.0009917594029,0.0003774651784,0.0003772519992,0.0004122425308,0.0008496558958,0.0008193301017,0.0008187117087
id117,scenario5,5,7.282134473,6.328396406,9.185711369,4.351312547,3.46706394,5.715465189,13.43487718,11.23779307,13.40616854,0.8557303548,1.78070329,2.029029869,3.572083921,5.792340822,4.866308619,2.145130917,3.008002847,2.837324455,0.0002662150065,0.0001296754124,0.000358419886,0.0001350340759,6.679631125e-05,0.000220881031,0.0005752041517,0.0004150994289,0.0006032754191,9.605200855e-06,2.260726455e-05,2.701408723e-05,0.0001157429554,0.0002042880068,0.000142770255,5.783569786e-05,6.192717314e-05,7.285174366e-05
id117,scenario6,6,3.196259893,2.004739637,1.958316382,2.358294613,2.440936998,4.045270402,1.935548559,2.046780866,3.86163819,3.913764213,4.798585784,6.016999853,3.474301173,4.052665606,4.79609704,3.606262417,3.348258773,3.875286136,0.0001156467611,1.811701359e-05,1.891322606e-05,7.454268287e-05,2.603924443e-05,7.602665395e-05,3.523767468e-05,1.678076241e-05,6.729389988e-05,0.0001323840956,0.0001094867962,0.0002257581311,9.112458194e-05,6.342988371e-05,9.421233985e-05,9.827276562e-05,4.850676393e-05,6.305090086e-05
id117,scenario7,7,10.39813768,8.083814025,11.24667488,7.587566055,6.428721115,5.881682813,6.598847143,6.395043302,7.713143906,8.835782124,12.46369123,11.06092324,17.01206427,21.03964199,17.53134581,19.87152441,19.95712128,17.88927376,0.0004143503293,0.0002285654981,0.0004399157566,0.0003019430457,0.0001678989494,0.0001615380769,0.00022592335,0.0001678156722,0.0002402520784,0.000303458463,0.0005317154382,0.0004594973112,0.0006348846078,0.0009626424919,0.0006304035939,0.0007933313603,0.0007606389175,0.0006377963426
id117,scenario8,8,8.331258364,6.829064117,7.874113294,8.428199549,10.37611147,9.267424085,8.139296817,6.498842882,8.457403648,6.90067757,5.353109811,6.27062512,8.261133766,11.16587722,13.74906782,6.143665369,11.28647566,8.943471191,0.0003301328563,0.0001491759673,0.0002440758372,0.00035089652,0.0003201575379,0.0002840751323,0.0003073952324,0.0001600853616,0.0002679014679,0.0003307789501,9.248592129e-05,0.0001294333292,0.0002391529607,0.0003115532738,0.0005199924407,0.0001579308744,0.0004312400792,0.0002339221947
id117,scenario9,9,8.446378114,6.101719734,6.375698636,0.0008036403829,0.0006332991956,0.001270553113,0.01239528105,0.01117477307,0.01747808223,21.66314355,20.17520921,30.45017253,10.15610548,13.00330141,11.53816954,12.67266434,13.23067772,14.9084647,0.0003192664916,0.0001111891059,0.0001405518768,0.0,0.0,0.0,5.5850014e-09,1.4303944e-09,3.4795735e-09,0.000822161171,0.0006920138054,0.001595337741,0.0004820229558,0.0006856229217,0.0005613845237,0.0004056705241,0.0004131204262,0.0006537206716
id118,scenario1,1,9.897109345,7.823676748,7.986385392,9.21759106,7.520035244,7.154018968,10.51262958,8.04550115,8.091238751,7.558680816,5.780997335,6.155153534,5.089625955,4.477148704,6.239914368,9.052634204,6.349143729,9.094887099,0.0001826462628,0.0001117051447,9.939077237e-05,0.000145574505,8.917750859e-05,8.75473228e-05,0.000204955309,0.0001118124319,0.0001114400698,0.000134593099,6.001428388e-05,9.39163683e-05,6.105980815e-05,3.666587687e-05,8.952573815e-05,0.0002044427785,8.598972017e-05,0.0001643312679
id118,scenario2,2,6.654839599,5.274186292,5.497312457,6.562725321,4.960340212,5.529159042,7.693746711,4.516767369,5.020406236,9.38024598,8.181453494,5.873438306,8.926255672,7.947403432,5.835684851,10.00701581,8.032124073,7.022766903,0.0001021398963,5.446869765e-05,5.773967245e-05,8.771525387e-05,5.085366381e-05,5.939025562e-05,0.0001389274877,4.716712516e-05,5.058373315e-05,0.0001500551297,0.0001041473365,5.604889409e-05,0.000143272374,0.0001052318794,5.894096495e-05,0.0001769444168,0.0001099370663,0.0001037040465
id118,scenario3,3,7.51170797,6.111815863,5.823375811,6.226387387,5.790788718,4.97439295,7.403829052,6.592554198,6.233160361,6.528021877,4.724545962,4.079750274,6.03356824,4.550891102,5.083487812,7.380902974,3.653079062,4.304148621,0.0001353139827,6.950842795e-05,5.998369823e-05,9.939170198e-05,6.706953853e-05,4.345758103e-05,0.000143786514,8.532302648e-05,7.297130774e-05,0.0001021081616,4.594094423e-05,3.149517069e-05,8.78134142e-05,3.627689213e-05,4.834922287e-05,0.0001305684672,2.898512082e-05,3.519942463e-05
id118,scenario4,4,7.777643354,5.242880602,6.055874263,5.588591535,4.769859277,6.311907443,8.083585804,4.826684163,5.098317938,8.636637732,6.497734532,5.987663937,6.171402733,4.91944981,4.707703271,7.943770274,6.816481296,6.326266219,0.0001267412458,5.200493283e-05,7.189282404e-05,6.492095107e-05,4.224987705e-05,8.354827177e-05,0.0001464018201,4.427998115e-05,5.220810116e-05,0.000170698848,7.646499882e-05,6.543352705e-05,9.039576119e-05,4.953786796e-05,4.026012184e-05,0.0001532839512,9.53842855e-05,7.882146346e-05
id118,scenario5,5,7.871760437,5.314349584,6.978259615,6.197430836,4.697886332,6.376116705,7.636857834,5.74953526,7.639008015,7.300441775,4.819353051,5.067193321,5.812871424,4.16209491,5.122863117,8.200646913,6.032379857,5.980492826,0.0001439268379,4.818564514e-05,9.884421099e-05,7.458514256e-05,3.752643756e-05,7.465492642e-05,0.0001330084649,6.146437299e-05,0.0001083144808,0.0001450220982,4.504019676e-05,4.61803988e-05,8.221531727e-05,3.070229563e-05,4.50108966e-05,0.0001739317017,7.46472046e-05,6.799586797e-05
id118,scenario6,6,8.481934866,6.601763748,8.327498912,6.849593254,5.541523905,6.90127154,8.821092289,6.632337511,8.080021403,8.410888564,5.997453642,5.407441575,6.70373512,4.584333115,4.87609986,7.750779603,5.530794887,6.221779548,0.0001490762661,7.61846339e-05,0.0001525115459,0.0001067986649,6.419097423e-05,9.821040107e-05,0.0001841415518,7.862167308e-05,0.0001158141138,0.0002084137199,7.370203985e-05,6.100129271e-05,0.0001113639414,4.233012304e-05,4.566415865e-05,0.000154841592,6.346766734e-05,7.736641381e-05
id118,scenario7,7,7.225118783,4.827492868,6.360964441,4.92742005,4.037166401,4.914887577,8.295411056,6.208973377,6.446081886,4.690010057,4.568050888,4.490216068,3.461924282,3.305203997,3.331354121,5.565155868,4.393452796,4.83108191,0.0001089784821,4.648046249e-05,7.679151579e-05,4.814966845e-05,2.82960625e-05,4.516619342e-05,0.0001447237167,7.258291893e-05,8.751589419e-05,5.473754625e-05,4.084147431e-05,3.569281799e-05,3.324981913e-05,2.458478328e-05,2.381467256e-05,9.414393027e-05,4.036435657e-05,5.102874545e-05
id118,scenario8,8,9.543224771,8.001417722,6.348498263,7.414232979,6.15141217,5.467624168,9.245900092,7.729717628,5.405937335,8.526366332,5.812565618,6.767659312,6.597688771,5.423142948,5.351786459,8.428059902,5.951289528,6.837889686,0.0001604557237,9.979314731e-05,6.346961382e-05,9.579918593e-05,7.375628898e-05,4.965836552e-05,0.0001452156225,0.0001183391695,4.53076514e-05,0.0001498200087,6.291139914e-05,7.813173681e-05,9.500437012e-05,5.621878428e-05,5.28041057e-05,0.0001469716312,6.962431522e-05,9.531597546e-05
id118,scenario9,9,8.658391872,6.987638987,7.192376181,4.360102151,3.710271004,3.160874797,6.786404032,5.855333773,6.027159823,5.230448571,3.956020403,4.497887864,2.91209734,2.020110352,2.403922714,6.327896924,4.013426121,4.812986145,0.0001467696869,7.893061306e-05,9.700637926e-05,3.86028389e-05,2.470678313e-05,1.837951898e-05,9.54025955e-05,5.86253763e-05,6.121271807e-05,9.120340129e-05,3.471815744e-05,5.060852972e-05,2.355494603e-05,8.891197593e-06,1.321408234e-05,0.0001140954758,3.454392985e-05,4.985450398e-05
id119,scenario1,1,14.32690368,17.45160876,23.80311585,15.16922661,12.84504234,19.44559378,15.88476143,15.57480927,20.76075021,12.19996673,9.117107959,23.80061496,6.186026123,5.621252566,12.84551243,6.683655988,5.991064642,10.67204588,0.0004294073506,0.0005643436329,0.001031004577,0.0005314021149,0.0003104379179,0.0007746148844,0.000518488233,0.0004339375155,0.0007992137102,0.0004203796287,0.0002019767756,0.001390880099,0.0001399580941,8.468380222e-05,0.0006774975689,0.0001940471662,0.0001242100546,0.0004532817404
id119,scenario2,2,13.42226653,13.24462217,16.70731158,14.58390627,14.65342461,20.09966589,12.63598015,13.27378117,19.39871361,18.96459153,17.27142596,46.05347698,16.92315105,15.96775391,35.19113722,21.11365566,14.54201435,42.26219357,0.000407305384,0.0003272659771,0.0005822612002,0.0004608049626,0.0003952417012,0.0008835414551,0.0003790251926,0.000340468863,0.0008703130782,0.0006501922118,0.0004969139404,0.003098412577,0.0004950458709,0.0004421594945,0.001924359898,0.0007429206948,0.0003739178308,0.00274946095
id119,scenario3,3,16.04021277,16.03750364,27.29758354,16.22348793,20.72023488,25.9314649,16.3057291,18.64011629,27.78178387,21.58280195,15.88203102,50.22075586,22.9729268,18.14197902,49.07862112,22.01300707,19.8379828,46.4508883,0.0005241165558,0.0004877659838,0.001342361998,0.0004941555406,0.0007872987871,0.001165791466,0.0005214637609,0.0006112405855,0.001373332062,0.0007407920647,0.0003734946925,0.003683386429,0.0008088617528,0.0004915951938,0.003490719887,0.0007766181018,0.0006120275737,0.003217546164
id119,scenario4,4,9.430020547,9.182724126,17.64588595,12.36038708,11.5916253,18.91138648,12.0428639,10.57612014,23.69195014,22.89869167,19.1911066,45.1073354,19.70784954,15.79573477,44.21770989,18.49787943,16.73136718,44.97786101,0.00024227692,0.0002172823313,0.0009453641947,0.0003827413879,0.0002896794129,0.0008925998771,0.0003428447515,0.0002140012119,0.001276883065,0.0008607636756,0.0005767615685,0.002934892521,0.0006342875049,0.0004036478777,0.003027084474,0.0005761773364,0.0004559699012,0.003224165313
id119,scenario5,5,17.35406406,19.33983976,26.66016642,14.69976874,12.15017003,25.46670368,13.22451523,11.15358702,24.63664753,21.52732076,20.4130326,52.63338347,20.29120114,17.93018287,48.81127645,23.67523146,17.44962849,51.29871686,0.0005335722834,0.0006110125544,0.001275101412,0.0004825984666,0.0002843715785,0.001240109153,0.0003902884893,0.0002058101884,0.001240150617,0.0007608651823,0.000642315471,0.003911156016,0.000689604348,0.0005558731074,0.003506913984,0.0009012305018,0.0004670770396,0.003811522364
id119,scenario6,6,14.9042196,12.43111289,28.94936121,17.15247865,16.86219245,27.54244543,11.15827497,11.16743139,22.19269007,19.27789018,17.85123226,43.23446599,20.95410043,18.04441292,44.17938594,17.17934787,19.82549832,37.29297031,0.0004455388106,0.0002575961462,0.001498274812,0.0005686840618,0.0005064829721,0.001239669644,0.0002863070581,0.0002719531312,0.001214375917,0.0006282395743,0.0005203255471,0.002746164794,0.0006842869343,0.0004941006544,0.002959205646,0.0005273175303,0.0006060737071,0.002169297639
id119,scenario7,7,18.20977014,16.69879886,27.05591903,14.85601833,13.64212769,24.1200918,12.21802553,15.62282735,22.92299894,21.30391101,19.2247956,56.74417643,16.89395327,15.16417714,42.16201,19.19511162,19.41450623,44.79058426,0.0006170686638,0.0005025716737,0.001434908046,0.0005085163593,0.0003585645916,0.0011645153,0.0003505312509,0.0004836133035,0.001191991907,0.0007183291692,0.0005919487911,0.004375154114,0.0005231436012,0.0003580701847,0.00286892018,0.0006093093921,0.0005524426172,0.002986615652
id119,scenario8,8,16.18558184,14.28124535,27.31357411,17.94566901,15.87773014,32.62906727,17.42486541,15.04206175,23.85757836,21.72427195,15.40236657,50.69996965,20.57009806,17.37355312,45.3310295,22.05369104,15.96391578,42.00009435,0.0005587897378,0.0003485369028,0.001458248273,0.0006155903661,0.000422794756,0.001881890405,0.0005991250113,0.000461214365,0.001166675565,0.0007374578633,0.0003591996212,0.003601193148,0.0006766299805,0.000538097179,0.003038385796,0.0008069266928,0.0003832503563,0.002660307561
id119,scenario9,9,10.21676768,8.244042452,18.37608044,9.284047004,11.41897367,18.56783539,9.490689151,9.513746131,17.65304865,18.74934172,17.69810237,32.7325952,17.46646482,15.33454167,24.89773443,18.05923299,12.07327906,29.60873286,0.0002589446913,0.000128088701,0.000919975966,0.000231064282,0.0002578390494,0.0008562254005,0.000251972656,0.0001944797912,0.0007713462779,0.0006634262245,0.0005335012388,0.001828316393,0.0006034438469,0.0003832246304,0.001104001619,0.0006186810209,0.0002470117926,0.001697407576
id12,scenario1,1,8.782261964,7.1266147,8.250587435,15.42784686,7.754543653,13.24465355,18.36360305,11.59627289,18.53584751,7.062813438,6.327180947,8.01547586,18.16166801,14.04597859,18.0475118,21.79183183,13.90884498,21.16473183,0.0002326948607,0.0001114361692,0.0001327834607,0.0004066443174,0.0001130672107,0.0003180696849,0.0006189406924,0.0002263563353,0.0005025978564,0.0001853910986,0.0001214233759,0.0002084203395,0.0005407804511,0.00031563676,0.0005746634895,0.0008452011029,0.0003126887881,0.0007109926493
id12,scenario2,2,12.06088553,8.469217852,10.01551666,8.713089888,8.671600002,8.137129107,9.003579971,6.941395365,5.761400462,12.15560632,9.623660923,9.004419195,3.587360443,2.442880592,3.126050463,3.573987749,2.429512243,2.914013683,0.0002558799193,0.000109499869,0.0001693469376,0.0001595958698,0.0001786157256,0.00015378188,0.0002044068111,0.0001306019715,8.029058952e-05,0.0003044604266,0.0001690187604,0.0001839155586,3.118766246e-05,1.221461873e-05,1.766736293e-05,3.235174511e-05,1.219487945e-05,1.57300764e-05
id12,scenario3,3,7.121838939,5.482357388,9.644252025,7.599256828,5.872969231,7.831160916,7.329299596,7.183822498,9.00460562,4.284417596,2.741747357,3.179573743,5.717073007,3.620594944,4.069615545,2.883149537,2.220996065,2.545836889,8.8583066e-05,4.312162054e-05,0.000193313623,0.000116942621,7.921365467e-05,0.0001414939593,0.0001023635547,0.0001119167943,0.0001603848726,6.142817832e-05,2.514736774e-05,3.105856375e-05,0.000141576165,3.47363299e-05,5.643895518e-05,2.350482132e-05,1.280884331e-05,2.832967258e-05
id12,scenario4,4,6.05464332,6.402233622,6.617162419,2.417554181,1.22069204,1.259732408,2.533935085,0.8497845585,1.177172879,5.928256119,4.304948821,5.39759596,17.8507693,12.23212027,13.15621585,7.856454012,4.385075136,5.264188794,8.818098882e-05,7.382407616e-05,7.211321272e-05,1.101001331e-05,2.653402353e-06,2.396575115e-06,1.222638966e-05,1.260622796e-06,1.946249143e-06,6.363654668e-05,3.306576783e-05,4.520614207e-05,0.0007114208702,0.0002898901982,0.000370142376,0.0002524640951,4.200078031e-05,5.937644698e-05
id12,scenario5,5,11.6719425,10.23799268,11.93547655,13.62507162,9.351444115,16.60797938,13.23493877,14.32253381,16.29533989,7.060048139,6.780801576,6.18254589,3.99789862,3.417660305,4.051273244,20.46126685,13.7483945,24.29894925,0.0003495235156,0.000188558785,0.0002400232243,0.0003659993747,0.0001391145023,0.0004525419107,0.000355541234,0.0003104349982,0.000402375073,0.0001991636074,0.0001491692307,0.0001396185431,6.890634011e-05,3.068758122e-05,4.803568993e-05,0.0007847012069,0.0003414166755,0.0009884158301
id12,scenario6,6,3.488073965,3.505737061,3.410126067,6.253628392e-05,0.0001533189004,0.0003240607327,0.0001303920791,0.0002320349777,0.000485587899,2.572174254,3.309671214,4.269392712,0.0001182821245,0.0001841574446,0.0003821134514,8.210008937e-05,0.0001701786987,0.0004499948756,8.123835277e-05,4.204745247e-05,3.207579473e-05,0.0,0.0,0.0,0.0,0.0,0.0,4.903698037e-05,4.106093434e-05,7.153876642e-05,0.0,0.0,0.0,0.0,0.0,0.0
id12,scenario7,7,8.286705621,8.072241128,9.725788621,14.63318187,10.82579483,16.4877686,21.34663308,15.6384465,21.92340595,5.14338243,2.95191668,4.156092519,18.01514567,13.46066018,20.0336571,17.75191136,13.88748378,20.06420313,0.0001635532878,0.0001057685136,0.0001686970466,0.0004754971091,0.0002016668741,0.0005806929941,0.0009107093174,0.000374134107,0.0007467036661,0.0001581428406,2.669986189e-05,6.310463789e-05,0.0006621481374,0.0003267353727,0.0007243044769,0.0006746385244,0.0002961867984,0.0006979253891
id12,scenario8,8,7.86462341,8.51513539,11.79434202,12.60587165,8.462084916,11.30984602,15.19986536,16.77665594,19.06052461,8.129652451,8.331731743,9.977270458,15.97571805,12.96449025,14.98988633,13.7847529,10.1107285,14.74907815,0.000192883123,0.0002077670962,0.0002742347856,0.000284604932,0.0001185553416,0.0002359106725,0.0004872514028,0.0005882946754,0.0006210050127,0.0002509009783,0.0002121263892,0.0002937425119,0.0004924783554,0.0003267838615,0.0004269523404,0.0005222350309,0.0002058769402,0.0004500528418
id12,scenario9,9,4.187516061,3.735995734,4.161160929,17.18134676,12.19314957,13.28378155,6.252485882,5.89687001,5.999329092,1.85313491,1.133617487,1.252687798,2.94152751,2.349064132,2.487768806,1.806984999,2.104414858,2.093996129,4.24584303e-05,2.696559175e-05,5.268104092e-05,0.0006413042873,0.0002618457022,0.0003050207202,0.0001163990875,8.480727367e-05,8.664092824e-05,7.170712504e-06,2.351197215e-06,2.769792846e-06,5.741175077e-05,1.948200464e-05,3.385990743e-05,1.455472923e-05,2.106744879e-05,2.130974791e-05
id120,scenario1,1,13.93382957,12.13310289,12.47797979,16.57157395,12.70288559,15.01370927,13.86702883,12.37397694,12.57256637,14.62374827,14.44970814,33.65261947,20.54056052,16.49320869,43.43358027,11.91519081,10.74541841,21.51407153,0.0005287177814,0.0002938741945,0.0003279205071,0.0006877070698,0.0003316099227,0.0004379943263,0.0005564080084,0.0003346933357,0.0003441358377,0.0004279754489,0.0004087864708,0.002193747739,0.0007713746048,0.0004549562907,0.002980425266,0.0003967258298,0.0002664229971,0.001081794502
id120,scenario2,2,13.50388395,11.45099848,11.80868767,17.3238036,10.71372906,11.36231684,15.66221312,11.5358397,14.67848329,12.93981673,11.14721774,26.37107931,15.09404627,10.46847408,20.27714075,16.00119678,12.71146745,24.63979717,0.0003386667039,0.0002135473218,0.0003083367502,0.0006347368934,0.0001889848127,0.0002226383195,0.0005126141891,0.0002368944936,0.0003535871831,0.0003291966101,0.0002287112047,0.001382144431,0.0004817293849,0.0002023237202,0.0008939403336,0.0005056202346,0.0003129943692,0.001119042633
id120,scenario3,3,2.90945961,2.669340176,3.203048571,2.37430449,2.356598757,3.959283475,2.841990811,1.872381193,2.164134728,3.482341078,2.580533291,3.364168615,4.726269448,4.716928177,5.894657429,4.041381639,5.085349142,5.330219796,7.14242535e-05,4.754175668e-05,5.951246912e-05,3.343379204e-05,3.865876043e-05,0.0001050147549,6.377552849e-05,1.927291976e-05,2.38620885e-05,8.473087494e-05,3.343341334e-05,6.861573636e-05,0.0001807092348,0.0001148844216,0.0001600925398,0.0001261677115,0.0001329346821,0.0001314903164
id120,scenario4,4,9.125336888,12.92862293,13.27881564,8.354284073,11.61373857,11.03641511,11.57895121,11.21466117,13.87833781,20.76031022,17.60740148,41.10403885,19.88511778,16.97111502,44.99932038,19.32287828,13.80680599,44.9058642,0.0002694198455,0.0003917460063,0.0004728576696,0.0001822203827,0.0003214922896,0.0003158015903,0.00037971139,0.0002809713887,0.0004492807238,0.0007670834649,0.0005588049458,0.002745918692,0.0006774267232,0.000513189346,0.002995278499,0.000631020645,0.0003301698846,0.003296457778
id120,scenario5,5,13.61330154,15.07436824,17.38544813,15.52122849,11.89007375,17.93316025,18.49993092,15.15006274,19.1065476,19.19376505,20.5757484,41.02724272,21.77092727,17.41141164,43.32951972,18.6830428,16.24460318,44.35874826,0.0004311206071,0.0005160506989,0.0006396836862,0.0005284619043,0.0002745467459,0.0007082771247,0.0007006081845,0.0003691823503,0.0006941951592,0.0006218759315,0.0006323779351,0.002633006335,0.0007382632108,0.0004930253974,0.002940157757,0.0005856169508,0.0004008548485,0.003047442245
id120,scenario6,6,5.982466843,7.562883844,13.2279856,11.09344853,11.7289393,18.97498842,11.12233312,8.858968603,15.7387628,20.51765874,17.07036178,45.9581618,22.08372886,20.53976355,49.66870569,22.661296,18.39902524,51.2662966,9.858051834e-05,0.0001640680945,0.0007189373479,0.0003184024899,0.000281385411,0.000860082283,0.000362042871,0.0001560664632,0.0007147849086,0.0007783122813,0.0005071437625,0.003561571496,0.0007681349517,0.0006770742973,0.003784372176,0.0008722856395,0.0006213265288,0.004086681349
id120,scenario7,7,14.22181674,10.27779511,14.00437528,18.19398807,15.07373895,14.82382146,17.80156535,10.7344178,15.26518454,17.55205396,14.7973749,30.35180071,15.87079912,12.48574715,31.47139648,12.52814186,13.92799224,28.62206684,0.0005927374189,0.0002418464398,0.0004564402895,0.0006483981778,0.00033985284,0.0003996966129,0.0007560259685,0.0001903571635,0.00042153458,0.00070738465,0.0004761030074,0.001840786068,0.0005911838161,0.0003752338924,0.002061432619,0.0003742570166,0.0003735658663,0.001780623641
id120,scenario8,8,15.4792323,8.795723414,15.30006398,15.17952193,11.77138265,25.67335836,16.16846322,10.63786867,22.54892357,15.48493438,15.34301435,29.03156337,20.60865095,17.02661678,33.76241197,19.39997773,15.74836047,33.19034121,0.0005279753836,0.0001500648759,0.0005458227124,0.0005134211198,0.0002407809971,0.001368767038,0.0005837430391,0.0002017128891,0.0009930959882,0.0005050829817,0.0004037574248,0.001580784002,0.0007967971562,0.0005500927621,0.002020228671,0.0007390901159,0.000420555551,0.002167846247
id120,scenario9,9,10.4705271,11.71435155,21.65936336,19.40211406,12.30861999,21.81350792,14.78178253,12.48972337,18.40809981,18.59613843,15.1834897,34.21811314,17.52323871,12.10596644,25.090043,17.93873137,13.31075594,27.4879245,0.0002742987157,0.0002877733284,0.00142247715,0.0007608532863,0.0002289250183,0.001011305361,0.0004905899545,0.0002697365576,0.0008960745514,0.0006819372304,0.0003919455848,0.002188005873,0.0005932068706,0.0002643188978,0.001271902219,0.0006056115808,0.000290283426,0.001520228501
id121,scenario1,1,14.94036371,11.10301474,13.12039791,10.56610608,11.0401449,9.114597042,14.27463517,12.4989658,14.72381864,16.67612558,11.73579398,26.09722332,12.72330872,10.50163782,17.14267065,16.15214033,13.59919938,24.29744183,0.0004563926547,0.0002285710657,0.0003359442946,0.0002127727979,0.0002754698193,0.0001851673448,0.0004026007711,0.0003007381799,0.000447524279,0.0005117430452,0.0002416840404,0.001280452976,0.0003948841526,0.0002079779665,0.0006787790145,0.0005166624168,0.0003064323651,0.001162631379
id121,scenario2,2,14.17615616,9.842214464,11.20966386,14.44512647,9.938446553,10.04785041,13.54203508,8.670054589,10.86476701,16.85184748,12.54201558,24.68595052,13.47078906,10.2750225,20.02807658,11.62286467,10.32924197,21.57699748,0.0004449962458,0.0001880505397,0.0002529017744,0.0005380131653,0.0001864881726,0.0002133616395,0.0004472666671,0.0001585494909,0.0002285141105,0.0005704395221,0.0002725103172,0.00117597109,0.0004134010743,0.0001937784739,0.0009117716413,0.0002789770935,0.0002062458812,0.001060057632
id121,scenario3,3,15.12823472,12.96426221,13.90111801,15.77992032,13.20619047,16.89726731,12.76462185,11.77934865,16.82628452,17.82771343,14.86065814,24.8192229,17.33830813,12.94678086,23.41099586,16.08152702,13.141538,19.49720512,0.0004545722325,0.0003443031642,0.0003597291177,0.0005083459169,0.0003086355963,0.0004615106769,0.0003337409024,0.00025317722,0.0005308975196,0.0005521146022,0.0003788720953,0.001133208485,0.0005860168571,0.0003208704501,0.001077790897,0.0005747876955,0.0003132642112,0.0008179281166
id121,scenario4,4,13.57972359,11.44996612,14.15178791,12.79184485,12.40285929,12.00513154,14.14610188,10.10499299,12.46677006,15.34650433,12.39225096,18.244212,15.89806685,11.71140588,19.61686499,16.06633903,12.17880855,20.2207933,0.0003757403384,0.0002149050141,0.0003227468952,0.0003205881906,0.0002391854681,0.0002470130956,0.0004344000731,0.0001716409013,0.0003007475388,0.0005226652831,0.0002845381492,0.0008065229897,0.0005120739125,0.0002540707113,0.0008978565339,0.0005207370602,0.0002688369333,0.0009777273298
id121,scenario5,5,14.95121039,11.55548776,12.24270709,17.104106,12.52568816,13.23152541,15.03014851,12.34728496,12.41018385,18.83184201,14.13114943,26.95189716,18.00607404,12.07325007,25.56138097,17.74536926,14.45531041,25.16512954,0.000392876467,0.0002535810509,0.0002420829827,0.0006614728673,0.0002751441619,0.0003123493098,0.0004565955187,0.0002621328464,0.0002779369732,0.0006259747427,0.0002963854168,0.00129776695,0.0005912050295,0.0002576286056,0.001222584365,0.0005609383615,0.0003686334574,0.001358009875
id121,scenario6,6,13.41831738,13.71551189,17.27957728,12.26281723,14.00254481,13.05872365,13.50984289,12.08322156,13.96514918,10.40980916,9.394053374,15.05503277,16.44876041,15.03277511,28.12347314,16.05454933,16.67080245,27.80924988,0.0004206032455,0.0003507071194,0.0005050433112,0.0003560301823,0.0003823847023,0.0003092699727,0.0003736944459,0.0002757415883,0.0003227911528,0.0003333137064,0.0002127524106,0.0005875651398,0.0005973955238,0.0003749649924,0.001413663851,0.0004809478776,0.0004503343008,0.001320188573
id121,scenario7,7,14.35942621,15.56283419,15.91052134,14.60228787,13.67907401,15.55442981,15.56074881,12.82984826,16.1329304,15.27210979,12.66842014,18.02026327,13.97630541,11.55408605,19.73162868,14.87419959,13.10233109,21.02171611,0.0004423609514,0.0004108420144,0.0006576373493,0.0004525712728,0.0003258592452,0.0004008228033,0.0004875317443,0.000277783998,0.0005272367516,0.0004546869231,0.0002789455343,0.0006744730919,0.0004063584748,0.0002387314224,0.0009070500485,0.0004116759756,0.0003089891802,0.001115108467
id121,scenario8,8,0.9368196331,2.293378889,3.486936848,1.467574766,1.578126818,1.62939935,0.6911128748,2.497876561,3.264888299,3.870704463,3.50555554,3.523747658,3.070565668,2.413580684,3.064282803,3.185211345,2.693846501,3.67700115,1.170987675e-05,3.713343293e-05,8.835936961e-05,3.617225978e-05,1.884184731e-05,1.995645742e-05,5.079535824e-06,4.594579819e-05,7.90708928e-05,0.0001416558641,7.245961066e-05,0.000112931557,9.013593559e-05,3.042450801e-05,5.543516118e-05,8.815858946e-05,3.803622454e-05,8.439098433e-05
id121,scenario9,9,9.639875935,8.081713121,10.05957277,9.885591082,12.0044379,9.321961618,8.330994702,11.52859009,7.152462533,13.98811105,13.73420503,26.17150744,17.13680869,18.12182447,28.68321384,15.27917207,15.75436633,27.0341159,0.0002998059526,0.0001527802272,0.0002690151703,0.0003142025339,0.0003428504202,0.0002534887386,0.0002325507793,0.0003234931515,0.0001404940291,0.0003786661618,0.0003238648727,0.001254044566,0.0005546840442,0.0005616983495,0.001388504172,0.0004686193706,0.0004402654419,0.001354642088
id122,scenario1,1,14.46353034,11.50202198,14.16193509,18.65880012,12.07239077,14.27575641,13.70447255,10.06238202,14.88919704,26.11421827,17.77767273,45.6259663,26.08440773,19.81867546,45.57398075,25.95196597,16.33332767,53.0238006,0.0004655970397,0.0002524895485,0.0004122504302,0.0007845449823,0.0002737355462,0.0003874977363,0.0003937202819,0.000190838905,0.0005210459334,0.001043671815,0.0005569575387,0.002936277894,0.001033905354,0.0006540227976,0.002874452833,0.001022933267,0.00045211638,0.003855484261
id122,scenario2,2,11.97591497,11.81904663,14.64278381,16.39261287,13.07515213,17.17429181,12.94549086,12.4464424,14.19078313,18.56219907,12.75779107,34.03701008,19.94706522,13.35383092,32.80493288,19.3524209,14.30196395,31.62914853,0.0003790305427,0.0002554586653,0.000439467971,0.000563898965,0.0003049778715,0.000517109898,0.0004394013528,0.0003230429553,0.0004607695614,0.0006889492374,0.0002927209237,0.002162912037,0.0008140898553,0.0003291444528,0.00196427422,0.0007599330297,0.0003677073811,0.001869385279
id122,scenario3,3,13.30067272,10.52027591,13.068279,13.6716312,12.07812581,14.1640525,13.42535491,11.17985148,13.43075311,14.92288319,11.3223234,23.41862629,12.58235191,11.41024059,25.41534642,14.41316444,11.35354681,23.72897296,0.0004400492792,0.000265041287,0.0003315263958,0.0004619583342,0.0003472869981,0.0004066826536,0.0004847064241,0.0002642656727,0.0003706157189,0.0005231297358,0.0002638118317,0.001137881591,0.0003559799523,0.0002764118813,0.001458696667,0.0005428830672,0.0002710581193,0.001264457326
id122,scenario4,4,11.42028738,10.69122229,14.88153362,11.71636712,12.85449324,13.26766792,10.64387974,14.73042474,11.56106206,13.40937277,9.820179526,12.71387453,13.92348794,13.39122165,15.63038827,15.5451277,12.27556013,20.71725237,0.0004236808452,0.000258278356,0.0005123903548,0.0003843965273,0.0003908156661,0.0003771006572,0.0003041641971,0.0004745925292,0.000246409269,0.0004059977553,0.0001851009643,0.0003418903479,0.0004238029829,0.0003265602166,0.0003938601812,0.0005524658493,0.0002820386555,0.0007348722246
id122,scenario5,5,8.636652854,7.458326327,7.357104357,9.907198956,7.829232695,8.669812042,9.589498103,10.1846056,10.70958974,11.11606948,11.27840369,16.39045605,9.627212221,11.96849449,15.78528088,9.780844946,10.58551099,12.40732354,0.0002406636383,0.0001323688005,0.0001165781803,0.0002969217099,0.000116841332,0.0001644721595,0.0002748890383,0.0002459621886,0.0002747494791,0.0003845670107,0.000265505731,0.0006086001231,0.0002745998662,0.0002913477886,0.0006227670666,0.0003240441537,0.0002451892524,0.0004532500277
id122,scenario6,6,4.241590285,4.19086176,4.821458072,3.942588363,4.698413841,4.553246126,4.960780119,5.309510502,5.00895453,0.02957235542,0.07826396731,0.1055552455,0.0320636466,0.08468582356,0.1140527764,0.02611789782,0.06888362348,0.09313824065,0.0001513303574,0.0001157819838,0.0001184151981,9.967956907e-05,0.0001415569442,8.483735032e-05,0.0001599500375,0.0001444905671,9.837248807e-05,1.16126398e-08,5.89750783e-08,1.139900064e-07,1.36150359e-08,6.91432575e-08,1.336418905e-07,8.9894538e-09,4.56520089e-08,8.82422236e-08
id122,scenario7,7,2.833865436,2.536267717,2.961852605,8.631748781,11.82497464,10.01464287,7.996680614,9.5426396,12.63719602,0.7904291726,0.6494941669,0.8938915266,12.77136566,13.68591825,24.67223756,14.25255033,15.44841397,30.37712642,5.158992756e-05,2.327730637e-05,3.185059784e-05,0.0002105743169,0.0003111525491,0.0001977086532,0.0002133042641,0.0002254878944,0.0004257904493,1.413456552e-06,7.992920558e-07,1.762700694e-06,0.0003615129575,0.0003444914633,0.001349804994,0.0004351815323,0.0004567330522,0.001819166911
id122,scenario8,8,10.34001403,8.324636282,10.23074119,7.808648649,7.280756154,6.50444291,6.686297408,9.135436546,6.806307845,19.30743335,15.5674682,31.37577594,19.61560729,17.93194412,31.62623213,20.85728139,15.07013241,31.95054408,0.0002837137301,0.0001494207476,0.0001943953858,0.0002101891396,0.0001523055075,0.0001301376653,0.0001349892696,0.0002408241005,0.0001042335787,0.0007176733419,0.000409703936,0.001641628013,0.0006814077932,0.0005715181873,0.001695057538,0.0007643325186,0.0003833157376,0.001801561676
id122,scenario9,9,10.30464129,11.17133373,14.8953215,11.98102709,13.08918291,15.64548602,13.46570878,12.4684475,19.04723672,12.62305132,12.27271843,18.50817076,13.92953009,14.29722689,17.82237044,11.84208666,11.28363521,18.58392062,0.0002433343688,0.0002182351626,0.0004405110648,0.0003202451242,0.0002926101565,0.0004017890949,0.0003852549547,0.0002486175497,0.0006193663851,0.0003633360608,0.0003048801128,0.0007122278709,0.000434636535,0.000415531933,0.0006851830195,0.0003144882639,0.0002711428123,0.0006913048055
id123,scenario1,1,15.92974443,13.46609447,20.70830058,19.97789559,18.98415409,22.82419157,17.0511405,15.04209718,18.87128833,16.85035468,15.77204287,22.65970465,22.18729436,19.67715734,30.17810911,20.24499342,19.7067383,31.52465836,0.0005067040076,0.0003089074194,0.0009194787278,0.0007475049793,0.0005913848203,0.001081010297,0.0005816270137,0.0003875833785,0.0008474054001,0.000633489538,0.0004694070922,0.001057669834,0.0008379150613,0.0006847364387,0.001563348748,0.0007490993776,0.0006568793595,0.001791476245
id123,scenario2,2,9.893969808,10.15564637,10.57945031,13.39410094,8.783450226,9.629386956,14.09465929,9.461644833,11.0826094,7.198375198,7.681874148,11.00116618,3.944182528,3.292970297,6.485017178,8.668401734,7.775198848,15.18901431,0.0002404941186,0.0002263610521,0.000260347219,0.000439469276,0.0001592702173,0.0002200232012,0.0005353965396,0.0001943821911,0.0003143141179,0.0002024230864,0.0001661833378,0.0003943732536,0.0001084537181,4.061555298e-05,0.0002046590343,0.0002536496861,0.0001448981332,0.0007660235246
id123,scenario3,3,20.38358452,18.47677344,24.67917809,11.3880303,11.4378341,14.82660717,17.46282779,17.60792935,24.47914711,21.81710662,16.30747516,36.54371011,14.21932544,11.25230069,18.89142245,24.73056468,15.274893,41.04832057,0.0007148364906,0.000612851991,0.0009933786522,0.0003258648253,0.0002884323371,0.0004930933379,0.000584849147,0.0005571454599,0.001145700951,0.0008382443968,0.0004264942422,0.002094992143,0.0005374439377,0.0002300888138,0.0008430839131,0.0009614896199,0.0003497664315,0.002459771254
id123,scenario4,4,14.96857678,11.17962297,19.42350287,12.09540201,9.242387771,17.57275283,13.10340707,12.67466677,16.53808871,16.02704699,17.27899431,18.93753586,21.91353247,20.08544843,35.4932554,22.38693783,19.38222284,39.04806093,0.0004103568116,0.0002043672009,0.0007515772964,0.0004327724182,0.00021770735,0.000847285283,0.000405535088,0.0003135175317,0.0007861735409,0.0004367661757,0.0004906457638,0.0006703422014,0.0008350781783,0.0006731237933,0.001977656574,0.0008861190749,0.0006207194452,0.002314971566
id123,scenario5,5,18.55195301,13.70400799,18.67869769,17.30620833,10.87026468,14.21837238,17.91323062,14.80261972,20.20482612,17.76516278,15.35407994,27.73948061,19.77458389,15.47292987,26.72006354,20.98584352,17.97805551,39.18540605,0.0005701727953,0.0002737768458,0.0006299799826,0.000486971756,0.0001879664917,0.0003678941857,0.000563717984,0.0003402721787,0.000678877816,0.0005229588465,0.0003568356177,0.001125542082,0.0006298374768,0.0004075822194,0.001119541132,0.0006783864881,0.0005615883251,0.002310505687
id123,scenario6,6,3.898029793,5.131202141,5.91656897,5.484585948,4.666148929,5.678107907,0.7958913526,0.6334334592,0.7681199825,1.44683648,1.421307986,3.651513486,0.7301653645,0.6229341335,1.565051283,0.2939285147,0.2507494614,0.6299825258,8.772616815e-05,0.0001109014754,0.0001290717373,0.0001513537311,8.508460345e-05,0.0001027062168,1.24976301e-06,7.344610538e-07,1.000113997e-06,2.824741927e-05,1.909577807e-05,0.0001756068868,9.197149528e-07,7.306503932e-07,3.490651079e-06,1.490330244e-07,1.183864687e-07,5.655913779e-07
id123,scenario7,7,18.91799954,12.58439852,14.31574808,16.97995894,12.71406755,13.09398964,17.51261112,11.94441924,14.69380638,18.6517043,16.87121898,33.92634738,17.68886361,15.16113554,37.56288772,18.45595471,17.61812415,40.08808451,0.0007695250037,0.0002950217285,0.0003640092041,0.0006813555318,0.0003019795441,0.0003468324519,0.0007182129179,0.0002743619495,0.000421903554,0.000603149954,0.0004736108163,0.001993612971,0.0005599584763,0.0003865288191,0.002615142438,0.0005891188619,0.0005681274033,0.002701377278
id123,scenario8,8,18.71922185,15.94048578,26.47026123,21.29620503,16.70435168,23.84452481,21.55152901,16.51681918,21.95688276,17.68039136,20.66849245,34.93765109,19.89061789,17.6389724,33.35621251,20.51165078,19.03595126,40.54918446,0.000644114979,0.0004207816465,0.001241709378,0.0008564440144,0.0004179312054,0.0009700936925,0.0008438838231,0.0004421254322,0.0007747424881,0.0005599781229,0.0006883940031,0.002128474001,0.0007333285067,0.0005016349528,0.001832261969,0.0006841943682,0.0005813866608,0.002643344747
id123,scenario9,9,14.89412164,10.20865612,15.2673957,14.55083822,11.78883758,19.56072096,17.01618574,12.26564515,22.5440598,8.67970116,10.42822405,17.56029093,11.89478271,11.00462136,17.36768688,12.93196793,9.391595768,24.5367931,0.000474339022,0.0002400867733,0.0004601999531,0.0004763975934,0.0002993333349,0.0008448491061,0.0006190383435,0.0002956934355,0.000997041972,0.0002243922016,0.000252632739,0.0009349624454,0.0004428197192,0.0003302694317,0.0009509810748,0.000458279241,0.0002248593791,0.001545518774
id124,scenario1,1,17.77640293,16.02286645,16.27669984,12.70290093,10.99528172,13.2689098,17.2761101,11.98086358,15.29029232,6.974463276,6.522666067,7.356510985,9.284134466,7.115843497,7.02442245,7.354840207,8.77823308,7.946126349,0.0006457531144,0.0004260426171,0.0004715477968,0.0003927669951,0.0002376849014,0.0003722404322,0.0006578233649,0.0003179100139,0.0004118227773,0.000165574592,0.0001418348882,0.0001629861033,0.0003472230272,0.0001758822457,0.000174745885,0.000205370065,0.0002943892774,0.0002363998809
id124,scenario2,2,2.051518154,1.696878669,1.920115353,1.159495587,1.068847334,1.326536431,3.253929533,2.438878672,2.564066234,0.08534608511,0.0981175836,0.0936143858,0.03876594443,0.06642147555,0.04960052373,0.06633908291,0.07864332284,0.09327197032,3.713472872e-05,1.385105664e-05,1.58908627e-05,1.276313683e-05,5.536431777e-06,9.630151566e-06,8.702525151e-05,3.842765689e-05,3.424510657e-05,7.71175518e-08,7.29396393e-08,6.10787213e-08,2.05474795e-08,3.87154823e-08,1.7668073e-08,4.67827459e-08,4.18167659e-08,7.30585314e-08
id124,scenario3,3,11.0427611,8.639586933,7.86257367,13.52231623,9.587846649,12.62048274,12.74101761,7.953694554,9.801104124,4.650544221,3.705278293,4.928833414,7.463049729,5.9441562,8.115351438,6.034414026,4.817720741,7.173861442,0.0002671327219,0.000133174184,0.0001175653216,0.0003425570198,0.000155636986,0.0002603650348,0.0003344361528,9.359982966e-05,0.0001815795103,9.500410226e-05,5.095919267e-05,0.0001014349921,0.0002627448926,0.0001408508441,0.0002446586701,0.0001879051384,0.0001097415997,0.0002465875222
id124,scenario4,4,2.112485163e-06,2.429659344e-06,3.899277212e-06,7.160379372e-06,1.095998527e-05,2.074638147e-05,8.755672256e-06,1.535145341e-05,2.711100781e-05,0.0,0.0,0.0,0.0,0.0,0.0,0.0,0.0,0.0,0.0,0.0,0.0,0.0,0.0,0.0,0.0,0.0,0.0,0.0,0.0,0.0,0.0,0.0,0.0,0.0,0.0,0.0
id124,scenario5,5,7.37005944,4.224428313,4.442655688,4.89428958,6.040727707,4.224100837,6.127293059,4.851056725,5.338642826,4.695193978,4.091483186,4.140153935,5.605028472,4.823888748,4.108615534,5.102516246,4.46105386,5.978192691,0.0001430228676,3.621647713e-05,4.066524206e-05,7.942912065e-05,0.0001117297276,4.540810544e-05,0.0001164056797,5.781551225e-05,6.480665037e-05,9.658252039e-05,7.393715144e-05,7.113982345e-05,0.0001500608187,8.357999968e-05,6.827920535e-05,0.0001328121155,8.281813047e-05,0.000160267427
id124,scenario6,6,14.03741309,9.368283554,14.22729473,13.5117647,7.307704493,14.36702598,12.99426218,7.426908668,13.68718707,17.85137657,15.7404386,20.4601023,12.67327749,9.606743628,10.01050385,9.852979266,9.234037286,10.32585696,0.0004575505332,0.0001839975786,0.000450717604,0.0004876174788,0.0001470340674,0.0006442689814,0.0004842962657,0.0001224445691,0.0004407644644,0.0006899673004,0.000444938003,0.0008065460235,0.0005083364513,0.0002391675105,0.0002449011936,0.0002852173431,0.0001911738375,0.0002805496426
id124,scenario7,7,6.48113809,4.594573778,8.250961512,7.803202969,6.564431725,7.261388839,9.115263294,6.182302912,6.74213503,1.242891598,0.8443584884,1.217485028,1.950146901,1.453354803,1.89906346,1.804762006,1.203990878,1.64205132,0.0001203133752,5.01494853e-05,0.0002020244119,0.0001526661854,9.252260761e-05,0.0001164706815,0.0001773250245,8.449861142e-05,9.433057619e-05,5.974276214e-06,1.733202216e-06,3.741421371e-06,2.172905118e-05,5.618884386e-06,1.001294912e-05,1.377362535e-05,3.583072083e-06,6.870030102e-06
id124,scenario8,8,6.646048858,4.043023519,2.747771379,13.14635456,9.879807054,8.98174545,6.683919577,3.899996144,3.235983157,2.508238892,1.30665395,2.186113728,3.917229371,2.352403604,3.060196639,2.586117832,1.376848205,2.251544787,7.31806259e-05,2.940247133e-05,1.184400621e-05,0.0003114446432,0.0001988194557,0.0002012188171,7.072665141e-05,2.291992424e-05,1.755693029e-05,2.410543345e-05,5.076826248e-06,1.516687978e-05,6.921004135e-05,2.179640546e-05,3.189788204e-05,2.80150438e-05,6.802058854e-06,1.80056228e-05
id124,scenario9,9,0.7384275188,1.047896256,1.1023896,0.7036022008,1.000148103,0.763470531,0.4950578506,0.7689627041,1.037495953,2.051872708e-05,5.092770494e-05,7.22187915e-05,1.93951748e-05,4.743405656e-05,4.716891379e-05,1.372990087e-05,3.539232409e-05,7.446391366e-05,8.066854636e-06,6.452367388e-06,8.961955577e-06,6.50984453e-06,5.569955824e-06,3.690025458e-06,3.10787656e-06,3.085548403e-06,7.108499693e-06,0.0,0.0,0.0,0.0,0.0,0.0,0.0,0.0,0.0
id125,scenario1,1,12.24674165,13.16290727,12.7033589,6.566066609,6.418028252,10.36738225,16.54344974,12.16433985,17.15838157,10.58305829,10.39708275,8.964261363,1.17486975,0.9034859007,1.327848156,6.409894772,4.994781308,6.445898615,0.0004298759573,0.0003932436435,0.0003629401145,0.000151584779,0.0001041558494,0.0003138745334,0.0005724738779,0.0002646812729,0.000508335436,0.0003383514918,0.0002534534477,0.0002028691565,3.113866163e-06,1.334613336e-06,3.050517956e-06,0.0001681021415,6.729113734e-05,0.0001273790091
id125,scenario2,2,13.89377885,10.11810187,14.15778017,18.27041573,18.57721492,27.29047984,21.15993325,14.58518019,23.57050426,12.12694069,13.88191664,15.95209383,18.38144227,12.45605274,27.57530475,18.17790843,13.36457877,31.90707551,0.0005434467831,0.000194045051,0.0004181393627,0.0006554996048,0.0005901392372,0.00132337588,0.0007472295825,0.0003399012875,0.0009619815899,0.0004163986204,0.0003989858516,0.0005930676078,0.0006239199186,0.0002494366409,0.001320313275,0.0006427867967,0.0003191639688,0.001759649841
id125,scenario3,3,14.24201483,13.96526352,18.97070173,11.95794052,13.44417077,15.14554602,14.21019747,12.59783425,10.05713485,9.129367831,9.490745002,14.33531605,11.61909184,10.21092974,16.79689425,19.88609697,15.49807722,32.16519743,0.0004547768013,0.0003168132697,0.0006336925373,0.0003215845942,0.0003328189524,0.0004300978065,0.0005361993499,0.0003060632182,0.0001934653041,0.0002394005112,0.0001854920245,0.0004550582046,0.000319168651,0.0002048420994,0.0006856619048,0.0007019557816,0.0003701177187,0.001704546557
id125,scenario4,4,6.724384487,9.086710967,7.050673606,17.16901964,13.76459807,13.7920409,17.62527117,12.9746378,17.9408999,8.593067683,10.17789384,11.21745478,8.773033892,9.378036497,15.3739133,10.43898522,12.67188243,16.92536202,0.0001874170368,0.0002618587773,0.0001460558402,0.0006926347573,0.0004300249007,0.0003838586157,0.0006569530178,0.0003734467649,0.000576280004,0.0002807763417,0.0002201644822,0.0003168401088,0.0002334342733,0.0002152680886,0.0006191610883,0.0002730230237,0.0003255668138,0.0006980346049
id125,scenario5,5,14.15280728,17.04950426,24.94362971,17.54863291,14.5014885,28.21009763,17.11207338,15.19358447,28.51823407,14.6588933,14.36119929,21.80072766,20.82911291,17.97791456,32.75129624,18.68922093,18.32259646,29.80954336,0.0004125974082,0.0005195439397,0.001108569029,0.0006737201451,0.0003967222093,0.001537933356,0.0005736461719,0.0004641976744,0.001577465837,0.0004632619106,0.0004017517794,0.0009589271471,0.0007414953317,0.0005159908239,0.001776763402,0.0006530944383,0.0005738113824,0.001527087341
id125,scenario6,6,8.142842394,5.796060546,7.108848568,20.30861011,15.90381228,25.25981385,20.19225951,17.09059892,25.34091106,13.37930354,11.26068697,15.20196927,17.68248121,15.93840532,35.39469968,18.5820757,14.73816748,34.98203637,0.0002451297159,8.177096166e-05,0.0001281624195,0.0007243952563,0.0004663342705,0.001043454858,0.0007425141475,0.0004866004276,0.001070988421,0.0004706398095,0.0002392514155,0.0004952500368,0.0006017976325,0.0004180009839,0.002135786683,0.0006764148353,0.0003616298183,0.0022812323
id125,scenario7,7,11.79906695,10.64177865,13.54168468,16.92881056,16.63422083,21.64377949,17.80015602,18.32267551,22.37833347,13.78949037,12.79555533,19.21069293,16.75549484,12.74102945,30.00433185,18.54027415,14.7824734,30.64859888,0.0003680335135,0.0001990064229,0.0003009587077,0.000608957927,0.0004760506759,0.000908716625,0.0006978996565,0.0006101748611,0.001040471824,0.0004417618824,0.0003207484954,0.0006959370316,0.0006070219349,0.0003073569995,0.001802197989,0.0007331035258,0.0004317145933,0.001785079004
id125,scenario8,8,17.24452977,17.66889736,25.53318655,15.28975213,13.89186988,23.88732107,12.04891625,11.49440601,20.29937988,16.98077019,10.90080621,20.89293894,19.53517206,19.41070306,39.47590009,20.98493439,17.99548032,38.81571602,0.0005261982896,0.0004676846456,0.001178103934,0.0004352040288,0.0003072357519,0.001014451825,0.0002956434963,0.0002606682801,0.001003788363,0.0006200558591,0.0002501482976,0.0008682683985,0.0006501859602,0.0006531938429,0.002602181735,0.0007466884984,0.0005206163704,0.002356603086
id125,scenario9,9,10.81799126,11.08760869,13.9483773,19.17601476,19.32984254,27.07057158,19.05588332,17.41493362,27.91064729,14.801742,13.74520261,22.17367766,18.24472923,17.65448113,36.92907459,14.90940744,13.33087696,32.81722898,0.0003475738702,0.0002919559548,0.0004038927184,0.0006818868225,0.0006707186652,0.00121433116,0.0007441372143,0.0005589579015,0.001419624262,0.0005176406769,0.0003544625045,0.0009391038296,0.0005616669141,0.0004829038728,0.002102653267,0.0004511537909,0.0003284978092,0.002033538428
id126,scenario1,1,9.140637445,9.679142956,13.46764366,16.29667537,13.29578868,11.77126982,17.93728023,16.79470659,14.55095569,15.42526968,17.46860356,17.50536361,13.64526086,13.14278673,14.73309715,15.83337234,17.11734348,13.92815369,0.0002297472319,0.0002140194589,0.0003882558405,0.0005951888036,0.0003465339344,0.0002353908848,0.0006774763358,0.0005321080132,0.000404364097,0.0005208281128,0.0005087391257,0.0005785900558,0.0005132383346,0.0003752424768,0.0005454945365,0.0006058213156,0.0005620739949,0.0003526551446
id126,scenario2,2,18.36602578,16.72972548,17.55819794,19.44254716,10.9554009,15.49979443,19.76064427,9.902033136,17.83547078,12.43200134,11.2033175,12.21445465,13.01824019,10.20222365,8.637997938,12.28236027,9.153042221,10.61135652,0.0006242747941,0.0005142298214,0.0004880091438,0.0007088341681,0.0001986296773,0.00037974958,0.0008091830047,0.00017754022,0.0005368275671,0.0003254464227,0.0002057403044,0.0002728873281,0.0004464621322,0.0002605128731,0.0001695069143,0.0004001821931,0.0001794017684,0.0002294076151
id126,scenario3,3,5.365650514,3.525307677,3.964994823,15.21327118,14.29485988,17.82618174,13.49544229,11.31081895,14.07018221,8.018254226,7.642342134,6.792045978,18.92489842,18.60055178,17.75691627,20.85625322,16.51148617,16.71053022,7.239793606e-05,2.165640143e-05,2.383491482e-05,0.0004493417841,0.0004063259511,0.0005490661402,0.0003683757079,0.0002446763872,0.0003535861059,0.0001458866796,0.0001029958943,0.0001332900263,0.0007201856526,0.0006759308165,0.0006121695322,0.0008195667951,0.0005158462839,0.0004607724582
id126,scenario4,4,2.741955558,2.407629167,3.489899213,16.19022951,12.07594359,15.14629962,17.73262087,14.10978597,17.29941065,0.2906809631,0.3333633199,0.3278069105,14.1887213,12.64543048,13.2822537,14.70150354,16.99620601,12.84400869,5.502092477e-05,2.616890466e-05,6.51152535e-05,0.0005346333652,0.0002558395891,0.0003896297042,0.0006100319839,0.0003744676407,0.000533190005,1.513803995e-07,2.199043306e-07,1.780364402e-07,0.0004223362265,0.000296354866,0.000316059629,0.0004411648928,0.0005923171176,0.0003079425567
id126,scenario5,5,13.59279245,7.210147331,14.04182032,11.82245755,8.678713858,11.95715046,10.69054078,7.679888082,10.04021844,19.02150103,20.09370298,16.89767869,15.29302962,19.13203885,14.54152527,20.73052249,19.04732688,15.88520452,0.000383714744,9.342038636e-05,0.0004304656361,0.0002760877865,0.0001541288363,0.0003240810957,0.000282094248,0.0001244518343,0.0002717886505,0.0006699091054,0.0006913689687,0.0005008220861,0.0004716834414,0.0006465029443,0.0003464265827,0.0007748699912,0.0006155868038,0.0004221844879
id126,scenario6,6,13.34647586,13.97628135,14.51977451,10.00760644,8.726356948,11.79974625,9.871082318,6.602251344,10.76828857,11.95968608,11.9282968,9.642671591,12.58013998,13.66747452,13.3498523,12.47677182,14.62936369,12.81303924,0.0003761316447,0.0003457806507,0.0004339437122,0.0003359883368,0.0001549390608,0.0003243091851,0.0002658901299,0.0001022673319,0.0002533742996,0.0004025973314,0.0003114361465,0.000209061742,0.0003612795458,0.0004318259003,0.000373458996,0.0003837265124,0.0004819928395,0.0003735879727
id126,scenario7,7,4.04774205,4.247989014,5.649544377,6.957553406,4.510919953,5.810185257,4.64014055,4.675778837,5.79903796,14.93782383,11.77673661,12.28293302,12.91590136,12.86780173,12.79600549,17.8058347,14.89045252,15.84489851,5.606894556e-05,5.432941363e-05,0.0001024924937,0.0002351904762,7.960699559e-05,0.0001343687258,9.692413683e-05,6.896956348e-05,0.0001294233143,0.0004172714472,0.0002300066272,0.0002666908412,0.0004074918483,0.0003474628605,0.0003463521305,0.0006504482627,0.0004126951373,0.0004639386272
id126,scenario8,8,10.05347181,10.45685704,10.37616562,7.907786172,8.995645668,11.46818209,12.28339303,9.512003989,10.40521359,9.430684243,8.391279059,8.472228082,10.38420153,9.010831956,10.39021817,14.45378378,13.02054263,12.40946307,0.000297663674,0.0002490843364,0.0002302216448,0.0001396173581,0.0001406319202,0.0002761893996,0.0004118170229,0.0001757733207,0.0002310589148,0.0002366474129,0.0001708485947,0.0001750626028,0.0003469843145,0.0002206785004,0.0002906085011,0.0005720951641,0.0003817544579,0.0003757772835
id126,scenario9,9,3.827244845,2.532234472,2.377739864,3.313839326,2.528873674,2.213196287,3.281570573,2.567300733,2.199664388,8.832545501,6.47648545,6.945640188,5.810337606,3.856587006,4.233750723,6.506667669,4.411104434,5.321924047,2.458156622e-05,1.059355235e-05,8.942624766e-06,1.899037405e-05,1.063366905e-05,7.666636574e-06,1.772771541e-05,1.020158085e-05,7.726254519e-06,0.0002400587946,0.0001120459683,0.0001735914651,0.0001070471276,3.607855758e-05,3.99911394e-05,0.0001289034779,4.732162406e-05,6.894159652e-05
id127,scenario1,1,17.35512448,13.13898334,20.20383302,20.95988507,15.22081987,17.58467697,19.76064556,15.71936861,18.05472894,11.92928146,8.784733754,12.00508885,18.73374696,17.30076282,23.29388626,18.22576878,15.49485314,20.96435533,0.0005719944878,0.0003062569969,0.0008154523591,0.0008602042158,0.0003781071342,0.0005495643997,0.0006994703484,0.0004144138859,0.0005438146514,0.000331435889,0.0001748297589,0.0003812543006,0.0006775169515,0.0005181052715,0.00103867573,0.0006969417313,0.0004055140471,0.0008078992898
id127,scenario2,2,15.70995178,13.12401843,14.12940429,20.13707443,19.35458812,29.21842939,16.69889049,15.24843129,18.93872072,18.63781898,17.25438515,16.91708955,23.52034313,19.70667782,20.03721878,19.34338088,15.55061233,19.7140645,0.0005641121621,0.0003018181905,0.0003728430918,0.0006680181861,0.0005566048753,0.001369276702,0.0005191804308,0.0003876250502,0.0006400742541,0.0006697300432,0.0005343224739,0.0004639974095,0.0009638003616,0.0006197387051,0.0006460754775,0.0007570224264,0.0004179761002,0.000653783712
id127,scenario3,3,22.45206733,15.32302627,19.84546807,23.28050588,12.76646389,15.37138045,19.06471228,12.42686456,16.37784441,17.82815018,16.02597436,19.40076226,16.10145816,14.77976394,16.84935034,18.87384712,19.59674659,20.02401206,0.0008468876109,0.0003930599922,0.0006653661198,0.0009619331779,0.000269338868,0.0004252750646,0.000571915675,0.0002627610545,0.0004588151407,0.0005744552348,0.0004594257291,0.0007102423384,0.0004947107612,0.0004000530483,0.0005012733919,0.0006442950572,0.0006657543875,0.0006370993454
id127,scenario4,4,18.6206011,14.57170828,13.40322198,16.13713462,12.20314615,14.40525296,17.03968544,13.28223754,12.45520072,20.46864796,16.00155367,18.85015286,20.92912124,16.45963813,24.79149412,17.98354106,15.68915675,22.73651972,0.0007031808669,0.0003999823186,0.0003448707222,0.0005245375606,0.0002787555709,0.00042364158,0.000548395969,0.000298804463,0.0002551047112,0.0007698182538,0.0004164251296,0.0006197963168,0.0007165848329,0.0004598908449,0.0009887235585,0.0005490364333,0.0003804838599,0.0007857245656
id127,scenario5,5,16.35173918,15.10236404,18.77414216,17.944254,16.64856482,21.78354588,19.60998572,14.75670545,19.43138275,20.46196484,16.33890526,27.15260852,23.76037836,19.40402661,34.83285388,8.951675776,9.599680335,16.40360299,0.0005743714225,0.0003615132702,0.0006021094688,0.0006874207944,0.0004592804151,0.0008768726383,0.0007650346528,0.0003816887314,0.000731683188,0.0007446605851,0.0004191672458,0.001337178099,0.0009460463466,0.0006167228088,0.001803758323,0.0002494123097,0.0002482968204,0.0007346576913
id127,scenario6,6,3.93928211,4.445311408,3.635602299,5.307225598,4.636683617,5.709532987,2.808306073,1.880092974,2.132012649,0.0002504240411,0.0004701846214,0.0007460984777,0.0001786463361,0.0003086680689,0.0005749820855,0.0001431841599,0.0002448715813,0.0004621250624,0.0001092415958,9.276530454e-05,6.824188414e-05,0.0001788676907,7.728796168e-05,0.0001224917548,8.826669832e-05,1.954682899e-05,2.694106684e-05,0.0,0.0,0.0,0.0,0.0,0.0,0.0,0.0,0.0
id127,scenario7,7,12.44172179,11.5795657,11.78673015,11.82190815,10.77032639,13.30221687,11.34394389,9.492383517,10.16357713,6.874571337,6.375543865,8.31023085,13.99282147,12.67880173,13.98097492,8.268124035,6.241018407,10.17334598,0.0004727818708,0.0002869361471,0.0002863091144,0.000383115351,0.000249749154,0.0004266679691,0.0004283791874,0.0002590999327,0.0002683262084,0.0002115514224,0.0001139221958,0.000225372391,0.0004930201849,0.0003036267964,0.0004001900246,0.0002880050152,0.0001103232465,0.0004013518186
id127,scenario8,8,7.954037503,5.403571452,8.138388616,4.534073992,3.247876616,4.697118421,10.21769098,7.834409073,8.663652692,3.78954008,3.978332527,6.021689665,1.677628919,2.542303427,2.351077664,2.33416693,3.078348965,4.363502774,0.0002264601897,9.299376184e-05,0.0001674626728,0.0001254285065,4.330384768e-05,9.366645473e-05,0.0003270856929,0.0001686066156,0.0002036220399,9.53885921e-05,0.0001083646921,0.0002529347007,2.950357654e-05,5.265205253e-05,4.233895842e-05,3.630821056e-05,5.786633014e-05,0.0001905050319
id127,scenario9,9,10.22145536,12.1539787,13.18162742,12.33714289,17.29230187,20.24057649,7.285341131,9.492094357,10.61381572,0.4753779267,0.469576341,0.4716810998,8.932313994,8.460894607,10.78323273,9.717676515,6.760182412,9.201603258,0.0002791966468,0.0002909224232,0.0004218750663,0.0003528434418,0.0005432380838,0.0008616827969,0.0001819890692,0.0002288848734,0.0003113323164,7.164470588e-06,2.863723102e-06,2.855709661e-06,0.000271274977,0.000163482445,0.0003005163021,0.000372409276,0.0001003316546,0.0001821873358
id128,scenario1,1,20.54935304,15.53962443,17.96903589,19.95573516,17.71360827,24.52581409,19.42743452,16.33115508,21.95638813,19.34619566,15.37935942,22.35233601,20.75358917,12.55226868,25.75416203,17.79453143,14.12617097,20.47029532,0.0007246365628,0.0003643555737,0.0005680585274,0.0007363283905,0.0004716580194,0.001004419765,0.0007042868736,0.0004191715186,0.000843974234,0.0006856865217,0.0003889668309,0.0009029247384,0.0008017021119,0.0002669964229,0.001201684496,0.0006082929167,0.0003355888099,0.0007941198496
id128,scenario2,2,16.5022843,10.51739001,9.740857721,17.82120586,12.46214222,16.43463394,16.52411305,10.44010023,13.8393718,14.407723,9.800416403,19.15823274,12.30979183,10.175028,16.63509311,13.64004464,10.58612307,21.55293763,0.0004744514072,0.0001946278254,0.0001888149074,0.0006397821573,0.0002794232934,0.0005456213736,0.0005201338339,0.0001799390803,0.0003372478277,0.0004133219404,0.0001603172614,0.0007021923883,0.0003009238278,0.0001914168208,0.000498612179,0.0003685505639,0.0002068327765,0.0009924516083
id128,scenario3,3,18.98293695,12.19374771,15.08659277,18.52009474,12.22236359,16.10390966,18.65373089,12.77698348,15.20521114,14.53801842,9.980042037,17.66900187,15.02435944,9.549257326,18.42138402,19.59632331,12.99940662,21.40771199,0.0006956081528,0.000239089116,0.0003850319364,0.0006549915372,0.0002547954617,0.0004610554855,0.0006070577082,0.0002815282393,0.0003885686826,0.0004220606706,0.0001729237671,0.0006920435826,0.0004409463832,0.0001593508045,0.0006475567135,0.0006899052661,0.0003026453484,0.0008206490497
id128,scenario4,4,21.66247537,15.00061702,19.427998,19.44972205,14.86433607,16.04462706,20.96676449,16.41859104,20.33478852,19.40208052,17.9005605,27.42075469,22.35867725,16.74664409,23.00848248,18.19449153,11.62757614,20.03905863,0.0008045985021,0.000355127313,0.0006481902687,0.0007191513378,0.0003725491121,0.0004851542091,0.0007545450372,0.0004437960381,0.0007441305972,0.0006344136349,0.0005410703209,0.001378906128,0.0008232761727,0.0004736567905,0.000920860555,0.0005766232281,0.0002683824923,0.0008462213568
id128,scenario5,5,19.18914161,13.30418056,14.053481,15.11689,10.26902561,12.4214404,13.4240683,11.5947605,13.08377091,21.2926726,14.91668994,32.05936353,16.2531374,11.85509322,24.15585454,13.99874831,11.80410489,17.42308084,0.0007787709185,0.000318914612,0.0003705662156,0.0004336753521,0.0001896256606,0.0002748000646,0.0003812732711,0.0002514674307,0.0004181363285,0.0007836969766,0.0003615843466,0.001635286911,0.0005362506149,0.0002509250591,0.001133320776,0.000431614839,0.0002332321768,0.0005709703067
id128,scenario6,6,8.778932026,9.231993876,15.17602182,9.786576855,10.07881036,14.84492567,11.13742665,7.427997417,16.7828399,17.47759256,13.71338193,25.99660647,19.51768164,17.26159782,35.86225917,17.47474253,17.14049542,29.92847553,0.0002505249494,0.0001745980632,0.0006402359361,0.0003266584479,0.0002167482258,0.0005029685998,0.0003566203464,0.0001158228256,0.0008032157202,0.0006238384596,0.000329540549,0.001454680859,0.0007302930456,0.0004958104836,0.002198180353,0.0005721123401,0.0004964272045,0.001609751018
id128,scenario7,7,11.92723117,11.37810786,14.35697164,19.89141155,16.19969795,20.13829462,18.45852172,12.09241073,16.27096726,23.35070836,15.69751696,25.26616403,21.55915925,17.73432452,30.9240567,24.65753835,18.54908459,27.0321913,0.0003100544691,0.0002480327029,0.0004002375951,0.0007444556892,0.0004626431405,0.0006648576035,0.0006099909032,0.0002672326022,0.0004691634073,0.001001336767,0.0004018776803,0.001161544854,0.0008380104118,0.0005390547062,0.001507124854,0.001037900537,0.0005801774599,0.001243541107
id128,scenario8,8,6.087626285,4.945796293,5.360545288,3.248049852,3.056046449,4.242259778,1.894444457,2.376771561,3.784789406,7.333750969,5.371706972,7.15475457,4.910105358,2.760971216,7.533191347,5.765202149,4.132650838,6.811317996,0.0001329952617,5.270540496e-05,6.77690807e-05,4.285148788e-05,3.039189163e-05,0.0001113331449,6.404257966e-06,2.053225503e-05,0.0001155298594,0.0002217687005,0.0001047261891,0.0001853434248,0.0001379676811,2.878222832e-05,0.0002376536908,0.0001612721514,6.574123336e-05,0.0002277858495
id128,scenario9,9,18.019858,15.07116039,14.51462814,17.98312743,15.20682561,18.34931907,22.4268582,13.37219987,20.95152391,23.35487708,15.31815285,42.51740122,22.78464373,16.47720096,29.21374783,21.17964343,13.8619877,38.46666964,0.0006583290767,0.0004236220553,0.0003550006903,0.0005180087476,0.0003677321385,0.0005596396061,0.0009164246503,0.0002952192092,0.0007185765717,0.000903365012,0.0004015413974,0.002749153288,0.0008698713209,0.0004441138963,0.001301181182,0.0007234545276,0.000303051585,0.002250609723
id129,scenario1,1,15.46982313,10.12647494,14.02319961,14.93429738,10.47555691,14.57684296,16.99551878,11.59725689,15.55060144,18.80570568,13.60576699,19.44609583,21.76406866,18.68046263,28.57645578,24.16858345,15.08635223,24.4529405,0.0004599561311,0.0001789957246,0.0003464577451,0.0005099924399,0.0002411657072,0.0004940169483,0.0005642237718,0.0002590782272,0.00053994785,0.0005979994979,0.0002875303502,0.0006006773721,0.0007657826715,0.0005536338854,0.001381062565,0.0009049549924,0.0003679980206,0.0009867069281
id129,scenario2,2,14.57648675,10.85819801,13.18438618,18.05888955,12.43366686,16.91476351,13.91364103,11.01364748,15.84413365,13.55116077,8.888091673,14.48157357,14.28115012,14.58862256,14.65457657,15.01972755,14.63088065,20.97437367,0.0003684671849,0.0001981466925,0.0002729616152,0.0006188297162,0.000244522605,0.000489659028,0.000377542196,0.000199768494,0.0004587173732,0.0003389049269,0.0001372828688,0.0003426148867,0.0003955055045,0.0003863784589,0.0003771845779,0.0004222754205,0.0003586219351,0.0007677469016
id129,scenario3,3,9.543315232,6.141802236,7.20570724,9.830928062,7.132782195,7.036401412,9.868917033,7.203900266,8.197156444,11.34594639,7.967782134,10.43428595,10.84038961,11.3111455,11.73399283,10.55214035,10.02309895,10.91738966,0.0001748078226,7.99397471e-05,0.0001093048135,0.0002253389075,9.584959615e-05,9.926681306e-05,0.0002080026757,0.000103011522,0.0001508306145,0.0002839384348,0.0001200953848,0.0002283341072,0.0002485619514,0.0002346547203,0.0002553163175,0.0002395886625,0.0002121613037,0.0002550134436
id129,scenario4,4,7.744923397,5.056415527,8.318290791,10.72839528,7.237707444,8.696404366,10.49835137,5.206816385,9.303308822,7.082411991,5.599543765,10.12043014,16.04660335,11.70276613,17.74864874,12.36011517,9.973748349,14.71582918,0.0001035024248,5.26952938e-05,0.0001244040311,0.0002804002099,0.000140041282,0.0001784177263,0.0002490631945,6.125758683e-05,0.0002567015865,8.884775737e-05,5.38420319e-05,0.0001708767149,0.0004568480359,0.0002768562111,0.000572703596,0.0002853738452,0.0001773733476,0.0004157213471
id129,scenario5,5,8.752757939,7.647424486,9.255400166,14.08988232,11.73841453,10.637619,13.78791522,8.667337754,14.43783534,10.57577753,7.393147645,8.21520234,12.36097147,9.882994068,11.51844968,12.18984616,9.157057129,10.5490888,0.0001388478252,9.612846666e-05,0.0001590345885,0.0004016180751,0.0002356939871,0.0001727918416,0.0003820928358,0.0001127958345,0.0003488050304,0.0002162107897,9.832688842e-05,0.0001191124456,0.0002947303924,0.000195263921,0.0002417152066,0.000310192915,0.000171934164,0.0002063714444
id129,scenario6,6,10.91422248,7.394119159,8.666264537,14.91625856,10.80366096,14.82563621,15.39580555,12.59623664,13.55268114,14.50010608,11.61133252,14.29237553,17.10702727,11.64008404,15.73408074,14.5375383,13.81805674,18.03608342,0.0002408743006,0.0001141232103,0.0001763947603,0.0004843534758,0.0002273557352,0.0004812145524,0.0004540792102,0.000309610028,0.0003769718541,0.0003783729254,0.0002206858329,0.0003201755263,0.0006219062242,0.0002278988608,0.0004911539362,0.0004225903344,0.0003132174932,0.0005974278103
id129,scenario7,7,8.32482823,5.461586759,6.072521385,11.29907041,6.78192694,7.545805632,8.489389429,8.200337608,7.178232632,9.28934451,6.573032253,6.539893456,12.66103207,9.16243233,10.7023586,11.65864252,9.451919112,9.100645873,0.0001513716728,5.98445732e-05,7.325534197e-05,0.0002914146271,7.6311842e-05,8.555823128e-05,0.0001568447122,0.0001387489673,0.0001045804758,0.0001774402263,7.79735248e-05,8.139399877e-05,0.0003250660315,0.0001466031209,0.0002070075262,0.0003014277604,0.0001571542521,0.0001578585278
id129,scenario8,8,12.13089555,8.493780868,11.2159546,12.12485662,10.31545037,11.6158983,14.02385054,8.331555962,13.07044084,13.73962482,10.80286707,9.746273785,17.8081395,13.97270706,15.98760543,17.26861024,15.52112283,17.59563754,0.0002417381543,0.0001174099816,0.0001989350183,0.0003180900936,0.0002041168423,0.0002329085192,0.0004960171945,0.000108145829,0.0004120625048,0.0003554162716,0.0001913801359,0.0001822571841,0.0005985088303,0.000403985496,0.0004790041788,0.0005862599216,0.0003792460602,0.0005493707678
id129,scenario9,9,5.515436525,3.28063214,4.493955654,6.191163129,4.114520343,7.729596906,7.802801073,4.481883225,7.797682508,2.644627038,2.74963697,3.104359339,1.190335378,1.261892582,1.365224921,2.302525628,1.710652623,2.572982176,5.466703244e-05,1.746234529e-05,3.356099336e-05,0.0001192035912,3.559945812e-05,0.0001977263776,0.0001874537593,3.614652233e-05,0.0001837670649,1.18267466e-05,1.304337098e-05,1.648486281e-05,2.363227074e-06,2.827280847e-06,2.847609711e-06,9.922529023e-06,5.699104795e-06,1.156806297e-05
id13,scenario1,1,3.916348472,5.31356303,8.213816186,0.0005113103423,0.00157802762,0.004066875133,0.001167145304,0.00304613352,0.005271562561,0.491971888,0.8229619123,1.18091916,4.964703552,4.833406184,5.045392963,8.883367039,7.699605138,8.347001161,5.26462755e-05,5.379569463e-05,0.0001353208011,0.0,0.0,0.0,0.0,0.0,0.0,6.353798534e-06,7.310494815e-06,1.430879293e-05,0.0001228163395,7.687632856e-05,8.47698937e-05,0.0002928122425,0.0001623945225,0.0002050464255
id13,scenario2,2,8.689181874,9.459127517,9.231029167,5.474324608,5.551692268,8.656210967,1.285030846,0.9039881754,1.237536532,6.485578487,3.839836305,3.672233672,14.53598128,13.19030689,13.13985829,6.084489179,6.031871384,7.804906136,0.000283999537,0.0002053222607,0.0001644178718,0.0001685200229,7.265729104e-05,0.0001640650479,3.748045889e-06,1.402652263e-06,2.836081199e-06,0.0002365350275,5.815707771e-05,6.56335472e-05,0.0005616490885,0.0004095189571,0.0004322986389,0.0001833150062,0.0001258349208,0.0001947095592
id13,scenario3,3,0.01203018751,0.01435625426,0.01917922959,0.0002336690196,0.001411830284,0.002851444,10.10016349,12.46016616,14.62077084,2.867361552,3.941478101,4.201185963,13.35219651,8.366525975,11.31022508,8.81946529,9.302807177,9.609673148,1.5904177e-09,9.65788e-10,1.5624799e-09,0.0,0.0,0.0,0.0002295714986,0.0002390985813,0.0003182975858,5.655872178e-05,7.125418384e-05,5.540465997e-05,0.000566101819,0.0001572895381,0.0003417013749,0.0002974229943,0.0002387975923,0.0002321357731
id13,scenario4,4,7.870072525,8.06761798,11.45531751,6.066097197,5.398459976,6.035191096,13.89211422,14.07986947,18.31607723,6.26858967,4.179025206,5.29653905,6.311615866,6.060662032,6.435417912,7.048170882,5.698096269,5.228780576,0.0001162412933,0.0001203303504,0.0002342428128,0.0001401054065,6.382421197e-05,8.425276582e-05,0.0004661401059,0.0004079906962,0.0007598208455,8.448471194e-05,2.941566194e-05,6.557975743e-05,0.0001621599811,0.0001209285277,0.000145060549,0.0001390284117,8.749606986e-05,7.259928766e-05
id13,scenario5,5,1.799751918,2.72443704,3.91792757,2.692605289,4.932705434,4.663403549,9.683884926,6.593948655,7.068635829,0.6679407977,1.164246801,1.021697813,7.90851631,7.807468315,12.02456394,10.36329765,8.826061416,9.340566883,2.380338097e-05,2.617281569e-05,5.192786632e-05,7.960508704e-05,0.0001394868289,0.0001172849589,0.0003645793338,0.0001998920948,0.0001326018188,8.867240733e-06,1.57429525e-05,1.17527917e-05,0.000240800254,0.0001635923802,0.0004766505848,0.0003398462507,0.000199209091,0.0002116934791
id13,scenario6,6,4.125646389,5.923650465,8.05214749,6.595377948,13.8623041,8.221846654,9.911788834,11.57516479,10.49733062,1.782515286,1.983920153,2.812683273,4.091545539,4.482581185,6.28926248,3.186634055,3.047929641,4.752093476,4.995212442e-05,6.709101888e-05,0.0001139005863,0.0001219701271,0.0004399765594,0.0001144566993,0.0002939802689,0.0003668016701,0.0002417157613,1.41273327e-05,1.368205536e-05,3.346593335e-05,8.824167078e-05,8.122066087e-05,0.0001972645039,8.782555297e-05,3.77815973e-05,8.945006257e-05
id13,scenario7,7,0.03035980643,0.02125495723,0.02536709567,27.02828162,25.86793839,16.7443484,6.789980781,3.519553208,2.883583631,1.332361281,2.151844694,3.125436365,7.560733786,5.843035203,7.017320118,10.41043283,5.897511693,6.000448551,1.4710001e-09,7.472785e-10,1.5691746e-09,0.001151733143,0.0009609132125,0.0004376061329,0.000254272665,2.963918624e-05,1.863353631e-05,1.606848722e-05,1.956072183e-05,3.989104689e-05,0.0002768440569,0.000116321836,0.0001849742671,0.0004869629892,0.0001477697787,0.0001197474662
id13,scenario8,8,5.742043114,6.235766015,5.474321565,2.055795647,1.717928399,1.828952389,9.428339985,7.863474069,7.722136378,2.549993265,2.741253923,3.32555308,8.524568729,6.975562972,6.786626266,12.53786125,10.55612644,9.767528455,0.000149401519,0.00010990164,7.53794205e-05,7.42666013e-06,4.911465991e-06,5.426158357e-06,0.0002680237263,0.0001554266694,0.0001232382012,3.272158217e-05,2.49346072e-05,3.918536521e-05,0.0002674073413,0.0001444613393,0.0001184942043,0.000427085104,0.0002683557787,0.0002306307735
id13,scenario9,9,3.045116031,3.265441695,4.860825003,5.383736613,5.173763374,6.674215526,7.607862581,9.994431477,6.286049253,2.26128968,2.636095793,3.577605255,7.61353724,4.932132918,6.711003375,8.226653425,6.745584051,8.219134861,2.975558673e-05,2.79869935e-05,5.750641375e-05,0.0001325226601,0.0001156520445,0.0001394057808,0.0001977508369,0.0002907999656,0.0001082347871,1.92732965e-05,2.105948355e-05,4.296095796e-05,0.0002601972658,7.697411455e-05,0.0001561814421,0.0002595778814,0.0001311537311,0.0002421405279
id130,scenario1,1,1.006978852e-06,1.630333872e-06,2.311627906e-06,4.296785641e-06,6.956645773e-06,9.863732073e-06,5.24757034e-07,8.495999341e-07,1.204636027e-06,2.962973604,3.697856059,3.157851157,0.04455557512,0.06310444874,0.0527623331,2.906961174,6.470554833,3.910624624,0.0,0.0,0.0,0.0,0.0,0.0,0.0,0.0,0.0,9.541577456e-05,0.0001054932721,7.845030251e-05,2.90926812e-08,3.61882914e-08,2.29603851e-08,6.516710121e-05,0.0002644392,9.637499761e-05
id130,scenario2,2,14.77095132,10.5839223,13.01493568,0.9070166566,0.5263097364,0.5947453975,3.370633498,1.074343318,2.639968459,0.09420289106,0.09300778483,0.09162725101,0.1916820011,0.1890332886,0.1870361672,3.001313622,2.142857867,2.320882098,0.000510150493,0.000229058373,0.0003330383448,1.940297119e-06,4.385371679e-07,5.581581103e-07,0.0001656521111,8.013400344e-06,4.919603442e-05,2.96172216e-08,2.81482535e-08,2.35661817e-08,1.226342729e-07,1.164789236e-07,9.79532046e-08,0.0001197026536,3.907092806e-05,4.223941086e-05
id130,scenario3,3,6.670476749,6.108137183,8.920411778,10.56547132,11.48282812,11.17943089,7.375596522,6.063413098,8.266441924,6.638323312,6.316597827,4.723561181,2.924535381,2.845908318,3.297484087,3.93670712,4.09737078,4.441340045,9.93964415e-05,8.256048617e-05,0.0001789905937,0.0002679790461,0.0002443164685,0.000247895999,0.0001338349355,6.967465236e-05,0.0001367902532,0.0001496799685,0.0001381927378,5.93208843e-05,5.852089688e-05,3.323318062e-05,5.36386101e-05,5.433401644e-05,4.977779197e-05,5.358182921e-05
id130,scenario4,4,2.331200046,3.782477997,3.270434821,4.743577197,3.354657425,3.384871145,0.08881458091,0.08942321918,0.06277202196,0.1496246355,0.1338546211,0.1401055601,0.8311563327,0.7432958194,0.7784179776,0.1558467488,0.1393498444,0.146186452,3.922610713e-05,7.586647092e-05,5.619413807e-05,0.0001447388186,3.72078094e-05,3.908882131e-05,2.52530055e-08,1.87151736e-08,7.8149602e-09,5.72292123e-08,4.73229461e-08,5.07427199e-08,1.76622515e-06,1.460394387e-06,1.566073359e-06,6.21100344e-08,5.1329514e-08,5.52872261e-08
id130,scenario5,5,3.88865587,4.314903641,7.062275099,13.45231292,13.58625787,13.30845612,12.78440117,9.161061502,12.47098554,16.2566662,15.18069362,20.69482213,17.40761,18.96130662,17.65060237,13.94863331,15.84694319,21.58097109,5.191696356e-05,4.707075434e-05,0.0001249244672,0.0004544148567,0.0004088139729,0.0003648395361,0.0005285054037,0.0001834846765,0.000350088221,0.0006222229574,0.0004526193563,0.0008714845822,0.0006473760302,0.0006961653651,0.0006145621086,0.0004322177005,0.0004958915758,0.001040315272
id130,scenario6,6,5.97150079,6.468079258,4.548599694,11.48738884,13.53474708,10.34630622,6.726303844,7.711004119,5.141106709,6.915492442,8.530884908,9.445291895,5.814229147,7.121053015,7.3837967,13.60692263,10.66922854,11.58250988,0.0001570846873,0.0001256506533,5.186567714e-05,0.0003218012168,0.0003240585356,0.0002264143739,0.0001503779948,0.0001124087209,5.738954189e-05,0.0001111814861,0.0001449045811,0.0002055593692,6.805288738e-05,0.0001018453263,0.0001026384428,0.0004512947564,0.0002097657671,0.0003359019616
id130,scenario7,7,12.12165135,16.77629393,15.40415371,9.231233732,12.2780683,14.41799079,3.836504181,3.428741247,4.408823774,7.120029562,7.465500911,12.32473776,15.10249018,14.96430727,27.69867419,4.934222621,6.310504683,9.975362408,0.0004170911722,0.0005761382346,0.000498707408,0.0002713847329,0.0003357756945,0.0005081459898,7.470560716e-05,3.885769293e-05,5.599666797e-05,0.0001771069723,0.0001446174619,0.0005308865002,0.0005065663269,0.0004350564059,0.001553891632,0.0001384722717,0.000138357973,0.0004702129062
id130,scenario8,8,10.85607793,8.21104552,7.800098428,19.18501107,17.04892915,16.94655567,13.83098468,9.003849044,13.48032072,7.724964302,6.989115197,7.191196045,20.61004613,25.92967861,27.19093742,5.205982413,4.370173797,7.92177373,0.0002257622977,0.0001378229183,9.602792016e-05,0.0007650624775,0.0006302329723,0.0007106166169,0.0004996774613,0.0001385265214,0.0004279434286,0.0001545838171,0.0001105670414,0.0001790752951,0.0007247362631,0.001170924205,0.001318971968,0.0001000165785,4.486909373e-05,0.0003699920887
id130,scenario9,9,11.61819633,9.398672552,9.116339518,9.176590232,6.36354365,7.749973174,19.15876409,17.08357992,23.08398098,18.18063823,18.2829068,23.41114502,20.03579909,23.25971673,22.14408119,18.81641831,21.86518296,24.91881402,0.0002383129871,0.0001570137516,0.0001290637436,0.0002379925393,8.027780963e-05,0.0001188813565,0.0006373866997,0.0004504571149,0.000809588803,0.0005756507858,0.0005543896882,0.0009649300663,0.0007028866157,0.0009476092586,0.0008146764141,0.0005967164431,0.0007475271467,0.001116514076
id131,scenario1,1,1.901160552,1.701288429,2.188039716,2.417111365,1.68028033,1.213321931,3.773696438,2.690616619,4.289555712,2.891386867,2.416053752,3.906339363,3.851610405,3.633542624,5.101268638,0.8766272455,0.9972336421,1.07771133,2.863874131e-05,1.305403874e-05,2.423812212e-05,6.763408006e-05,1.53370755e-05,6.569588397e-06,9.452866444e-05,3.679610827e-05,0.0001219827707,3.663004094e-05,1.349460393e-05,4.893522896e-05,7.248992212e-05,4.145830377e-05,9.322104397e-05,1.710163506e-06,2.480836907e-06,2.384860636e-06
id131,scenario2,2,1.131709766,0.6033992679,0.8757614308,1.503355047,0.8616998874,2.038227256,1.595992689,0.6804566803,0.850514769,0.09920346028,0.07914051426,0.1058520673,0.3665286779,0.2924017769,0.3910933971,0.2058204614,0.164195252,0.2196145302,3.471093248e-05,3.090404975e-06,7.02159009e-06,4.053978866e-05,3.783432543e-06,5.698503534e-05,4.276502561e-05,2.82792862e-06,3.818657975e-06,3.7356493e-08,2.01756444e-08,3.42797419e-08,5.099509183e-07,2.754163352e-07,4.679504001e-07,1.608012988e-07,8.68462097e-08,1.475574009e-07
id131,scenario3,3,13.56175959,11.47206165,12.59225107,12.91523335,11.86005233,12.09229575,12.35663583,10.47287203,14.58041682,7.831956874,4.930687153,8.078327797,4.985048339,5.833364083,4.959316414,6.374063133,5.424955492,6.818292299,0.0004394303302,0.0002684027185,0.0003287800116,0.0004575617393,0.0003448559827,0.0003531023021,0.0004173554737,0.0002615410602,0.0005055240809,0.0002294728249,6.25338539e-05,0.0001982883253,0.0001411718837,0.0001455742183,0.0001091213729,0.0001782007391,0.0001001890828,0.000166944874
id131,scenario4,4,15.23717768,9.694741162,17.24341234,5.60323428,3.968591728,5.120735928,17.00504907,12.66773221,12.80891389,17.4664368,13.15338214,24.73113934,4.963862998,3.740609256,6.044013385,16.50849949,14.0752221,22.32352546,0.00048590874,0.0001855492534,0.0006368739328,8.569043317e-05,4.410363907e-05,8.116270677e-05,0.0006588706902,0.0003629887914,0.0003008809798,0.0006585273408,0.0003343237307,0.001239911338,7.958011591e-05,4.189325538e-05,0.0001841038134,0.0005849488297,0.0003574479139,0.0009753431776
id131,scenario5,5,9.679972278,9.09558769,12.44464721,7.460827624,6.655689002,8.4999575,5.506698629,5.506630092,7.247660586,0.001200333819,0.001480587435,0.002014847946,0.7897433851,0.8970416996,0.9209267051,2.362802879,3.466619766,3.107415698,0.0002695705551,0.0001644240318,0.000350248624,0.000183348524,0.0001054930486,0.0001663100123,0.0001742826599,0.0001062216247,0.0001682550354,0.0,0.0,0.0,1.734522253e-05,9.971493141e-06,1.014112426e-05,6.309960592e-05,0.0001089802939,7.751375367e-05
id131,scenario6,6,16.81064519,20.32587943,19.97972015,13.18268044,13.14160908,19.93340127,14.10090601,15.75779553,13.32846146,16.00231962,15.48480443,20.89976413,17.04046199,14.33486928,18.80376696,15.80517117,15.74759658,17.30559892,0.0005082368701,0.000732135977,0.0006908227328,0.0003285015494,0.0002849994243,0.0005844051567,0.0004515140979,0.0005277193587,0.0002913151548,0.0005163955818,0.0004335597712,0.0008123966714,0.0006552978542,0.0004259112785,0.0006652439463,0.0004929726024,0.0004416130849,0.000509455767
id131,scenario7,7,7.155555156,6.857260191,6.827087212,4.285653629,4.181582767,4.60638804,21.50214756,14.54686335,23.35406528,11.09506959,10.51603676,15.59629651,1.930599161,1.57997091,3.545797532,4.838026737,6.620987474,11.13644249,0.0001686554849,0.0001004231638,0.0001013074275,0.0001069472156,7.409261784e-05,6.694462956e-05,0.0008117967702,0.0003548178256,0.0008694757556,0.0004273519306,0.0003189170385,0.000647856104,4.420169978e-05,2.243143908e-05,0.000100788682,0.0001186684143,0.000161592901,0.0005073942542
id131,scenario8,8,0.0001318354518,0.0004041401273,0.0007350202573,0.0001216673198,0.0003345369625,0.0005060276178,1.53756939,1.712154199,1.762980104,0.7219105734,1.035232684,1.639639494,0.7219105734,1.035232684,1.639639491,0.7243535619,1.043662694,1.601900536,0.0,0.0,0.0,0.0,0.0,0.0,3.769252342e-05,1.995146805e-05,2.109220657e-05,1.010446623e-05,1.011033828e-05,2.261472321e-05,1.010446623e-05,1.011033828e-05,2.261472317e-05,9.987812844e-06,1.050699605e-05,2.110691245e-05
id131,scenario9,9,0.0002516770758,0.001054949857,0.002447984082,4.465544709,3.719941142,6.110631616,6.203909423,6.206274856,6.62258801,0.3426452343,0.5687880465,0.8169513835,2.715581715,2.549092998,3.342924059,0.0001351242267,0.0002334491121,0.0003746114457,0.0,0.0,0.0,9.412155178e-05,3.855538626e-05,0.0001470244879,0.0001415915527,9.000397584e-05,0.0001047708391,4.13582145e-06,5.15150559e-06,1.026818351e-05,8.132569435e-05,3.062571694e-05,8.396125979e-05,0.0,0.0,0.0
id132,scenario1,1,3.031828764,1.966173234,4.371581667,4.280404961,3.520887742,5.158192361,4.264652949,4.162250591,6.746623094,4.817591702,5.096364756,10.22071178,8.321792922,8.873511961,15.55506416,6.485049354,6.568881424,13.14028641,7.686219568e-05,1.642513716e-05,0.0002019410768,0.0001226198313,5.994408768e-05,0.0001648428044,0.0001149156846,7.651906043e-05,0.000288902517,0.0001279600612,8.787266737e-05,0.0004661104143,0.0002384707153,0.0002182165495,0.0007861758182,0.0001801253639,0.000120510536,0.0006344062783
id132,scenario2,2,13.89818374,9.343086432,18.87801251,13.75151328,10.64495004,19.1395557,11.65110235,7.914272404,21.34328795,12.0263786,11.07083817,32.24650728,12.22351943,12.13868054,28.20067823,9.204408428,6.839481836,22.26018125,0.0004339571658,0.0001664100721,0.0007735072812,0.0005004426759,0.0002206988313,0.0008886029191,0.000376637312,0.0001306158482,0.001198404438,0.0003447461378,0.0002473981986,0.002328779468,0.0003403924515,0.0002641597607,0.001772371859,0.0002640676234,0.0001204081329,0.001528851002
id132,scenario3,3,4.384043395,3.074813084,8.914110518,14.7646048,10.53294842,13.69947462,14.32642157,10.84560354,15.00890243,21.97419875,13.45366678,47.19675331,17.43259285,14.78790722,41.60295724,17.33207819,14.09035754,41.58565877,0.0001591067648,6.494552347e-05,0.0007063521444,0.0005551713294,0.0002282956717,0.0005110780921,0.0005666033445,0.000228547148,0.000529651626,0.0007708066631,0.0003002529033,0.003220314253,0.0005346145893,0.000366833532,0.002889832373,0.0005412247388,0.000337977193,0.002954370486
id132,scenario4,4,20.80516478,16.61972019,22.32585717,15.92534494,15.09268209,19.37429302,16.02000696,17.03195732,21.70458398,14.71529821,10.65826086,30.40404336,8.322989652,5.929822333,14.44873951,16.03175664,11.38267047,34.48724971,0.000784957063,0.0004421212061,0.0008412348076,0.0005358364468,0.0004124171652,0.000690372141,0.0004987570508,0.0004882624593,0.0008002004692,0.0004480111424,0.0001787607474,0.001791476427,0.0002637970195,9.572859483e-05,0.000816799283,0.0005036265685,0.0002165668889,0.002058927721
id132,scenario5,5,4.998978843,6.556033772,12.17419762,13.50833191,16.98575573,18.50152799,7.987393069,8.084369037,13.67243532,11.59728447,10.6412095,27.80069562,11.6257088,9.534878698,28.48347642,13.42547318,9.796207291,26.6663387,0.0001177103632,0.0001266995447,0.0006772828916,0.0003624472734,0.0004765202989,0.0007179862454,0.0002421178847,0.0001761698143,0.0007683569876,0.0003434109468,0.0002409046023,0.001904184205,0.0003811962938,0.000214107234,0.001973342171,0.0004359378025,0.0001807887678,0.001648492586
id132,scenario6,6,18.53403096,15.32678853,22.35697811,1.208841327,2.268071581,3.33128689,9.806729416,7.432518968,15.71375727,15.32117771,10.02092137,38.91764997,20.78889468,12.94389815,55.53239456,16.48487747,14.17059671,45.73144876,0.0006593204768,0.0004578273292,0.0009885486902,2.598464542e-05,5.500428026e-05,0.0001687699968,0.0003035210285,0.0001632493368,0.0008267533592,0.0004861187791,0.0001767503578,0.002891600392,0.0007374803673,0.0002688286167,0.004559872584,0.0005352958166,0.0003643840632,0.003411607232
id132,scenario7,7,11.16963994,11.31124775,17.47857084,9.840054266,11.61900264,16.11282451,15.28404293,10.96975059,18.9122406,19.38731037,17.08614618,46.91576126,12.10254525,14.24761101,28.24268469,16.3297381,14.09975277,38.72670313,0.0003137641066,0.0002598345372,0.0007540815435,0.0002936115004,0.0003488709582,0.0006793693047,0.0006346859852,0.0002604572825,0.0008866008453,0.0006310814048,0.0004906578492,0.003424295923,0.0003700073284,0.0004246334893,0.001783557177,0.0005205063172,0.0003375276198,0.002659163528
id132,scenario8,8,9.130557259,8.763130538,15.16544241,10.70927572,8.95033685,19.07881394,2.419414197,2.963536451,2.236715029,15.29395264,13.24715025,31.92762765,21.05721487,16.79064961,52.74949769,17.92795391,13.10478051,44.01795807,0.0003075405647,0.0001916037111,0.0007314647463,0.0003855114134,0.0002450861652,0.001150380795,5.572744607e-05,4.652610845e-05,2.472071745e-05,0.0005264091378,0.000337924523,0.002060544775,0.0007407586798,0.000449630093,0.004041989348,0.0005818719274,0.0003103145614,0.003233821988
id132,scenario9,9,15.65372326,16.15335619,29.05408459,8.734522368,7.953521401,13.36295122,8.392316395,8.841434363,14.35939524,21.18601879,13.84966569,49.68590069,20.50853614,16.54946367,53.74741472,17.10298143,10.91178691,38.35289794,0.0004739990333,0.0004444168614,0.001619781132,0.000210807456,0.0001522306707,0.0005410289876,0.0002049492784,0.0002497044629,0.0006917540695,0.0007438433751,0.0002954762362,0.003625846693,0.0006474186452,0.0004272258699,0.003969169296,0.0005305470986,0.0001862465631,0.002729889012
id133,scenario1,1,11.65797005,9.911050344,11.56180171,10.79559882,9.294142744,9.555378825,10.1760005,8.528583697,10.14227488,14.29501338,11.51174761,11.79373354,20.60552342,19.70599998,30.90409491,19.35498673,20.92514677,29.85647141,0.0003094271215,0.0002031518249,0.0002660317798,0.0003108378117,0.000185809567,0.0001926309802,0.0002635966636,0.0001725908362,0.0002280256767,0.0004435210921,0.0002664060125,0.0002867748765,0.0006949713847,0.000664281788,0.001699740481,0.0006661266165,0.0006517787111,0.001435051185
id133,scenario2,2,7.510684163,4.57409488,6.26506813,9.267864567,7.756173885,9.98091726,9.422224015,7.638921424,11.14049888,8.427630189,10.03385639,9.731372276,19.57629696,17.86222108,20.85347866,18.91222126,19.91754944,22.28868594,0.0002528684665,5.827218413e-05,0.00015439831,0.0002575383102,0.0001434996053,0.0002279248891,0.0002225487125,0.0001114679319,0.0003385973786,0.0002457934339,0.0003195246802,0.0003075783916,0.0007664970612,0.000539657822,0.0008684220896,0.0006596441383,0.0007183350109,0.0009994656558
id133,scenario3,3,9.646632571,8.690058301,7.720042296,9.201569481,7.852484601,9.432141694,10.98288329,9.967675267,13.5857225,9.240305609,9.456302972,7.533399457,19.37930386,18.08209261,25.08306312,13.04898778,10.51808746,16.58875891,0.0001936887984,0.0001472224411,0.0001014006002,0.0001932812945,0.0001126887887,0.0003110320603,0.0002656403247,0.000211134047,0.0004985956835,0.0002287885527,0.0001796320861,0.0001180157854,0.0006279518003,0.0005234347242,0.00105141428,0.0003185152164,0.0002229863453,0.0006322321023
id133,scenario4,4,4.188944813,3.936462796,4.049105577,12.06875816,12.13347376,10.52009448,16.03581593,12.95146412,16.24964596,12.31907846,11.50034942,12.32838927,19.37854216,23.6103469,20.69587509,18.81994267,22.79783039,27.13015171,8.46696543e-05,4.303093841e-05,4.779759563e-05,0.0003116241707,0.0002684612879,0.0002085447093,0.0005634665958,0.0003455717143,0.0005166146792,0.0004543910056,0.0002798465328,0.0002947873574,0.0007271005204,0.0009691302406,0.0007590832289,0.0006799378727,0.0009642728539,0.001239931894
id133,scenario5,5,11.12443613,7.944863943,9.633477872,15.44267337,15.65790456,14.79671807,18.90913457,15.34286681,15.44072487,7.386965896,7.300474235,6.427785944,15.25859807,16.86135045,21.92111225,15.46531769,15.96105292,17.60279691,0.0003626764267,0.0001225946316,0.0001941294935,0.0005969978527,0.0004917017167,0.0004839102032,0.0006831687312,0.0003983735208,0.0004117157302,0.0002052154419,0.0001339351143,0.0001181657435,0.0004894294547,0.0005325133667,0.0009933180139,0.0005397235314,0.0005188558822,0.0006509964775
id133,scenario6,6,11.4547236,8.508872704,8.090656174,10.75369264,8.819545433,10.53729037,12.63749246,12.01646559,15.91893739,11.45218885,15.70148247,20.46600731,18.88764117,25.67842213,33.25280485,19.47697407,22.0077645,33.36020172,0.0004269757918,0.0001898757599,0.0001981428343,0.0003419313025,0.0001823346214,0.000245591888,0.0003965270164,0.0003090381057,0.0004832116371,0.0003254320812,0.0005476582126,0.00103292731,0.0006350013092,0.001174090082,0.001968044845,0.0006966170201,0.0009463481284,0.001936868068
id133,scenario7,7,3.487110685,1.960454486,3.616425554,5.970885118,7.245421227,10.91020293,7.132360955,8.783097463,10.34705123,5.96048366,8.067855722,9.188634179,16.57037403,18.28610738,30.18612103,15.46779274,18.00192313,35.16222881,7.9648787e-05,1.297732119e-05,5.675348185e-05,0.000145009004,0.0001523163352,0.0004050660597,0.0001998205843,0.0002157886044,0.0003428291613,0.0001530665953,0.0001813798922,0.0002536200602,0.0006511353427,0.0007420428851,0.001925943353,0.0005107616401,0.0006728180788,0.002326396433
id133,scenario8,8,5.664759705,7.389384029,8.389565037,2.870564698,4.966550128,3.837866915,2.446031924,3.503273999,3.074430163,14.34133418,16.82264807,15.90968891,16.74551933,12.48613345,27.31245025,15.5968973,14.25901329,29.26219905,0.000162080795,0.0001762029593,0.0002739815056,6.176075778e-05,0.0001173138113,6.101673975e-05,4.593955151e-05,5.60092389e-05,4.194214761e-05,0.00055107711,0.0006501016144,0.0005371678054,0.0005881713593,0.000291781785,0.001631836318,0.0005237429352,0.0003807773593,0.001868075087
id133,scenario9,9,4.927613314,4.821747428,4.199529946,5.942520096,6.958913898,6.938698365,6.588631153,5.038639119,5.711862723,14.08972166,15.42074062,28.28600422,22.61198251,17.4903294,33.75587292,21.37336499,15.56067319,43.15239968,0.0001209184106,7.015009315e-05,4.485107492e-05,0.000120268285,0.0001198913236,0.0001092519348,0.0001254855495,5.463117552e-05,5.759594809e-05,0.000416702846,0.0004147152314,0.001453207475,0.0009689325572,0.0005010633636,0.002050244774,0.0007849601733,0.0004018639564,0.003011134331
id134,scenario1,1,9.169259015,7.76947837,8.144362272,10.57565295,6.378314776,7.899179689,10.56945509,5.589271516,7.479665508,11.20987864,7.776538153,10.48901301,12.49312373,11.86248357,10.31376053,11.3671582,7.814898201,9.864919823,0.000153223086,9.834184129e-05,0.0001125471781,0.000244522902,7.496666492e-05,0.0001232294899,0.0003148371058,6.927860612e-05,0.0001101876335,0.0002179148696,0.00011039418,0.0001872314695,0.0003003655044,0.000233639071,0.000181847787,0.0002590600961,0.0001014244953,0.0001603213818
id134,scenario2,2,8.80447942,7.130517005,7.748565179,12.03663925,8.853008824,8.004935999,14.39678031,9.364018811,11.16634067,10.08334237,6.735655672,7.305906327,9.696317219,6.578710868,7.50098028,13.42867185,8.976686083,9.836785159,0.0001348103798,9.351912043e-05,0.000100238101,0.0002568787086,0.0001201925924,0.0001086283206,0.0003583417493,0.0001578357914,0.000223957155,0.0001773941982,8.302355814e-05,9.552806711e-05,0.0001901666737,8.740443689e-05,0.000103861424,0.0003232125437,0.0001325364474,0.0001667419591
id134,scenario3,3,15.05726646,11.88232295,10.18379618,13.64158739,10.14340598,9.899252309,15.38647803,12.27300929,11.37317143,16.92077136,10.77904445,14.86028497,15.65803048,10.85070241,14.60258487,16.2574791,11.66465785,13.8881292,0.0003814077229,0.0002151023408,0.0001677670356,0.0003315135204,0.000186680782,0.0001649305941,0.0004011368857,0.0002474995112,0.0002152259951,0.0005126238023,0.0001868415352,0.0003722855103,0.0004249729285,0.0001790795368,0.0003442559906,0.0004594693827,0.0002285268729,0.0003263209614
id134,scenario4,4,12.75612218,10.47094903,9.182464064,13.10450984,10.14892453,10.05734334,13.21548561,8.852807678,8.399788852,9.628624367,7.844552366,8.481969214,11.24511201,7.46361908,7.015673375,12.59425085,8.668289123,9.224961584,0.0002643428336,0.0001766414501,0.0001402014385,0.0002841954574,0.0001710039662,0.0001599860055,0.000325503657,0.0001214362483,0.000132989915,0.0001703362909,0.0001155791314,0.0001173774381,0.0002426151019,9.110396734e-05,8.357777118e-05,0.0003016029841,0.0001310252447,0.000141365803
id134,scenario5,5,12.7845742,9.210515139,11.26804101,9.627130188,5.843641256,7.638386383,8.704404292,4.714580264,5.470536527,12.27172554,9.096923433,9.325399063,13.46773083,8.072282788,9.413823704,10.98984679,8.456098049,8.852550569,0.000308579166,0.0001387858266,0.000210543114,0.0001915116442,6.407607305e-05,0.0001027443259,0.0001402981368,4.353063222e-05,5.897904989e-05,0.0002770058931,0.0001418934256,0.000139087809,0.000327632903,0.0001187241483,0.0001578618168,0.0002214026754,0.0001262903229,0.0001314637539
id134,scenario6,6,14.06736468,10.07891196,13.10437626,12.48476267,10.5078781,13.02664786,14.70901864,10.45254428,11.51586871,12.78198584,12.24375251,10.75464537,11.91594175,7.711279183,10.80227546,14.54716112,9.64611342,11.88154497,0.0003738358547,0.0001835183551,0.0003039881774,0.0002998155615,0.0002044607245,0.0003231735614,0.0003824052898,0.0001880361793,0.0002160791195,0.0003208862284,0.0002717748523,0.0002167981352,0.0003080272826,0.0001110196023,0.000217867942,0.0004539906672,0.0001587758835,0.0002501264338
id134,scenario7,7,12.94372046,7.759170579,8.424104057,10.23636527,7.325831571,9.088027417,10.61644364,7.885868384,7.975621823,9.97131957,7.523077394,8.738579647,8.935295034,6.107747938,7.861976538,10.14577968,5.639831914,6.312132345,0.0002899382098,0.0001009464177,0.0001125846112,0.0001987647298,8.570399774e-05,0.0001323677851,0.0002212474904,0.0001274285884,0.000117174513,0.0001839932437,9.880364813e-05,0.0001348831534,0.0001705073924,6.576188975e-05,0.0001303167367,0.0002102910806,6.058128918e-05,7.655988161e-05
id134,scenario8,8,14.56989028,10.88411103,10.95293377,12.32658764,9.977599127,8.648388724,12.49233562,10.50754716,7.32852224,14.72457323,11.94371135,14.11719297,17.69445654,12.46513198,15.96536913,15.50968452,12.55757163,13.51033666,0.0004615532417,0.0002236443408,0.0002354793414,0.0003131734327,0.0001808099374,0.0001355272664,0.0003220190047,0.0002038319307,9.337475327e-05,0.0004228158526,0.0002531864477,0.0003806933886,0.000643447295,0.0002979160497,0.0004752749033,0.0004565495944,0.0002853403489,0.0003228717668
id134,scenario9,9,9.634588134,3.672484809,11.18599114,13.06077508,9.435947569,14.69219745,12.02244144,8.259109101,9.503644321,11.71372123,9.670381128,11.83387013,16.01003177,11.2314231,15.56191106,14.71814567,11.70860133,13.45770958,0.0002894835463,2.804996471e-05,0.000360963278,0.0003570102648,0.0001627304905,0.0004242828755,0.0002918606024,0.0001075757203,0.0001313519431,0.0003084010118,0.0001631754316,0.0002974850817,0.0004592938458,0.0001883693387,0.0004145951542,0.0003939263221,0.0002347437524,0.0003090230418
id135,scenario1,1,12.29572562,11.51568408,17.76525341,14.43185023,13.49266358,23.2569685,16.62780308,15.21664868,21.24470978,12.53838429,9.810414076,18.54385276,13.94841263,12.34814,19.21971584,12.81185214,11.07927609,20.60721004,0.0003596047699,0.0002338095852,0.0006461274719,0.0004389139724,0.0003497005165,0.001081410175,0.000603766632,0.000408033713,0.0008576327486,0.0003759693676,0.0001795112209,0.0008064800766,0.0004457053724,0.00029945877,0.0007772533815,0.0004213159151,0.000258160166,0.0009588201756
id135,scenario2,2,15.09981462,13.10761937,22.85180973,13.92913488,15.98752783,23.60586257,18.03905809,16.49313742,23.95102206,16.8453134,16.15423695,38.92726705,20.90735786,18.3855758,39.71618794,19.02399225,16.98757176,45.98596781,0.0004771481277,0.0003258584646,0.000979761657,0.0003551843478,0.0004190535648,0.001125888694,0.0005852207309,0.0004408117294,0.0009419147884,0.0004890278371,0.0004415180409,0.002476079954,0.0007298382858,0.0005563303383,0.002523603381,0.0006068533034,0.0004556378237,0.003440925218
id135,scenario3,3,12.2580638,12.26341736,14.07995448,11.27441428,13.65822394,17.19353338,15.53191419,13.29170964,17.8818705,17.47295979,18.93677453,32.39020241,17.72386861,15.30011758,30.1899888,16.63115965,14.28331714,37.11309819,0.0004017755454,0.0002761807503,0.0003565897439,0.0002812679582,0.0003085328165,0.0005531069575,0.0005364255881,0.0003124054443,0.0005779041249,0.0005350693774,0.000603179795,0.001699013679,0.0005913094517,0.0004140439332,0.001632900459,0.0004732252452,0.0003238893444,0.002195840074
id135,scenario4,4,14.21899232,11.48653981,17.6144667,14.41193549,9.747944124,18.28282141,11.1750047,8.778311145,20.47275853,14.06260898,12.74325059,23.97820457,16.70710329,13.32593535,27.49483256,15.58410986,15.19011787,25.60779806,0.0005052693291,0.0002572765983,0.0005528442526,0.000501561659,0.0002212562054,0.0008029620672,0.0003712073186,0.0001435828851,0.0008950857682,0.0004304825498,0.0003012931064,0.001245833933,0.0005480423015,0.0003110359312,0.001375497621,0.0004837174411,0.0003762614183,0.00117987735
id135,scenario5,5,12.7725862,11.22774251,16.17325484,15.70133576,14.20753531,21.92813498,14.22627638,11.85930336,22.19626852,14.81073403,10.88911336,25.40530002,16.91849905,18.33247258,36.19515483,18.7197609,17.69532162,34.97016788,0.0003809948038,0.0002391047835,0.0004795193904,0.0005119175078,0.0003887909208,0.0008140361202,0.0004417980431,0.0002600305162,0.00094207718,0.0004470615535,0.0002150216648,0.001314121575,0.0005666440322,0.0005765652525,0.002270213537,0.0006635151577,0.0005249314447,0.002118405143
id135,scenario6,6,14.06008078,12.49760726,18.0610101,14.14569187,11.18210841,15.70993223,15.54459727,12.11770069,16.82699795,14.71750322,16.36382872,29.2200725,19.00509825,17.80982671,31.5973329,18.75716486,14.89685564,39.19330504,0.000432568235,0.0002641641549,0.0005780871912,0.0004589492361,0.0002207117778,0.0005449575566,0.0005202743921,0.0002497084622,0.0004851974823,0.0004337117927,0.000457237288,0.001494296708,0.0006622268575,0.0005626953156,0.001742584086,0.0006126967689,0.0004019283073,0.00246316711
id135,scenario7,7,9.083094791,9.46709396,11.46648942,8.663219044,9.729980887,8.439419471,6.686196113,7.412150442,7.225466897,20.14386368,18.76366471,27.23164696,18.91276485,18.42285843,35.67893991,21.86242435,18.05481369,36.27516479,0.0002550409506,0.0002129181418,0.0002895237806,0.0002308119896,0.0002099451931,0.00013912303,0.0001462450041,0.0001624182134,0.0001064330902,0.0007921656043,0.0005615674925,0.001232317514,0.000613908116,0.0005776969552,0.002087112666,0.0008705300819,0.0004994820868,0.002085086232
id135,scenario8,8,11.44539733,13.16164519,20.15304853,15.41257646,16.4426181,22.60912347,16.57851185,17.42528262,26.28535188,15.35471846,15.06950486,31.17110845,17.89122485,18.99498071,39.69624634,17.51002583,12.15799391,39.83240851,0.000323624515,0.0003044848926,0.0007738024457,0.0004845424362,0.0004576269321,0.000839814034,0.0005495398973,0.0004620218538,0.001205203736,0.000463300117,0.000473940342,0.001814446729,0.0005496015489,0.0006785376689,0.002477260658,0.0005562191336,0.0002486076403,0.002558118632
id135,scenario9,9,18.15415373,9.338302559,21.09202247,14.23460545,8.77686868,23.87360082,9.77232406,12.17862863,17.86858818,17.99280813,14.24631725,34.2597673,18.72927171,16.81837752,35.22071351,19.50681495,18.32062803,35.96535771,0.0007095368254,0.0001358652955,0.0008494286848,0.0004057192554,0.000120238067,0.00109235957,0.0002925980224,0.0002971141201,0.000687219518,0.0005839836103,0.0003615497145,0.00189201206,0.0005983367072,0.0004792645111,0.001993691267,0.0006297969068,0.0005052731799,0.001980500188
id136,scenario1,1,13.3684844,12.25657627,20.24887832,19.65001589,19.32145459,22.87953214,17.02498209,11.05476625,21.64227624,16.70752563,14.27028762,31.28417575,18.97166209,19.1112781,34.40408787,16.65482023,16.54527945,38.30924548,0.000401395541,0.0002581335582,0.0008508589392,0.0007682977922,0.0006959290314,0.0010592374,0.0006726721802,0.0002332332107,0.0009198942141,0.0005403759379,0.0003404518277,0.001833404134,0.0006384649062,0.0006449777515,0.002081007062,0.0005537159782,0.0004685866186,0.002533927634
id136,scenario2,2,13.78899414,11.50095653,16.01770567,11.45248042,10.83913166,15.4042076,15.08702615,12.02631262,21.77357821,16.75774785,11.77332988,40.26681479,17.14229736,14.4199626,27.48576032,17.51488185,14.24437677,40.85661996,0.0003437274775,0.0002372129142,0.0004586237454,0.0003040728369,0.0002138101607,0.0006019763699,0.0004569745165,0.0002747012817,0.0009860493706,0.0004807524426,0.0002429267495,0.002769465147,0.0005533090463,0.0003661355595,0.001651184659,0.0005276325259,0.0003468666658,0.002633089152
id136,scenario3,3,14.10561464,12.74216176,17.20899292,18.52879635,16.76503227,30.12749264,17.0469967,14.46163099,22.46420484,19.39496639,14.3169481,36.6322502,18.28429201,18.75625631,38.9096572,17.47664315,16.84585799,39.70745111,0.0003559026545,0.0002915031875,0.0005380399709,0.0006032428918,0.0004708550333,0.001554895417,0.0005082121591,0.0003607879167,0.0008597503963,0.0006170434053,0.0003244281992,0.002216946988,0.0005480458004,0.0005083114495,0.002306011721,0.0005036274649,0.0004255329913,0.002446961206
id136,scenario4,4,14.08754374,12.90163743,14.37491438,16.32111672,15.79396721,25.13434854,17.30420883,12.39345762,21.77748473,11.18062789,10.26909108,21.79962631,15.31465461,16.25084278,30.32647868,14.07894774,11.67340429,28.8722265,0.0004812794671,0.0003679781345,0.0003481478585,0.0005280900601,0.0003912891205,0.001119180408,0.0006682222197,0.0002781048917,0.0009330784505,0.0003291420382,0.0002093943064,0.001104578692,0.0004893476591,0.0004505660226,0.001684408877,0.0004174960993,0.0002647740882,0.001669215277
id136,scenario5,5,12.91150886,13.13904892,25.69758075,13.01715099,15.35720839,26.73652521,12.58613128,11.41103126,24.86198848,10.97208326,10.44626499,25.19602271,14.86887105,12.28669463,30.3663162,15.54339123,12.341346,26.67479958,0.0003471340564,0.0002915376414,0.001205118491,0.00037819711,0.0004523654797,0.001381551228,0.0003484922026,0.000217772796,0.001080362239,0.000298749719,0.0002319928252,0.001388306592,0.0004726430068,0.0002820547701,0.001835304105,0.0005518226429,0.0002690937194,0.001488313144
id136,scenario6,6,9.660037131,8.850924868,15.05159412,11.17442832,9.730995881,12.68439133,9.250229493,9.683228008,11.73552431,9.245172157,9.639045734,18.75972439,16.96731828,15.02150623,19.76732456,10.27853847,9.14804284,14.40992261,0.0002163710513,0.0001457737871,0.0004650042262,0.0002861239013,0.0002065645142,0.000316629848,0.0001578076825,0.0001929410813,0.0002546053489,0.0002001368768,0.0002444204344,0.0006567859105,0.000522451488,0.000414898775,0.0006971545045,0.0002002260942,0.0001317216136,0.0003456921687
id136,scenario7,7,4.120976746,4.340931407,7.174382518,16.33248518,19.65891017,19.24858465,11.7767571,13.56855382,22.15592893,15.32924525,13.81801917,22.70310843,23.3153405,21.00118202,40.94080355,16.88898822,15.72258591,30.00146526,9.050103844e-05,7.301511242e-05,0.0002197437997,0.0005927778265,0.0006776313119,0.0006683021112,0.0003906430875,0.0003335868045,0.0008680269574,0.0004684493776,0.0003414802219,0.0009349869768,0.0008595065176,0.0006929851477,0.002429885414,0.000504145746,0.0004259984747,0.00144328688
id136,scenario8,8,8.025833693,7.697110784,13.66087524,12.06007108,15.6270493,21.76665493,9.942422558,8.680959494,16.2999755,15.81169845,14.73166199,30.79693155,21.69062476,20.28803902,40.0338275,18.01712647,18.03585178,36.93143379,0.0002160359627,0.0001299517775,0.0005303255128,0.0003133501357,0.0004228645076,0.0009797448331,0.0002919999507,0.0001550341907,0.0006969262088,0.0004804158835,0.0003538745843,0.001816998739,0.0007383868906,0.0007389725213,0.002529654914,0.0006292612905,0.0005243877219,0.002275285973
id136,scenario9,9,11.9487126,11.56416243,30.3520853,18.37565789,14.32599946,36.15142156,13.16355106,13.01847655,24.34136468,6.802015525,6.416060158,16.0832176,7.337765481,5.948722317,17.01911797,8.483622259,7.154808771,18.81376418,0.0003243246671,0.0003233559811,0.002061078432,0.0006001854413,0.0003257971877,0.002366035366,0.0003632292924,0.0002671426877,0.001041423569,0.0001920653002,0.0001062180642,0.0008068517625,0.0002097418084,0.0001005750999,0.0009642045088,0.0002445395867,0.0001124170068,0.0009752851858
id137,scenario1,1,8.310725717,6.410312761,6.668590426,9.133107241,7.860761814,8.202819446,15.6409062,10.11164414,14.19584492,8.88293816,6.435557247,10.0019144,9.323073665,6.640411766,11.51877678,13.04727484,9.173561684,18.56162908,0.0001469217277,8.152980981e-05,9.288716774e-05,0.0001610969204,0.0001283229288,0.0001559453175,0.0003918361401,0.0001786897096,0.0003375806566,0.000149342872,8.440238685e-05,0.0001962334863,0.0001894490529,9.574232336e-05,0.0002787127924,0.0003178260003,0.0001427857966,0.0006630790823
id137,scenario2,2,13.18887971,8.363212946,7.495494392,13.46145986,8.545713084,7.830268819,13.80591525,7.919021356,8.183735913,9.257777618,7.046094292,14.49141437,12.95035204,7.743814623,12.70074722,14.430065,9.630733894,21.37618494,0.0002785939752,0.0001105414878,0.000105571484,0.0002972141273,0.0001145718987,9.460111017e-05,0.0003158685342,0.0001065388514,0.000110494527,0.0001722581724,0.0001021849,0.0003992717936,0.0002995233185,0.0001076769325,0.0003254138492,0.0003605858665,0.0001858986157,0.0008117206895
id137,scenario3,3,0.8632079094,0.3921957407,0.3881106577,4.71661333,2.751425787,1.735654873,3.110405488,1.923025925,1.27390741,1.111994098,0.7539330334,1.535075427,5.297842066,3.68454146,7.534715811,2.300807468,1.688686178,3.430348514,2.388232181e-06,4.900380049e-07,4.770884332e-07,7.740374524e-05,2.038589928e-05,6.801122934e-06,3.19774048e-05,1.00222835e-05,4.667148195e-06,4.276647949e-06,1.593145843e-06,8.613068649e-06,0.0001049686838,4.090213884e-05,0.0002205150376,1.522789562e-05,7.383010296e-06,3.561930376e-05
id137,scenario4,4,9.877015202,5.647182841,7.83095489,14.97121453,8.914537578,11.7359744,13.69680014,11.08717733,13.44925785,10.61981437,6.653474835,8.358311055,19.88246021,12.0119131,18.9489779,19.64584768,13.61603616,23.94134434,0.000168284182,5.204433548e-05,0.0001007469129,0.0004350927984,0.0001578393688,0.0002646420559,0.0003632372518,0.000228209594,0.0003375561242,0.0001822736706,7.2679206e-05,0.000122898633,0.0007335174514,0.0002586240212,0.0007452853566,0.0006992439558,0.0003399956114,0.0009986403997
id137,scenario5,5,9.592651214,5.104224909,5.567149423,15.43847027,10.734635,9.763975004,15.89805502,9.645253384,9.612551859,6.557455373,4.37983499,4.980565307,8.534643039,5.264255463,6.56097294,9.255490167,5.497001714,6.049404367,0.0001491880788,4.464681306e-05,5.444396406e-05,0.0003921148921,0.0001924757846,0.0001511479295,0.0004278974484,0.0001391629396,0.0001606293155,8.985885932e-05,3.805305687e-05,4.650439957e-05,0.0001804279361,7.911226706e-05,0.0001011330002,0.0001871401385,6.879881792e-05,7.934111784e-05
id137,scenario6,6,6.714403511,3.743633631,3.511505996,4.11505147,2.627158743,2.316312522,6.78615858,4.37846318,4.17843816,7.294496908,4.459127299,5.68075823,5.342367781,3.527928256,3.854010489,6.175189135,4.010086769,5.214296426,0.0001204641605,2.770716356e-05,2.671259533e-05,4.675225405e-05,1.730930691e-05,1.243337069e-05,0.0001361317565,4.136607698e-05,4.148993818e-05,0.0001184324883,4.670552029e-05,6.711087313e-05,5.449648216e-05,2.217359272e-05,2.667202837e-05,0.0001066733828,2.965932281e-05,6.786874518e-05
id137,scenario7,7,6.250324933,3.994094819,4.471723544,6.574002605,4.065886627,5.260987408,10.83637159,7.38491509,7.752379408,5.781304953,4.389781681,5.312090034,6.268069992,4.70136527,5.597889147,12.86840458,7.936921441,14.31886435,6.270558746e-05,2.727501346e-05,3.210388116e-05,9.375930606e-05,3.18445408e-05,5.749990277e-05,0.0002260654558,9.863697631e-05,0.0001029694382,5.312530276e-05,3.240136049e-05,4.368688366e-05,0.0001000965057,5.063449364e-05,7.52446887e-05,0.0003122665533,0.0001224180507,0.0003690282987
id137,scenario8,8,8.669507338,5.735872202,4.303982093,8.860799615,6.500891062,5.590138848,18.0536148,11.39189758,10.90934047,9.870776726,6.691306373,8.926585395,14.48349725,9.808531515,17.04547851,13.65432892,11.26627763,17.43548266,0.0001462782061,6.972560617e-05,2.886027147e-05,0.0001639013289,7.610838398e-05,5.67192998e-05,0.000712599351,0.000236266111,0.0002242413095,0.0001878141665,8.673172594e-05,0.0001458150107,0.0004229573381,0.0001610649617,0.000551468154,0.0003327323755,0.0002556531971,0.0005785161017
id137,scenario9,9,6.308841977,4.393179234,4.846051441,4.563329776,3.8495516,4.245186205,3.438952463,2.526865969,3.107204229,6.593261987,3.809866326,7.862399078,9.303463363,6.495841582,12.39539893,7.782916014,6.878917859,8.719298358,0.0001625913143,6.165956847e-05,7.896310661e-05,0.0001328909746,6.203553774e-05,6.539810192e-05,8.16460992e-05,2.327387108e-05,2.82936156e-05,0.000164542534,4.256281764e-05,0.0001964272059,0.0002692285716,0.0001100202016,0.0005207616735,0.0001918107645,0.00015988106,0.0002205529146
id138,scenario1,1,16.30888314,14.54604887,14.74152434,14.67947318,15.20334828,17.24126193,21.55934614,19.25725755,22.70300528,21.78537443,18.75059789,20.35798759,15.87501889,14.43787456,21.45778948,21.03461789,17.09554595,24.62349624,0.0005243467888,0.0003794479916,0.000380243969,0.0004744886876,0.0004036915662,0.0005075476448,0.0009096090064,0.0006297714058,0.0008593146908,0.0008820613081,0.0006098367156,0.000676678594,0.0005429327279,0.0003543958645,0.0008608012367,0.0008234396285,0.0005081120962,0.001175324424
id138,scenario2,2,16.98855049,15.26947595,17.51064078,14.18771205,12.39204274,15.92400522,16.30013297,16.7091607,21.00534241,21.24525587,19.58438418,33.81295604,17.57048556,16.98156034,27.78317791,19.92728,20.64718423,29.2497203,0.0005834004935,0.0003980274195,0.0005817524578,0.0004458854885,0.0002874040338,0.0004368351037,0.0005289160887,0.0004938756286,0.0007652762772,0.0007504397811,0.0006306267816,0.001789916428,0.0005657363952,0.0004968065409,0.001243989701,0.0006818939988,0.0007277267461,0.00144632957
id138,scenario3,3,20.77844333,12.55166588,19.37658773,18.15198589,13.76900719,17.43371393,19.54710408,16.65652647,18.94393493,19.3577434,19.48061821,38.4437598,19.15176003,16.08940383,38.89555876,19.94269521,16.56139388,35.0664397,0.0007383520626,0.0002721381893,0.0005651087927,0.0006332338125,0.0003296323621,0.0005441865468,0.0007491559793,0.0004661900278,0.0005825194568,0.0006120064835,0.0006409068784,0.002399064954,0.0006633958838,0.0004503094727,0.002487633907,0.0006836853462,0.0005143125559,0.002018155875
id138,scenario4,4,18.82143624,12.88967322,18.73091331,8.478093956,9.189276632,8.397180742,16.04028768,18.00876171,16.66274235,20.45053841,18.56886513,45.44466925,12.84086615,13.33975122,19.87753622,22.55328323,17.85979576,39.5129382,0.0006696504611,0.0003024435775,0.0005771586058,0.0002444847711,0.0002461845933,0.0001812153619,0.0005099556484,0.0006205791262,0.0004725555099,0.0006764011423,0.0005278196554,0.003108004015,0.0004073461115,0.0004431262028,0.0009240082024,0.0008501699531,0.0005585071977,0.002552198995
id138,scenario5,5,18.42012397,12.31878597,14.82266871,8.787748073,8.446498715,9.884563949,15.53431223,15.66456662,18.57583384,16.90546396,17.14908576,25.43531465,17.17592488,17.87634254,28.19190919,19.24836942,18.20027215,26.70908143,0.0006827722819,0.0002627115855,0.0004180006268,0.0002747272063,0.00016394374,0.0003358010079,0.000577840963,0.0004435901821,0.0006285095914,0.0005729371331,0.0005074080602,0.001201380027,0.0005441699126,0.0005237956416,0.001369941575,0.0006874100902,0.0005331722198,0.001240790316
id138,scenario6,6,14.93871616,13.2362863,13.87802917,11.00021545,9.891979129,12.71057189,19.694781,16.85345853,19.49925236,10.09133227,8.773209992,16.8710618,18.09690778,16.22259487,36.16275757,22.70740038,15.37679038,29.85484623,0.0004142997296,0.000323544098,0.0003442609373,0.0002895623417,0.0001955623297,0.0003549201819,0.0007744665884,0.0005241574722,0.0006669764496,0.0001963775965,0.0001246052547,0.0004598474285,0.0006036957526,0.0003892372247,0.002026063074,0.0009569466735,0.0004127289922,0.001427959546
id138,scenario7,7,8.477701226,6.757375301,9.421287745,8.441187629,10.75574415,12.37991984,12.99071636,15.14167274,17.94812727,14.0335139,14.015572,32.99518724,15.52303072,14.62029515,32.56074443,16.84946508,13.1303265,36.07273968,0.0002424516185,0.000112897539,0.0002912848326,0.0001820618468,0.0002678747211,0.0003829030803,0.0004137315492,0.0004673318062,0.0006439903794,0.000389797014,0.0003852564025,0.002029365057,0.0004859212311,0.0003753491678,0.002052083253,0.0005595798138,0.0003099413323,0.002411691803
id138,scenario8,8,14.23587222,13.55640693,15.87380473,12.8028473,12.90282784,13.3805545,6.280237992,5.572699313,7.999478307,10.21713145,9.526810992,14.27038989,11.84013356,11.63868395,19.7640825,13.16924321,11.38394384,20.03974983,0.0004559005371,0.0003850112042,0.0004681705572,0.0004415022491,0.0003371847437,0.0003517127591,0.000147481978,0.0001194960934,0.0002045940423,0.0002993572905,0.0002498796427,0.0005843304661,0.0003265773248,0.0002665483304,0.0009307839982,0.0004103896434,0.0002638527052,0.0009813637883
id138,scenario9,9,17.04501658,15.02835167,14.58648253,13.58768066,9.479427409,13.69929265,16.11164335,15.89854304,14.1821918,16.59437554,12.59955501,20.1833566,18.29121787,11.78926399,14.86380281,22.86591631,14.4096937,25.10581007,0.0005596071745,0.0003948879777,0.0003876727591,0.0004108433031,0.0001717071759,0.0003440912414,0.0004547496264,0.0005257181436,0.000358256837,0.0004818544434,0.0002755815885,0.0006975058367,0.0006272800599,0.0002264772834,0.0003499146869,0.000890628688,0.000363287712,0.001017671765
id139,scenario1,1,17.8517719,14.6883079,14.51519689,15.27351945,8.878677495,13.14925119,16.63378356,13.28693817,13.77184446,21.76841896,17.2985525,46.00889943,22.15752529,16.95118294,43.36382368,21.41620957,15.94531239,46.79469508,0.0005965000751,0.0004119262918,0.0003602325596,0.0005253536065,0.0001922109042,0.0003192404249,0.000586991968,0.0004049044909,0.0003163277455,0.0007879883212,0.0004715222509,0.003184327719,0.0007890160595,0.0004512874887,0.002852972627,0.0007311691564,0.0003952231075,0.003170349347
id139,scenario2,2,20.89193452,15.54929435,15.17585962,19.61694221,19.09625357,16.70612131,18.46996533,15.77763194,15.05807697,24.31677152,12.66212219,47.46626263,23.91864305,17.5650411,45.67290847,21.69829578,13.02053237,56.18867134,0.0007900500119,0.0004374729565,0.0004185196208,0.0007304640402,0.0006777979104,0.0004610435888,0.0006168569175,0.0004210836611,0.0003939676684,0.0009139590159,0.00026399471,0.003158862328,0.0008823884862,0.0004957740756,0.002973064222,0.000744273539,0.0002645979909,0.004288156169
id139,scenario3,3,21.60709284,17.7137715,19.02537216,17.94984913,18.483613,17.18451734,20.74802557,20.2673476,21.07620441,21.52409653,14.8813151,56.19145305,21.98828155,18.77553104,55.71363992,22.14545628,14.72107966,60.52284905,0.0007975271024,0.0005052336052,0.0006517501702,0.0005758278293,0.0005705262621,0.0004909606884,0.0007651324005,0.000646934153,0.0007473721291,0.0007106040275,0.0003991022923,0.004301465584,0.000722046855,0.0005599315791,0.004094845644,0.0007439832186,0.000371766907,0.00475309258
id139,scenario4,4,20.06476972,18.42195653,20.36314163,20.24871745,17.7966416,18.56421237,12.01875464,13.5050957,14.03107023,21.11523427,14.50185628,42.44795793,21.11903847,16.07416166,47.37371949,20.39960561,14.67501448,33.47160478,0.0007989368433,0.0006331150891,0.0007313324986,0.0008034164183,0.0006377021668,0.0006660975233,0.0003159750478,0.0003365405605,0.0004064806328,0.0007626210406,0.0003027632791,0.00276787545,0.0007214030817,0.0004222335215,0.003366975791,0.0007029265009,0.0003269290627,0.001860185348
id139,scenario5,5,17.25442081,13.83504744,16.13184372,18.72239244,18.54388541,19.5742883,17.38803519,16.66639566,22.28988178,24.80356331,13.07406786,52.3503797,25.54727001,13.11199041,48.4765111,22.65487886,13.8850941,57.85944361,0.0005637231956,0.0003202404872,0.0004793541346,0.0006705429187,0.0005536246079,0.0006319285474,0.0005007848808,0.0004412081667,0.0008909260151,0.0009252979441,0.0002706565804,0.003922408935,0.0009852579233,0.0002629656485,0.003306229621,0.0008071801235,0.0003038544078,0.004648790446
id139,scenario6,6,17.63914013,14.76035474,18.34800749,18.76408315,16.72918744,19.33585707,18.2603717,13.63512269,17.05117878,22.6268508,14.82425094,55.64787082,23.05197134,17.87121453,50.93790343,22.43921682,13.01505643,51.76671858,0.0005595945012,0.0003626362201,0.0006267785304,0.0006485808065,0.0004930495053,0.0006045569202,0.0006155511001,0.0003053526478,0.0005358760239,0.0008065026139,0.0003478267987,0.004358606144,0.0008157326897,0.0005365931846,0.003718052995,0.0007867779366,0.0002529337074,0.003895487418
id139,scenario7,7,16.68431209,11.61014827,21.83418026,14.29214974,15.73624802,16.40216956,16.98206706,13.4131328,19.62365094,21.4817917,13.58833442,50.23061321,20.00451631,18.45355435,44.92374313,20.39487862,13.79785208,39.85036096,0.0006556869235,0.0002171443866,0.0009237484537,0.0004812964613,0.0004647171956,0.0004931732729,0.0006067943055,0.0003269018469,0.0007267757038,0.0007398154953,0.0003004847783,0.003731555661,0.0006702254098,0.0005478575097,0.003176159319,0.0007091672883,0.0002992262887,0.002451164793
id139,scenario8,8,20.80445984,18.79616114,26.30288593,14.44256299,18.94528986,24.60082128,11.50710616,9.561943659,9.971515761,18.83990467,12.97990916,43.33628839,19.9964284,15.26129672,37.80388887,16.48111653,13.33340401,27.01938752,0.0007848527925,0.000568833076,0.001138279703,0.0003610048475,0.0006099955144,0.001018449872,0.0003667077206,0.0002089646522,0.0002045563807,0.0006344706567,0.0002864690863,0.003163645821,0.0006715723254,0.0003887936796,0.002362284056,0.0004908232386,0.0003201743999,0.001374436037
id139,scenario9,9,14.94000779,16.29269259,21.26132465,13.74990975,13.45753889,18.16036786,17.74034163,19.00349697,23.83011863,17.36105526,13.91334352,40.40296337,16.79534153,13.85889724,33.38396746,20.45146743,15.84790236,46.38057749,0.0004540542478,0.0004644633115,0.0007828567259,0.0003939942036,0.0003865088441,0.000645252469,0.0005435793546,0.0005960559215,0.0009160813489,0.0005778333732,0.0003172508084,0.00285515612,0.0005292393925,0.0003129303144,0.002119862799,0.000726471208,0.0004085885731,0.003253860869
id14,scenario1,1,7.636291867e-05,0.0001267023677,6.36500666e-05,5.632672234,9.643668522,9.403042107,6.807786,14.2401114,14.80099828,0.0,0.0,0.0,3.735318775,7.646169889,5.775851095,1.629513175,2.155253598,2.565312672,0.0,0.0,0.0,9.233616949e-05,0.0001969949262,0.0001837894613,0.0001396914138,0.0004986918778,0.000502628449,0.0,0.0,0.0,9.914221539e-05,0.0003551270718,0.0001719978815,5.716768519e-05,4.647822627e-05,6.892634317e-05
id14,scenario2,2,1.417115491,1.593244959,2.339825048,5.468865662,7.305713176,5.945194445,4.759467471,3.886701565,6.415077862,1.997269852,1.515246458,3.295196197,6.225477949,4.859979147,9.740686288,6.48404922,4.697429638,8.543677762,5.310742112e-06,4.648447823e-06,1.008276039e-05,9.764136487e-05,0.0002051018838,7.528227103e-05,0.0001019067549,3.613012635e-05,0.0001118256123,8.507758667e-06,4.357248961e-06,2.128972071e-05,0.0001486855924,7.185496385e-05,0.0004662009335,0.0002310752949,6.59298613e-05,0.0003214516915
id14,scenario3,3,2.381906206,2.730513397,3.571202068,2.612324284,3.01150372,3.959826835,1.139917909,1.307232565,1.707403352,1.449681802,1.314643409,1.422928267,2.790733429,2.51451426,3.093202019,3.451363736,2.479880217,2.508911411,1.162544762e-05,1.365467626e-05,2.089871896e-05,1.399316889e-05,1.66717761e-05,2.55909298e-05,2.662393999e-06,3.129632955e-06,4.780281423e-06,9.410818234e-06,5.042080905e-06,5.7607052e-06,3.84061923e-05,3.420080766e-05,3.847662487e-05,0.000104356667,2.545780028e-05,2.850934205e-05
id14,scenario4,4,3.741310493,3.431907995,2.724577294,15.55820375,10.25553588,16.3690343,12.22856943,11.85730596,20.65194424,2.60340481,1.997967744,2.601832354,7.203383695,6.642879634,9.245346421,13.96364313,12.47963482,16.67726644,2.642842232e-05,1.871107787e-05,1.230863829e-05,0.0006164403902,0.0001861135576,0.0005720642701,0.0003568209932,0.0002393317422,0.0009007993583,1.596517065e-05,7.859463539e-06,1.573496532e-05,0.0002163007564,0.0001727442436,0.0004088047956,0.0004634458018,0.0003089558204,0.0005392552641
id14,scenario5,5,0.3386540901,0.1883365554,0.3248298731,12.96640888,14.99695208,20.70726636,13.90939524,17.40404127,13.65890115,0.3259401791,0.2028645483,0.3724349631,7.919170077,5.29812439,8.853135236,24.37953532,17.25058348,45.93595385,2.099279284e-07,5.7987311e-08,2.325137924e-07,0.0003502933078,0.0003692106832,0.0006931902416,0.0004396753043,0.0007424166252,0.0004126892391,1.728055741e-07,6.34598321e-08,1.9575552e-07,0.0002066620963,6.454548382e-05,0.0002554860927,0.0009138957866,0.0004544627415,0.002990280921
id14,scenario6,6,2.953822994,2.06749395,2.450602577,20.10216701,16.26144067,12.14300801,16.62004464,10.24132351,10.63837005,2.679136856,2.469998141,2.102140387,21.83539415,25.56667298,28.98955657,22.84400305,22.1858947,31.24637784,1.365125586e-05,7.620125638e-06,8.808459528e-06,0.0008097546572,0.0004028239667,0.0002484488102,0.0005865126358,0.0001779057358,0.0002210792411,1.310907015e-05,9.194378131e-06,7.705997828e-06,0.0007864451473,0.0010431885,0.001477634979,0.0008825863496,0.000798225393,0.001675125644
id14,scenario7,7,5.566910101,4.768680988,6.364127504,8.126688064,11.80187527,21.71565165,7.20728028,9.569644172,23.71677731,4.170392262,3.385927358,4.045603736,20.12280518,18.7755569,33.3051356,24.53205806,20.64863413,36.06398237,5.721201353e-05,3.491791012e-05,6.551237308e-05,0.0001351298304,0.0002366169393,0.0009708967858,0.0001191842715,0.0001413946671,0.001190572626,3.032890791e-05,1.94312547e-05,2.57027469e-05,0.0007006805344,0.0005527623326,0.00187271599,0.0009974529476,0.0007232298683,0.002073374388
id14,scenario8,8,3.505017962,3.480857489,4.608112059,7.189295992,6.421181133,8.809907231,15.93644095,15.99373185,16.06985668,2.25041828,1.756000459,2.499851553,9.904774148,10.23892426,11.7005883,14.67385833,12.16000898,16.93484817,4.086648584e-05,2.7612108e-05,4.636692028e-05,0.0001380631211,7.897477567e-05,0.0001877588088,0.0005652818363,0.0004904406323,0.0005044920262,1.036262259e-05,6.188527097e-06,1.366606462e-05,0.0003619153415,0.0003175843271,0.0004488877137,0.0004963655533,0.0002922613129,0.0006339120941
id14,scenario9,9,0.6692977162,0.6355602261,0.6372358058,20.32748092,17.21536766,24.71910452,14.81549233,10.9456052,14.06457707,1.264215362e-05,2.11923735e-05,3.056976964e-05,10.72391356,12.24249788,17.56197184,11.0142379,11.01072259,16.68731698,8.937948141e-06,3.563948206e-06,3.553547265e-06,0.0006893468519,0.0004457187066,0.0009777882239,0.0004882839465,0.0002396911532,0.0003616709961,0.0,0.0,0.0,0.0003696198511,0.0003898289738,0.0008587091306,0.00036196139,0.0003005259293,0.0007621752211
id140,scenario1,1,15.8670065,13.618288,12.55450226,18.71010965,17.06343715,15.35379838,14.03470445,12.78516268,16.1460608,21.82239519,24.22898456,37.92149895,25.90824609,22.93246422,31.46170431,21.45331108,18.3310501,32.34126706,0.0005302216371,0.0003681790437,0.0003147607435,0.0006752807933,0.0004725788498,0.0003705203568,0.0004099321145,0.00027106892,0.0005167198807,0.0007818580232,0.0008980032815,0.002248102967,0.001094821388,0.0008155666274,0.001573798335,0.0007415780222,0.0005830654215,0.001628751604
id140,scenario2,2,15.3359287,15.72611887,12.33925688,15.96730134,19.09241132,14.7082248,12.23376346,12.1073555,16.14433806,17.75335674,15.61080503,23.63638736,21.92182984,22.76674907,25.88511586,13.82304921,11.49616571,22.28212432,0.0005610478254,0.0005039396153,0.0002946132212,0.0005506979206,0.000723249733,0.0005000533086,0.0003723234679,0.000357586208,0.0005714858488,0.0005784028484,0.000437290042,0.001137399522,0.0008018804199,0.000832582979,0.001228768967,0.0003960670982,0.0002965576499,0.001020784975
id140,scenario3,3,16.83758442,16.86771469,15.73689685,15.18384914,15.11835326,14.60722993,14.54254272,18.88501576,15.8464139,20.85590163,20.50960509,42.32980677,20.08922581,20.15879341,39.09326802,21.24118571,21.33338353,37.77411412,0.000644158725,0.000568771403,0.0004643839853,0.0005116487152,0.0004566565143,0.0004073213209,0.0004618070796,0.0007506572635,0.0005734839796,0.0007385944634,0.0007413515021,0.002931796384,0.0006498676185,0.0007136657559,0.00253114974,0.0008368880384,0.0007804120801,0.002376686338
id140,scenario4,4,14.22516887,18.15962,14.25000821,14.46889652,12.92565913,12.65379654,14.04569961,12.56488742,14.0752567,19.30243497,18.8480237,41.83881919,20.06754895,16.01054441,32.62568428,21.74865622,14.75033342,41.09250803,0.0004452493805,0.0007097902523,0.0004538882818,0.0004007689645,0.0003066058092,0.0002649675125,0.0003770777647,0.0004136511254,0.0004526814935,0.0006109053585,0.0005519585982,0.002564050941,0.0006568945802,0.0004176614235,0.001637676428,0.0007402553034,0.0003268614996,0.002396364334
id140,scenario5,5,13.21787212,12.56662645,19.17152118,21.29289507,17.96458136,26.47875625,7.674949362,7.103842013,10.08720829,17.5736261,15.45093296,27.18346378,22.72807444,18.49267115,47.71721652,1.2755222,1.314344546,1.356395465,0.0004612597556,0.0003465176043,0.0008540718644,0.0008132983285,0.0005416354546,0.001285536371,0.0002002449461,0.0001118800988,0.0002481175424,0.0006034383184,0.0003964688171,0.00138101273,0.000902371996,0.0006295641418,0.003617256142,2.457208715e-05,1.1832273e-05,1.269779468e-05
id140,scenario6,6,13.47860442,13.11704296,13.78367577,19.29416002,22.82506893,15.76576979,20.43687329,23.17427823,20.10724319,22.06774848,17.79482582,43.77923107,22.05523649,16.05343159,43.05660384,21.40357017,14.87556097,45.13769055,0.0004168829519,0.000424746494,0.0004087834793,0.0006560982155,0.0008605115785,0.0004071345231,0.0007812121085,0.0009447846379,0.0008336159051,0.0007453276556,0.000500638742,0.002708010159,0.0007485637279,0.0004112328923,0.002609529581,0.0007261585102,0.0004238979098,0.003035504387
id140,scenario7,7,20.17703994,21.89974821,23.68270782,9.623401431,10.15959991,9.174559028,19.2181909,23.46802485,17.9061646,19.1277748,13.24179224,48.56432356,9.940904597,9.637581241,13.69163508,12.70289154,10.13819452,22.66788657,0.0007840791369,0.0009070520707,0.0009436357289,0.0002986401834,0.0002854311836,0.0002092000254,0.0007146490932,0.001075977705,0.0005911813386,0.0006456035369,0.0002866239076,0.003744504599,0.0003179984161,0.0002353106165,0.0005259727979,0.0004154137093,0.0001921408543,0.001208395789
id140,scenario8,8,14.03509851,14.72158594,14.82569804,15.38757124,17.6391311,14.5195484,13.68926597,13.77318707,11.6212327,18.84050058,17.44594596,45.05048209,20.26715643,17.99153418,53.50999995,17.45515725,14.80389752,43.4989046,0.000520810218,0.0005526820615,0.0004619602259,0.0005639252284,0.0006538612164,0.0003834254514,0.0004266768396,0.0004110850745,0.000261736307,0.000587379949,0.0004699910491,0.003083550519,0.0006828416732,0.0005148061724,0.004079288033,0.0005266902246,0.0003527029325,0.003100359424
id140,scenario9,9,7.693821748,9.416924105,12.22030039,16.51021008,13.32791475,14.3489392,11.22628093,9.443313557,13.51653757,15.01332162,11.25846951,21.66135082,23.47934736,16.01850363,26.37766386,20.06492177,11.66989328,29.75783604,0.0002013523867,0.0002372777163,0.000431615564,0.0006520021562,0.0004266712341,0.0004094615361,0.0003570937749,0.0002045725079,0.0004404094693,0.0004942994899,0.0002098366409,0.001068253265,0.000857329207,0.0004021280109,0.001209948828,0.0008045465604,0.0002451029723,0.001684069437
id141,scenario1,1,18.11935813,12.73534276,14.05267912,19.12674864,16.04637995,18.17317488,16.19507684,13.49644837,16.71252204,21.12412141,14.74372504,19.16416651,18.25466345,15.57937773,29.95628836,23.1441994,20.92565185,24.44264936,0.000642389826,0.0002795487843,0.0003492272088,0.0006712105777,0.0004323952842,0.0005683300558,0.0005418826055,0.0003350692691,0.0004953417153,0.0008794007256,0.0003808852607,0.0006801174081,0.0005996061661,0.0004066904077,0.001456664115,0.0009463187938,0.0007304263848,0.0009996108828
id141,scenario2,2,19.96575082,16.46799063,16.3821593,18.13257672,15.94000814,21.44560891,17.90850477,16.95243815,21.03926665,18.05863032,16.9800632,21.80479629,15.53105957,14.19288894,22.15516434,18.12405474,18.96246547,23.41212594,0.0007216640251,0.000461607842,0.0004800313047,0.0006243551839,0.0005134423018,0.0008631986051,0.0006130346072,0.0005442046874,0.0008270237248,0.0005869982798,0.0004912859843,0.0009089055305,0.0004947754285,0.0003694632829,0.0009371173329,0.0005872739342,0.0005449366474,0.0009638846911
id141,scenario3,3,18.36269896,13.39989991,15.30760511,16.50546119,16.66514551,14.64094775,18.89617414,12.80161913,16.20420651,22.14138538,16.50454649,22.65154247,17.8371324,17.63099001,24.13176449,22.02434236,14.87440025,17.12291128,0.0006659936837,0.0003480797245,0.0004199451319,0.0005473367396,0.0005351283708,0.000401997672,0.0007096682695,0.0002558236336,0.0004677668487,0.0008768459904,0.000542693539,0.0009194679511,0.000577771156,0.0005217319873,0.001082830416,0.0008980578373,0.0003452310431,0.0005274739765
id141,scenario4,4,17.95035817,15.41782334,16.41566621,19.72355079,16.03371922,25.77541934,17.60719579,14.65169485,18.65273543,20.98734193,17.2868729,23.02006231,16.68035181,16.68273941,24.16048356,15.98614099,17.26413023,18.79462574,0.0005958767374,0.0003917845475,0.0004527531375,0.0007670637992,0.0004240007548,0.00116759167,0.0005640689583,0.0003498501227,0.0006170568681,0.0008124664199,0.0004912368485,0.0009225051699,0.0005164606746,0.0005281317892,0.001030724044,0.0005406807032,0.000559769362,0.0006787127141
id141,scenario5,5,19.22926005,16.34094451,16.86517049,21.24981634,17.99324395,24.44963279,19.02217208,15.13206219,21.21603301,20.6145118,19.95973639,18.94533328,18.53526466,16.02438197,24.1048285,17.45650873,19.11502688,18.96123909,0.000704932014,0.000456357512,0.0005194011681,0.0007407948456,0.0005459841736,0.0008785198764,0.0006575806109,0.0004036130893,0.0008124392433,0.000699089094,0.0006313271327,0.0005831348474,0.0006660079192,0.0005258777004,0.001057506722,0.000549003068,0.0006541283238,0.0006039856773
id141,scenario6,6,18.90080066,16.27098098,21.78186709,17.57362153,14.45184343,20.73163403,18.60800642,14.66824261,19.68999753,15.33432893,18.4759571,15.35259884,12.21468163,15.4110562,17.38820818,16.82064625,22.14097579,19.183462,0.000655116026,0.0004379832914,0.0008099535891,0.0006114192353,0.0003357537483,0.0007815382701,0.0006294169405,0.0003576076252,0.000645369728,0.0005521065869,0.0006873904888,0.0004227705897,0.0003692814026,0.0004375216424,0.0005340158274,0.0005399863949,0.000926558054,0.0006152223249
id141,scenario7,7,10.09760497,11.91065304,13.22539737,18.44712259,15.73402878,21.39674674,16.5497975,13.2199755,20.55224054,13.19784936,15.06630234,16.55341287,11.71553119,13.07364462,18.86177766,14.60668652,15.69936443,16.55419466,0.0003509361053,0.0003551121228,0.0004728847218,0.0006082051275,0.0004167671592,0.0009236934689,0.000512251992,0.0002837479178,0.0007573838689,0.0004596465487,0.0004187417318,0.0006442155545,0.0003185204613,0.0002900496116,0.0006911122557,0.0004281867326,0.0004660983679,0.0004799393785
id141,scenario8,8,12.18311089,11.48225073,11.54722103,15.15764612,10.59946739,12.29875211,13.39186981,12.03097074,13.29291337,15.33326041,16.58325616,21.31615091,19.35910529,18.7780795,27.68615691,16.75733282,18.76050808,24.79482018,0.0003678979355,0.0003195069082,0.0002576720007,0.0005231574402,0.0001989578475,0.0002957219616,0.0004560083997,0.0002805546768,0.0003381298045,0.0005376192713,0.0005331907226,0.0008467865957,0.0007311930117,0.0006134934817,0.001266839001,0.0005579565454,0.0006550727002,0.001098061343
id141,scenario9,9,12.94604507,11.17689872,15.16976411,20.36298578,15.34923469,24.28191768,18.72841043,16.40975332,18.79858781,4.488941295,5.022417825,5.739417652,13.86218889,14.85187977,22.5357824,14.65943391,16.61963559,22.48522534,0.0004117995927,0.0002554126681,0.000513367648,0.0007228937483,0.0004088067875,0.0009678297208,0.0006342920807,0.0004657228083,0.0005869165544,0.0001412006563,0.0001039249205,0.0001724399172,0.0003992190503,0.0004002252263,0.0009868935938,0.0004658289123,0.000498077008,0.000982630034
id142,scenario1,1,17.32338175,11.98985992,23.75331791,16.732331,15.10891546,23.09606737,17.85425181,11.95666828,21.53554583,25.22038371,18.23202529,46.01901803,23.87772879,20.59215614,49.39380933,22.77163565,16.10928287,46.74435369,0.00057302682,0.0002692478974,0.001331176596,0.0005764835848,0.0004377625642,0.001162033553,0.0006012865403,0.0002515116264,0.0009933615918,0.001040039767,0.0005726865211,0.003150120724,0.0009654621508,0.0006201846777,0.003458835159,0.0008737193642,0.0003876802184,0.00342721174
id142,scenario2,2,21.21980574,13.04206038,22.62708299,19.01976268,13.60010335,26.34080305,16.40202567,14.24469447,23.68976499,17.82982591,14.98093318,29.50364639,21.72134692,16.04569039,33.05654742,19.34997732,12.88054089,34.56275967,0.0008739565298,0.0003049164273,0.001106539977,0.0006821401613,0.0003208978531,0.00131303714,0.0005669949303,0.0003729275312,0.00117320452,0.0006266307169,0.0003980311047,0.001829874919,0.0008370198228,0.0004287726901,0.001959504258,0.000665510339,0.000293859575,0.002255853375
id142,scenario3,3,16.02243638,15.0907035,16.25090695,13.67143884,12.31662125,15.38104829,16.46051322,13.81058914,13.16760072,22.93045089,16.8206504,36.27470198,15.04244044,12.89611516,22.78976581,20.66252821,18.81971579,36.33934808,0.0004682119942,0.0004231866851,0.0004839152863,0.0004171727174,0.0003024927478,0.0004873937856,0.0005682878692,0.0003953845777,0.0003301690542,0.0008735722913,0.0004537921425,0.002077574104,0.0004492488853,0.0002816877061,0.001009988811,0.0006960507465,0.0005737434143,0.00218524589
id142,scenario4,4,16.04816124,11.02182813,22.49651258,16.03595956,14.59359387,23.8511683,13.9923665,11.89856455,25.25264219,21.07001746,15.54683504,51.07181629,23.28005619,18.98296454,50.68665537,21.39010989,16.5235859,50.02749505,0.0005524507217,0.0002258750326,0.001031559207,0.0005082367279,0.000400780658,0.001360175902,0.0004409994363,0.0003178296931,0.001300138705,0.0007691552704,0.0003978450061,0.003917819896,0.0009203556268,0.0006445933298,0.003853653215,0.0008013290106,0.0004580407989,0.003906743896
id142,scenario5,5,5.613339418,5.841734854,9.314116248,7.122823639,8.173762245,10.06064476,13.78198106,13.85757934,19.54084381,4.560814511,4.592475493,6.160526426,17.62460778,13.04131856,41.49716794,18.48941943,13.36943648,45.33805601,0.0001675270437,0.0001320605893,0.0003464593198,0.0002200997389,0.0002231609991,0.0004210149823,0.0003893782565,0.000383370663,0.0007915281451,8.693231267e-05,5.791724862e-05,0.0001196296187,0.0005582443995,0.0003507705114,0.003108304356,0.0006135395639,0.0002919143468,0.003473831576
id142,scenario6,6,16.1293059,12.86756012,19.21884425,20.62419837,16.95011234,25.07890778,17.0370808,15.59524299,19.24558902,14.61831118,13.00229268,19.55624391,18.0639074,14.87451123,26.77085823,16.49949515,12.22555342,25.48064051,0.0005283486281,0.0003020379309,0.0006298297216,0.0007792073978,0.0004610465104,0.001044786035,0.0005926241024,0.000403918085,0.0007057464984,0.0004365133274,0.0003057533012,0.0007501038435,0.0006040331715,0.0003942306322,0.001333002619,0.000596121034,0.0002735670512,0.001325654958
id142,scenario7,7,14.01064795,14.23134535,17.43620192,14.91748433,15.65328781,19.09902875,13.54462806,16.30407734,19.55367659,18.07406737,13.35944924,38.12977311,13.66790632,14.35679058,23.84361078,16.98873778,15.62793465,28.08604818,0.000461520655,0.0003436003346,0.0005821856932,0.0005760850533,0.0004677955782,0.0007829572691,0.0004266913373,0.0005045900408,0.000692807702,0.0006105391732,0.000270719327,0.002373020342,0.0004582556121,0.0003994641213,0.001168165924,0.0005721709277,0.0004095634838,0.001413526244
id142,scenario8,8,9.363093881,6.750863441,9.547472427,8.118542581,6.668296682,9.660707495,7.218490889,6.708583098,8.492173238,12.53897915,8.820720034,19.2310775,10.79846165,14.73129997,14.71341105,15.04361979,14.69091717,24.07445056,0.000248113565,0.0001031118884,0.0002701155006,0.0002088540108,0.0001353558344,0.0003154856779,0.0001469635081,0.0001063055046,0.0001907821348,0.0004196548978,0.0001710575178,0.0009228054239,0.0003371077857,0.0005534922898,0.0004938078124,0.0005322912604,0.0004129825661,0.001245381455
id142,scenario9,9,14.52840433,15.33014086,23.46258587,14.33951794,14.14602143,23.1404709,17.38549308,16.34074192,23.90012632,21.00515676,15.51783358,53.47483339,20.00083389,13.27588089,42.02168402,20.28484268,12.83186706,51.90735371,0.0004574938247,0.000449892434,0.001192819348,0.0005134724728,0.0003983340661,0.001214242901,0.0005886660756,0.0004717804896,0.001251671351,0.0007318628611,0.0003713903632,0.004043452288,0.0007196807681,0.0002917167099,0.002826225252,0.0006790117158,0.0002564046292,0.003851850715
id143,scenario1,1,14.56068727,10.42025678,14.87263761,14.55746169,8.92395008,17.79492801,13.41439075,12.38373839,19.69453207,16.03286621,17.00296153,18.02565546,19.08853014,16.52416395,24.21335923,17.65623623,18.77810341,28.68779514,0.0004665118118,0.0002156417383,0.0004540770194,0.0004431938785,0.0001465132051,0.0006799547057,0.000389777961,0.0002842804349,0.0008477723048,0.0004470062056,0.0005116554199,0.0006459969549,0.0005709106007,0.0004293544093,0.0008824106312,0.0005157327564,0.0005620882568,0.00136395647
id143,scenario2,2,19.77560042,17.02795482,20.23290209,20.12571298,15.30333613,21.74850174,17.58072733,12.63542354,20.95389128,20.17314785,16.56770727,33.85295651,18.53927169,17.31774132,31.56348471,21.35928544,18.38004076,38.41000755,0.0007214984221,0.0004429959152,0.0006654630102,0.0007562681886,0.0004163450007,0.00083334241,0.0006351897854,0.0002677761208,0.0007961184574,0.0007427286187,0.0004599027072,0.001895316046,0.0006905438455,0.0005194918642,0.001748512285,0.0007720971217,0.0005683812083,0.002287921661
id143,scenario3,3,16.95720833,14.74996445,16.90509194,18.4090981,13.85311663,17.72568126,17.1236763,18.45606056,19.26559177,24.20049205,19.55372069,40.47240442,13.01397687,10.74584488,24.97218716,20.84092747,16.99061991,35.90819803,0.0005706644576,0.0003824189475,0.0004916617558,0.0007457893962,0.0003756655824,0.0005780411356,0.0005491128461,0.0005498529229,0.000660370766,0.0009220237663,0.0006018075851,0.002247545958,0.0004131444148,0.0001967633208,0.001450056832,0.00077340596,0.0004708160617,0.001994759108
id143,scenario4,4,14.86842211,14.329972,19.69862828,17.58776517,16.65279605,23.54317437,17.27497977,16.53715078,19.74333453,15.23851215,14.15497092,26.63725701,15.91672402,15.68671963,30.14968208,15.72290393,15.42511837,30.9279567,0.0005023808701,0.0004150863384,0.0008269027531,0.0005625117268,0.0005344084443,0.001022971096,0.0005933150377,0.0005022031525,0.0006924733131,0.0005238421491,0.0004353495047,0.001506040103,0.0005105344165,0.0004403088666,0.00164289945,0.0005100411211,0.0004768790655,0.001874964372
id143,scenario5,5,18.48067008,18.05781396,16.97253991,21.45268628,15.05569654,21.08672021,15.84522067,13.74030109,21.94425466,20.76052198,16.79710213,28.92938465,21.04185392,18.15260554,31.8548462,18.76217094,15.84627136,36.039087,0.00065494037,0.0005175590243,0.0004277607576,0.0008016106186,0.0003999038684,0.0007979666257,0.0005196591194,0.0003258587612,0.0007994783841,0.000739898601,0.0004366873707,0.001416499692,0.0008199650812,0.0005828470399,0.001708663754,0.0006661444491,0.0004245819572,0.002176384311
id143,scenario6,6,18.44145307,18.10725507,21.93886516,15.17334207,15.14991426,17.35636927,16.72827418,13.92554907,21.8606315,21.64244746,17.746887,30.92278341,23.63417329,18.94440655,29.04141842,21.43739263,17.34343791,31.79669558,0.0006545260071,0.0005623439897,0.0008407378454,0.000546953058,0.0004558223523,0.000587960293,0.0005571427249,0.0003105604627,0.0007753650848,0.0007711951879,0.0004874132939,0.001453335555,0.0009367221848,0.0005963652631,0.001272838447,0.0008166361971,0.0004599070037,0.001596158636
id143,scenario7,7,9.027257031,9.30296685,11.1705472,15.01508844,13.94223969,21.44953781,13.88119815,13.64703308,16.49819971,0.6800362722,1.08480849,1.166390714,18.77819136,14.57922538,29.14858633,14.30577622,12.70797138,23.89350603,0.0002877471293,0.0002121274696,0.0002824135329,0.000459133464,0.0003391109783,0.0008975869018,0.000411982832,0.0003269764551,0.0005151449043,9.609770414e-06,1.260744203e-05,1.720169036e-05,0.0006794745977,0.0003441552477,0.001524320662,0.0004417204308,0.0002774752099,0.001099496287
id143,scenario8,8,15.41253145,9.763356891,14.48734218,18.1182374,16.3792482,23.78672045,20.8395534,20.18947678,24.4052457,7.139717535,5.681504129,11.03009948,20.8721116,18.22851456,40.45771073,19.60133195,17.57681311,44.16456825,0.0006090760366,0.0001740717292,0.0003928575343,0.0006752905647,0.0004473554306,0.001104290103,0.0008127671895,0.0007952263567,0.000953386057,0.0002479893206,0.000112099,0.0005509387575,0.0007142991544,0.000588722917,0.002538981689,0.0006771764558,0.000539341682,0.002883881377
id143,scenario9,9,13.9661515,16.60388594,27.18579805,14.75035625,19.55339975,22.63003755,15.39598914,16.84726234,25.65651112,16.95219099,16.70386709,24.7027963,23.61335463,18.7681513,31.70568994,18.60342155,22.12889018,31.10735327,0.0003654316324,0.0004375970626,0.001419862361,0.0003813388661,0.0006947620261,0.0009200807645,0.0004292061414,0.0005213735585,0.001264953745,0.0005039215189,0.0004320393504,0.001009416026,0.0009086575969,0.0005381395786,0.001525340807,0.0005827557761,0.000716541201,0.001526090233
id144,scenario1,1,17.37809609,16.23702286,21.4970884,17.36914408,18.44591718,23.82711995,18.45429856,15.82609583,21.52141066,16.51785645,12.8323757,43.8496682,15.93907902,12.89530138,39.51759265,15.14911959,13.47272642,36.54761028,0.0005730513156,0.0004966921753,0.0007960526792,0.0005634936018,0.0005333454653,0.000971594567,0.0005990540172,0.000467985386,0.0007389491934,0.000522236032,0.000309900173,0.003434941073,0.000470457391,0.0002667363617,0.002954852882,0.0004490928377,0.0003213512815,0.002598330013
id144,scenario2,2,13.83201459,15.74627789,13.44822016,9.929102385,10.44107917,16.37708651,14.839216,16.265779,18.95304786,19.77010604,13.90772002,37.67080615,8.937502286,8.650295195,20.01764304,16.0203276,13.39590074,29.98830117,0.0004367467147,0.0005150077534,0.0003487572932,0.0002683825102,0.0002458664659,0.0006701900245,0.0004264964441,0.0005199425204,0.0007605287752,0.0006763590234,0.0002911126997,0.002446222552,0.0002152827263,0.0001887442599,0.0009639701959,0.0004793180156,0.0002977586712,0.001649097816
id144,scenario3,3,20.48429321,18.2292099,20.38864691,18.94973927,16.6680534,20.82347298,15.67054332,13.04529838,20.39737444,19.66830234,16.92913052,48.46340297,21.84073105,15.67612309,52.1009493,19.50305197,16.04876333,47.26136753,0.00081100001,0.0005969066056,0.0006972724489,0.0006326349107,0.0005235219435,0.0008541304907,0.0004645200812,0.0003019195197,0.0007971132698,0.0007034493195,0.0004823553139,0.003759414396,0.0007819510062,0.000380735706,0.00410668659,0.0006542122512,0.000423584661,0.00366258916
id144,scenario4,4,17.39371687,17.87354552,19.45676496,20.00181225,18.56034838,29.55185576,16.97138286,16.02670755,21.42668951,19.90478018,15.13773522,45.10915075,19.37282977,13.77229165,41.31400758,17.73513101,15.94996409,40.80778049,0.0006156908661,0.0005709095521,0.0007059854078,0.0007588806897,0.0005713803384,0.001550679421,0.0005669065585,0.0004447287028,0.0008040034076,0.000758958423,0.0003801984835,0.003258699558,0.0006443596933,0.0003134988611,0.002777734427,0.0005618997389,0.0004443425703,0.002905002301
id144,scenario5,5,21.84007449,20.75162698,22.5698233,17.94691581,19.20016278,25.23134472,18.60727518,15.09674453,20.2549619,22.05261722,18.25730029,41.17111684,22.76809503,18.10970271,43.31285616,19.23040686,15.97251924,34.48528562,0.0009071527676,0.0006947076731,0.0008483365997,0.000603294032,0.0005909792939,0.001023680677,0.0006726795563,0.0004361408732,0.0007160761035,0.0007924235263,0.0005132119956,0.002685082064,0.0008946490033,0.0005293445469,0.002791976411,0.0006281369827,0.0004301099239,0.002067869845
id144,scenario6,6,14.05867071,14.15580439,14.91989008,16.46794151,17.83950864,23.28752486,10.08897143,11.11071298,11.81609477,21.27473923,14.00100323,55.57219294,18.43764946,14.2957717,61.37324606,21.38374708,13.7172527,49.66989202,0.0004320126206,0.0003824311211,0.000488342263,0.0004931473937,0.0005508595795,0.0008937381513,0.0003159574506,0.0003479856555,0.0003494996041,0.0007485728595,0.0003010924899,0.004383406102,0.0005447977456,0.0003488360785,0.005124083822,0.0007627871015,0.0003030307205,0.003748299681
id144,scenario7,7,15.38237038,14.64055548,23.58901915,10.67908665,9.639204995,11.44515614,10.94132132,14.05156073,17.55602921,16.75604194,13.95715633,24.02392161,9.753126544,8.443243542,12.97244512,18.72844745,15.11795038,24.13489498,0.000536669434,0.0003997921587,0.00115241504,0.0003406879244,0.0001919003468,0.0003103044229,0.000302845668,0.0004235727783,0.0006132635052,0.0005823478922,0.0003610614636,0.001153295371,0.0003006457766,0.0001617037274,0.0004252182461,0.0006791835417,0.0004041015042,0.001062441591
id144,scenario8,8,8.939520476,9.153217034,7.239732311,15.69614177,13.15053122,16.33503696,7.82098662,9.867800932,7.408980152,22.86731165,14.40280792,47.78887546,17.65010037,15.76489259,38.04958941,22.69772483,15.93052892,48.33866402,0.0002006866496,0.0001804704548,0.0001268576094,0.0005758718819,0.000388392571,0.0005966464736,0.0001714024375,0.0002313521155,0.0001203982482,0.0008397836842,0.0003155757085,0.003298119767,0.0005355423022,0.0004002526211,0.002530290026,0.0008479533113,0.0003729175091,0.003322894375
id144,scenario9,9,14.5091317,18.16925346,19.13943474,10.52107871,12.61853945,16.21784346,7.273627846,8.401849617,13.12022849,16.61836737,12.87401459,38.17721517,21.41873193,16.08514177,40.52584529,19.41772655,14.94126405,36.1659274,0.0005446195898,0.0006576468888,0.0007046395756,0.0002585654857,0.0002865964963,0.0005436316857,0.0001406547359,0.0001412755346,0.0004108760649,0.0005303536033,0.0003153296477,0.002631225766,0.0007283825714,0.0004194870012,0.002624523454,0.0006602498552,0.0003730843489,0.002363971759
id145,scenario1,1,16.18286999,12.07749672,15.61745582,17.95070492,18.27193941,20.57040173,15.59545966,15.32141642,16.68111939,22.65969992,18.77295582,31.63548954,20.51723096,17.03918202,32.07933512,21.45282544,17.61374144,36.03023557,0.0005532894518,0.0002589435328,0.0004230259938,0.0006377078385,0.0006551767792,0.0007006646926,0.0004653292565,0.0004292243995,0.0004564209534,0.0008954521664,0.0005915491906,0.001651924401,0.0007265066454,0.0004805256015,0.001579688957,0.0007530653911,0.0004806517229,0.001940658596
id145,scenario2,2,16.51113076,20.19808554,18.79616535,23.76715206,17.83471242,20.52287787,24.79151952,21.07387536,24.14211311,15.13990755,15.84745152,22.86793973,17.60470919,17.1445694,24.42355029,19.22432131,17.21387512,26.90228553,0.0005275771368,0.0006532506416,0.0005657349156,0.001098660367,0.0005436888139,0.0007437801742,0.001110194171,0.0007061242636,0.0009169689838,0.0005143304456,0.0004960833507,0.001045066916,0.0006384135907,0.0005549269297,0.001146867399,0.0006673542663,0.0004965816144,0.001297022048
id145,scenario3,3,18.98266517,24.36542979,17.42038967,12.72352026,18.27107337,18.48619214,15.87189811,24.50761502,15.71971491,21.78689813,18.965304,33.77693745,24.17837672,20.16943266,32.41752052,22.05456669,22.49808787,39.19515526,0.0006508289164,0.001035246578,0.0005073402542,0.0003389155112,0.0005683261332,0.0006501379651,0.0005576352819,0.001060304757,0.000409102757,0.0007981529181,0.0005417132475,0.001747232414,0.0009245784211,0.0006536831886,0.001666196129,0.0007719414335,0.0007354713475,0.002284059408
id145,scenario4,4,13.46465162,12.4755645,11.51845036,13.71402629,14.38292878,15.7426944,14.45889015,14.10133324,12.80173,21.86060029,16.02569114,26.18586888,17.68325737,16.80778468,29.23331822,21.60129761,16.92087094,34.00133209,0.0004330203417,0.0002960417399,0.0002325518624,0.0004332306758,0.0004548774005,0.0005352532161,0.0004763671104,0.0003865462709,0.0003168088494,0.0008096807811,0.000442904156,0.00113650647,0.0005492452853,0.0004934378838,0.001504481082,0.000754391175,0.0004493823247,0.00184052785
id145,scenario5,5,15.88370225,16.86125968,22.08048928,12.01719978,13.05372751,14.84145981,17.54645668,18.70998704,18.75533725,18.38198451,16.81244021,28.61582041,21.40927328,20.65688589,36.30584887,20.14709488,19.54008276,35.79224588,0.0004927300445,0.0005070168159,0.0008152823151,0.0003246265127,0.0003267297732,0.0004589350816,0.0006301638809,0.0006457542487,0.000652313595,0.0006021471848,0.0005208264779,0.001323542548,0.0007882071454,0.0006879452149,0.002073837532,0.0007170767484,0.000690887625,0.002054722335
id145,scenario6,6,10.4633435,12.40032563,15.4932937,13.30030094,13.71474775,19.78051847,11.95493258,15.35370615,17.51764015,22.57411611,19.61599973,31.66480707,20.16828897,21.78464978,29.95723164,21.23022556,19.48321543,27.92332219,0.0002606890237,0.0003277750885,0.000455142512,0.0003854419937,0.0003714207952,0.0006737038596,0.0003617337664,0.0004796721334,0.0006196137231,0.0008904116237,0.0006931216726,0.0016063152,0.0007378529337,0.0008094077021,0.001471790184,0.000779516808,0.0006839394357,0.001420143159
id145,scenario7,7,12.54306137,13.46479032,17.46789569,11.83815792,12.10711655,19.71194559,12.30107693,11.4278246,14.60922418,22.098276,16.70272674,23.19656405,21.51155857,20.01547339,28.40312488,20.16087308,17.35947078,28.8795062,0.00034408293,0.0003383178631,0.0005861114941,0.0003819244155,0.0002961543717,0.0009324050128,0.0003823736275,0.0002411046284,0.0004635848265,0.0009117489888,0.0004751081533,0.0009109619641,0.0007836263941,0.0006773454855,0.001412276075,0.0006934271885,0.0004749102007,0.001442191482
id145,scenario8,8,10.29078392,11.44001011,11.56882039,9.608680128,13.96636385,16.25825156,8.600488819,10.42480356,12.54904746,0.7545896943,1.065462787,1.145241291,7.446829692,5.944151634,7.976591947,15.85192522,14.93942707,21.46584446,0.0002737855302,0.0004065780949,0.0002487164453,0.0002144550908,0.0003618082396,0.0005463877098,0.0002084226103,0.0002320014079,0.0003174426217,1.806045292e-05,1.637751036e-05,1.921246357e-05,0.0002167634643,9.200454489e-05,0.0001822874159,0.0005057827749,0.0003846718975,0.0008974555319
id145,scenario9,9,16.82905087,16.83003941,21.82129607,16.80269983,16.34113,25.22191863,22.43961848,19.74864571,26.20338297,18.59131501,15.36456849,24.26262615,11.14033836,9.931422934,15.31083392,17.19803014,16.68351147,23.609093,0.000518607642,0.0004828496778,0.0008336989024,0.0005320833838,0.0004710258792,0.001136340645,0.0008281104334,0.0006358583203,0.001084566156,0.0006752459967,0.0004226960611,0.0009803549652,0.0003412903825,0.0002483421396,0.0005502705935,0.0005630295047,0.0004718149431,0.0009926687752
id146,scenario1,1,16.5285591,13.05518638,11.19128038,19.07261684,15.79285655,15.39028855,19.91384133,14.33650838,15.02027354,9.610923492,9.041168555,9.659830767,11.99266818,10.22487529,18.17870082,11.59349687,11.94699557,12.92313317,0.0004729394523,0.0002803318825,0.0002057455308,0.0006853743068,0.0003998241974,0.0004044234461,0.0007516306224,0.0003510854704,0.0004595375201,0.0002544796322,0.0001959227114,0.0002276863596,0.0003394009264,0.0002073013103,0.0008117696975,0.0003368263017,0.0002994790503,0.0003849272672
id146,scenario2,2,12.37471321,12.81917151,12.70555209,11.16245312,9.195358323,13.96243404,13.28313208,9.289677534,13.77562143,15.70743298,13.70463064,22.05692842,19.11813868,15.27546548,32.69645717,21.23610676,13.74414855,34.61695873,0.0003945876759,0.0004141644792,0.0004178542606,0.0003125230425,0.0002072048892,0.0005368024706,0.0004136195383,0.0001776171465,0.0005121691454,0.0004615430718,0.0003279099104,0.001049893547,0.0006462864397,0.0003878175662,0.001942453608,0.0007605516224,0.0003328014148,0.002043901716
id146,scenario3,3,17.07787346,15.07113741,13.40132425,15.0816875,12.7684348,16.74673723,14.28435615,13.8817327,11.40345006,8.48443037,7.853374201,14.67187468,16.82957689,15.14093919,22.09907989,11.06767708,10.07644616,18.45707712,0.0005661867867,0.0004913867382,0.0003029677383,0.0004989887345,0.0002856053183,0.0005194327632,0.0004441555301,0.0003806609255,0.0001980375171,0.0002320174424,0.0001757241108,0.000676348766,0.0006007348558,0.0003848686995,0.0009033298331,0.0003690561118,0.0002345781641,0.0008577121703
id146,scenario4,4,12.67035345,13.88769455,12.48533575,6.511909439,4.583960933,5.381164365,13.49461741,10.3753057,13.92907399,15.55120525,15.14438873,21.54305954,19.47800055,10.85666983,35.17223298,16.12074147,11.72249087,30.78318785,0.0003688872992,0.0003935156442,0.0002618971065,0.0001719881228,5.615246012e-05,8.666744141e-05,0.0004885805065,0.0002771712176,0.0004274056641,0.0004357906976,0.0003737486357,0.0009483594317,0.0007060507207,0.0001950232405,0.002338697905,0.0005040847944,0.000249474385,0.001936838922
id146,scenario5,5,13.01525875,8.628598556,12.85266774,16.43239855,10.50172521,18.69947728,18.79326818,13.99202047,20.1936905,15.85375516,10.22619272,21.14186465,17.68492627,13.51091614,23.87980781,18.214779,12.04574291,29.80687795,0.0003264520593,0.0001359534146,0.0003639007898,0.000473919783,0.0001869867858,0.000639208368,0.0006519091345,0.0003410160834,0.0006841038137,0.0004461740556,0.0001856120157,0.0009465612738,0.000550316153,0.0003023443454,0.0009595522653,0.0005561456086,0.0002340918566,0.001444136009
id146,scenario6,6,17.53559917,16.05549852,17.8625847,19.39524059,15.57899367,18.814744,18.26419605,17.86781004,18.32637678,15.55320476,9.153748635,23.8321143,15.99850727,11.82583401,31.2003541,18.07390623,12.34260554,34.37807313,0.0006419102183,0.0004706440283,0.0005446068831,0.0007249443768,0.0004516694501,0.0007353337181,0.0006608471171,0.0005676635969,0.0005942887533,0.0005221455227,0.0001497296393,0.00127574223,0.0004726691832,0.0002233660494,0.001839193053,0.0006126077648,0.0002577359702,0.002250339252
id146,scenario7,7,12.42439811,10.91274725,12.93704908,16.89709381,17.55123841,17.16981844,12.85500949,12.99900682,15.25781172,11.87505275,10.39746698,17.30774598,18.22702391,14.78442529,22.959923,13.40809092,10.60875041,15.65411283,0.000315281574,0.0002277027594,0.0004417152124,0.0005449267426,0.0005310617991,0.0005971973088,0.0003246354732,0.0003329757949,0.0005290834828,0.0003354500235,0.0002112195327,0.0007957787353,0.0006890504891,0.0004056469006,0.001033262979,0.0004532067466,0.0002309838831,0.0006141062278
id146,scenario8,8,8.435047382,5.643746878,7.174926754,16.52384561,17.39077623,22.42016279,15.45090011,14.46593951,16.03611863,16.97264865,14.88045416,34.09216374,22.72668454,15.20786296,37.44406967,20.76833934,13.94138453,33.72899589,0.0001961952947,7.411000691e-05,0.0001295277422,0.0005613944108,0.0004754320867,0.0008563972286,0.0004861260244,0.0003865510393,0.0004330672861,0.0005378646085,0.0003967744578,0.00208348661,0.0008950580197,0.000371817717,0.002422717097,0.0007948561636,0.0003347008435,0.002187069311
id146,scenario9,9,14.05469192,15.80247209,20.82761741,15.39361148,13.65816268,19.22484294,14.37009712,14.61192545,18.23150527,11.91176986,11.28312605,21.60661339,13.36172162,10.49541517,17.87988118,12.74934086,10.13097903,23.29972565,0.0004757089491,0.0004548434931,0.0009450328127,0.0004423729161,0.0003092349444,0.0008703564271,0.0004145031893,0.0004031830989,0.0006390326251,0.0003615748395,0.0002657600804,0.001167741306,0.0004182753001,0.0002120867325,0.0007324437484,0.000403961695,0.0002275657068,0.001304564527
id147,scenario1,1,10.66321865,8.601744959,19.71038277,9.664673135,7.615717185,14.41537237,10.94068843,8.911424896,18.4691422,8.937376994,7.131667821,18.37516713,13.69288538,11.21904398,25.55164246,11.69248867,11.02387009,25.80493811,0.0002840752474,0.0001504410873,0.00091669761,0.0002821772515,0.0001316314209,0.0005430781845,0.0003687532825,0.0001760461331,0.0009030672119,0.0002272667239,0.0001125674787,0.0009357642154,0.0003952533007,0.0002213430595,0.001445707887,0.000304490989,0.0002234257531,0.001464555383
id147,scenario2,2,5.146231254,5.045226308,7.048499613,4.069292432,3.959530579,7.17044141,5.361595311,5.481877276,6.877735224,10.63506181,8.600332502,21.10832143,13.3493477,14.81933296,29.50072644,14.72701206,13.39558497,33.4067027,0.0001249283778,8.114586606e-05,0.0001440915914,0.0001026595658,5.383776714e-05,0.0001983574154,0.0001411706762,0.0001032384462,0.0001643689681,0.0003045436046,0.0001772288133,0.001194557877,0.000365593449,0.0003803335307,0.001568091145,0.0004402820563,0.0003116100423,0.002150411287
id147,scenario3,3,11.14418209,8.910243709,23.72748761,13.47672533,13.65712441,28.26738507,11.69559831,13.76944679,26.52867855,12.63341168,10.73843611,27.93132107,16.11517712,12.47156671,36.90112886,14.15793334,12.4573157,35.24385605,0.0003315008882,0.000176156036,0.001415463335,0.0003870376831,0.0003173796158,0.001622158767,0.0003016296114,0.0003472142797,0.001504846375,0.0003968274043,0.0002371895242,0.001710335808,0.0005159459131,0.0002850090193,0.002403439657,0.0004045267303,0.0002927174592,0.00230961072
id147,scenario4,4,5.518581664,5.751706714,8.739414973,10.94917951,10.75800234,24.66013195,10.63879849,9.321492785,22.98541188,13.37002259,13.47337414,27.46246403,15.52000286,13.56312183,36.0292509,16.79191314,10.90346912,34.8824393,0.0001479416713,7.928987817e-05,0.0002093959797,0.0003110126334,0.0002329472187,0.001430688277,0.0003933831685,0.0001924259028,0.001373485131,0.0003575397724,0.0003208370677,0.001471963182,0.0004504185534,0.0003021387876,0.002240063635,0.0004962154689,0.000208818342,0.002075567444
id147,scenario5,5,9.174948477,11.79774988,16.56485735,14.28951669,11.4200958,39.02384313,15.34793923,13.5158311,35.17309786,5.65764449,3.758179042,14.91570673,6.253508782,8.239855594,13.60328325,6.664477009,7.409494506,12.28400126,0.0002788389828,0.0003194688326,0.0006191868466,0.0004405754744,0.0002710581296,0.002894933433,0.0004982987645,0.0003522183505,0.002178210632,0.0001712223283,6.482005138e-05,0.001031113227,0.0001746777145,0.0002087511563,0.0005994945489,0.0001857972998,0.0001699483632,0.0005388085689
id147,scenario6,6,11.61799382,12.65370735,25.7127265,14.16587411,14.359854,24.81587477,12.69661168,11.46487115,20.44260304,7.276716925,6.454689504,19.20762152,13.57624895,10.64812728,31.96010497,12.24543798,10.16956743,31.39668112,0.0003317521426,0.0002930402008,0.001433048619,0.0003939703569,0.0004082130463,0.00124029359,0.0004015945134,0.0002865415697,0.0009383005876,0.0002013502186,0.0001092698207,0.001120537635,0.0004279672231,0.0002417279926,0.002178785237,0.0003678501242,0.0002239156732,0.002207560566
id147,scenario7,7,6.92992813,11.6606378,18.26384561,14.59612559,14.55259992,35.13426206,14.76014068,14.03022147,35.93570262,6.818351139,5.927098305,14.08591639,10.35888787,12.65046692,21.63777732,8.608202844,10.02695425,18.63409256,0.0001546048887,0.0003026192055,0.0008677137814,0.0004190499874,0.0003748718355,0.002032707433,0.0003952572717,0.0003262613589,0.002151199462,0.0002130406093,0.0001040283021,0.0007488465796,0.0002842961629,0.0003118446746,0.001020215964,0.0002267186486,0.0002350087386,0.0009551690066
id147,scenario8,8,2.861474634,4.77059185,6.784704962,12.85804353,9.296634688,16.85412276,10.48772239,11.93702108,17.61630922,14.25948331,10.38864399,27.13983934,13.46933969,12.934525,23.58453505,14.87443173,14.64676292,26.55132753,2.885587871e-05,8.945321684e-05,0.0001294475607,0.0004299140519,0.0002023580558,0.0006854595918,0.0002911259721,0.0002807632668,0.0007638591086,0.0004161226327,0.0002091726272,0.00138355733,0.0003682349848,0.000326522677,0.0009836351619,0.0004286773238,0.0003472210488,0.001247215246
id147,scenario9,9,14.96768434,11.42873612,31.08903087,12.9068443,8.958726459,36.33388112,14.55289463,6.878591417,35.38051329,9.465204623,7.340972943,18.63594058,15.62143793,13.24528448,37.32064472,14.0331532,12.43986607,29.46048234,0.0004623654286,0.0002596351609,0.001977561162,0.0003503948288,0.0001533425639,0.002660363654,0.0004011237329,8.030752383e-05,0.002425435368,0.0002501683594,0.0001339482465,0.00105217733,0.0004817363395,0.0003455657626,0.002443645602,0.000416558028,0.0003065425633,0.001723403294
id148,scenario1,1,21.31401792,14.65672445,14.81789635,22.29615877,20.18510693,23.31104139,25.52502948,14.26616926,23.24586483,21.82597135,17.05654723,20.35559041,22.62110139,20.09234294,29.46793028,24.46856274,16.79609746,29.35969759,0.0008241614532,0.0003856907559,0.000381759549,0.0008179541546,0.0006515611433,0.0009044875679,0.001214480382,0.0003314752983,0.0008986651175,0.0007799025765,0.0004596923716,0.0006461361127,0.0008361584303,0.0006684201288,0.001345877123,0.001005424024,0.0004505392824,0.001337964148
id148,scenario2,2,15.88222098,11.64643529,12.92994907,16.28215978,11.68011384,12.58089475,12.6573589,11.81235765,12.37720448,14.00620038,10.864272,15.9054998,19.50025627,15.53527047,19.74740962,12.76431478,9.837974443,14.29619869,0.0004751340147,0.0002220915877,0.0002906558589,0.0005220108914,0.0002321121828,0.0002881817851,0.0002898798128,0.000237994802,0.0002817364071,0.0003621759772,0.0001881631284,0.0004543655185,0.0006652636442,0.0003892083407,0.000603571613,0.0003157044268,0.0001576295997,0.000434630982
id148,scenario3,3,11.88914832,7.934286993,7.047596086,17.85181651,14.87184729,9.695155034,15.35059167,14.15830696,14.36388156,14.83392552,9.391100848,12.44232697,15.73246771,12.33313676,17.53140116,17.11155926,14.74306384,18.61528031,0.0002517739706,0.0001007763336,8.035745253e-05,0.0005621943677,0.0003504331788,0.000153586966,0.0004045646784,0.000335949083,0.000336229899,0.0003682373183,0.0001477443399,0.0002806183608,0.0004305842963,0.0002715210335,0.0004890206728,0.0005406461117,0.0004048877234,0.0006526196714
id148,scenario4,4,13.2729174,9.055710627,9.679874219,24.64842619,15.76111357,13.72889644,23.57984104,12.91962167,15.12156627,4.661609089,2.717047883,3.724462531,12.43823531,8.358128021,11.33672413,5.872117437,4.528930718,6.087823717,0.0003754150694,0.0001638789832,0.0001760802981,0.001005441781,0.0004539825244,0.0003047451906,0.001085184886,0.0002865538445,0.0003497452838,3.901019335e-05,1.348195626e-05,2.448962478e-05,0.0003769889871,0.0001446196715,0.0002943844976,0.0001123804967,6.260649027e-05,0.0001175272217
id148,scenario5,5,14.88846339,9.929348362,12.58634701,14.04589081,13.12004784,15.53988665,14.45311174,12.83938064,14.56773398,13.00858012,11.3250894,13.30878219,17.73927944,16.12412422,18.22874821,17.14770124,14.42642394,18.84883638,0.000599146339,0.0002158241032,0.0003475563724,0.0004464157392,0.0002991216114,0.0005095089008,0.0005235869627,0.0003156412587,0.0004717400247,0.0003913974283,0.000269733227,0.000326981314,0.0006305499012,0.0005230261598,0.0005977189512,0.0005882318711,0.0004055171991,0.0006555334679
id148,scenario6,6,14.91232284,12.48785196,12.17224336,7.762158518,10.60329703,13.48492401,16.89722856,13.88985091,18.1293539,15.71923311,13.9512641,19.35725453,6.307102201,5.102850376,7.329461884,20.28108321,16.85721397,28.79383095,0.000532057246,0.0003812233257,0.0002685214156,0.0001873499525,0.0002886066911,0.0005233320985,0.000687051142,0.0003573070651,0.00061586044,0.0005542379235,0.0003835333226,0.0007278867991,0.0001930642385,0.0001021154694,0.0002280189983,0.0007567765458,0.0005007276708,0.001421063345
id148,scenario7,7,15.25124372,9.516064307,11.9056182,13.72729468,10.59347115,17.18207501,13.64768954,11.97633951,11.92239641,19.20622158,14.98496344,26.54854261,13.87030608,10.98545667,16.18826411,16.42751139,12.96575226,25.10491532,0.0005764686756,0.0001858269,0.0003356924189,0.0004127916142,0.0002059981341,0.0005778778886,0.0004360153442,0.0002773307364,0.0002608882373,0.0006682644161,0.0004018884688,0.001198941607,0.0004824249522,0.0002484732187,0.0005364431183,0.0005187119929,0.0003010094422,0.001152829912
id148,scenario8,8,16.53054192,14.52064479,19.81453736,10.36198732,8.285901177,17.99576329,19.4093256,12.70692137,21.07941601,22.73765817,18.53318477,25.39611318,19.38758117,14.68541927,29.08076615,21.36541781,15.57549191,32.17388397,0.0006354008748,0.000406709396,0.0006457417368,0.000256633539,0.0001704079148,0.0008263619664,0.0007743521244,0.0002562817221,0.0007766232797,0.0009135015398,0.0005869375317,0.001308376109,0.0007657301817,0.0004089792175,0.001534225459,0.0007986877551,0.0004228514406,0.001752238532
id148,scenario9,9,10.52922974,13.66323006,11.21472693,4.511367492,7.44400307,6.318859112,11.961145,15.59584165,10.57283098,10.32024601,10.03579552,13.68880796,4.005300898,3.905553185,6.014234051,13.83050587,16.17834015,17.46923127,0.0003415434607,0.0004038429468,0.0002694306286,0.0001040927509,0.0001814961163,0.0001186771067,0.0003939860897,0.0006078865797,0.0002385306708,0.0003268683303,0.0002557504095,0.0005053091087,9.274081744e-05,5.900805458e-05,0.0001615940412,0.0004158441154,0.0006061028192,0.0008178446242
id149,scenario1,1,18.64419856,19.75865355,20.54343121,19.76102468,16.99778655,17.28471708,16.98260088,13.18914638,18.66687475,19.79101883,17.60863309,29.6596931,21.95372553,14.25252873,28.59740564,19.85698837,22.15614334,30.68196833,0.0006545595669,0.0007137885562,0.0007127800518,0.0007257023039,0.000529756315,0.00054563088,0.000616333254,0.0002897922001,0.0006303963583,0.000706250053,0.0005378741618,0.001570915971,0.000864311574,0.0003393722133,0.001402137664,0.0007356044914,0.000757362743,0.001510546053
id149,scenario2,2,15.98278839,13.79982626,15.51205999,15.80281294,12.6804942,17.26478322,18.3808867,15.94760534,20.65275737,19.63976385,18.43208042,31.31586567,19.5056931,17.67408522,24.48371285,20.67559606,15.29152225,26.67855843,0.0005000743505,0.000310294388,0.0004318099626,0.0004675406256,0.0002692352439,0.0005245801785,0.0005803830303,0.0004199279967,0.0007278903289,0.0006668070553,0.0005609271141,0.001411920267,0.0006083527918,0.0004753109558,0.0008793959306,0.0007230987881,0.0003823495933,0.001034843228
id149,scenario3,3,15.66155129,13.96593126,15.19228082,16.52534099,16.43615693,17.12252625,7.417525661,6.918687233,10.36549064,20.54068162,20.28994171,35.34359443,23.54167166,18.18976716,38.55439456,20.0455221,18.18263776,36.9141709,0.0005064523169,0.0004059699143,0.0006098877143,0.0005695276406,0.0005079980928,0.0005861084884,0.0001864444533,0.0001368741882,0.0003856025211,0.0007156068007,0.0006520505073,0.002007777293,0.0009046536792,0.0005012324334,0.002288284481,0.000690624768,0.0005421475101,0.002265692256
id149,scenario4,4,20.52949697,20.46433562,21.44806764,21.03999752,20.80059519,19.08401768,10.09769484,11.49169657,14.10299191,14.70207494,13.98482156,24.05753596,23.25308139,14.00320373,32.77330907,17.22941678,14.24174513,27.62985916,0.0007878368781,0.0006565683499,0.0008336623211,0.0008127816915,0.0007543456941,0.0006173547907,0.0002996052932,0.0003281744562,0.0005668127805,0.0005607830557,0.0004159495178,0.001199284491,0.0008900334741,0.0003071163361,0.001649989117,0.0005293154659,0.0003360945854,0.001451788164
id149,scenario5,5,21.62737921,18.1598652,17.73368253,24.81463059,24.01953903,16.16968909,22.85233334,21.77752927,18.48199305,16.09595442,14.6247222,24.7033732,15.94571709,17.39997318,25.3541487,19.87984517,17.45029915,33.39613344,0.0008036427329,0.000501656512,0.0005264522406,0.001086133729,0.0009403274167,0.0004295396742,0.0009352799937,0.0007219993385,0.00055459225,0.0005290160333,0.000364793352,0.001158913561,0.0005240337561,0.0005947310814,0.001317979691,0.0006767421007,0.0005175104369,0.001868188607
id149,scenario6,6,18.05658995,10.35662516,10.88147445,11.23518092,6.091469583,8.234558181,11.63352767,8.042810879,7.814275422,20.78015015,15.88436377,24.87989071,15.39061927,11.42375633,17.70645757,18.62333309,12.68527709,27.46315941,0.0006646028614,0.0002020358438,0.0002236565885,0.0002125336379,5.986772256e-05,0.0001151963892,0.0002153998843,0.0001223019165,0.0001069073015,0.0007024747555,0.0004120635969,0.001090924218,0.0005080195585,0.0001999635422,0.0005766444992,0.0005530838236,0.0002593156901,0.001229141599
id149,scenario7,7,16.18069782,11.30967203,14.69516173,17.08582979,13.41791243,12.03488478,6.495377693,6.372293346,7.574586436,18.38474188,14.45404109,41.81149146,22.3490217,22.48738968,34.85339261,22.94573233,19.04916376,40.33396214,0.0005347165245,0.0002595503994,0.0004956646401,0.0006120580705,0.0003733195526,0.0002771739356,0.000181438452,0.0001289361951,0.0001857486297,0.0006001636926,0.0003589299114,0.002853111726,0.0008593862053,0.0008236628893,0.001913622988,0.0009258240965,0.0005492986894,0.002483168651
id149,scenario8,8,16.58910695,15.14955366,24.64839218,13.97972008,9.429420841,16.26161398,1.634109359,1.163291599,1.389175974,20.22754795,21.36120641,31.47004786,24.37896927,25.54992713,35.49424656,4.341821989,7.486195675,7.75863644,0.000534278326,0.0003875061441,0.001027964001,0.000539832345,0.0001568908989,0.0004806407821,5.177665862e-06,2.312375299e-06,2.874835965e-06,0.0007014908093,0.0008671801605,0.001666811398,0.00101206999,0.001045420866,0.001972005077,7.462695005e-05,0.0002817439628,0.0002536329278
id149,scenario9,9,14.95266044,15.40420697,17.39746727,14.59092041,14.45643453,19.921652,14.46775495,11.50512223,16.21099999,18.47135209,14.65317003,26.73507184,18.58627316,16.73340062,25.388696,18.62737953,15.62379392,20.83311226,0.0004188387242,0.0004227277222,0.0005500593701,0.0004446306819,0.0004429469279,0.0007591285556,0.0005238349719,0.0002492133281,0.0004983412732,0.0005537020156,0.0003289577078,0.001188655154,0.0006217102963,0.0004372313024,0.001325684215,0.0006233649346,0.0004600859864,0.0008605700746
id15,scenario1,1,4.885735968,2.488949842,3.146101181,5.017309586,3.269805312,4.567773873,13.95868128,8.212094664,17.01317187,5.974540084,4.163168083,4.733062907,14.26391155,8.089032515,7.799484018,18.09630326,14.32613609,17.08197247,3.962948268e-05,9.983996099e-06,2.172040609e-05,4.218784247e-05,1.825034275e-05,3.126060501e-05,0.0003271574696,0.0001126866822,0.0004293026499,5.50659278e-05,2.952620355e-05,3.531445647e-05,0.0005579290999,0.000156425206,0.0001209589606,0.0006370102174,0.0003944804415,0.0005551666259
id15,scenario2,2,3.544335819,2.180658155,2.165011697,10.40753172,7.132383365,7.574510087,18.95167364,23.67030341,16.89821068,2.995872199,2.179644946,2.284801181,21.41921161,13.6827749,23.93586989,22.5111066,14.47906619,18.95559878,1.948674769e-05,6.997256265e-06,8.415123096e-06,0.0001770864961,8.211397302e-05,9.737368572e-05,0.0005623730667,0.0009012177579,0.000387115952,1.600645968e-05,8.079820645e-06,8.951934341e-06,0.0008013914081,0.0003410230968,0.0009804011294,0.0008896518661,0.0003279101112,0.0005683503984
id15,scenario3,3,5.445857305,5.604531747,7.222742332,4.326273497,1.866871405,3.698856986,15.69118385,13.51939258,13.6313114,5.764346671,4.220973062,5.611127487,20.45091684,18.99574162,22.38869185,19.95320785,14.38793353,18.28321084,5.366149577e-05,4.426410208e-05,8.571715252e-05,3.348712916e-05,6.303329088e-06,2.604027848e-05,0.0004658823083,0.0002545687271,0.0002831895361,6.176943248e-05,2.810832996e-05,5.274522226e-05,0.0007826966847,0.0005806330317,0.0008166108084,0.0007395610444,0.0003782783102,0.0006257443575
id15,scenario4,4,9.870920668,6.481376115,7.793950181,15.63269149,13.33181775,17.91811376,14.3667004,14.9073062,18.31383524,6.453574008,3.933931089,4.812016181,15.08696443,12.51958352,17.29680223,23.04558678,16.50562307,19.29362885,0.0001816747382,6.937473713e-05,9.311302451e-05,0.0004877361484,0.0002958565573,0.0005298353726,0.0004526973536,0.0003633026532,0.0005894811847,6.939731653e-05,2.390780745e-05,3.731164784e-05,0.0005540141225,0.0003232528368,0.000666544145,0.001102338034,0.0004921630804,0.0007444651537
id15,scenario5,5,10.49371123,8.936985097,13.14495196,12.93404037,10.17300657,11.06595124,17.0404123,9.319400142,10.97199319,8.036027058,5.292201174,7.236615894,20.87028799,15.51711464,21.02691117,25.04188345,11.90443554,21.44534207,0.000223386644,0.0001306665302,0.0003099017966,0.0003264373501,0.0001961927715,0.0002622549427,0.0005955563347,0.0001460015302,0.0002368757423,0.0001361674361,5.311119989e-05,0.0001017646054,0.0007024176668,0.0003824403857,0.0007028157973,0.001036461282,0.0002303070624,0.0007932858808
id15,scenario6,6,7.688023607,6.098558746,12.89677356,15.32184395,12.4487947,16.85880634,19.54501655,18.56643337,17.01893203,9.371997062,9.2527751,11.20693269,15.22576462,9.800386211,16.96315967,18.6839164,11.6983439,16.73738301,0.0001607861721,6.213047314e-05,0.000327269133,0.0004386151102,0.0002523570701,0.0006161911028,0.0007707676374,0.0005662287288,0.0004899958428,0.0002780193858,0.0002164821389,0.0003284652808,0.0005662349661,0.0002006661703,0.0006571912753,0.0006735922949,0.0002463659665,0.0005627362859
id15,scenario7,7,16.04365393,9.105472394,11.66058636,15.25522861,10.24229738,10.74252399,18.92043964,10.14376699,13.46198999,11.213573,9.167974772,11.34710892,16.54304877,10.89233254,17.55401129,20.7206577,15.1502484,20.42676287,0.0005030026925,0.000141011177,0.0002272989092,0.0004227115624,0.0002209912648,0.0002044641243,0.000584863025,0.0002154997107,0.0002732668408,0.0002382606375,0.0001640810186,0.0002495207234,0.0004636898946,0.0002099831335,0.0005905887323,0.000745401426,0.000410032622,0.0006987850237
id15,scenario8,8,11.45829812,9.396731852,8.539776587,12.87037863,6.963779733,9.92572043,21.52392523,17.06056369,25.04628528,15.06544368,10.54413577,20.27321189,15.51933013,11.51094023,17.52951919,20.71062054,14.89406471,22.31179375,0.0002090492534,0.0001312684683,0.0001271329904,0.0003212558742,8.117565596e-05,0.0002033394747,0.0007814512509,0.0004818657933,0.0009878376072,0.0003902328242,0.0001792414747,0.0008115912542,0.000428650058,0.0002491751063,0.000563483338,0.0007845544202,0.0004251125818,0.001011407331
id15,scenario9,9,9.705788784,10.07285975,11.90162999,18.19330308,18.43993524,14.57317027,19.78701239,14.1966831,12.12335637,15.54207344,11.94289233,15.80279002,20.48696849,15.9347889,22.2593332,23.90971942,20.28195487,26.55775387,0.0001651904243,0.0002383889121,0.0002314027399,0.0005433975207,0.0006574727663,0.000335876976,0.00072560197,0.0003221803011,0.0002112956813,0.0004691721527,0.0002502471851,0.0004851448717,0.0007843321866,0.0004696490294,0.0009244145369,0.0009820980151,0.0006687604264,0.001109201364
id150,scenario1,1,9.154295462,8.369034564,12.07227595,5.361389699,4.752194531,3.631304831,10.08398262,8.739035951,13.78817732,15.0040963,11.35397241,12.04163616,1.723964477,1.772335743,1.189938468,9.105585416,9.195699034,10.5141267,0.0002573357492,0.0001490400217,0.0003837600765,0.0001459869797,9.143718826e-05,3.64345685e-05,0.000302328294,0.0001497970575,0.000382795666,0.0005845632425,0.0002990051484,0.00030733517,8.162663703e-05,4.022246753e-05,1.721534245e-05,0.0002459963126,0.0001746228114,0.0002534355266
id150,scenario2,2,14.13533615,13.58556373,13.40332301,13.93738616,11.15757517,10.44214572,13.39486249,11.20744953,12.3126278,11.50623487,9.083219697,11.61131299,17.50879396,16.37247237,16.22968055,15.70898889,14.93912771,15.87061293,0.0005028982421,0.0003948414419,0.0003964503072,0.0004805216478,0.0002451527755,0.0002188266346,0.0004717940677,0.0002443422512,0.0003316949413,0.0003709407212,0.0001782950514,0.0002935958059,0.0006755348449,0.0005018356371,0.000540972852,0.000579009203,0.0004135324923,0.0005078632816
id150,scenario3,3,14.90518722,13.48531258,15.45655861,12.26947163,9.883093069,13.57972755,14.23031587,15.44215121,14.56750748,16.31992418,17.9303003,16.17227666,18.57838978,14.10206891,18.32308916,15.02391922,14.64663703,16.60905529,0.0005352143528,0.0003194440552,0.0004589511885,0.0003460075537,0.0001810595266,0.0003743388522,0.0004719117553,0.0004176648709,0.0003457857429,0.0006161897908,0.0005255017378,0.0004530706876,0.0006792538277,0.0003342037474,0.0005857482968,0.0004842361735,0.0003890046848,0.0004423148726
id150,scenario4,4,7.787904165,9.168739049,11.90188295,9.903101529,10.22584368,11.56049703,8.329656425,6.418956393,7.056785775,16.95797977,16.63304544,19.34491754,13.15216884,10.62281533,13.26990516,20.98316849,16.08194158,19.78624317,0.0002014036102,0.0001936219135,0.0003410698763,0.0003402563859,0.0002374316518,0.0003187350279,0.0002658166081,0.0001177834622,0.0001873203686,0.0006129304427,0.0004870297754,0.0006683221932,0.0004820656057,0.0002318457889,0.000385004195,0.0008764778893,0.0004172776654,0.0006824222954
id150,scenario5,5,12.06727539,10.76966367,10.03534704,15.15881295,15.5948279,12.61523541,12.28182586,12.21611407,14.08475162,22.35084524,17.97546216,16.99906691,20.71402119,19.18255735,22.10803652,19.27078048,20.20423423,18.51761567,0.0004255591743,0.0002190783351,0.0002334731777,0.0005794471459,0.0004653584072,0.0003338237681,0.0003673784195,0.0002930501646,0.000378168624,0.001006394032,0.0005894022267,0.0004880888354,0.0008143232976,0.0006030591111,0.0008027591913,0.0007982997302,0.000733658825,0.0005979542314
id150,scenario6,6,18.56406684,12.75058863,12.43978368,14.04214081,10.12096884,11.13307696,17.01197429,13.6015897,16.8519446,17.24189712,13.86471672,18.11762579,18.32547,15.19227844,18.26601025,11.82017753,10.01018773,12.85474731,0.0008282494725,0.0003043728709,0.0003291181797,0.0005825910492,0.0002186266719,0.0002504666584,0.0007282515193,0.0003242324246,0.0005168489381,0.000633849782,0.0003569582838,0.0006420574667,0.0006914434086,0.0004543598382,0.0006553307996,0.0003818560741,0.0001957059732,0.0004002093475
id150,scenario7,7,20.10552903,15.48737618,18.52964412,16.90774816,14.56542964,17.16515199,13.65695059,9.941332923,15.09801472,20.94801721,17.52595683,19.2975064,22.63543975,19.01804126,22.02039281,24.34066427,19.41422885,25.69303095,0.0008045534061,0.0003964072646,0.0006483556372,0.0005935149969,0.0004137804725,0.000527750843,0.000506214302,0.000201984257,0.0004527466392,0.001026176731,0.0005811485521,0.0006265182164,0.0008928034202,0.0005930642204,0.0008709029035,0.00100784866,0.0005774114386,0.001086392453
id150,scenario8,8,12.4835622,15.28080415,12.23143445,14.76719921,13.55328259,13.9291354,12.20167776,9.884435672,10.83946043,14.67456364,11.64907167,12.71274312,12.11699378,12.54472837,14.6309572,13.30357484,9.680295824,13.4555828,0.00038539934,0.0005560578645,0.0002849938433,0.0005421483005,0.0003773962268,0.0003471839201,0.0003850670814,0.0001960121118,0.0002389590956,0.000683513499,0.0003239861404,0.0003704498642,0.0004492187993,0.000368737639,0.0005062589444,0.0005458370861,0.0002251159749,0.0004250133119
id150,scenario9,9,26.23634222,19.23361427,22.57921751,19.47881685,14.04038247,18.6028825,22.6933395,18.17041322,26.32153562,21.36503671,12.68669835,15.27521882,20.86258741,20.66581215,20.93287692,25.27562129,19.77729961,21.63911542,0.001102558022,0.0006125734778,0.000840670847,0.000651634414,0.0004123249108,0.0005152734534,0.0008514796936,0.0005192209965,0.001081950615,0.001030485651,0.0003277252087,0.0005211474162,0.0007982638365,0.000764486934,0.0007833894448,0.001153010286,0.0006691898274,0.0008337753518
id151,scenario1,1,12.06367226,7.730523166,7.073047451,11.90231789,8.142856558,7.552194262,8.957469905,5.812812501,5.714227321,10.09421174,6.589390141,9.140173692,11.49466229,7.236893407,8.159259088,10.35910292,5.971488051,8.156454989,0.0002976985417,0.0001083902685,8.324579138e-05,0.0002452589719,0.0001017038773,9.196244324e-05,0.0001490036691,5.686815672e-05,5.281686843e-05,0.0002188651464,9.392390843e-05,0.0001783817159,0.0002383168142,8.950923582e-05,0.0001245322588,0.0002148195428,6.773918193e-05,0.0001136639044
id151,scenario2,2,20.65153054,11.84557627,13.64169525,20.7623865,10.9649304,11.52949843,23.70474025,12.9491207,12.93859326,18.26805146,15.96807854,20.42912415,19.47580158,13.45416295,21.83778063,19.50336871,13.18194406,27.30154137,0.0007753897472,0.0002369239327,0.0002826599058,0.0007249220904,0.0002063510177,0.0002110719871,0.000934828244,0.000274223287,0.0002600438776,0.0005926152166,0.0004781915747,0.0007518409615,0.0006549441208,0.0002961564995,0.0007873662123,0.0006116160247,0.0002956706998,0.001346458228
id151,scenario3,3,16.77051223,12.78710419,16.0872731,15.80619194,11.11238419,14.15071469,19.06148811,9.156944543,13.23393758,18.75226227,12.56891181,23.70137823,19.13087768,13.31451642,19.78339229,17.79978386,12.89763745,23.27865274,0.0004490179617,0.0002550653042,0.0004190821735,0.000418124181,0.0002463476471,0.0003109553798,0.0006185285511,0.0001460431416,0.0002706741126,0.0005501198988,0.0002514595627,0.0009570065452,0.0005754480489,0.0002644537436,0.0006129508928,0.0004883658473,0.0002612994924,0.0008241193917
id151,scenario4,4,14.10013307,10.5544298,13.26512925,8.06176917,4.879019608,6.47627981,15.95022217,10.33861624,11.45363213,16.01100614,10.71972301,16.4990384,9.107739927,6.91283292,9.166827096,19.086182,16.19674226,19.92272133,0.0003277003468,0.0001902086394,0.0003154668948,0.0001089980781,4.00710283e-05,6.645301694e-05,0.0004292606333,0.0001666322182,0.0002114063773,0.0004048862029,0.0001769531001,0.0004303005784,0.0001314026791,8.387629056e-05,0.0001295447883,0.000597869169,0.0004149694201,0.0005762912539
id151,scenario5,5,18.04946485,14.11453339,15.76083148,11.46216603,8.517067147,10.78607278,15.26844437,13.98481236,12.7421179,17.53497088,16.55302814,23.22373933,10.70919029,9.665212009,10.12756963,17.69248881,19.50860879,26.98812814,0.0006111893035,0.0003327675919,0.0004266299114,0.0002749284161,0.0001558193361,0.0003110672931,0.0004911840169,0.0003677875346,0.0003051028568,0.0006128965702,0.0004731829083,0.001106666484,0.0002299975026,0.0001982247705,0.0002187696656,0.0006478366027,0.0006458786394,0.001305256217
id151,scenario6,6,24.25635713,17.29207346,22.88394675,19.18221211,17.75094955,18.90422072,21.18921405,17.40606454,18.95471805,20.70377876,18.17549837,23.14880388,14.80335574,15.12306479,19.39120374,16.2718578,20.54755805,20.57977194,0.0009984024118,0.0004591327302,0.0008866045669,0.0006794678264,0.0005679253982,0.0006569748102,0.0007291770268,0.0004911663674,0.0005996652663,0.0007300487742,0.000499009167,0.0008710590187,0.0004119448111,0.0004425603065,0.0008944156627,0.0004680627991,0.0007176618303,0.0006992855583
id151,scenario7,7,23.84355235,18.34498366,21.56832691,16.48776624,14.6495577,22.8285574,18.27571606,12.80821005,15.25935516,23.42482911,20.89816299,21.93703011,20.51742408,23.22888466,21.74901957,17.75573059,20.68097668,21.40155624,0.001023294954,0.0005356789651,0.0007691393319,0.000528720119,0.0003830562076,0.0009605228591,0.000697934518,0.0002749540044,0.0004317350475,0.0008764292243,0.0007210199852,0.0007669448613,0.0007472291386,0.0008791399137,0.0008239070105,0.0005734556675,0.000728516354,0.0007553998928
id151,scenario8,8,16.58826461,12.66039993,14.27960286,16.21547186,13.10002363,15.83185804,15.75692088,12.31148949,16.21298945,16.45495939,15.82382145,23.19532426,20.36379022,20.83356172,32.3951553,21.95086303,25.36362533,32.86136126,0.0004836135323,0.0002766685565,0.0003523066567,0.0004900916317,0.0002994283502,0.0004910632578,0.0004669419691,0.0002477277355,0.0004755990152,0.0004734997431,0.0004363174059,0.001055263395,0.0007141681506,0.0007156053102,0.001760186323,0.0007832069128,0.001092567045,0.001650847492
id151,scenario9,9,17.7067279,11.41990692,13.2712467,16.34544324,13.95893825,14.13854046,16.80899921,13.23279285,17.7132719,16.89713841,15.13676167,15.50848723,20.22264785,14.87786887,18.92467095,21.61316443,15.55006832,18.98654474,0.0005323708746,0.0002002007889,0.0002868194956,0.0004533094836,0.000310952233,0.000332048949,0.0004918297805,0.0002893025729,0.0005224384918,0.0004505042626,0.0003702713926,0.0003885714789,0.0006609356863,0.0003336740186,0.0006048043182,0.0007396248636,0.0003810728448,0.0005516154165
id152,scenario1,1,1.086672573,0.5271815214,0.6013480119,1.181763286,0.6733785568,0.944409882,1.626890285,1.163879042,1.277428632,0.3978286527,0.2670127629,0.3554020636,0.4641311298,0.3857607638,0.3933849689,0.7457115343,0.4678187663,0.575426803,5.063276628e-06,6.78927449e-07,1.141983415e-06,4.172165488e-06,1.124984745e-06,3.262541216e-06,1.315733452e-05,6.266576718e-06,6.70641185e-06,3.870751311e-07,1.735848781e-07,2.23253097e-07,6.398083861e-07,4.520928906e-07,4.047467627e-07,1.486530345e-06,4.293906008e-07,6.523021824e-07
id152,scenario2,2,4.462876894,3.943061856,3.615862049,0.9479960816,0.6893068229,0.6391528848,3.622621754,2.644340203,2.651326745,0.6871447872,0.5476879822,0.4860056252,0.6260326763,0.590613953,0.5536936932,1.638052982,1.291526111,1.1857291,9.014592867e-05,6.583896505e-05,4.593666574e-05,2.564664147e-06,1.319998143e-06,9.513406393e-07,5.212073367e-05,2.452489406e-05,2.542831131e-05,1.630721674e-06,8.665701392e-07,5.851515374e-07,1.050977039e-06,1.203319653e-06,1.13846819e-06,9.554423195e-06,5.444915265e-06,5.190618122e-06
id152,scenario3,3,11.74244169,7.753555376,7.983865892,23.40569829,14.70865335,15.24811392,9.4516028,5.368268452,5.552022972,2.97262485,2.027166353,2.07170976,2.526938544,1.721219702,2.306624375,4.006509301,3.024044052,3.821380383,0.0004051254702,0.0001413060098,0.0001480002315,0.001151324362,0.0004214059345,0.0004297261262,0.0003094261206,7.108204124e-05,6.864277568e-05,1.562260689e-05,6.262643484e-06,7.227498571e-06,3.265819679e-05,1.14530397e-05,2.698659254e-05,9.05548925e-05,3.975527614e-05,6.182950382e-05
id152,scenario4,4,11.63996914,6.644322354,9.711162551,4.885865379,3.981342406,4.168549017,11.06292152,5.834951065,9.276140679,20.31493783,14.88756589,17.86436271,7.6900961,6.045087268,8.254604262,21.56387973,15.92038091,24.75665721,0.000373130953,8.606890164e-05,0.0002558893056,9.342729488e-05,5.023187473e-05,6.232735918e-05,0.0002870771337,6.273304597e-05,0.0001773232544,0.0007996039512,0.0003680388301,0.0005974678143,0.0002234900916,8.837938275e-05,0.0002260400464,0.0007800801622,0.0004543800335,0.001058036808
id152,scenario5,5,0.4751928636,0.2339973389,0.1918751374,1.062332935,0.4537280914,0.4026490866,0.4412009524,0.2737598446,0.2754777277,0.3742544411,0.173384022,0.1748051789,0.8310947139,0.3818603393,0.3845166326,0.6760230295,0.3065695423,0.4381032045,3.940226171e-07,1.243183281e-07,6.09335413e-08,1.966151354e-06,3.580602982e-07,2.547047953e-07,5.731170568e-07,1.715345968e-07,1.859269469e-07,2.260528391e-07,5.29194624e-08,4.91851196e-08,1.115496468e-06,2.618356993e-07,2.365014158e-07,1.167736005e-06,2.367080163e-07,4.721916274e-07
id152,scenario6,6,5.157661069,3.213023836,3.246030464,1.536147405,1.188255727,1.212366686,4.147703671,2.896472268,2.533242478,4.239966875,2.29886137,4.521716627,1.37356513,0.804007228,1.100701682,2.977889838,1.736620155,1.929533851,6.390926104e-05,1.892144692e-05,2.489271815e-05,4.425600542e-06,2.477880257e-06,2.416120954e-06,3.516926331e-05,1.482461151e-05,1.096580022e-05,2.960820488e-05,9.389102525e-06,3.551682663e-05,3.518298739e-06,1.097103774e-06,2.055608923e-06,1.670566348e-05,5.044723752e-06,5.95774623e-06
id152,scenario7,7,7.307293821,4.573260462,4.351824098,11.46905097,8.506875764,9.476957129,11.37009105,8.307380033,6.95523701,7.318763089,6.046100933,6.831251508,21.41310163,13.61620558,21.72808396,22.69807067,12.81631065,26.92906666,0.0001218573829,4.937339418e-05,4.54391422e-05,0.0003475015079,0.0001695317214,0.0002277219697,0.0003209198136,0.000148068201,0.0001084288632,0.000113451129,6.498328812e-05,8.30389025e-05,0.0008268818596,0.0003341855558,0.0008213046739,0.0009350166033,0.0002954906062,0.001323083963
id152,scenario8,8,4.938123216,3.732964434,5.136992197,10.55377765,9.420489057,7.397256866,10.05027899,7.348437077,7.233420794,11.92077181,7.671133658,12.72142587,12.17243153,9.283173308,12.43764349,17.75381842,17.36886442,30.0855021,0.000122445171,4.31618943e-05,0.0001471845411,0.0003379476649,0.0002276002689,0.0001263909231,0.0003386295761,0.000144095878,0.000132212777,0.0003748017132,0.0001208259999,0.000439841915,0.0003939263042,0.0001993187863,0.0003589602623,0.0006945403042,0.000563482794,0.001721346408
id152,scenario9,9,5.237489215,4.994389506,4.667997589,5.927711396,4.032507816,5.115942884,17.5363119,11.1503754,17.95208052,9.383904002,8.788205544,10.66796386,7.036814974,6.905774913,7.383989998,15.97892344,9.584219891,20.21700641,0.0001321163994,9.335851632e-05,6.281829635e-05,0.0001431212673,5.447544064e-05,8.68128717e-05,0.0007119681701,0.0002374072129,0.0006625576963,0.0002978847318,0.0002033462473,0.0003761822931,0.0002251933265,0.000177298568,0.0002325275407,0.0006434526251,0.0001817650336,0.0009318015933
id153,scenario1,1,16.35362367,14.84768319,17.18524932,18.1708022,18.22270572,23.54852486,17.43861968,17.47573519,17.52869774,18.63944186,13.48713063,25.12380017,17.27976735,10.54056088,19.48885781,21.52743632,14.0103583,27.83322839,0.000433576704,0.000323934514,0.0004708748477,0.0005617456848,0.0005045947466,0.0009159220508,0.0004839606564,0.0004958871145,0.0005375622258,0.0005821735345,0.0003025945519,0.001034348279,0.0005258968315,0.0001864096507,0.0006338997878,0.0007916493946,0.0003112685185,0.001314806516
id153,scenario2,2,12.29738777,9.530592881,13.13481472,17.27838945,15.17639208,14.92669562,17.33199887,15.81347665,17.01068389,10.98212763,7.329084064,11.78467456,21.32831571,19.06532462,28.25177036,22.90341854,19.68357162,44.77958005,0.0003170649761,0.0001574440994,0.0004222850626,0.0006662054104,0.0005178493342,0.0004400022843,0.0006557036028,0.0004475770937,0.000504396007,0.0002081198208,0.0001036672343,0.0002467200173,0.0008172815316,0.0006944946062,0.001425282797,0.0008801907086,0.0006499970095,0.003282769589
id153,scenario3,3,12.78359634,11.19587072,11.54267623,20.75676011,16.41391495,22.12125414,10.60904006,12.44255841,15.03878098,11.504078,11.7021711,18.44627185,13.09914813,10.03076609,19.98930416,14.93337874,13.21962041,20.23617125,0.0003485309058,0.0002258687208,0.000297700935,0.0007602738166,0.0004765191332,0.0009794980493,0.0002393514757,0.0003071458106,0.0004443172873,0.0003953878888,0.0003230648385,0.0008425798149,0.0003478684517,0.0001827070565,0.0008520975185,0.000555406289,0.000355124599,0.0008783208915
id153,scenario4,4,3.762183097,4.155360874,5.020956266,1.920375752,1.968927095,2.183397973,3.034906886,3.814194359,3.917352737,4.392221874,4.676219926,8.076163572,2.100042357,2.369302587,4.095335715,2.584074891,2.825876363,4.582005712,3.240548561e-05,4.077981196e-05,6.036890546e-05,6.918687672e-06,6.034992326e-06,7.587182819e-06,1.899589546e-05,3.087781673e-05,2.547547276e-05,4.641800282e-05,3.750402717e-05,0.0001312199514,8.784186327e-06,9.565742814e-06,3.405963097e-05,1.335311029e-05,1.326883553e-05,3.98788777e-05
id153,scenario5,5,17.04861973,11.9211921,15.64597,30.49736275,23.32859456,28.25629472,18.12619952,14.62119099,18.9410777,22.06752348,17.57661042,34.34334133,26.0317014,20.44323719,38.38727516,20.99332301,19.66711288,32.32407012,0.0005375783279,0.0002368690732,0.0004441983781,0.001478161477,0.0008450706484,0.001314807355,0.0006416637209,0.000331785171,0.0007131273544,0.0007768936073,0.0005018058997,0.001936884973,0.001113289034,0.000688330419,0.002212446226,0.0007478528958,0.0006035670413,0.001633654632
id153,scenario6,6,15.22673029,13.30227227,17.98474973,27.22154937,19.37091253,22.72761258,20.56875637,17.26622667,23.58758048,21.36552108,22.26431348,33.64965485,22.6055116,19.19397599,38.03587173,18.57595874,18.30639425,35.5710878,0.0006025200589,0.0003109209708,0.0006175414685,0.001351596286,0.0005554732184,0.0009278311164,0.0007950335456,0.000507142578,0.0009836456272,0.0007356788859,0.0007932111818,0.001837126201,0.0008303803345,0.0005758761345,0.002166571725,0.0006456699864,0.0005748820694,0.002045407014
id153,scenario7,7,17.14932352,12.87879802,17.81439807,21.51559484,17.00121116,15.99547945,16.07242066,11.22688469,19.08186082,19.2682787,17.63904184,33.23777642,20.06539963,15.47785223,22.33488087,18.09613972,15.36362092,32.82352837,0.0006539830388,0.000286295993,0.0005929561934,0.0008051020489,0.0005362138133,0.0004298671525,0.0005927388764,0.0002117308931,0.0007727756824,0.0006806420277,0.0005479025365,0.00192439244,0.000766784662,0.000387373799,0.0008492192152,0.000581869321,0.0003766367136,0.00192689726
id153,scenario8,8,15.01017557,16.23605666,16.09876147,23.98103158,17.81147885,23.36770597,14.34557563,13.69516609,15.5248816,13.64796162,13.04007723,21.50027189,20.01617806,15.62525324,36.991606,16.38574026,13.18091263,22.69725947,0.0005108578379,0.0004932538275,0.0004720055964,0.001036954199,0.0005329115408,0.0009902783987,0.0004890095875,0.0003383519019,0.0004280807843,0.0004302995189,0.0003666125789,0.000941465716,0.0007184949958,0.0004045571359,0.002202879633,0.0005795899848,0.0003452009927,0.001062260471
id153,scenario9,9,12.86342059,13.44969682,16.53288911,21.06352723,20.19616651,24.97448805,15.29813505,13.63153936,18.64429455,22.02012039,18.89470355,44.53337653,20.68685036,17.13458262,42.81017905,20.29666715,18.02629899,46.70900057,0.0004277815208,0.0003647836572,0.0005625890078,0.0007670952587,0.0007495909262,0.001170117106,0.0004702236959,0.0003295939265,0.0005990974326,0.0008299139721,0.0005682299942,0.002923845351,0.000782333384,0.0004756980987,0.002964076923,0.0006650446786,0.0005258690471,0.003272828752
id154,scenario1,1,17.55060809,15.94187147,19.94428896,15.84376718,18.86368766,24.06935947,12.00516832,11.24743409,17.9192576,18.80837505,11.66785891,27.57057556,19.10231323,12.9531141,32.82263248,18.44136315,13.01364738,32.59949342,0.0005456241252,0.0004247569927,0.0006267406395,0.0004502608841,0.0006467872515,0.001019621237,0.0002788731341,0.0002622815616,0.0007877681314,0.0006142002445,0.0002295900914,0.00134930451,0.00062543417,0.0002740427527,0.00178035088,0.0006080014217,0.0002712430327,0.001780616269
id154,scenario2,2,16.04584916,8.805387891,12.91327368,19.03017135,16.27861962,21.30301898,18.10713616,13.99714916,16.55973568,8.84683528,7.034472022,12.93539394,20.1116837,15.70152787,40.18574194,17.39769704,15.1500549,34.80248444,0.0005130053551,0.0001403706622,0.0002912189914,0.0006723980334,0.000465360776,0.0008457023417,0.0005839547671,0.0003352826749,0.0005194102591,0.0001513073601,9.07567951e-05,0.0003475843345,0.0007079744793,0.0003875746932,0.002565286302,0.0005254183184,0.0004007439173,0.002140803187
id154,scenario3,3,18.23919595,12.49774696,19.33058472,15.81706912,12.53893565,15.62446319,17.50004142,13.15543256,20.77555793,20.36022378,14.24966272,36.52602051,17.01010959,16.68905994,27.10749342,18.7454391,14.72360855,35.23430302,0.0005901966048,0.0002542062612,0.0007453238272,0.0004408428779,0.0002697701454,0.0004481230748,0.000513301014,0.00026789548,0.000750068866,0.0007024566509,0.0003431858255,0.002361772244,0.0005125349461,0.0005182964786,0.00147105997,0.0006440208059,0.0003755126628,0.002266670925
id154,scenario4,4,12.05914262,7.509769338,11.24146688,11.88023134,10.1999648,9.544536967,11.3417087,11.49814301,9.980009681,25.3359825,12.29047026,40.84974449,22.95532296,15.85345873,47.24851446,22.54841251,13.09312276,44.64236916,0.0004240347067,0.0001305631832,0.0002826101489,0.0003923999912,0.0002428528116,0.0002319250808,0.0003686794571,0.0002849094437,0.0002403381651,0.001008216854,0.0002641806803,0.002543346711,0.0008682232625,0.0003920729233,0.003308707056,0.0008363689307,0.0002750256191,0.003147654254
id154,scenario5,5,13.86350924,8.837058796,9.624775529,14.1625665,12.43125618,16.33746507,16.11977512,15.41772642,16.9963617,18.82995156,10.80126809,42.5330566,21.99581159,18.01633696,43.11167835,19.99510179,14.00161846,44.65390686,0.000495051684,0.0001735432679,0.0002308365245,0.0004324253492,0.0003006994459,0.0005796380245,0.0005393124737,0.0004689197218,0.0005505269448,0.0006858246582,0.0001871109021,0.00320017352,0.0007686295568,0.0005421855332,0.002866145825,0.0006802794147,0.0002951263379,0.00323228714
id154,scenario6,6,8.464246375,9.994102161,8.851064026,12.63157265,11.50101886,14.10438134,13.47158897,10.92203726,18.23743101,18.95607948,18.10005963,39.21516372,19.04729597,15.77939841,43.6422211,20.19926156,15.11816325,47.91912512,0.0002123054384,0.0002343315142,0.0001507371869,0.0003940195734,0.0002696395114,0.0003805772702,0.0004703512147,0.0002402629546,0.0005878987076,0.0006465271697,0.000560042179,0.002712391327,0.0006135740928,0.0004131154489,0.003109140249,0.0006750721304,0.0004285749053,0.003510873198
id154,scenario7,7,18.95014963,19.512,23.49428318,13.36912562,9.06154987,16.47422164,15.50816726,13.20124215,19.94206857,20.83441814,17.85520939,43.46105496,14.57433007,11.9286069,22.32741073,16.4228198,14.09203673,34.93261827,0.000653221845,0.0006326150062,0.0008955584621,0.0004189532197,0.0001569773904,0.0006495685294,0.0004662684533,0.0003047434949,0.0007388511677,0.0007804909846,0.0005441974241,0.002894998707,0.0004836408467,0.0002830192595,0.001216699721,0.0005021520955,0.0003183366665,0.002158452152
id154,scenario8,8,14.76564259,13.20223616,14.36348098,14.84876489,9.89664404,11.40769373,17.39557312,13.59257445,15.44408838,21.41299968,11.93249329,47.45501407,19.23716271,17.21617155,45.93556071,18.77795946,13.64910577,51.07751931,0.000399836482,0.0003079358646,0.000370976845,0.000426651878,0.0001755385579,0.0002573853279,0.0005254575796,0.0003165391094,0.0004963229405,0.0007572981873,0.0002206764638,0.003183155158,0.0005644280337,0.0004656437621,0.003001135822,0.0005910078439,0.0003375428895,0.003750007524
id154,scenario9,9,16.7156275,16.06226121,38.28074072,10.03701469,8.361480152,18.27682016,16.14986992,15.38332001,39.24034263,24.07232646,15.94399185,60.28516353,22.28594113,14.12758517,53.17380459,19.50175435,12.46209106,57.70717451,0.0004909540926,0.0004132383019,0.002498712902,0.0002877085707,0.0001516035572,0.0009617620674,0.0004886172098,0.0003699090621,0.002629832247,0.0008844481564,0.0003861979627,0.004735042208,0.0007936499145,0.0003050504134,0.003923042846,0.0006328371128,0.0002663460456,0.004597808104
id155,scenario1,1,15.80940897,14.97383489,18.94312889,16.05444375,14.60531866,20.41631695,11.90701431,12.45244114,15.53590861,14.4857831,11.03449628,16.73972966,19.62254955,18.25784816,25.35091613,11.59615658,8.278910193,14.82951979,0.0005291401643,0.0004030541273,0.0006491622311,0.0005039527622,0.0003684269955,0.0007226843172,0.0003412829424,0.0002994656464,0.0004897862994,0.0004943978156,0.0002418577366,0.0005983151476,0.0006619450394,0.0005713628589,0.001093909379,0.0003416466094,0.0001488492402,0.0005924456862
id155,scenario2,2,11.59564595,13.61019596,15.88099702,15.21742711,14.53485622,18.9549273,11.15860661,12.21703538,13.25187672,7.881235714,7.196424884,8.34153231,14.0540297,13.12547503,20.0595389,8.769697884,9.247485474,11.40685983,0.0002825444782,0.0003323314443,0.0004841499634,0.000500260735,0.0003878445135,0.000646061176,0.000296213165,0.000315085994,0.0003799043902,0.0002178638795,0.0001385730167,0.0001529159565,0.000462439221,0.000351450795,0.000882356607,0.0001835479864,0.0001876640956,0.0003233919102
id155,scenario3,3,14.99782939,13.49655868,14.93752688,13.99312884,12.50449885,14.7929673,11.06608056,8.017256029,10.9052709,11.1212986,13.3390252,22.10344388,16.22306187,13.6072812,21.39485801,14.12219846,13.54400355,19.31340343,0.0004888941886,0.0003567126006,0.000429920022,0.0004410799617,0.0003154048441,0.000461711632,0.0003128998568,0.0001494827603,0.0002673764427,0.0002748621861,0.0004011819943,0.001191464002,0.0005374366802,0.0003738199931,0.0009554089722,0.0004269753423,0.0003755967415,0.0008962454057
id155,scenario4,4,11.65659117,7.249202934,18.18643252,9.113891414,8.212546851,11.12251595,14.95415224,13.64365437,22.24441616,11.74322966,12.37448038,20.15890145,13.33408068,13.62423678,17.14778714,14.00123226,13.60477278,21.36246375,0.0003551010763,0.0001076165356,0.0007632522105,0.0002603994623,0.0001443723578,0.0002932760934,0.0004278842334,0.0003294659953,0.0009759980085,0.0003277274959,0.0003201887618,0.0008906407571,0.0004232133962,0.0003396997017,0.0006081877666,0.0004245127781,0.0003224096884,0.0009162819539
id155,scenario5,5,16.83265374,14.12149272,16.07038193,9.331420313,7.797721812,8.455607678,12.83805983,13.28745142,10.10140136,15.07526223,12.81950394,25.8983399,11.8913917,10.69485718,18.36014917,13.91411321,15.47027703,22.15834232,0.0006094886818,0.0004012938066,0.0004447652616,0.0002398380032,0.0001149089976,0.0001323187498,0.0004234790055,0.0003455766643,0.0002025585625,0.0004593397224,0.0002986668976,0.001427705111,0.0003320463254,0.0002316459855,0.000911774625,0.0004300791451,0.0004066998204,0.001041813
id155,scenario6,6,10.5946637,5.536240723,7.393570048,13.72649747,12.98100694,12.58694431,13.53726155,8.66273661,10.86334805,7.077950859,5.315495373,8.021258579,14.32030307,11.4813521,17.76724569,12.90950011,10.30721469,19.83207229,0.0003834461668,6.511517584e-05,0.0001646250116,0.0003766390106,0.0002836291282,0.0002549768262,0.0004026633533,0.0001336233417,0.0002777944978,0.0001381240492,6.216663431e-05,0.0002053376033,0.000418670546,0.0002514099709,0.0006492472886,0.0003799238206,0.0002163093916,0.0008349812477
id155,scenario7,7,11.56671019,9.698624481,9.796880335,10.34278403,10.27331908,9.995281711,13.76023929,11.76030197,14.99590622,14.67064915,10.11630496,12.86623843,15.93412519,12.68054324,18.15196105,16.47570904,10.2861681,18.86736213,0.0002371968762,0.0001813633015,0.0002187097816,0.0002322640733,0.0002100627687,0.0002036628952,0.0003717394966,0.0002851006241,0.0005108730193,0.0003955262416,0.0001557402853,0.0002804634824,0.0004735413157,0.0002748855021,0.0006143301505,0.0005324022633,0.0001993568993,0.0006485848174
id155,scenario8,8,6.314047777,6.591186366,9.85926641,4.677813844,4.132155357,6.056497603,7.004212669,4.10695029,8.256367998,15.43598855,16.53802305,23.67034825,9.005083241,9.349789164,13.37023194,8.205429877,10.22190741,12.01017476,0.0001453699732,0.0001297611604,0.0003321665558,8.569788731e-05,4.742346194e-05,0.000119312956,0.0001817674947,3.827268225e-05,0.0002278681245,0.0004712305136,0.0004871889618,0.001080010306,0.0002213727478,0.0002180609709,0.0003933488497,0.0001905577548,0.0003086787079,0.0003655461745
id155,scenario9,9,5.624669903,3.297926825,5.801448724,9.320247411,6.547462874,8.726493533,9.749067054,7.58675917,8.954739576,11.63306949,6.060508281,8.980216563,9.872034499,6.099401042,6.959408493,9.681458485,5.893714115,7.78703923,7.306114795e-05,1.723152439e-05,9.350868238e-05,0.0001627554772,7.731937569e-05,0.0001848562195,0.0001936412076,0.0001002143066,0.0001704595446,0.0002650892354,6.845804901e-05,0.0001628662646,0.0002184860101,7.442684481e-05,0.0001073229762,0.0001701716322,6.085787672e-05,0.0001094761991
id156,scenario1,1,13.06162342,8.326709463,10.82412318,14.64044906,8.852009523,10.66145376,11.57960283,10.68469198,10.41373206,16.9052462,22.44929913,21.41316673,15.9422273,17.24014054,16.85009135,14.09661888,17.6097929,21.58292448,0.0003657964417,0.0001132742632,0.0002282875832,0.0004134572862,0.0001340723416,0.0002373698762,0.0002383659467,0.0002021394918,0.0002080926628,0.0005029867444,0.0008534539615,0.0007702546307,0.0004358304288,0.0006300048238,0.0004928830426,0.0003456788087,0.0005210120549,0.0009086841804
id156,scenario2,2,11.59660614,9.369894883,8.553447808,13.7969205,11.15344473,11.65227854,18.29720577,14.0165991,13.93810191,7.189413739,6.484375231,7.164473122,8.161128877,7.869074978,6.778653496,10.22435234,11.48002655,10.30835915,0.0002711746036,0.0002105682158,0.0001397725127,0.0003666645528,0.0003036270821,0.0002583004425,0.0005810985155,0.000338981826,0.0003478320263,0.0001007970591,7.212212277e-05,8.837648427e-05,0.0001506414819,0.0001285376566,9.261633597e-05,0.0002215829778,0.0003127056899,0.0002393543866
id156,scenario3,3,12.64071996,9.583064553,12.30976106,14.52835722,13.66155783,13.42608381,12.77483801,10.68571541,13.93171384,17.19575985,16.48334611,15.78926323,18.24278506,14.92936242,16.77901316,20.09961643,16.4550081,19.09249112,0.0002922476409,0.0001522573798,0.0002761132661,0.0003801427706,0.0003300095914,0.0002942654765,0.0003142689085,0.0002435608897,0.0003871048622,0.0004978872004,0.0004378799297,0.000403506247,0.0006064353549,0.0003653692558,0.0004748683287,0.0007429562606,0.000533990337,0.0005999802519
id156,scenario4,4,14.89260018,9.904683067,12.37126063,13.77159467,11.17881149,9.600911183,17.03850206,10.10768297,11.87895991,15.31231103,15.33898911,15.08057278,17.00647462,12.31985531,15.40560667,14.77511611,16.34584029,13.58756678,0.000360700437,0.0001534506531,0.000245336042,0.0003294285175,0.0002091930916,0.0001448281728,0.0004746801829,0.0001601343384,0.000237865684,0.0003641785702,0.0004112643814,0.0003806270083,0.0004710989611,0.0002697250227,0.0003916193795,0.0003783557525,0.0004695495218,0.0003186560105
id156,scenario5,5,12.20562959,12.91670322,14.47211146,11.33448846,10.86128331,12.0340482,11.96261003,14.60157265,14.28863678,20.00765878,23.55198731,20.0392495,13.87739648,17.32441476,13.41801904,17.2040732,21.85657744,18.16079778,0.000484398026,0.0004869718868,0.0005639799649,0.0003924339524,0.0002905031475,0.0004105005127,0.0004014204175,0.0004646700509,0.0005052575991,0.0007088692305,0.001041803497,0.0007412746687,0.0004857154064,0.0007160518858,0.00043231159,0.0005826831079,0.0009053287871,0.0006251021168
id156,scenario6,6,17.4170327,16.42706008,14.719187,6.583262262,7.655333813,8.053518225,13.05734934,10.18730564,12.53875376,9.136040645,12.36837122,13.52769515,22.44722469,29.38046532,23.62301682,18.22804133,25.86232729,19.68485222,0.0006893474385,0.000558382898,0.0004856321679,0.0001661031557,0.0001470656476,0.0001959924129,0.0004489457154,0.0002378599557,0.0003675030138,0.0002447346218,0.0003671805152,0.0005281824064,0.0008906206234,0.001367983621,0.0009122002869,0.0005902474678,0.001232929329,0.0006388469508
id156,scenario7,7,4.193632152,4.381945317,4.559799435,15.6058593,11.60067531,10.71049065,13.17901838,11.26076233,10.1004994,12.84136266,14.20951845,15.98683247,18.84892463,22.02208153,17.90683607,16.46249488,24.35090823,21.08938563,3.55230413e-05,4.058190256e-05,4.265534066e-05,0.0006904990054,0.000326596784,0.0002467815369,0.0004663300749,0.0003257379994,0.0002064193595,0.0003989796648,0.0004079732751,0.0005866687082,0.0006576925401,0.0009713920119,0.0006422915677,0.0005554733425,0.001107602132,0.0007906343022
id156,scenario8,8,12.37084881,10.72616326,11.76522067,18.73087786,17.6386677,20.84296668,17.00871903,16.45687319,20.62489054,12.70411142,13.08401245,15.94844644,14.2895793,16.91810101,13.82920536,17.13454105,20.31158735,21.40704526,0.0003138946137,0.0002480494661,0.0003436033382,0.0006576494679,0.0005465192195,0.0006883799382,0.0005782023588,0.0004928994905,0.0008767870285,0.0003787668646,0.0003179756127,0.0005257097351,0.0004737752716,0.0006012663393,0.0004303082597,0.0005737482661,0.0007556836636,0.0008865923127
id156,scenario9,9,0.1859462935,0.1420786769,0.1718760536,1.652935156,1.20397083,1.363683365,0.1985437037,0.1213433525,0.1912257373,0.1241874447,0.1542934716,0.1525658108,0.4037920354,0.442192727,0.4852177254,0.1242790276,0.1569486921,0.1612793839,1.121427056e-07,4.3338872e-08,7.29948169e-08,1.796531749e-05,5.704644042e-06,7.136357328e-06,1.306722484e-07,3.09450467e-08,1.063911169e-07,6.82542609e-08,7.76188825e-08,6.59319207e-08,8.43463258e-07,7.24470708e-07,6.801761003e-07,6.71989866e-08,9.04990112e-08,9.36911269e-08
id157,scenario1,1,12.53416614,10.25746418,11.71909267,17.59588252,10.88035924,16.55193675,15.65432457,11.58288821,13.62490689,13.6052403,10.43615222,11.33384656,15.99509362,14.04280028,12.85833386,16.26172009,12.25996738,12.49126033,0.0002743137078,0.0001835854485,0.0002272892518,0.0005019816358,0.0001970007977,0.0004729298411,0.0004396550345,0.0002468895964,0.0003364785668,0.000358486969,0.000180299204,0.0002209064503,0.0004698616603,0.0003150662552,0.0002672166679,0.0004862125537,0.0002581987153,0.000257748529
id157,scenario2,2,12.95716689,9.37133479,11.80236967,17.86332383,14.94059888,12.81122609,11.87142511,8.17956283,8.782171003,11.3806857,9.897056367,8.212277878,15.3052347,12.50141764,13.24873309,11.11441638,11.90765436,8.91018158,0.0002744358968,0.0001494056057,0.0002242968662,0.0005455364989,0.0003304278948,0.0002953103519,0.0002408045245,0.0001056432235,0.0001419364051,0.0002389519145,0.000176984752,0.0001116961794,0.0004236377483,0.0003100053158,0.0002724448842,0.0002514448011,0.0002409604644,0.0001358345417
id157,scenario3,3,13.78233883,11.25365965,9.841357876,15.29003619,12.1241859,12.8168992,14.51237597,9.724109275,12.13691508,13.6348544,10.08459837,10.85063767,15.48464256,17.13214414,15.72543454,15.34549888,13.39381082,11.97717366,0.0003381240113,0.000227431754,0.0001680935665,0.0004332879263,0.000255887178,0.0002840688463,0.0003792882599,0.0001589132678,0.0002493848015,0.000331127018,0.0001670807521,0.0001946356708,0.0004142979453,0.0004894518627,0.0004265277486,0.0004128090629,0.0003074005447,0.0002207017699
id157,scenario4,4,12.61840859,10.66252726,11.03854818,16.6363933,13.78586625,15.1170582,18.35565315,13.85873606,12.27975476,12.3742447,9.18749279,10.70419088,17.2530291,23.96850393,15.21524643,12.64684832,13.5052744,10.77025249,0.0003188637229,0.0002005288131,0.0002461111145,0.0005199721619,0.0003598586028,0.0003883696587,0.0005634060353,0.0003350770412,0.0002710862379,0.0003953902981,0.0002026361364,0.0002625182097,0.0005574094816,0.0009661874233,0.0004706278701,0.0003068024047,0.0003805000349,0.0002166026169
id157,scenario5,5,15.02347497,9.820786955,10.55342294,16.13577468,15.35481759,12.56664599,15.43832453,12.78616403,12.64480975,11.97407641,9.011299331,11.5146698,14.73708878,11.37004695,14.42228747,14.66296142,10.73225451,11.8071154,0.0004253657661,0.0001660579204,0.0001750564575,0.000502674189,0.0003973675546,0.0003127221423,0.000428917671,0.0002938561748,0.0002736910928,0.0002736954501,0.0001266857436,0.000249896921,0.0003857967461,0.0002071504139,0.0003533637687,0.0003876395316,0.0001755962307,0.000241242077
id157,scenario6,6,10.82878256,8.422355298,8.24944755,13.96217071,10.3755286,12.87565471,15.52068354,11.49372627,10.09474705,15.10441115,10.31884478,11.5816441,12.34786391,9.047893412,9.75614809,12.22239502,10.0502676,9.385621318,0.0002823251687,0.0001377216362,0.0001377874549,0.0003695754879,0.0001741837929,0.0002525192982,0.0004561365993,0.000210560178,0.0001737937574,0.0005103143805,0.0001945555841,0.0002615817016,0.0002718700188,0.0001565406934,0.0001618213516,0.0002539949544,0.0001768560362,0.0001702019045
id157,scenario7,7,11.84000272,9.013737231,9.327035157,16.12869773,11.5771372,12.08360556,15.52959117,11.47050613,14.89399476,13.11570338,12.38265483,15.14810254,19.75880515,19.74227635,22.08579369,15.39670953,16.61609433,16.42763158,0.0003201304902,0.0002024962654,0.0001944082676,0.0005061275051,0.0002210444188,0.0002695447722,0.0004949997177,0.0002083379586,0.0003536284622,0.0003467159772,0.0002988245505,0.0004367578409,0.0006750048549,0.0006696835147,0.0007688916426,0.0005243944152,0.0005436188835,0.0004221197645
id157,scenario8,8,9.922772725,8.183545093,10.05580952,22.35764951,15.55135658,22.77422086,21.61340598,13.15522713,14.58362913,14.10703722,12.12164719,11.86733569,22.19752305,23.02922324,25.5720304,24.69809372,23.94548001,19.29910306,0.0001561641935,0.0001266000101,0.0001392919368,0.0008682625155,0.0004048703982,0.000880704187,0.0008026416418,0.0002940265803,0.0003818773353,0.0003324066225,0.0002301570715,0.0002488318026,0.0007837288209,0.0008872260268,0.001125061431,0.001081434028,0.001014659732,0.0006611373985
id157,scenario9,9,8.523011252,5.200502824,4.627627616,19.38372624,10.21826409,13.41169106,15.51666955,15.60250199,18.55946177,9.881028185,7.238297231,6.482462816,15.65579488,17.15986398,14.3023217,15.55585212,14.21519646,12.70042969,0.0001267689058,4.436817117e-05,3.178634891e-05,0.0007227121306,0.0001874085574,0.0004633656943,0.0004382215333,0.0003838075886,0.000569385005,0.0001846854937,0.000124017567,7.124003677e-05,0.0004313442231,0.0007535064564,0.0003653822035,0.0004511589758,0.0005288582962,0.0003167997382
id158,scenario1,1,11.82746335,9.00703807,8.966613786,12.17004266,9.487219005,9.109238918,8.993333982,6.166311982,7.37892981,17.72901369,12.41852713,16.20227259,15.61183211,9.498380703,9.443177233,9.64126466,7.2265555,7.563882544,0.0002838457022,0.0001476596599,0.0001486000557,0.0002614408388,0.0001621804869,0.0001310532443,0.000158431843,7.048625588e-05,9.300773317e-05,0.000607273912,0.0002939721959,0.0005264930395,0.0004528589314,0.0001497391345,0.0001694224825,0.0001688384863,8.518484759e-05,0.000102118594
id158,scenario2,2,14.9091236,11.43095552,8.689698909,11.74877615,9.271761105,8.714851106,10.30845359,9.702629399,9.841207599,16.0979069,10.79229925,15.71995224,13.17609224,11.09783727,15.11263292,11.81397466,9.015870061,10.46915372,0.0003939232848,0.0002170408151,0.0001302151516,0.0002738068769,0.000137552851,0.0001234099551,0.0002251796079,0.0001860927901,0.0001737481004,0.0004856208554,0.000242611449,0.000458079559,0.0003228711799,0.0002180689342,0.000414931627,0.0002466422224,0.000138852336,0.0002008690245
id158,scenario3,3,4.525146279,4.052275856,4.859167712,6.767697954,4.798346469,4.476866486,5.635690068,3.596700125,4.951447815,2.103321802,1.83344659,1.974544157,3.162685561,2.610478313,2.830429943,2.989490292,2.698078172,2.757277645,7.496680034e-05,5.145381305e-05,7.630791531e-05,0.0001216443932,5.948304147e-05,5.857085672e-05,6.51292254e-05,3.203478587e-05,9.568932744e-05,2.436378716e-05,1.379668461e-05,1.562986109e-05,4.576341495e-05,2.355072742e-05,2.823780897e-05,3.456630351e-05,2.799334037e-05,2.527387764e-05
id158,scenario4,4,7.607147316,5.664029838,6.938548987,7.963362182,5.886396915,8.300148368,10.2240521,6.041957041,7.152909783,13.52261824,12.38739462,12.8440809,12.00542887,8.801787194,10.5472001,11.35495468,7.054815905,10.3630815,0.0001020588271,5.270250243e-05,0.0001046788166,0.0001156600158,5.810046505e-05,0.0001523433091,0.0002094420458,6.943550614e-05,9.766956586e-05,0.0003253045648,0.000297162981,0.0002927406754,0.0002785480267,0.000143278953,0.0002061497923,0.0002349980047,8.335053809e-05,0.0001829339236
id158,scenario5,5,5.081852206,3.686235509,5.311582135,4.396356899,2.074895188,3.33436129,6.080305158,6.497302578,6.551625067,15.98284209,13.68328785,17.25999433,17.0996248,13.65631877,16.54105949,7.310314735,5.900703513,7.977402396,0.0001160004767,3.738441047e-05,7.361848073e-05,9.927427987e-05,1.118909651e-05,4.150116494e-05,0.0001706920512,0.0001243304286,0.0001236241903,0.0006276513594,0.0003576435889,0.0006433901906,0.0006069215717,0.0003386915659,0.0004708731885,0.0001717236694,0.0001006836528,0.0001954552681
id158,scenario6,6,9.640752818,4.761183217,6.961468125,9.379821283,7.231631346,6.392298728,6.46461987,5.226227373,9.565586657,21.19755515,15.19192584,18.36344787,17.5450871,14.32876048,14.14752415,10.61039246,8.229626437,10.45183046,0.0002774780781,5.413258419e-05,0.0001408430678,0.0002142063172,9.973258576e-05,8.45097914e-05,9.73551018e-05,4.858787034e-05,0.0002199207106,0.0008478679002,0.0004144842919,0.0006961664421,0.0005865648774,0.0003604923794,0.0003254390654,0.0002233317743,0.0001413419991,0.0002157347934
id158,scenario7,7,11.35562279,6.423930505,6.991953668,12.51631052,10.44337737,8.998885795,4.299841712,3.863595953,4.891672663,15.76410046,11.37067521,16.42922695,18.74419223,12.2121834,18.28943814,16.3158294,12.54569923,16.47284592,0.0003668506294,9.915290716e-05,0.000111348561,0.0003710265024,0.0002760134633,0.000144356176,3.566330563e-05,3.42342085e-05,4.862113613e-05,0.0005224249576,0.0002395246618,0.0005029597808,0.0007225960004,0.0003154519029,0.0006983871499,0.0005408522005,0.0002843977498,0.0005072709082
id158,scenario8,8,16.95814882,12.97886874,21.0831872,22.43320041,11.09558455,16.21641245,21.10421131,21.66543095,17.87042495,14.65952998,14.91287633,18.95727648,11.67760171,10.97585733,14.70877254,11.78358072,10.80247916,12.61689449,0.0006226945511,0.0002898279549,0.001191757335,0.0009350348282,0.0002288728111,0.0005504347139,0.0009037888709,0.0006946056695,0.0005089332082,0.0005240944456,0.0004890494943,0.0008254112576,0.0004490025199,0.0002651405265,0.0005818092751,0.0004322639179,0.0002498256945,0.0004231648985
id158,scenario9,9,19.12696226,13.33729477,16.60297667,11.29864303,7.946327241,6.828281874,17.34189685,11.93065883,16.63987653,15.03495716,12.72198773,20.45681895,12.2499972,12.8717106,15.89968705,13.44363356,12.78531299,22.09017879,0.0007833649073,0.0003322503442,0.0005486758622,0.0002913325656,0.0001048893809,7.906548558e-05,0.0005525144106,0.0002341396419,0.0004491247182,0.0004869452844,0.0003148283344,0.001043369112,0.0003805359356,0.000380287128,0.0006463489493,0.0003751310749,0.0002826293802,0.0009682202172
id159,scenario1,1,7.706177384,6.842462989,9.05122862,14.64628117,16.09848407,14.30733149,8.906133548,8.954581421,7.758710801,10.14504174,9.865301159,15.6866648,13.23201619,12.26330035,16.04430405,13.6120698,10.25545925,17.57890546,0.0001765721261,0.0001199112424,0.0002065745076,0.0004639869592,0.0004781540816,0.0003949116745,0.0002274634589,0.0002074351663,0.0001159406793,0.000317605493,0.0002679123317,0.0007951513379,0.0003985665416,0.0002961781785,0.0005751982635,0.000420609323,0.0002238688745,0.000723118524
id159,scenario2,2,14.56328175,11.81275026,12.79473545,12.19553322,11.92984656,14.10151122,12.40248138,11.82563345,14.30725272,15.74665921,11.07916874,26.22848232,18.9316103,20.36582775,32.18966998,20.2720914,17.2660406,40.4851554,0.0003944407105,0.0002866985829,0.0002651352638,0.0003511320845,0.0003444592078,0.0004587460497,0.0002960724754,0.0003101480181,0.0004117117291,0.0004381839622,0.0002087621525,0.001230909249,0.0006184267011,0.0005973948728,0.001514032527,0.000660367226,0.0004544381508,0.002402709227
id159,scenario3,3,13.13239787,10.9530086,14.41223158,14.36143039,11.80521538,13.15719897,12.8952935,13.20719904,16.58315194,15.96024011,12.71610057,35.4281788,16.40416079,15.7202091,38.61203044,17.50582514,18.04952258,40.39953541,0.000330141164,0.0002484833645,0.0003777345666,0.0004473203229,0.0002762392145,0.0003269301768,0.0003187807374,0.0003342453511,0.0004737762638,0.0005004446712,0.000278276211,0.002352637825,0.0005185389776,0.0004559632918,0.002661526083,0.0005279092936,0.0005446554554,0.002714602369
id159,scenario4,4,17.63017768,15.26062553,13.83891987,18.70880021,15.08323892,19.55928743,15.50906654,12.94027858,15.42416768,16.96157325,16.13502755,18.80901339,11.9456965,10.09066878,17.28894888,16.26317589,11.12545529,16.411841,0.0005264470179,0.0003714304022,0.0002901947575,0.0006361264395,0.000419464481,0.0006340799723,0.0004421574718,0.0002801440024,0.0004719750849,0.0005043406717,0.0004152881391,0.0006390271188,0.0002761567621,0.0001776939889,0.0005994113387,0.0004751978566,0.0002140077445,0.0004947736355
id159,scenario5,5,13.78144516,15.82983709,13.07547035,18.60331667,15.7115755,22.58599392,17.76373874,14.81421313,21.64974072,18.50569685,18.35114686,34.92691997,19.35126241,17.92424199,32.56506587,18.23820782,13.24875851,36.25012443,0.0003781297025,0.0005352932039,0.0003268517589,0.0006712499003,0.0004166415295,0.0008223299234,0.000664474875,0.0003874874325,0.0008084134837,0.0006718726521,0.0006197585638,0.002029665218,0.0007022910206,0.0005460632337,0.001861561524,0.0006565101648,0.0003621208566,0.002509415321
id159,scenario6,6,1.385860383,1.103172277,1.283754325,0.3451104664,0.2746602648,0.3196298681,1.41908261,1.129449637,1.314528118,0.3252267442,0.2378267863,0.307905473,0.08099070296,0.05922562935,0.07667721411,0.3330146348,0.2435217946,0.3152785879,6.52728801e-06,3.397934718e-06,4.647538945e-06,4.04730442e-07,2.106112086e-07,2.880047827e-07,6.843539084e-06,3.562044035e-06,4.873203696e-06,2.041238001e-07,8.59154855e-08,1.809296537e-07,1.26587691e-08,5.3280621e-09,1.12203805e-08,2.140167581e-07,9.00794207e-08,1.896984963e-07
id159,scenario7,7,17.88653983,20.90302003,21.08184257,18.1095956,18.40834246,22.16852221,16.34580607,14.21056308,12.84562428,18.33864189,17.37805429,37.84281342,21.6602853,18.25998823,46.92672979,19.84408134,13.82264396,37.3435834,0.0006342940783,0.0006869678598,0.0007103196901,0.0005989768354,0.0006141389115,0.0008729260849,0.0005281735049,0.000377711001,0.0002622717967,0.0005948623558,0.0005280313283,0.002217894913,0.0008031521335,0.0006037988299,0.003501787242,0.0006931180085,0.0003092828013,0.002217001647
id159,scenario8,8,14.37982908,12.36073159,19.14115673,16.90978144,14.19382253,16.02424488,13.24278999,12.1867124,16.05860601,11.54962635,12.16429987,18.50654562,17.47937195,19.84891185,26.3874744,15.97020498,17.23644939,17.61271962,0.0004322517688,0.000286304383,0.0007237845442,0.0005917738017,0.0004235752653,0.0004605343017,0.0003336669949,0.0002855211474,0.0004932192241,0.0003379708378,0.0002736006292,0.0008222018438,0.0005700781771,0.0006454699343,0.001121101515,0.0005556907203,0.0005207033518,0.0005801582058
id159,scenario9,9,12.61344172,13.205486,10.45265953,3.607854569,2.591932869,2.623944352,10.20061123,10.53574219,12.71114076,7.263426576,5.529380243,7.593557126,4.086356312,3.713447998,6.012734269,6.738636161,5.599218449,6.318193791,0.0004007486851,0.0004084111677,0.000318064082,2.126289107e-05,1.057145866e-05,1.42145937e-05,0.0002704417014,0.0002744624754,0.0004471535651,0.0001832280829,5.955972034e-05,0.0001364237543,3.032195567e-05,2.190419113e-05,6.109657819e-05,0.0001416873531,6.184043341e-05,0.0001236995753
id16,scenario1,1,10.432912,6.237394026,8.184607154,13.49602292,9.102865724,10.00169347,14.22307579,8.60239945,9.343280019,10.60405009,7.447954835,9.063910519,12.53499471,9.792392219,8.10722587,10.91028845,7.853432385,6.355059331,0.0001796065461,6.554802348e-05,0.000103273263,0.0003856886492,0.0001492657534,0.0002082591095,0.0003741839436,0.0001115681199,0.0001604042488,0.0001947143886,8.715719922e-05,0.000126440516,0.0003927410481,0.0002170784174,0.0001630163742,0.0002116094376,0.0001077526931,7.242643503e-05
id16,scenario2,2,6.991455573,4.306609905,6.922261974,11.12883507,9.108719953,8.548392938,18.31864664,13.92679512,13.75882361,4.426356769,4.271318044,4.152188268,11.06534948,11.59637657,9.863159178,15.96542495,14.43442441,12.45472302,8.800590803e-05,3.199884543e-05,0.0001056064413,0.0002789910477,0.0001651734649,0.0001476989271,0.0007088236767,0.0003475589078,0.000310704285,3.44115612e-05,3.451306091e-05,3.452847512e-05,0.0003215414855,0.0003343878087,0.000270535887,0.000545181208,0.0003976603457,0.0003453897573
id16,scenario3,3,4.354553041,2.694346219,4.127834415,6.235233238,3.699979225,5.764185979,5.30655818,3.619029716,4.445053177,5.114645849,4.122063586,4.200274919,6.503705222,4.250231084,5.743760266,6.235122807,4.172439868,4.182321535,3.892863352e-05,1.489063245e-05,2.865194673e-05,9.619246197e-05,3.610704667e-05,6.135215874e-05,6.002226004e-05,3.041068911e-05,3.663909501e-05,4.637680981e-05,2.995521537e-05,2.673907346e-05,9.506350376e-05,4.338374023e-05,4.985204077e-05,8.038980559e-05,3.683777959e-05,2.914033761e-05
id16,scenario4,4,1.34529342,0.8434037553,1.339813486,1.734745872,0.8752325778,1.055321015,0.8801375193,0.9164264752,0.96421659,0.6086734825,0.7675530752,1.195390932,0.477855277,0.2738747177,0.6826801025,0.2598084598,0.1743830047,0.3138514859,1.48568535e-05,3.353619027e-06,1.023588309e-05,1.966924651e-05,2.207622669e-06,2.680169856e-06,8.544735705e-06,4.615454429e-06,5.522524987e-06,5.033591739e-06,5.95991994e-06,1.179130038e-05,4.877163298e-07,1.709579108e-07,1.186235811e-06,4.881677497e-07,2.105616828e-07,5.493526604e-07
id16,scenario5,5,1.058525583,1.60257418,2.265149322,0.8092562009,0.9001099995,1.282172666,0.8396799249,0.9339493426,1.33037553,1.23460742,1.715599978,2.213744872,0.5286720965,0.2794240016,0.7292454502,0.4721577239,0.2964335194,0.5616458828,1.186778446e-05,1.353477683e-05,2.657533665e-05,2.325635918e-06,3.334975675e-06,5.528615281e-06,2.503785932e-06,3.59044385e-06,5.952122184e-06,2.723865366e-05,2.856372385e-05,5.822291983e-05,6.404300368e-06,7.084049176e-07,5.231980485e-06,5.285197947e-06,8.280369607e-07,2.24592465e-06
id16,scenario6,6,3.167763071,3.60213089,5.39414488,1.897140915,2.131281367,2.747382911,1.370882314,2.09305036,2.866656987,2.008534241,2.583791048,3.369855693,0.6377770506,1.140404391,1.193948066,0.4527334033,0.7150028175,1.032980533,5.169494735e-05,4.325441804e-05,8.961885397e-05,3.444215942e-05,2.190240653e-05,3.519898213e-05,2.117563935e-05,2.330207927e-05,3.9941864e-05,4.240503262e-05,3.88515303e-05,7.027925023e-05,1.084913165e-05,2.087590256e-05,2.118502682e-05,6.188962794e-06,8.058362968e-06,1.511610637e-05
id16,scenario7,7,3.647811662,3.989842561,5.254757274,11.0830615,10.31138398,9.100891338,5.396370341,7.200640555,7.654885918,1.675000137,2.078740886,3.087412108,9.622132716,10.16400762,9.666804101,11.82962723,13.26459161,11.1873752,7.487340722e-05,4.745799734e-05,8.457987796e-05,0.0004324447586,0.0002958927537,0.0002226366435,0.0001498583865,0.0001608452241,0.0001647374649,2.951239063e-05,2.273173129e-05,4.23320263e-05,0.0002819948175,0.0002537806201,0.0002331396219,0.0004089691594,0.000431177979,0.0002723977848
id16,scenario8,8,5.864771306,7.554604097,9.268922608,12.60379727,8.170876271,9.305224185,14.56318618,10.49867619,11.70914337,2.575596666,2.573416044,2.936096265,8.985775627,7.07653554,7.996818288,17.13354949,19.28552229,13.64069225,0.0001085920606,0.0001490459236,0.00016522716,0.0004627278113,0.0001738771702,0.0001705334624,0.0004894946578,0.0002270544723,0.0002571378152,5.660278244e-05,2.802528677e-05,4.304723731e-05,0.0002760497355,0.0001518048612,0.0002150055909,0.0006799130955,0.0006957010382,0.0003999169048
id16,scenario9,9,6.119226553,5.113559546,6.21802666,0.4898199466,0.3601988908,0.4932839673,5.098503849,3.476186631,3.369604281,4.864892419,6.027937599,5.613789635,4.915883546,4.157826873,5.135611274,5.03442935,4.556367042,3.89895104,0.0001278943827,6.87831032e-05,8.240489416e-05,6.408313035e-07,2.491884304e-07,3.975410504e-07,0.0001828574523,6.037288361e-05,4.998549227e-05,7.012509423e-05,0.0001043738172,0.000107293159,0.0001213293895,5.707280754e-05,0.0001042931485,0.0001947420936,0.0001547998145,0.0001014557515
id160,scenario1,1,10.70492936,8.548539363,9.46003319,9.263379019,10.71687991,13.15855336,11.82188977,7.882662313,13.18038968,19.84334077,16.64426348,44.82360569,18.92065065,15.18110751,37.31960098,20.8706545,13.27739808,38.3673545,0.0003938357865,0.0001553733885,0.0001910445119,0.0002095120877,0.0002333264181,0.0003484863342,0.0003662146546,0.0001199669523,0.0004025269266,0.0006951351948,0.0004580156899,0.003287647397,0.0006368512894,0.0004065268836,0.002405066284,0.0007629576433,0.0003164448499,0.002474598126
id160,scenario2,2,12.7640483,11.84244107,17.44744532,13.17268331,14.51137226,19.21955162,14.83643888,14.51352526,20.73296237,21.39168111,16.7600731,48.2140247,20.73403438,16.0528072,35.41437369,19.6471678,14.55513493,31.94983907,0.000399949122,0.0002655320825,0.0006578821053,0.000412256014,0.0003721993844,0.000696747976,0.0005174212565,0.0003679463669,0.0008545797957,0.0007430451426,0.0004523356338,0.00334673152,0.0007941426557,0.0004827126001,0.002157754772,0.0007422919153,0.0003529802249,0.001827587969
id160,scenario3,3,11.6144049,10.98692674,15.22788547,12.79493388,10.81530324,18.22992752,13.81273148,10.97430406,19.60496248,19.33777282,19.36691534,48.53472523,16.67646589,14.86448638,27.65765048,21.46658482,16.89370972,30.55678738,0.0003228374342,0.000262704536,0.0005855568269,0.0004100429544,0.0002567964839,0.0008771561959,0.0005005809833,0.0002216219286,0.000828333472,0.0006598928821,0.0006143132315,0.003545523038,0.000544203062,0.000377993222,0.001444748269,0.0008291044861,0.0004758596281,0.001675153232
id160,scenario4,4,13.34686067,14.46748026,15.77401019,9.10709734,11.31108446,13.981671,11.15803231,13.78835432,15.84917868,14.44912359,13.70788491,21.69299215,8.901489942,7.962591602,13.62008019,7.333646449,6.533946111,12.8873349,0.0004183510822,0.0004271103978,0.0004406574666,0.0002095304723,0.0002307613968,0.0003667105382,0.0002906000414,0.0003495193278,0.0004946148595,0.0004941795388,0.0003724205927,0.001010313642,0.0002084260705,0.0001634358802,0.000378151942,0.0001667601907,0.0001121205261,0.0003804603997
id160,scenario5,5,6.254608276,5.463877398,6.085307441,1.49037086,1.057127177,1.189751382,3.110371099,2.980753079,2.585633988,1.670136323,2.138218683,3.547074052,1.84678575,1.486213421,3.326312656,1.970378176,1.714935976,2.667711684,0.0001642025916,8.195453538e-05,0.0001033038681,2.583303462e-05,2.773384344e-06,3.984207795e-06,6.254389479e-05,3.060915138e-05,2.092975814e-05,2.070938565e-05,3.15239306e-05,6.986655077e-05,3.420761427e-05,1.036939948e-05,7.304074214e-05,3.803172276e-05,1.631494653e-05,3.787724923e-05
id160,scenario6,6,15.65671905,13.94957614,16.21547277,12.5152478,9.007389299,13.05794101,10.68385755,11.18686247,11.94886542,12.61034311,9.636765156,11.7777131,11.52559414,11.47319467,13.88526566,4.655336704,3.700643766,6.766055336,0.0005305273086,0.0003606614725,0.0004774816339,0.0003749173534,0.0001469526191,0.0003367346418,0.0002453216574,0.0002403968561,0.0002670775983,0.0004415651779,0.000203990342,0.0003157696212,0.0003245659931,0.0002732975589,0.0004396965221,3.838317642e-05,2.363865673e-05,8.450146569e-05
id160,scenario7,7,16.48967967,16.64156609,22.40191974,12.93491046,10.08857649,17.5172088,7.609198681,7.482791887,9.403693751,18.96834626,15.62303518,40.01289318,18.59601977,15.79748861,38.52024565,9.107750697,8.133933543,12.40956574,0.0005026887886,0.0005113518225,0.0009305158331,0.0004399525016,0.0001836489685,0.0006561056703,0.0002159419793,0.0001617841,0.0002443619374,0.0006700105266,0.0004292534259,0.002709848987,0.0006554266072,0.0004011900792,0.002513939539,0.0003236241676,0.0001844730223,0.0004805285715
id160,scenario8,8,10.69247495,8.095695358,11.54323858,11.61585227,11.13597721,13.83070244,6.298166519,8.081613061,9.270690282,22.67544683,15.1804718,42.03488401,15.62630082,12.56167561,24.98802093,17.72858244,14.05810685,26.35481736,0.0003232892919,0.0001296446312,0.0002742308764,0.0003093508228,0.0002136487832,0.0003495924441,0.0001341268091,0.0001670584857,0.0002265994493,0.0008859476019,0.0003923549364,0.002775589911,0.0004971104931,0.0002676402755,0.001125350275,0.0006312698178,0.0003487180366,0.001212276123
id160,scenario9,9,18.81533539,17.65078839,35.94860045,15.59864183,11.62245141,25.41425179,16.12062325,16.13914913,39.09459048,18.14956852,15.98731497,36.45373696,20.85313316,14.91896102,36.17846332,20.58183076,16.56450711,35.98811783,0.0006475816747,0.000514967297,0.002301963905,0.0005390160597,0.0002804473642,0.00134560423,0.0004628598676,0.0004136772535,0.002713789784,0.0005961000525,0.000414182891,0.00221901028,0.0007811995149,0.0003393146517,0.002256403819,0.000754988632,0.0004505365409,0.002210940181
id161,scenario1,1,11.92577362,8.178391731,10.14616159,12.16313341,8.881060051,10.31581608,12.92571653,9.929110753,10.14891088,12.35152387,9.366980233,13.29287972,12.08263587,8.824935116,13.29405183,12.69978168,8.738431996,18.88291192,0.0002653873251,0.000108402929,0.0001854979778,0.0003195351943,0.0001423549043,0.0001797939349,0.0002698897255,0.0001560607494,0.0001914850606,0.0002565428527,0.0001441659231,0.0002963178687,0.0002480635492,0.0001238041932,0.0003005902798,0.0002875671153,0.0001204806041,0.000575443151
id161,scenario2,2,16.05711387,9.376552692,17.36410358,17.22479702,12.67714525,19.74516218,9.679552781,8.099485462,11.54078107,17.34537896,12.36082353,30.74503116,18.5761428,14.02504653,29.81681537,11.73706761,9.951524079,18.15917949,0.0005120208339,0.0001366434988,0.0006030941988,0.0005875750586,0.0002648841288,0.0007622402415,0.0001805739108,0.0001211634014,0.0002727752411,0.0005312504186,0.0002557322397,0.001712763642,0.0005964074963,0.0003293396501,0.001428759895,0.0002427018255,0.0001717258427,0.0005910684005
id161,scenario3,3,10.99691605,9.023142672,10.28498878,8.755957112,7.611691591,8.133614729,12.134448,12.65302972,14.9609629,16.60034218,13.43643109,26.37761285,17.18546407,12.34170475,21.95728709,19.0518358,15.24866447,22.23561338,0.0002411048171,0.0001424170734,0.0002152632185,0.0001617655373,0.0001112853365,0.0001516747469,0.0003052094206,0.000296270227,0.0005202660702,0.0004634994354,0.0003075218864,0.001109699701,0.0005110206993,0.0002619503997,0.0007341347193,0.0006074426191,0.0003843448422,0.0008229649647
id161,scenario4,4,17.41607813,16.41444277,16.27011376,13.09680049,11.77224426,11.86103615,17.52112688,14.64825566,15.87473798,17.85071399,11.44463412,24.190226,13.41165699,7.961554538,23.44921189,17.50538487,11.43444996,33.61918424,0.0005469154524,0.0004709097291,0.0004403351361,0.0003697000091,0.0002760969282,0.0002332242115,0.0005126071338,0.0004305171908,0.0004393088392,0.000557791671,0.0002231460288,0.0009803920085,0.0003839793992,0.0001139633993,0.001175832231,0.0005455651802,0.0002153235783,0.001896510402
id161,scenario5,5,15.87419574,14.01535085,20.90518869,13.88076474,11.59044825,17.03634832,14.40654233,10.44751556,15.27869411,22.82011655,12.31480475,40.15780249,20.44950252,15.8542638,41.6333131,22.09808053,13.81785544,42.40250145,0.0005285763962,0.0003412256638,0.0007461964805,0.0004507700431,0.0002638446263,0.0006111527965,0.0004880798703,0.0002167557863,0.0005515317421,0.0009527439992,0.0002553920946,0.002616870347,0.0006802641083,0.0004243461051,0.002912933939,0.0008421254844,0.0003002759302,0.002887580114
id161,scenario6,6,16.42822427,14.59099743,19.3832069,8.26395751,3.953139727,5.4953653,16.47385016,11.99977687,16.13517289,20.4788004,15.70728699,33.36242591,7.873014576,8.520216984,16.52397363,20.09898805,15.71869345,46.94094197,0.0004861452086,0.0003516712829,0.0007702284638,0.0001149396602,2.476365083e-05,4.707954178e-05,0.0004544350274,0.0002463900538,0.0005870954989,0.0006998111275,0.0003924961706,0.001799759352,0.0001245733188,0.0001936633184,0.0005345008593,0.0006319451335,0.000408703451,0.003363584053
id161,scenario7,7,16.92173029,12.51216512,13.39250394,13.9151099,13.14276436,16.69566444,13.06058501,10.16186803,16.73056796,19.62804977,14.1748125,40.91429783,20.55569856,15.63855722,40.10615337,20.78675486,15.58520441,44.84420724,0.0006129263454,0.0002602747498,0.0003167959706,0.0004987338063,0.0003288978715,0.000516906001,0.0004320793347,0.000223194965,0.0005742838859,0.0006731265738,0.0003236175746,0.002597618966,0.0007681911646,0.0003897112139,0.002569549271,0.0007471700238,0.0003921489531,0.003156422862
id161,scenario8,8,9.170414846,7.374420673,12.01192564,7.8738456,7.104404258,8.887437503,8.442185078,6.747531048,8.656381554,20.44119375,16.01697924,46.64959504,18.65784418,15.19538671,41.0576229,15.09017117,14.05194741,33.57731203,0.0002095905072,0.0001187578327,0.0004058566658,0.0001535581102,9.806015462e-05,0.0002537279666,0.0001538100836,8.532752543e-05,0.0001971331283,0.0007228453011,0.0003914654643,0.003215849768,0.0006055660882,0.0003894693068,0.002621332909,0.0003600299638,0.0003385960273,0.002035447241
id161,scenario9,9,17.13640566,15.35917796,22.36849273,13.6831194,11.20893579,12.27735108,18.72255459,15.21281029,17.84042038,21.64159105,15.1413682,38.15500926,22.39409614,14.50653014,36.02327067,21.08286158,15.54858322,50.30207366,0.0005345380012,0.0004043295026,0.0008845592432,0.0003525717735,0.0002236273017,0.0002587110936,0.0006697388202,0.0003846714845,0.0005213678017,0.000826328024,0.0003604577527,0.002185577948,0.0008452836423,0.0003316738137,0.002362282497,0.0006697203616,0.0003906489603,0.003569402313
id162,scenario1,1,7.496578633,6.403556596,9.815276618,11.02048026,13.97771007,13.44416755,14.41643241,13.52293897,15.60980382,15.64604406,15.92186451,32.04792621,13.04719429,13.85507592,24.53753787,15.28985881,15.48698322,33.38475212,0.0002501193371,0.000119895099,0.0002894144002,0.0003190941708,0.0003632139593,0.0003171990701,0.0004820627018,0.0003996894077,0.000542253392,0.0005350779223,0.0004707358912,0.002058560722,0.0003832343636,0.000342731981,0.001258479462,0.0004860829186,0.000376568891,0.00188565285
id162,scenario2,2,9.713937751,8.422941661,12.31337334,7.149994407,7.857631462,9.101328119,8.336346859,7.558961025,11.13643679,20.7052839,18.37705954,32.70903632,17.61720995,16.33370351,27.62922911,10.47283746,11.42250227,14.51641209,0.0002168405704,0.0001612881895,0.000376479863,0.0001729477594,0.0001991449549,0.0002677752821,0.0002141739564,0.000131113477,0.0003420112287,0.0007555651463,0.0005633888008,0.001798175893,0.0006056675526,0.0004434492182,0.001502916674,0.0003182353632,0.0003065670046,0.0005915591661
id162,scenario3,3,11.63389371,9.230174291,13.91691309,6.460342964,8.180037666,7.852730019,8.89094324,8.262521466,10.72652234,18.04051662,15.94166854,39.16581683,12.35302924,11.55539089,22.72201451,17.03063362,16.32338551,36.93245982,0.0003399973147,0.0001716270503,0.0004903198319,0.0001800430712,0.0001609450542,0.0001432804768,0.000238468543,0.0001816459591,0.0003635569964,0.0005661488944,0.0004001917395,0.002621863205,0.0003635056715,0.000263100626,0.001305911346,0.0005306252444,0.0004718755168,0.002375903332
id162,scenario4,4,4.605699288,5.486194365,5.649849435,7.476887486,8.438189199,9.396143744,17.56577677,18.11539502,23.23355283,8.081028505,8.817212277,13.7547434,13.11225927,15.95775972,18.11759568,13.13885574,14.52276057,22.89188959,0.0001086213816,0.0001432646265,0.0001326848454,0.0002193839904,0.0003493977415,0.0003000964583,0.0006241350951,0.0005430838645,0.001018539368,0.0002578524998,0.0002493072106,0.0007180179048,0.0004595644006,0.0005188856005,0.0007424541604,0.0004168746015,0.0005070045825,0.001257429101
id162,scenario5,5,11.11269944,15.32538903,7.712523537,10.87549184,8.609659843,13.49342355,6.403499922,5.53099267,4.342203567,6.790720631,5.539773846,5.200692528,11.02742589,8.023309402,9.80683453,8.391563435,7.873967389,10.09743946,0.0003744019778,0.0006762703826,0.00012203035,0.0002872805214,0.000123224362,0.0003780324432,0.0001904619292,0.0001147225113,5.951367318e-05,0.0002108522918,8.916117096e-05,7.192750254e-05,0.0004159003347,0.0001530708733,0.0001841771022,0.0002766172277,0.0001767145196,0.0003486226295
id162,scenario6,6,12.02298199,15.81336381,15.37315434,11.24171224,19.1073196,18.3337066,9.91136104,12.11760254,14.08421964,9.613787358,11.16299994,12.97345247,20.9927365,24.54309466,29.24300118,20.53636838,27.6948104,33.50024315,0.0003932754803,0.0004727518966,0.0004894536418,0.000348851381,0.0006733297552,0.0006875224611,0.0002498569789,0.0003325125831,0.0005038686436,0.0003176002221,0.0004137461359,0.000526690438,0.0007854877245,0.001082754769,0.001454472198,0.0007438311291,0.001307075453,0.001808829349
id162,scenario7,7,15.36597303,21.22102477,20.55246649,11.73022773,14.76434862,21.77720904,14.92699497,22.87016717,22.928106,12.48705617,17.15071846,21.34743963,17.30757245,20.07969834,25.18008841,14.79069811,17.02412171,19.03291301,0.0004909930412,0.0008576839622,0.0008733637235,0.0003955598703,0.0004645387526,0.001099952675,0.0004630757006,0.001019009774,0.001000187188,0.0003942965793,0.0007178346887,0.001118884849,0.0006307209047,0.0007466487301,0.001187669315,0.0005640386231,0.0005874227209,0.0007950408954
id162,scenario8,8,2.374479943,2.618855653,3.221363034,15.52310822,12.40791389,12.40875003,8.011385006,5.100678217,9.416018627,17.59869261,16.51411255,16.29936803,21.61713557,23.87842934,17.45589502,18.25667065,17.8163164,20.03716881,2.008108877e-05,1.924664252e-05,3.578054578e-05,0.0005244157918,0.0002748605549,0.0003358563357,0.0002286487654,5.560402539e-05,0.0002948602818,0.000671439973,0.0005762239312,0.0005264381794,0.0008743186763,0.001088487394,0.0005636521422,0.0006412540606,0.000582263287,0.0007605064096
id162,scenario9,9,8.749435853,4.186810966,6.628497307,4.840232373,8.941398575,7.587200666,6.217107908,4.413157619,10.40551952,15.3948952,15.66735832,22.78604777,17.14061523,19.62455661,27.00341608,17.79303171,19.84509653,23.9671827,0.0003233272101,4.466589969e-05,0.0001318222373,7.183699266e-05,0.0001859207071,0.0001771793395,0.0001538838144,5.621940907e-05,0.0003863336701,0.0004794231606,0.0005042778964,0.00114459359,0.0005625977065,0.0006976407189,0.001395420691,0.0006421656298,0.0007136719265,0.00101333372
id163,scenario1,1,14.83934379,16.50423182,20.56147883,15.43201863,13.02657382,20.11623079,13.7824829,14.14225477,19.91884769,17.26380896,12.7399015,43.16229416,15.95082656,16.61974732,39.85258128,15.54982453,15.50513983,40.46212051,0.0004364003824,0.0006545330197,0.0008057693195,0.0004897382293,0.0003153549946,0.0008086507685,0.0004006208321,0.0005177708845,0.0008730386507,0.0005034016812,0.000268548914,0.002837686988,0.0004693815269,0.000475555305,0.002730695877,0.0004213867239,0.0003952480601,0.002606145839
id163,scenario2,2,17.54912816,17.89253677,23.92496926,12.96860378,11.33433139,15.8320402,15.97103844,12.74703989,20.24353317,17.49978316,13.72907918,33.5793177,17.64127893,16.03583947,20.5363598,18.93497657,16.10626227,29.72723311,0.000620277896,0.0005866349455,0.001173220817,0.0003205078097,0.0002565768944,0.0004438181884,0.0005903319577,0.0003313721749,0.0008212766835,0.0005224941096,0.0003218314807,0.001889758944,0.0005787041796,0.0004325063943,0.0006863019108,0.0005924860743,0.0004270234597,0.001375159588
id163,scenario3,3,9.000393557,11.75973676,15.74382369,9.667088338,12.50451559,17.04886864,10.68665398,9.654787716,13.83308829,18.27023171,21.02144783,46.23911598,21.76861279,22.23951276,47.47045903,18.66689494,19.79039686,45.02527474,0.0002805884267,0.0002848739672,0.0006782140528,0.0002454779973,0.000351343265,0.0007511449943,0.0003544261796,0.0002148669173,0.0004867296872,0.0006125566718,0.0007167831562,0.00332182729,0.000821351595,0.0008083581708,0.003396212531,0.0006012638324,0.0006288636178,0.003173769863
id163,scenario4,4,9.987782477,10.24413884,12.85948493,11.3927664,11.66459001,14.59191592,10.4978912,11.08502013,13.43533332,21.20233051,18.19101836,48.40988461,21.45290797,15.90938274,53.86457771,20.2716459,16.52052598,50.83341018,0.0003076875419,0.0002180810421,0.000525600164,0.0003153968514,0.0002703694039,0.0005149133741,0.0002767537828,0.0002343895841,0.0004709553106,0.0007523814659,0.0007604805517,0.00369081076,0.0007945517991,0.0004659367614,0.004267481787,0.0007037536027,0.0004839105849,0.00393389425
id163,scenario5,5,14.02069159,17.89987231,21.76310751,8.346780344,8.469892891,9.256534183,10.14171748,10.38846381,14.28578197,16.4465604,12.72656339,53.81617494,17.03855943,17.3381751,46.56125447,16.66773013,14.18914616,52.12324907,0.0004950128246,0.0005505794617,0.0009573825041,0.0002569835661,0.0002041768068,0.0003013537376,0.0003624865399,0.000281960162,0.0005713670857,0.0004698289088,0.0002831291221,0.004385176621,0.000509789062,0.0005367191035,0.003351262484,0.0004915818055,0.0003381759705,0.004102016463
id163,scenario6,6,13.81814303,15.6934054,25.53542396,0.9063123017,0.7692618136,1.160108657,9.858710434,13.7170794,18.82799413,11.13988781,8.412932177,23.47836027,1.953571591,2.195338713,2.342487631,15.8318083,13.65502833,33.72549746,0.0004669771593,0.0004973328538,0.001448985722,2.04108985e-05,6.115854688e-06,1.419774439e-05,0.0003051672294,0.0004307264593,0.0008564863879,0.0003672354426,0.0001737812723,0.00153901063,6.033128502e-05,3.312294028e-05,4.030415778e-05,0.0005175499614,0.0003001837456,0.002131137676
id163,scenario7,7,15.71380424,16.65662667,27.31743447,2.177571972,2.118063083,2.824451467,10.17920003,13.08486117,19.90482571,8.221074581,8.022244584,16.16347707,1.101405089,1.665300677,2.422849516,11.70569005,13.27839582,18.7567057,0.0005345486925,0.0005369868541,0.001675145544,6.060174167e-05,3.086795243e-05,6.103976806e-05,0.0002988690912,0.0003484436793,0.0009538569916,0.0002575605806,0.0002087590617,0.0009619533322,1.472797552e-05,1.608395488e-05,3.132236332e-05,0.0004062038825,0.0004207109978,0.0009164167685
id163,scenario8,8,9.00542452,12.46776946,11.89913778,7.994787218,9.837048774,10.58403686,12.37140846,12.94628154,14.76721259,21.83900428,15.13976414,46.20981871,21.86848505,20.44079769,42.9115383,17.25775193,17.26915232,30.88777125,0.0002581930119,0.0003677917662,0.0003241397116,0.0002123142075,0.0002601140702,0.0002852447613,0.0003877428354,0.0003330171081,0.000447915666,0.000778497222,0.0003831951384,0.003201993869,0.0008010780117,0.0006327862242,0.002822271268,0.0005720029479,0.0005424779108,0.001675371654
id163,scenario9,9,11.12300088,14.3797788,15.93249833,8.175767882,10.59326614,11.34719386,9.894176166,14.91380382,14.7719453,16.78350416,17.52321549,46.7442511,10.16590554,8.476232637,15.53717077,18.48574321,16.65914996,42.32455973,0.0003646476678,0.0006067830611,0.0006054871089,0.0002258801123,0.0002813644166,0.000333131786,0.0002661164224,0.0006108666917,0.0005008155576,0.0005273881588,0.0005386385603,0.003569564217,0.0003051106646,0.0001608085393,0.0006806045794,0.0006042537574,0.0004761650294,0.002797894904
id164,scenario1,1,8.268199291,6.73007876,6.810907301,9.501427586,5.648579464,7.273595434,7.417160079,4.744376981,5.094974273,7.776164463,6.12101553,6.825318306,7.380857209,5.146418195,4.499585718,7.034807455,6.270493442,6.187390087,0.0001263290641,7.385182709e-05,7.954443426e-05,0.0001805929977,5.453406928e-05,9.699485427e-05,0.0001175179993,3.861586058e-05,4.906351126e-05,0.0001130465575,6.495061303e-05,8.004522848e-05,0.0001145187362,5.707325626e-05,3.63863769e-05,9.290248457e-05,9.063372652e-05,7.807421905e-05
id164,scenario2,2,6.725588043,4.672755517,4.0286859,7.611060595,3.951543059,3.560508052,6.252131331,5.043478702,4.284613022,11.04765156,6.766498093,7.956514971,10.13754072,7.411247726,9.015203339,10.58588497,6.20000802,6.528410603,0.0001213622271,4.81857717e-05,3.699253579e-05,0.0001615966121,3.271607453e-05,3.566393925e-05,0.0001008508294,5.824508524e-05,4.277887364e-05,0.000209179883,7.481265506e-05,0.0001067268502,0.0001953949766,9.46426932e-05,0.0001440620832,0.0002384483114,7.010944325e-05,8.393260884e-05
id164,scenario3,3,15.88901593,13.34538512,16.29798039,16.11664746,13.91923925,18.48058957,11.04146129,10.80338515,11.23297667,17.6949344,11.0791744,24.68839651,15.18902158,11.9816701,21.92919415,16.70691515,12.26674897,24.54073726,0.0004668161572,0.0003290492765,0.0005438331821,0.0005334139148,0.0003496348497,0.0006991838291,0.0002348681003,0.0002513523238,0.0002154269791,0.0005536780757,0.0001992073387,0.001210727433,0.0004581950074,0.0002643575591,0.0009350828601,0.0005923898107,0.0002977423098,0.001319156682
id164,scenario4,4,18.70726701,16.02248766,11.46852647,11.19034348,9.797638095,9.832705239,11.50443484,10.68943301,9.957162602,19.69849831,15.27444415,22.18737129,15.13200606,10.49288776,13.13390532,14.65516497,9.989405612,15.51468457,0.000656343057,0.0004536137505,0.0002303054254,0.0002554395134,0.0002753093723,0.0002216039639,0.0002696854477,0.000251792338,0.0002060156237,0.0007128689116,0.0004042253189,0.0008790139631,0.0004369915843,0.0001994525655,0.0003159806496,0.0004419046594,0.0001911268969,0.0004492789064
id164,scenario5,5,14.85093946,14.8787382,16.49435911,6.448316367,5.492186373,4.777987837,14.58271787,10.59877598,9.245375916,14.26614885,11.01365796,17.89306427,5.753048328,4.308729819,7.959142351,11.86237133,9.335471562,12.21110983,0.0004055195853,0.0003750988253,0.0004448779008,7.209734554e-05,4.85429101e-05,3.814482804e-05,0.0004067181619,0.0002046523867,0.0001903804278,0.0003695161811,0.0002088291962,0.000637278323,5.826319727e-05,3.048388122e-05,0.0001379183761,0.0002424166746,0.000146193098,0.0002638956563
id164,scenario6,6,13.94836146,9.302799507,10.3332163,14.65079404,10.48290837,10.54429765,9.89733432,9.212376499,10.34057512,19.37931273,16.04208033,27.77200543,17.99299066,15.08494641,20.57807691,12.67618663,11.78568962,16.47865883,0.0004117849252,0.0001534674798,0.0002199255385,0.0004507067787,0.0002056652967,0.0002153524808,0.0001915651615,0.0001558706967,0.000237528426,0.0006797357275,0.0004472653835,0.001348597541,0.0005922111871,0.0003714610976,0.0007049308922,0.0003053213462,0.0002697571672,0.000587199808
id164,scenario7,7,14.96291089,11.70122814,11.84262332,3.865270196,2.873897879,3.705055854,9.373916144,8.368713914,8.894114245,18.31352588,13.52614017,23.59255818,11.3970828,12.85488289,16.8218396,14.2180403,15.07290203,18.56218452,0.0004740737964,0.0002686684316,0.0002514869478,6.833133475e-05,2.184821328e-05,3.89752635e-05,0.0002130289219,0.0001556906215,0.0001912020056,0.0006752952275,0.0003171788877,0.0009948247476,0.0003627161265,0.000355887589,0.0006944904398,0.0004287483148,0.0004700363571,0.0007318678911
id164,scenario8,8,20.84606879,14.58675117,13.55596475,14.56132602,12.01038869,15.30056853,16.78889366,15.07120179,13.37617328,15.77436717,14.72191372,20.87677147,15.83286675,11.89573733,21.9062679,15.96244569,13.13309037,21.27883758,0.000953238949,0.0004165546181,0.0003647822554,0.0004053932508,0.0002630001444,0.0005273084149,0.000548710372,0.0003977220042,0.0002769954775,0.0004507282862,0.000356615536,0.000730153633,0.0004857425418,0.00025886411,0.0009423726743,0.0004863395546,0.0002957562901,0.0008660170239
id164,scenario9,9,17.88610855,13.97818133,17.97854565,12.46928902,9.217471161,9.83310968,12.91837871,13.28882316,12.50816707,15.04437241,10.46643452,20.7902092,11.96630223,8.383460471,13.25761875,12.51928486,7.958411409,19.01761547,0.0006189581372,0.0003248479427,0.0005532954418,0.0003845178893,0.0001378593127,0.0001552477137,0.000363974704,0.0003125836871,0.000342038793,0.0004517299542,0.0001917244087,0.0008967895446,0.000314421834,0.0001308730613,0.000352919288,0.0003204753865,0.0001189559696,0.0009093031225
id165,scenario1,1,20.52176608,16.78285576,20.36184843,19.86851393,16.9998522,26.69795037,18.60997671,18.89997136,19.68270515,20.08396295,13.09249132,30.2477914,17.54404019,11.77847962,23.68474325,15.42799174,9.31337487,24.31284539,0.0007139307765,0.0004549738797,0.000682856837,0.0006959925241,0.00044005525,0.001248123211,0.000643747563,0.0005584904185,0.0006499271905,0.0008437902432,0.0003040086552,0.001846330268,0.0006455440549,0.0002415804747,0.001067331711,0.0005562319514,0.0001734038976,0.001378064487
id165,scenario2,2,22.40003898,13.06560081,21.63636069,25.04114413,15.99755649,28.53567942,23.03439254,13.64696269,21.485793,22.41178813,15.68414405,33.4953316,21.13314185,16.5600736,41.7958359,18.34581233,14.23472236,34.03195078,0.000946225553,0.0002990109098,0.0007743976402,0.001098010994,0.0003945442511,0.001402272052,0.001074296292,0.0003254566565,0.0008067968663,0.0008905461124,0.0003739334107,0.001969167362,0.0007213796231,0.0004453074019,0.002715971208,0.0006366131284,0.000324818275,0.001953558194
id165,scenario3,3,9.053423242,7.856811659,15.79187342,0.7100620423,2.268392391,3.265089513,4.623763987,4.160533683,9.437572099,6.985176418,6.277885449,12.1062421,9.707285055,9.753054803,14.46141169,6.448128235,7.096630569,11.90885634,0.0002474640627,0.0001355268077,0.0007813683952,6.48384772e-06,3.938620003e-05,9.658352587e-05,0.0001426665134,7.410137798e-05,0.0005464570089,0.0002146897119,0.0001031179502,0.0005700599941,0.0003497437579,0.000267207488,0.0006797460635,0.0001855633411,0.0001359241064,0.0005258882545
id165,scenario4,4,8.785589518,8.616750261,11.51891317,10.08196162,8.771998276,13.60710116,11.04233457,8.023384973,11.37197128,5.331321537,5.421954534,9.612237103,5.324790132,6.577732162,8.128341141,8.557232225,7.650847541,15.29978405,0.0003151297882,0.0002099219932,0.000382712388,0.000290025816,0.0001840734921,0.0005474943212,0.0003935409026,0.0001466680623,0.0003311989171,0.0001635821507,9.757200453e-05,0.0003839001361,0.0001629031833,0.0001371392083,0.0002615063397,0.0002417402112,0.0001441701288,0.0007681453083
id165,scenario5,5,13.15444606,9.76870916,15.28557179,13.25197846,9.593105271,13.8623652,12.28551577,10.33669676,15.97027581,6.588910956,7.357593669,10.77376852,12.58522537,9.592070543,15.35823366,6.227695913,6.496092892,6.652965387,0.0005132715392,0.0002097446813,0.0008594492303,0.0005230649757,0.0001983308216,0.0004488159017,0.0005011642958,0.0002778306873,0.0007485714795,0.0002122893108,0.0001912086214,0.0004822538462,0.0004748652594,0.0002297743486,0.0005953870836,0.0001912354941,0.0001447491154,0.0001505405039
id165,scenario6,6,12.69533275,10.80336778,16.79915485,14.41209464,11.13772353,20.12124474,10.81733356,9.992234562,16.5575112,18.92390057,12.67146283,19.82366503,16.62408617,13.44069297,23.0274946,8.40666847,8.546537353,12.95990624,0.0003870553411,0.0002190232509,0.0007068738145,0.000436514858,0.0002182437708,0.0008158374746,0.0003787529379,0.0001894496325,0.000680089196,0.0007460629836,0.0003052516073,0.0008514830287,0.0006100686286,0.0003384601442,0.001210313603,0.0002230240006,0.0001853036577,0.0004440061406
id165,scenario7,7,1.576355218,1.930781894,3.02419202,1.452091943,1.936378543,2.565074133,3.823812095,4.616050012,4.495276031,11.29906036,9.890259227,20.90580156,14.76603383,14.3653094,26.68892652,17.06424894,12.51306825,27.41054037,2.839695613e-05,1.775612888e-05,4.803543075e-05,1.36587855e-05,1.582221356e-05,2.906966806e-05,0.0001107921231,0.000104014594,9.965874016e-05,0.0003631534651,0.0002229962715,0.001188081634,0.0004564090313,0.0003690470032,0.001341183334,0.0006349023812,0.0002983958627,0.001409374745
id165,scenario8,8,11.46667373,8.94058841,14.82217317,18.23734671,11.17392647,25.25967465,16.0075345,11.51890602,28.84257168,21.46971862,16.25443078,38.15155056,25.04537427,13.1960749,37.42128594,20.41920743,14.39041835,36.3013048,0.0003488761422,0.0001623369459,0.0006729170154,0.0006910701435,0.0002313628473,0.001552611356,0.0005815608481,0.0002275011359,0.001878234981,0.0008265048675,0.0004203682205,0.002335924928,0.001064786737,0.0002829920686,0.002283287227,0.0007579986275,0.0003657911805,0.002270136417
id165,scenario9,9,16.43154895,12.65153996,27.22716913,13.83383983,13.55756251,16.24120268,16.87435464,12.75125568,30.02744176,17.45697172,12.601054,30.89809979,23.04347707,15.40737304,43.80089564,19.28910509,16.54969383,45.00762165,0.0005863459796,0.0002825780854,0.001534737075,0.0005528139533,0.0003868646588,0.0005230963763,0.0005279146325,0.0002925154597,0.001763605706,0.0005791546766,0.0002664578093,0.001883288663,0.0008695060047,0.0003678896362,0.003069214399,0.0006455005603,0.0004388858167,0.003216316568
id166,scenario1,1,19.34647762,11.1173691,14.05642261,18.01763206,10.88439109,14.49956026,14.73182882,11.93854544,13.64012679,7.15687899,4.542075081,8.683705402,4.504768494,5.22307057,6.756351735,6.258011434,5.242990288,9.890533899,0.0007923460046,0.0002159868926,0.0004005036418,0.0007738529556,0.0002089344799,0.0003474935756,0.000493077201,0.0002674545556,0.000331985963,0.0002240361837,5.770565341e-05,0.0003725102293,0.000115186754,0.0001208629364,0.0002583329214,0.0001657617442,7.552478197e-05,0.0004810454852
id166,scenario2,2,1.999475943,2.171962076,3.426312418,2.171804838,4.337307714,4.768824956,2.807667241,3.553520411,3.63248492,4.81865776,3.511731378,7.145833001,3.186291768,3.285053822,2.740415464,3.934226418,3.240137926,5.912534536,3.131236941e-05,1.925585047e-05,4.2188042e-05,2.856489835e-05,8.847070023e-05,8.559643623e-05,6.856590983e-05,5.223525065e-05,4.621899068e-05,0.0001620116126,5.322273307e-05,0.0003311571902,7.431605789e-05,4.827690749e-05,2.784876355e-05,0.0001150095095,4.227256965e-05,0.000194911669
id166,scenario3,3,2.290617486,2.412263684,4.116601446,10.40431806,8.894776221,11.1075202,8.203337071,6.912693309,9.757373202,3.786892203,1.966041185,5.520923435,5.70663014,6.399343634,8.711525114,8.992532949,4.660172606,11.40832379,5.035868768e-05,2.411823333e-05,0.0001041746865,0.0003618057475,0.0001850481685,0.0003688232015,0.0002767420736,0.0001513392584,0.0004200304615,0.0001152673041,1.693994317e-05,0.0001498930551,0.0001674990241,0.0001634004033,0.0003089666401,0.0003663234364,6.593093072e-05,0.0005572157049
id166,scenario4,4,4.213919284,4.025666812,3.962660492,3.281525796,3.66474572,4.789447703,3.645776661,2.859436689,4.07016544,3.740235217,4.021443197,3.795831859,4.391958144,6.334731034,7.738460278,5.109474669,5.927220255,8.971220087,0.0001188224662,6.60099179e-05,6.683693488e-05,7.503938776e-05,6.274711208e-05,0.0001333244043,0.0001166745683,4.169388657e-05,0.0001147177853,0.0001176502432,7.408877453e-05,5.858213299e-05,0.0001253039835,0.000150425988,0.0002692136578,0.0001492448667,0.000109371162,0.0003189675023
id166,scenario5,5,18.65311907,14.63887541,15.20001025,17.0415008,12.89943685,18.62429028,19.07501938,13.17806863,18.54089388,8.830819518,6.480414402,9.042957076,10.52425242,8.729329099,12.47459179,8.161865276,4.727033491,10.70581298,0.0006108186637,0.0003518043804,0.0003761869139,0.0005943854975,0.0002834450404,0.0007513045054,0.0007116032276,0.0003128610452,0.0005899402487,0.0003120360867,0.000142244468,0.0002451143702,0.0004191512541,0.0002093692296,0.0005167982962,0.0002607893648,8.892394774e-05,0.0003940566285
id166,scenario6,6,0.6060218954,1.008862006,1.449669292,0.632503025,1.035732961,1.477431137,1.050292336,1.552765648,2.250077506,1.671993979,1.729619842,2.235455626,1.796539585,1.871773505,2.130253426,1.325371411,1.993239055,2.546857069,7.784706441e-06,8.956367454e-06,1.752962134e-05,7.82336819e-06,8.969571657e-06,1.754949089e-05,1.613893782e-05,1.34514284e-05,2.685172362e-05,3.47445242e-05,1.612621183e-05,2.808554133e-05,4.825410227e-05,1.883971588e-05,2.549439723e-05,1.856664513e-05,2.231404021e-05,3.563757013e-05
id166,scenario7,7,0.5698575866,0.9528205204,1.368275435,1.340207717,0.6007298018,0.4039610368,0.5791960635,0.9620145249,1.380586505,3.772307149,4.697914206,4.861046425,1.476737461,2.176127029,3.387647815,3.032622634,2.429117964,4.186308661,7.360329393e-06,8.46829031e-06,1.657613352e-05,4.406835233e-05,3.200686948e-06,8.620831238e-07,7.364327339e-06,8.470190226e-06,1.657730153e-05,0.0001078900221,0.0001044111976,0.0001173982234,3.960312539e-05,3.663579247e-05,0.0001267248023,8.942989967e-05,2.941283285e-05,0.0001290227255
id166,scenario8,8,1.2980034,3.002515396,5.145556402,2.247230886,4.730082414,6.728135139,1.626776771,3.222114473,4.634443807,4.462953939,4.759292719,7.842033926,4.627688578,6.710369515,7.311698525,3.627906145,3.313174951,7.054182431,2.218909171e-05,5.148462796e-05,0.0001762243181,3.501153877e-05,8.105657786e-05,0.0002151978222,4.050507454e-05,6.335270602e-05,0.0001468020608,0.0001128324897,9.674580694e-05,0.0003910877487,0.0001438743579,0.0002036846187,0.0002506801582,0.0001087847762,5.496118547e-05,0.000265030734
id166,scenario9,9,4.651085381,2.200432096,4.450000467,6.12386138,2.061429671,4.745243305,5.395747141,2.673011083,5.478154105,12.33959712,11.78185893,19.53241467,9.867563909,5.046937724,14.067299,9.527186496,7.138854322,20.31743787,4.518039037e-05,8.604372451e-06,6.006546228e-05,0.0001115949336,7.672924548e-06,5.742014026e-05,6.343438208e-05,1.267036411e-05,8.731054535e-05,0.0003840850776,0.000295883071,0.000910766798,0.0003176044826,5.635618868e-05,0.0005838901307,0.0002169422813,0.0001131030045,0.001104932376
id167,scenario1,1,17.17601574,10.16345582,13.98541445,16.93440471,10.47402265,14.59766985,17.74268137,12.89724024,16.45964034,18.72610787,15.69879034,28.84071678,16.33438866,13.1438489,28.54425468,19.85058117,19.30703864,35.80647336,0.0004866844405,0.0001720452289,0.0004871827437,0.0005146397678,0.0001928460132,0.000473499251,0.0005588342136,0.0002893866005,0.0005073798999,0.0005964635212,0.0003599719441,0.001469785159,0.0004502918369,0.0002669600057,0.001397597732,0.0006249767183,0.0005990319622,0.002228011145
id167,scenario2,2,14.63455551,10.80604266,9.638333681,12.73291067,11.35903621,8.447813348,11.98297848,9.067592187,7.244773283,21.89751433,18.05231823,35.47947469,19.63515902,18.16414279,37.17370494,19.1468396,16.06012442,37.28585345,0.0004938539396,0.0001956188216,0.0001990074289,0.0002928355236,0.0002158558229,0.0001186416737,0.0002905702104,0.0001280454719,8.762398284e-05,0.0007763175515,0.0005422517786,0.001908542175,0.0006296990549,0.0005414700837,0.002099363482,0.0005958060893,0.0004609075004,0.00218603492
id167,scenario3,3,20.41286008,16.02909871,14.10371803,12.02866421,9.307701914,8.02907668,16.48413896,10.83120288,10.64589819,16.86244668,11.39426924,19.87307649,17.40883573,14.33462993,29.72817635,22.16039761,14.72250179,32.02739478,0.0008895724135,0.000520401363,0.0004015251538,0.0003515794455,0.0002337265391,0.0001393139248,0.0006838847878,0.0003008143045,0.0003007470693,0.0004725274896,0.0002043945616,0.0007115377836,0.0005340216507,0.000361077162,0.001668612512,0.0008301783246,0.0003621653714,0.001635661494
id167,scenario4,4,22.1634909,17.34717916,17.93138274,13.72979981,9.566380999,13.17818725,13.15214292,12.00591658,16.15621254,17.97586764,12.362142,29.06482128,21.81826659,18.05734827,33.95400472,18.68368625,14.29839728,36.92088565,0.0009433139318,0.0005513867382,0.0007024950438,0.0004317973674,0.0002131143658,0.0004735566398,0.0003911361986,0.0002895781055,0.0005969006898,0.000598646617,0.0002719962086,0.001643160585,0.0008621095813,0.0005562393637,0.002204711994,0.0006680189931,0.000352069484,0.002698351706
id167,scenario5,5,10.54230095,7.46183116,10.73102209,12.09334103,10.4512254,11.44257164,12.80400723,8.498314917,12.60742704,15.87627769,14.03340449,25.43833448,23.1649556,20.1564645,38.91701743,20.54721851,16.15813416,36.42027118,0.0002766553301,0.000117891829,0.0002849453553,0.0003467830761,0.0002440925849,0.0002508526441,0.0004104871987,0.0001399642856,0.0003594213711,0.000455909612,0.0003412614894,0.001128316607,0.0009157331267,0.000743789179,0.00237745124,0.0006959763704,0.0004399189126,0.002441601364
id167,scenario6,6,20.07396209,16.91740933,12.2546427,17.03228477,15.73379439,10.73388204,19.72475185,13.24508687,12.88813903,22.0737838,17.83777253,36.83298948,13.57043449,13.12199022,18.74337119,19.66467434,17.76519341,35.48445018,0.000765166203,0.0005122611104,0.0002738866246,0.0006444254008,0.0005195846818,0.0002271793889,0.0007189081284,0.0002979472825,0.0003339526013,0.0008490888603,0.0005528149744,0.002323638492,0.0003619950547,0.0003631454846,0.0007302580233,0.0006544886463,0.0005365296565,0.002002626085
id167,scenario7,7,18.64443855,14.91771166,14.09890339,21.42021831,18.48473595,15.99735093,14.75949541,11.7191963,11.74441065,23.32103712,17.78218591,28.78395399,21.57003821,16.21601149,25.0156872,12.39335648,8.776876851,14.95807665,0.0006081665746,0.0003797944377,0.0003127388092,0.0008832905363,0.0005744380541,0.0004246014466,0.0004737540821,0.0002261970534,0.0002663887704,0.0009526747973,0.0005718942335,0.001392084051,0.0008438469985,0.0004754140531,0.001113864822,0.000316769152,0.000130429808,0.0004764363476
id167,scenario8,8,13.54026699,12.5504112,10.77340271,7.716766007,4.42097598,4.937860102,8.090447843,6.777080136,8.090273806,17.92610119,13.4085285,18.03034263,22.23027283,16.33928353,23.34991684,19.85209229,17.37913235,24.91151573,0.0003631993295,0.0002513364575,0.000189864869,0.0001666911888,4.857704881e-05,7.716145417e-05,0.0001518852281,8.583930128e-05,0.0001672987253,0.0005887328525,0.0003460971098,0.0005433688244,0.0008594873294,0.0004545983297,0.0008941722941,0.0006763073967,0.0005428520087,0.001062626022
id167,scenario9,9,13.81336323,11.11978703,16.35035932,10.5908109,6.664729003,11.34364061,6.189029128,4.042468754,11.13028674,8.627244608,8.857845226,7.718066483,22.14483596,18.45234619,29.02213588,18.72193658,13.63094834,25.88680446,0.0005831534121,0.0003195848869,0.0007090541453,0.0003677684223,0.00012402989,0.000385908809,0.0001653513477,3.695990943e-05,0.0005096182081,0.0002428902291,0.0002265049146,0.0001455009561,0.0009734459184,0.0006005954811,0.00149048443,0.0006971657359,0.0003411209784,0.001339498493
id168,scenario1,1,19.56294422,17.27263461,22.66790091,19.29677054,12.33075048,23.02134875,19.38267434,12.81509407,14.00822458,15.97575959,13.12329058,19.79266669,17.05258996,10.7494978,22.79214633,13.47269273,12.60418222,16.50336168,0.0006294268548,0.0004475256002,0.000820172076,0.0006386355713,0.0002710097214,0.001029699512,0.0006254419568,0.0002646088674,0.0003396678382,0.0005014816829,0.0003298445934,0.0007284621787,0.0005852767129,0.0002240002243,0.001006685787,0.0004086905623,0.0002911484648,0.0004988101067
id168,scenario2,2,18.25753249,13.57892487,14.81327553,20.56891984,15.64509969,27.52288311,22.60866149,14.6319144,22.89851343,20.24156656,15.84561149,28.7175698,21.5652477,15.81360608,28.83020823,19.36186426,15.2543364,25.9086791,0.0005776995518,0.0003181816606,0.0003551039854,0.000770767178,0.0003633243985,0.001244816525,0.0008982416779,0.0003731561204,0.0009037514106,0.0006810769401,0.0003939565683,0.001418976009,0.0007299463609,0.0003847206075,0.001339002182,0.0006250086008,0.0003422149023,0.001135028949
id168,scenario3,3,13.07415607,12.56085319,17.08663566,15.28580981,14.66094538,17.51822711,15.19307752,14.16025495,20.68560615,14.2792133,13.16739044,20.43137709,19.9715155,17.86524676,27.1484379,19.64620691,15.81601336,25.66213212,0.0003857106872,0.0002952051462,0.000545034835,0.000500879015,0.0004105566283,0.0006401831809,0.000502145421,0.0003867747811,0.0007769503516,0.0004414127786,0.0003513333365,0.0007732534695,0.0006465385545,0.0004901351526,0.001211494424,0.0007092564071,0.0004010818171,0.001066847008
id168,scenario4,4,16.52294213,13.13650538,20.0318534,13.39182182,12.00292409,14.46713463,20.36158183,13.54679703,21.33789031,11.61494758,12.13104206,17.09740949,16.12599024,13.98949341,24.93678741,12.68942588,9.985823983,19.92884941,0.0005356384598,0.0002791435366,0.0008265147624,0.0003951147968,0.0002463457306,0.0003658084939,0.000822244836,0.000375133302,0.000787728819,0.0002713759278,0.0002857996514,0.0004874926813,0.000466067494,0.000349645842,0.00116313528,0.0003381039148,0.0001862345398,0.0007303615072
id168,scenario5,5,20.01713986,13.1700564,23.61337546,16.73533153,15.94025087,26.86852773,18.93104399,13.23406773,25.23520526,21.13850204,13.591589,28.54045661,21.96004016,17.99179241,30.92079397,23.78349387,17.70474486,32.82145677,0.0007909148289,0.0003053162383,0.0009573948799,0.000524143545,0.0004229632765,0.001396110067,0.0006952442455,0.0002927244829,0.001190106524,0.0008091307419,0.0003220171861,0.001393464173,0.000819189113,0.00049703413,0.001487390414,0.000890056999,0.0005132776582,0.001702324835
id168,scenario6,6,21.70905509,18.86494432,24.28222809,22.99327399,19.28965503,29.45278933,24.82892745,16.29944452,28.05473294,22.08988443,17.99620881,32.61964156,18.29104896,22.29549476,25.51546163,21.22467251,19.21948395,34.78933184,0.0009495049445,0.0006261785422,0.001118310105,0.0008588691379,0.0005789101097,0.001509283244,0.001190829129,0.0004550936611,0.001390451128,0.0008708377969,0.0004982089022,0.001557006001,0.0006018226523,0.0008653974029,0.001107093036,0.0007151399063,0.0006139249663,0.001710444204
id168,scenario7,7,10.05555917,9.387846888,17.35397683,14.63907309,11.89925939,19.76231425,12.99622238,12.59682752,23.37733198,20.51496656,20.03851917,34.03741013,22.87149213,17.48548111,34.62810141,19.89534579,16.71413479,32.48998983,0.0002623459047,0.0001977219894,0.0007387748974,0.0004993858221,0.0002753000959,0.0008248171606,0.0003940069273,0.0003003445139,0.001235018322,0.000733514834,0.0006172093385,0.00186291136,0.0009117163689,0.0005245666006,0.002000205034,0.0006754208463,0.0004858624534,0.001731706284
id168,scenario8,8,15.35934477,15.82995925,27.64299505,20.86286523,17.91332382,26.42645215,15.62800748,19.93826844,28.81393415,21.47960588,15.91500888,34.42267632,22.06267651,16.51557518,34.35396415,22.87667001,16.481744,33.00564099,0.0004634475422,0.0004441022048,0.001296565718,0.0008411584691,0.0005489519416,0.001148682784,0.0005008051694,0.000669773322,0.001392869852,0.0007408589895,0.0003849122488,0.001819128388,0.0007693141836,0.0004255524883,0.001918745216,0.0009292550064,0.0004272342076,0.001698647128
id168,scenario9,9,13.25836366,14.88373908,16.17084622,16.40945912,19.31730516,24.9536108,19.27675972,14.58582095,22.06802341,16.07511242,15.32117091,22.37333287,25.2186505,17.71772539,38.57635035,23.11136463,18.47918131,32.31109719,0.0004159703415,0.0004565512066,0.00053755927,0.0005679161473,0.0006708641278,0.001254948774,0.0007546470929,0.000395750521,0.0009052682057,0.0005335642391,0.0004359991525,0.001076497505,0.001001913215,0.0004617693955,0.002307901429,0.0008455462593,0.0005283842682,0.001680974102
id169,scenario1,1,20.23447173,17.83716778,23.88729566,16.56039065,11.28411107,15.42461661,17.99359584,14.88382381,19.97718804,20.9608494,19.68033934,42.41502322,22.31043191,17.30711605,41.05252158,23.03089728,17.88191513,51.06540113,0.0007049961855,0.0005089301609,0.0009102889534,0.0006501457458,0.0002313351443,0.0004415409474,0.0006066077922,0.0003901865221,0.0007011476437,0.000722153394,0.0005864926661,0.002685207415,0.0008211782723,0.0005036035641,0.002672725134,0.0008610785012,0.0005035847673,0.003713680143
id169,scenario2,2,12.3448801,9.33424463,17.55072555,15.04125459,10.94281303,18.65991995,5.570589274,4.721481418,4.838153041,17.14957159,10.29697628,23.26162142,17.98281663,16.16242532,33.3436512,4.815737814,3.980379026,9.687542105,0.0003284066401,0.0001680150877,0.0007002744427,0.0004619283366,0.0002283864778,0.0007485533495,7.305478157e-05,5.78259246e-05,4.110397759e-05,0.0005546156828,0.0002168199211,0.0009319704768,0.0005181198973,0.0004545160352,0.001858253037,3.609676442e-05,2.25302727e-05,0.0001482882022
id169,scenario3,3,4.61166139,4.745214763,4.368596195,8.025938506,8.578742598,9.115867693,5.330816594,2.905460509,4.445608322,2.634409636,4.157319088,5.089425971,5.167137912,5.729098836,7.113683881,4.374745627,4.491479258,7.51782045,0.0001187996997,0.0001268857719,5.425867443e-05,0.0003100018791,0.0002195714193,0.0002722401669,0.0001490977766,2.172263903e-05,6.687333828e-05,3.195223433e-05,9.064758882e-05,0.0001210370706,0.0001877659932,0.0001008263921,0.0002024485278,0.000101196003,6.821012885e-05,0.0002710830035
id169,scenario4,4,5.27986417,4.880061149,7.102739793,12.76006618,9.26709112,21.15945443,5.917408576,3.990973035,8.070847943,9.800021045,7.648603535,22.4351651,12.36751944,10.84381998,25.67272265,9.650070941,8.28836445,27.57391682,0.0001213785719,7.521738298e-05,0.0002355917608,0.0004288178311,0.0001988820919,0.00126404419,0.0001474321518,5.034110068e-05,0.0003272370225,0.0002801229773,0.000133669321,0.001383288795,0.0003915592989,0.0002644841854,0.001686850172,0.0002482642762,0.0001515823573,0.001852366499
id169,scenario5,5,9.775862752,3.828605957,8.057764778,9.050016316,7.893227666,12.06670011,6.091843391,5.363275425,7.156220672,9.937130302,10.8194379,26.35559083,15.59991441,14.31046767,40.89736592,7.283163557,6.538255637,12.23732948,0.0004280279981,3.802659999e-05,0.0001645083405,0.0002359972701,0.0001553488044,0.0004045542204,0.0001839561909,8.249863395e-05,0.0001625856363,0.0002680508757,0.0002676579213,0.001628208353,0.0004831970875,0.000338689811,0.002750704205,0.0002469119552,0.0001677438112,0.0005904998023
id169,scenario6,6,2.431087343,1.566901393,2.862970554,3.330627538,4.455208003,9.475570878,2.612762044,2.220347247,5.296731932,4.184317964,3.353627018,8.864526661,5.486057253,5.639644802,12.96477012,5.446206025,4.694289534,8.198935571,8.014309885e-05,1.754133163e-05,8.168667056e-05,6.976242816e-05,7.450010997e-05,0.0005118578103,8.705240124e-05,3.676678139e-05,0.0002472274142,8.900265597e-05,3.739143371e-05,0.0005418215188,0.0001474251013,0.000100893915,0.0007178438015,0.0001389021763,7.453492471e-05,0.0002737142001
id169,scenario7,7,6.194471418,4.228276069,9.46818317,3.007197286,3.49209744,4.722786018,7.962367305,4.590992961,11.89246536,1.486946378,2.184516609,2.793226969,3.858521618,7.624025628,10.75320142,2.991342301,3.971604576,4.822083227,0.0001973934879,6.684559168e-05,0.000503659803,5.348843746e-05,3.839361416e-05,6.79067417e-05,0.0002955591554,6.881597662e-05,0.0006570429945,3.932038338e-05,3.16728821e-05,5.685512595e-05,7.612413635e-05,0.0001760885714,0.0004487977118,5.878447254e-05,7.135850078e-05,9.255162595e-05
id169,scenario8,8,1.086975839,1.565974569,2.022893453,3.520432349,3.04671716,6.838729544,1.219712228,3.786700046,3.981431715,5.418409385,4.236946142,7.332206426,5.310988713,4.828790685,9.226659355,6.173758703,4.266057134,12.03582695,1.393805955e-05,1.522645443e-05,2.196788246e-05,0.0001137228586,4.444312314e-05,0.0003563554313,1.239742659e-05,9.767709223e-05,0.0001077215757,0.0001418454335,6.235970824e-05,0.00022101293,0.0001375988765,6.987703948e-05,0.0003802067324,0.0001807710526,5.174490047e-05,0.0006623075536
id169,scenario9,9,6.84677629,8.518311457,9.550232331,6.990819411,5.063211215,8.845892328,7.813560131,8.88753772,9.806916132,5.389111992,5.056941259,9.13772884,5.04832208,6.880426472,10.06160876,5.78895403,4.197187327,9.565641856,0.0001582185981,0.0002082012512,0.0002136418966,0.0001856554353,5.631389148e-05,0.000178538253,0.0002046494682,0.0002228525708,0.0002791070926,0.0001649649765,9.274523121e-05,0.0003610735119,0.0001393192921,0.0001590798498,0.0004136760595,0.0002097267246,6.686318541e-05,0.0004697225352
id17,scenario1,1,10.12851342,6.037375705,7.227158899,15.63251596,9.815957253,10.93824007,16.57320995,7.862435737,13.76198716,6.89417387,4.336260131,4.864334617,7.927861935,4.751291932,5.818044688,8.297362624,5.932177599,6.498271193,0.0001708166416,5.686157468e-05,0.0001015127067,0.0004339102211,0.0001432132858,0.0002183023741,0.0004478569448,0.0001147662127,0.0003014259038,0.0001209854527,4.977454078e-05,6.799618202e-05,0.0001808468325,6.58337779e-05,0.0001056086225,0.0001878511755,8.58613493e-05,0.0001079842834
id17,scenario2,2,4.018927633,2.586074024,2.805497894,5.455776221,2.025040674,2.630577242,9.03845904,5.871061185,4.288695082,1.377589326,0.8304259468,1.184797435,1.403901114,0.9189721322,1.263034984,1.258170003,0.8664754212,1.095753335,4.338126543e-05,1.385431596e-05,1.666747832e-05,8.023521923e-05,6.8738299e-06,1.650356358e-05,0.000283899255,9.328912251e-05,4.204129127e-05,7.69888111e-06,2.688828015e-06,4.771103763e-06,1.305121369e-05,5.729351816e-06,8.661502524e-06,1.037648992e-05,3.894788891e-06,5.151457684e-06
id17,scenario3,3,5.56698591,2.950255318,2.579433288,14.67151702,7.445978832,7.885473258,8.386717149,4.755611141,4.861466269,6.620798522,3.371737696,3.945858608,11.81397661,5.055478458,5.416424573,8.214494502,4.7354544,4.778137759,5.29715639e-05,1.901290821e-05,1.419082955e-05,0.0003531018724,8.317885199e-05,0.0001126543066,0.0001303385765,4.170577068e-05,3.657146318e-05,0.0001015115087,2.14498305e-05,2.638321883e-05,0.000306056448,5.587268742e-05,5.423694329e-05,0.0001294996268,4.208136309e-05,4.194611487e-05
id17,scenario4,4,0.126143245,0.129835294,0.134184865,0.01141288193,0.01175714594,0.01217568306,0.06506868045,0.06704306666,0.06925903285,1.343915827,1.498237356,1.00115943,0.3411381393,0.3058191343,0.2369931751,0.7272575349,0.5942713124,0.5688374507,2.624859107e-07,1.294618408e-07,1.355073303e-07,2.1422589e-09,1.0565698e-09,1.106245e-09,6.98749568e-08,3.44625228e-08,3.60746909e-08,4.632015471e-06,5.130177878e-06,2.21907224e-06,3.601024419e-07,2.304993788e-07,1.272157367e-07,1.397118913e-06,8.350978888e-07,7.656045778e-07
id17,scenario5,5,0.4776347438,0.536011937,0.4997805486,3.009003966,2.165944116,2.4398124,1.403168934,0.9416167635,1.311807174,0.5014685089,0.287243046,0.4223594158,1.394544521,0.7295674229,1.120582097,1.743630346,0.9743430287,1.525059849,8.529164353e-07,8.614882122e-07,6.879925376e-07,2.52743692e-05,9.064337477e-06,1.004155741e-05,5.269150331e-06,1.557042378e-06,3.414799093e-06,9.370480488e-07,3.144445947e-07,6.007855623e-07,7.004628579e-06,1.366421919e-06,3.353059502e-06,1.291804982e-05,3.397705852e-06,9.3032551e-06
id17,scenario6,6,9.038263956,4.632088729,4.871519324,5.049519734,4.303610907,4.019450711,2.121034129,0.8570793432,1.109411978,5.985420973,2.307644246,2.469874025,2.10074784,1.01325496,1.435701139,1.971123821,0.7815732574,0.7817020659,0.0001356668481,3.465884089e-05,3.958407824e-05,5.190044995e-05,4.494341845e-05,3.36628392e-05,7.123787003e-06,1.091299831e-06,1.968478615e-06,7.050640624e-05,9.724184773e-06,1.138589375e-05,1.041776371e-05,2.91295076e-06,7.568411306e-06,8.160077269e-06,1.170766759e-06,1.129205389e-06
id17,scenario7,7,4.332118947,1.770975268,1.97016525,4.388121599,1.681632842,2.353294709,6.453389233,2.632160044,2.830198249,4.666790533,2.088963528,2.215257057,2.523548454,1.020788226,1.186656957,3.393508458,1.614073002,1.634797724,3.174748816e-05,4.858384048e-06,6.531285707e-06,3.919120273e-05,4.99769328e-06,9.525615718e-06,8.572486137e-05,1.275328177e-05,1.342944101e-05,5.519552462e-05,9.058793852e-06,1.001881553e-05,1.598070322e-05,2.411245617e-06,3.288996023e-06,2.041780872e-05,4.428929318e-06,4.852487672e-06
id17,scenario8,8,7.947996119,3.262768412,2.940208986,0.7076402438,0.3330180575,0.5142121586,5.658184568,5.755763506,4.936187463,11.05696185,6.586409795,7.531957713,1.3735105,0.9368970044,1.282766796,5.537227208,4.310039348,4.72895071,0.000315285183,4.802028442e-05,3.313110049e-05,1.094722595e-06,2.118414167e-07,5.618608528e-07,0.0001116948435,0.0001006005321,7.313829447e-05,0.0004477335394,0.0001113439958,0.0001537207408,3.980626957e-06,1.754814664e-06,3.413810564e-06,0.0001018755282,5.216032372e-05,7.087145673e-05
id17,scenario9,9,0.06068767204,0.05334761334,0.0556796753,0.6207232501,0.8315568119,0.6265140975,0.2186335455,0.1574643499,0.09251328327,0.2550548353,0.1590901057,0.1932069289,1.259586685,0.7442680321,0.8335777665,0.08100372777,0.0704092578,0.06525695616,8.990621e-09,7.7829692e-09,8.0251815e-09,1.117622699e-06,2.05278247e-06,1.478417569e-06,7.1932313e-08,3.6197915e-08,1.29362037e-08,3.447876307e-07,8.09984354e-08,1.535478965e-07,9.09999131e-06,2.021588095e-06,2.709747476e-06,2.14701957e-08,1.30927272e-08,1.16800246e-08
id170,scenario1,1,3.330628774,4.477957849,4.555126424,2.731314556,2.298240978,2.33353821,0.637542348,1.116631035,1.280348248,5.913842237,5.119650742,7.706502888,5.408895754,4.911444076,9.358262481,4.104429836,3.508564825,5.195159399,7.804358428e-05,8.552203114e-05,9.843303095e-05,6.27560812e-05,3.046732453e-05,2.858870093e-05,1.121338429e-05,2.571724178e-05,3.4186821e-05,0.0001620089265,7.737852975e-05,0.0002086839119,0.0001703768424,9.281385574e-05,0.0005026201986,0.0001202081206,5.204954777e-05,0.0001477349743
id170,scenario2,2,9.226247204,11.28586153,11.85579618,9.212768137,10.70324062,13.35001381,8.578294109,8.198679407,12.78351849,22.74027895,22.47356334,33.53769666,20.71365671,21.06070278,32.26801042,21.0869436,19.0473774,37.13610015,0.0002371737837,0.0002827044835,0.0003491267887,0.0002748677796,0.0002807581871,0.0005127171068,0.0002289755602,0.0001639638536,0.0004883088201,0.0008373105098,0.0008455497707,0.001887571737,0.0007256731084,0.0007360439255,0.00175772227,0.0007494050648,0.0006223577088,0.002232642343
id170,scenario3,3,15.46289439,18.85997515,19.83408293,23.8129162,23.12581854,24.52368738,14.9882917,19.95469787,18.87302267,18.21509067,17.67341275,41.67764063,22.61154861,16.08636851,46.38626619,17.65956831,14.92966474,38.95886873,0.0004780915062,0.0005736781531,0.0006470418268,0.000987645837,0.000850496721,0.0009387390113,0.0004999676956,0.000746575468,0.000654245914,0.000599915722,0.0005842889704,0.002959319805,0.0008434152736,0.0004390595505,0.003341483143,0.0005973482697,0.0004519191252,0.002637297204
id170,scenario4,4,1.38498143,2.410517237,3.772859138,2.115955211,3.217751384,4.077949268,2.154488463,2.515148212,5.556610163,7.795174296,10.11609326,11.6293715,16.87662294,15.09245461,24.76853866,7.196748051,8.440668913,13.99963788,2.474576238e-05,5.14249991e-05,0.0001296580518,4.759569728e-05,0.0001111989454,0.0001258113158,5.818868974e-05,5.114183995e-05,0.0002856140872,0.000200299188,0.0003038295749,0.0004856472993,0.000551108669,0.000358944552,0.001130351778,0.0001873141591,0.0001982420883,0.0006917913743
id170,scenario5,5,12.42538636,15.56386526,15.22530082,8.840125278,8.379978958,11.62749628,15.63819594,17.33652566,16.15903316,9.440901112,11.1841747,16.61943797,11.69130209,12.23305249,17.30564999,9.909522867,10.208213,16.62623496,0.0003900134099,0.0005850470366,0.0005200679851,0.0003008609698,0.0001798595917,0.0004086311092,0.0006256730264,0.0007528498612,0.0006742060529,0.0003469907219,0.0003024980871,0.0007733750317,0.0004521293841,0.00037500559,0.000888284993,0.0003531973468,0.0002572880091,0.0007549820587
id170,scenario6,6,6.542960162,5.745735656,7.694871961,9.316352688,9.367784725,12.62213826,7.637716579,9.520172158,10.52666947,8.581626602,6.918055907,13.86278653,7.544477046,8.502505851,18.3278326,6.963627711,4.896981936,12.94904784,0.0002043738283,0.0001091884051,0.000247614323,0.0002963853134,0.0002458070331,0.0005462204635,0.0002941536086,0.0003413065804,0.0004012478752,0.0003158405571,0.0001565424794,0.0006452878602,0.0002219665066,0.0001632472369,0.001065111791,0.0002106024016,8.249370534e-05,0.0006521990448
id170,scenario7,7,16.52596353,16.30516733,18.93281265,21.99582962,22.30085807,36.99806026,15.50388142,16.33640766,21.70799632,4.414061392,4.921393119,10.72044863,6.531850429,5.937273339,9.064960545,4.909125786,5.155693264,9.286028177,0.000589103346,0.0004868042508,0.0006442925701,0.000787438032,0.0008119121899,0.002083017362,0.0004947385806,0.0004606405768,0.000900167261,0.000116726174,0.0001006155732,0.0006500214512,0.0002175248537,0.0001209025518,0.0003512592069,0.0001397783707,9.563347258e-05,0.0004942927216
id170,scenario8,8,21.78335722,26.0705198,30.4603431,22.23494598,27.02489468,29.84930407,21.76173415,26.62069151,34.33625828,15.84470847,18.14919254,37.93018113,20.45138211,20.17298914,39.23182516,18.76802082,15.58953328,40.13032609,0.0008087557268,0.001010585382,0.001455312205,0.0008259021624,0.001127356258,0.001332441715,0.0007809089238,0.001134885998,0.001859955745,0.0004512679638,0.0005575668018,0.002450453846,0.0006872372708,0.0006227980928,0.002319722278,0.0006446525692,0.0003853976873,0.002623079853
id170,scenario9,9,13.05770046,15.35917688,21.93908126,18.98942883,18.88919813,24.12017157,16.34965938,19.42553734,28.75942713,9.229882425,7.211298681,16.35626462,8.678977602,9.817775095,15.05632582,9.209993714,9.411716597,18.16294889,0.0004192834441,0.0004622395422,0.00120351252,0.0007264476514,0.000708024542,0.001197657884,0.0005406804205,0.0007073436004,0.001568235624,0.0002931175934,0.0001328099421,0.0009618447571,0.0002376854733,0.000213022688,0.0006930902907,0.0002914271389,0.0002394402907,0.001039483442
id18,scenario1,1,5.207359305,7.730495655,10.03967498,9.69829715,7.047139982,9.259986948,17.7055828,13.72977302,20.06739898,0.4765336093,0.712775008,1.00883481,10.24097471,8.213652311,8.594811706,10.10782505,7.739904105,12.7567664,0.0001435126424,0.0001314433586,0.0002150040877,0.0002387900308,8.268921124e-05,0.0001503008311,0.0006285881588,0.0003004577643,0.0008514085113,6.190947075e-06,6.753802944e-06,1.309995354e-05,0.0004612770113,0.0002122976818,0.0002349931134,0.0003620014249,0.0001325667652,0.0004117629935
id18,scenario2,2,0.99573202,0.5772673193,0.8987945506,13.76450826,12.25219552,14.62653055,9.883421289,11.0517941,10.47411838,1.240699619,0.7315387714,0.649855467,9.701867226,10.65780231,13.45576514,16.16775455,15.14769472,21.40935012,2.336648857e-06,5.99197514e-07,1.439911268e-06,0.0003110913813,0.0002728033562,0.0003280752279,0.0002523403278,0.0003079296854,0.0002518772843,2.890320937e-06,8.579914056e-07,7.544780955e-07,0.0002761228925,0.0002463067736,0.000458331625,0.0005249760167,0.0003764822076,0.0008335509775
id18,scenario3,3,2.883041947,5.056114313,3.280327696,5.680881279,6.864934329,7.592958225,3.740715886,6.266807129,6.087323396,0.498101428,1.448406929,2.175968524,10.34143647,8.03161084,14.81731479,15.35214058,14.37701371,24.07906546,5.005638007e-05,8.724121275e-05,2.319522532e-05,8.246749468e-05,7.657648768e-05,9.846353791e-05,4.374754179e-05,7.993898807e-05,7.383030979e-05,5.511948269e-06,2.240063478e-05,5.183488595e-05,0.0004060431359,0.0001593283382,0.0006445426881,0.0005329726486,0.0004308841411,0.001237741773
id18,scenario4,4,2.305553214,3.768550242,2.259484631,13.30356687,14.87209198,19.6292724,0.0007610546038,0.0007118464347,0.001650300493,0.005085535092,0.006105808102,0.007168297351,10.07952926,10.58961676,16.56770897,8.436856263,5.827289526,15.0643337,6.942002776e-05,9.451015955e-05,2.089471748e-05,0.0003412265113,0.0003147575472,0.0006126188854,0.0,0.0,0.0,1.3898192e-09,5.796593e-10,7.126949e-10,0.0003889433612,0.0002523967767,0.0007863722604,0.0002897418857,9.9613476e-05,0.0007770908376
id18,scenario5,5,9.38120768,11.49539706,12.22981594,14.28603407,9.719386975,13.49795084,14.67477247,10.03588574,16.56485018,6.162887178,4.882021591,7.692459962,6.773875855,5.837365355,8.653343233,6.441606275,5.072436834,5.106207342,0.0001616449322,0.0002394226486,0.0003134961991,0.0004346871778,0.0001535971119,0.0003523184211,0.0005145410652,0.0001822524451,0.0005144960227,8.710516008e-05,4.284668084e-05,0.000119587542,0.0001357354141,7.248238627e-05,0.0001740063124,0.0001618566481,8.604215146e-05,7.065252151e-05
id18,scenario6,6,5.05077481,7.849337104,10.22247502,5.898671196,5.528476231,9.400652226,14.10755754,13.44757146,16.44003899,4.216883486,4.926649262,7.153160668,10.0972103,10.87762898,13.87143583,11.09579705,9.020132847,11.75992026,7.126660225e-05,0.0001061096995,0.0001946936302,0.0001270944191,7.338597467e-05,0.0002221522114,0.000434987127,0.0003173235603,0.000414776354,0.0001179850564,0.0001013006716,0.0002545886792,0.0003691790133,0.0002531565519,0.0004370218856,0.0003962831793,0.0002145146665,0.0004037174684
id18,scenario7,7,0.7699319543,0.7397480842,0.7392193251,4.13846911,3.857688236,5.73816678,13.9922324,14.45857863,13.04798806,1.358269052,2.687166499,3.249739909,3.419819754,3.917465091,4.647723166,3.587630352,5.136501341,5.807797684,1.22160259e-05,5.348747572e-06,5.301240363e-06,8.272541805e-05,4.856583923e-05,0.0001029445383,0.0005299729792,0.0004514901929,0.0003432695437,2.664072835e-05,4.818241618e-05,7.195123976e-05,8.132268628e-05,5.691915128e-05,9.338753842e-05,9.363983863e-05,0.0001090951964,0.0001569678876
id18,scenario8,8,0.5572491437,2.113930878,2.763330904,11.71478024,10.74157289,13.75857794,2.857033517,2.538244058,5.711359919,1.206097408e-05,7.392425442e-05,0.0001388447402,11.11093853,9.999761228,17.3582177,0.2649655824,0.4355292015,0.6232882539,4.060865861e-06,3.759547242e-05,6.485785055e-05,0.0003756147254,0.0002289527412,0.0004212878504,6.017593112e-05,2.183645937e-05,0.0001321432807,0.0,0.0,0.0,0.0003375447572,0.0002128755782,0.000788907858,3.423144427e-06,3.937704963e-06,7.7060569e-06
id18,scenario9,9,3.677859305,4.967628993,6.847193867,6.019404632,6.192358727,8.176829743,13.41127679,13.26784559,13.50848148,2.740025192,2.808239512,4.489938025,9.435827501,9.413620608,11.42930328,11.90511853,11.80510822,14.84053364,5.086027839e-05,5.658122837e-05,0.0001068194889,9.178593051e-05,7.527338441e-05,0.0001370946725,0.0004013244157,0.0003462169586,0.0004069708711,4.58199532e-05,2.639481212e-05,7.636953503e-05,0.0002439855203,0.000187115014,0.0002687921343,0.0003702196243,0.0003066232827,0.0005498820225
id19,scenario1,1,4.755343664,2.310086874,2.532289549,17.27897087,11.55075682,5.005299624,9.569979385,2.78086419,10.54593217,3.988725292,2.702867181,2.230058157,18.50630917,16.46521745,11.37002645,16.25846031,18.63615654,10.97796181,3.638186984e-05,6.90011176e-06,9.293125989e-06,0.0006286345114,0.0002628679698,4.164367892e-05,0.0002013353895,1.279359131e-05,0.0002579828098,2.524588677e-05,1.159312094e-05,8.001465822e-06,0.0006089064193,0.0005406221172,0.0002166431069,0.0004939243331,0.0006350629105,0.0002185368355
id19,scenario2,2,9.050150557,6.403614566,8.062728485,14.28165645,7.674518471,12.4846101,12.98682472,7.090053498,8.635395695,10.87983803,7.915908931,8.136500504,13.20557393,9.42890853,8.396660277,16.82085484,10.22374542,11.27381214,0.0001387006238,6.317104624e-05,9.403778942e-05,0.0004080373296,0.0001004896238,0.0002412499037,0.0002489144589,7.854203592e-05,0.0001072053966,0.0002022322181,0.0001066503442,0.0001141210105,0.0003438741757,0.0001807090478,0.0001374237928,0.0004691804893,0.0001811242403,0.0002141472556
id19,scenario3,3,8.251331992,8.252843396,5.779655164,11.93484145,9.547184416,10.81220206,9.442022895,6.813027088,9.041381611,7.831345055,6.001967635,6.458660443,16.14736209,10.16709645,9.932304396,11.19985604,7.283288164,11.70984574,0.0001192399239,0.0001289561611,5.338955649e-05,0.0002576159507,0.0001595893933,0.0001749425659,0.0002065155922,8.163133583e-05,0.0001507844539,0.0001086666387,6.277179161e-05,7.16663161e-05,0.0004784167673,0.0001921664603,0.0001849968762,0.0002388519327,0.0001008736063,0.0003169332126
id19,scenario4,4,7.936396724,4.877983089,7.668225473,9.769712186,4.573683862,11.93550975,9.05992541,7.933435708,9.079538487,11.12058174,10.38174526,13.7774672,20.05207247,12.82804879,11.42782082,16.36142231,13.10862083,10.9846195,0.00011840998,6.342492793e-05,0.0001289103465,0.0001888205084,3.079525621e-05,0.0002155993708,0.0001506866724,0.0001112933806,0.0001498837256,0.0001985511475,0.0001725170065,0.0003517711129,0.0006307008592,0.0002869243138,0.0001977850826,0.0004411366083,0.0002663876255,0.0001974876132
id19,scenario5,5,11.03385439,10.72633497,11.59684904,13.22872072,9.412237257,7.882428783,13.90895268,11.64754719,12.56017948,7.01975856,6.011823849,6.371684747,11.26440033,9.551274714,5.821371445,13.23758001,11.38764742,12.92314515,0.0001814726586,0.0001729231541,0.0002164932929,0.0003308339522,0.0001328682277,9.517092121e-05,0.0003362401623,0.0002270928186,0.0002591301613,8.567665541e-05,7.112367153e-05,6.640858316e-05,0.0002518476995,0.0001883728996,6.552552901e-05,0.0003445028637,0.0002265181891,0.0003626150323
id19,scenario6,6,6.951857304,3.873213619,4.316778213,13.84235821,12.55627157,8.83601813,14.71579954,10.81249057,7.878329635,7.780941233,6.110247582,5.168172555,17.48082789,13.07558014,11.15635151,19.08085389,13.31326444,13.81203727,8.231689668e-05,2.643207772e-05,2.993140642e-05,0.0003534815821,0.0002985347817,0.0001504951918,0.0004222008158,0.0002288499868,0.0001186300121,9.763652088e-05,6.160794675e-05,3.9964374e-05,0.0005218316549,0.0003466550326,0.0002204251842,0.0005614555829,0.0002674512176,0.0002875154722
id19,scenario7,7,7.777100553,7.565119622,6.624593649,9.221056472,7.193551963,5.360341237,12.98387644,12.46695176,8.860673753,10.19851367,5.654601825,7.747979706,7.135905373,6.662160833,6.359345674,16.34849639,16.64075856,15.36821716,0.0001013900197,8.62162629e-05,7.167559e-05,0.0001504287622,0.0001040283966,4.025242768e-05,0.0003449495417,0.0002537065982,0.0001306126729,0.0001804744367,5.301086217e-05,0.0001039865743,8.38882193e-05,6.932019457e-05,6.318359389e-05,0.0004522674838,0.0004541546334,0.0005103411677
id19,scenario8,8,5.424425125,3.791086584,5.259880363,8.873439078,5.794573303,6.056380856,7.89871623,6.648114779,8.65338057,9.793687231,9.371700721,8.849391551,3.594746031,3.166415577,3.042735428,7.290154033,5.046534558,4.64390458,7.312233e-05,3.312571898e-05,6.188500106e-05,0.0001940100305,7.730963826e-05,7.308561831e-05,0.000129325452,9.092273459e-05,0.0001457371674,0.0002047037255,0.0001887747901,0.0001670313299,2.523908544e-05,2.208255753e-05,2.288073633e-05,0.0001362873563,5.684169988e-05,4.844824243e-05
id19,scenario9,9,11.09526297,10.61603948,8.318352658,14.11523414,10.97849581,10.03213141,14.70261876,10.6238758,9.158373786,10.40051837,8.210098944,10.37782925,16.26041359,11.50580298,10.2687249,12.48542111,7.276061874,8.507780334,0.0001997870492,0.000192112202,0.0001391323997,0.000342615016,0.0001931096291,0.0001506675218,0.0003458747605,0.0002009073654,0.0001354672832,0.0001895133466,0.000130104716,0.000196742841,0.0004809133577,0.0002356166496,0.0001846051681,0.000305833189,9.498523296e-05,0.0001447931621
id2,scenario1,1,18.02311434,12.69380053,11.83395263,12.18222687,7.945597414,8.115300806,21.19762514,12.63033647,13.80592879,14.16839019,11.32172524,10.70405877,9.909979371,9.472385745,7.232520905,23.44856924,16.49821998,16.90785455,0.0005532029421,0.0002658055767,0.0002434504983,0.0002594635329,9.756707383e-05,0.0001137807217,0.0007892938881,0.0002725757215,0.0003327499385,0.0004133704496,0.0002205524684,0.0002102371609,0.0001540426768,0.0001445651234,8.872039649e-05,0.0009469610832,0.0004565603622,0.0004769738425
id2,scenario2,2,15.5062101,9.027058727,8.77111515,18.89236247,12.13079831,12.17959589,18.45412807,14.01846348,11.61454416,17.33772363,10.89050355,10.47718854,25.71788068,17.31865398,16.00781048,25.80227544,14.85213393,15.10338599,0.00045444899,0.0001528330115,0.0001326088248,0.0006924192315,0.0002686257104,0.000263033671,0.0006229619395,0.0003530966189,0.0002412484913,0.0005475681625,0.0002177743132,0.0001848028196,0.001163361245,0.0005481635971,0.0003934991809,0.001224958594,0.0003701969884,0.0003826592147
id2,scenario3,3,14.32071191,11.5400777,11.09733421,17.25113726,12.12045428,10.43348558,18.09646036,13.68211006,12.70770196,16.72974569,10.20664136,10.07947563,17.4101835,13.68648788,12.00725084,21.42299166,15.63185851,13.79046745,0.0003574865974,0.0002177160463,0.0002021977225,0.0005489781095,0.000242534742,0.0001715792189,0.0006306001949,0.0003052378156,0.0002908693812,0.000500964631,0.0001724738886,0.0001689830198,0.0005488646757,0.0003314955368,0.0002315705191,0.0008838214639,0.0004386975198,0.0003122828555
id2,scenario4,4,10.01140555,7.299625372,6.179841248,15.02967793,11.0872655,8.127912016,13.97491374,11.01541456,9.609359477,8.939245569,6.637243014,5.191663696,13.51627384,10.91172153,10.38976927,14.74504903,12.34850308,9.509566851,0.000176288901,8.705398869e-05,6.394832109e-05,0.0004558641679,0.0002411980185,0.000124492059,0.0004329887239,0.0002116217683,0.0001683729578,0.0001306993481,6.953304165e-05,4.454479777e-05,0.0003757234579,0.0002030414438,0.0002035038878,0.0004288980501,0.0002573388366,0.0001496838224
id2,scenario5,5,12.06910128,8.348296725,8.925506445,11.24279942,9.304471171,9.386282682,13.98324501,10.47858276,9.878575417,16.59763805,12.13453697,11.09050665,15.45919059,10.28082279,10.70829732,15.89588422,10.92608194,11.73725303,0.0002702523909,0.0001215171623,0.0001317718569,0.0002365670404,0.0001432912888,0.0001504674365,0.000401905716,0.0001888378209,0.0001753295374,0.0004299227869,0.0002452869649,0.0001944179643,0.0004035446909,0.0001831078127,0.0001942892752,0.0004215836611,0.0001935224172,0.0002058685301
id2,scenario6,6,1.428013954,1.138034813,2.227124157,1.141043102,1.134972349,1.582258934,1.64503121,1.638692824,1.898285823,14.53114864,7.56327131,8.341797579,7.931891886,5.612517725,6.101202279,11.04365328,7.880054289,8.334116864,2.789524636e-05,6.910132313e-06,3.049499535e-05,1.457901711e-05,1.0567186e-05,1.937988774e-05,1.78544088e-05,1.09837085e-05,1.796467926e-05,0.0004681893297,0.0001169757947,0.0001359620183,0.0001373058597,6.422189604e-05,7.909615764e-05,0.0003055802322,0.0001413231009,0.0001423696646
id2,scenario7,7,13.63407694,9.16545565,9.625327905,10.77288822,10.97551032,9.062585313,12.61533093,10.29707803,12.7748592,15.00269661,9.58532712,9.325051655,13.84693595,9.426437469,9.453418278,15.35028763,10.49247903,9.589114329,0.0003453632054,0.000138719335,0.0001532381309,0.0002269816885,0.0002216825317,0.0001613825252,0.0002917057076,0.0001774947036,0.0002800787244,0.00040990622,0.0001794128747,0.0001537163247,0.0003400453819,0.0001580802665,0.0001513889202,0.0004191405279,0.0001767036119,0.0001479940164
id2,scenario8,8,14.54686624,8.312154503,8.997060186,12.90062334,8.2080886,8.742429056,13.36741152,11.56891489,10.35565593,17.582262,13.22705467,12.78148414,13.1506707,8.846756966,11.16857091,17.84891264,13.13428951,11.04441404,0.0003910568803,0.0001067618335,0.0001485757412,0.0003258095217,0.0001260224547,0.0001362271619,0.0003459780609,0.0002216509871,0.0001856603994,0.0005305176693,0.0002890173595,0.0002562928781,0.000295394456,0.0001259686914,0.0002049931245,0.0005684208993,0.0002796081884,0.0002088092596
id2,scenario9,9,13.18138217,11.83005971,11.29574292,13.37452383,9.869511899,10.74258662,16.02153024,12.73869752,12.00780652,11.44907954,6.547578297,9.088195653,18.89700106,13.54890355,13.48609673,17.73964024,13.73066132,14.02621809,0.0004150280237,0.0002874824963,0.0002580635426,0.0003608128263,0.0001940361757,0.000220195512,0.0004824979576,0.0003031800707,0.0002606050882,0.0002478559287,8.111770488e-05,0.0001521024605,0.0006537800966,0.0003322355112,0.0003418716514,0.0005394269954,0.0003049892506,0.0003670255435
id20,scenario1,1,14.0439288,9.847267007,16.25842364,20.45556314,16.59742789,19.8330127,20.18558387,17.38108741,17.87373947,5.289390051,4.932810786,6.15955239,14.97770804,11.6566341,15.10826474,15.23049603,9.769015688,13.45160984,0.0004595163196,0.000173073148,0.0004942688884,0.0007895436007,0.0004627021591,0.0006566326515,0.0006743743908,0.0004786786241,0.0004897988599,0.0001292154742,9.38367495e-05,0.0001682589193,0.0005454929403,0.0003126167805,0.0005385753427,0.0006362569785,0.0002199739737,0.000418891166
id20,scenario2,2,10.53444388,6.395715631,6.955183596,18.78627711,14.16399033,12.3563281,23.37770458,20.45427206,20.03597666,16.90810951,15.98517128,17.10758118,5.315926837,6.029273828,4.339093446,22.56892485,18.10035896,23.25674364,0.0004008266485,0.0001028027084,0.0001178668905,0.0007832079716,0.0004451532067,0.0003328161711,0.0009255030771,0.0006705719328,0.0006299940718,0.0005500487358,0.000568377598,0.0004640049015,0.000125900061,0.0001935349536,6.745430927e-05,0.0008955567021,0.0006100589471,0.0008637794685
id20,scenario3,3,12.29084739,9.306347768,8.798832546,16.45473742,9.244085508,14.90643446,14.61176293,10.80626741,14.0264109,15.35958213,9.334651604,14.86901684,29.61188961,19.05360709,18.18268432,24.76386075,18.57813372,19.41921785,0.0002561317745,0.0001545313115,0.000121452331,0.0005158474039,0.0001698103213,0.0003855599708,0.000345517397,0.0002139668693,0.0003830950174,0.0004156518151,0.0001603646265,0.0003632567948,0.001309579825,0.0006197110968,0.0005083980983,0.0009694733896,0.0005391340403,0.0006280230827
id20,scenario4,4,13.37900166,10.48598323,10.73516842,14.11663029,9.76127141,12.10223686,15.26369004,13.30007019,19.46420972,13.45998844,9.832597487,10.82445289,11.79233935,9.722080743,8.258263102,8.511056504,7.614939485,8.613522747,0.0003047523658,0.0001818809959,0.0002163201568,0.0003965540473,0.0001611571893,0.0002563481887,0.000402113757,0.0002859994166,0.000655424034,0.000340716469,0.0001684143055,0.0002180305043,0.0003360501332,0.0002019739865,0.0001502628412,0.0001620462459,0.0001214036682,0.0001753227349
id20,scenario5,5,15.88955696,9.995662168,11.73973139,20.8740924,15.03914956,16.78382159,21.05154499,13.69598402,17.13972135,10.53447609,8.256703774,8.410436396,14.13073671,11.61671256,12.43054244,10.15276626,10.26820148,10.2382636,0.0004753134109,0.0001849702379,0.0002340021153,0.0008490354432,0.0003828055899,0.0004610108846,0.0008620654407,0.0003198015016,0.0004775702255,0.0002790280775,0.0001608070194,0.0001575410271,0.0004209533479,0.0003121518404,0.000281935049,0.0002785715934,0.0002619260865,0.0002321368617
id20,scenario6,6,6.951231649,6.198440029,5.995468082,10.82545889,12.80082877,12.43084382,7.637530036,8.052354019,7.72885078,7.296137582,6.93373752,8.674203762,8.2119521,8.240114443,7.332237227,6.004275499,6.210532099,6.63580041,0.0002626590324,0.0001374206756,0.0001314400599,0.0003215204304,0.0003458256765,0.0003899486223,0.000212574881,0.0001678896392,0.000163491308,0.000224537181,0.0001713945092,0.0002809607638,0.0002442433063,0.0001785126065,0.0001311614385,0.0001549332378,9.324270658e-05,9.986438927e-05
id20,scenario7,7,11.60433292,11.07223954,12.65413999,15.82616713,16.36941591,16.93707384,9.699953817,13.33889043,12.38408023,6.786212974,5.925116678,5.700912605,11.61362584,10.90617244,17.40281317,15.82745526,13.022442,18.80459266,0.0004066194148,0.0002838218248,0.0003325513661,0.0006072997908,0.0004664688538,0.0005047053185,0.0002984470193,0.0004235889688,0.0003646796014,0.0002168674631,0.0001370627234,0.0001034114891,0.000378001488,0.0002306240603,0.0006318550117,0.000558437371,0.0003167503475,0.0006597814088
id20,scenario8,8,7.025113576,3.595243234,4.119625796,9.887607413,5.529835159,6.991726981,10.21212026,5.690064343,7.09461545,8.918883123,6.259403117,6.90039525,17.49968378,11.72407058,12.41065009,15.2265065,10.04287134,12.07699065,9.815582348e-05,2.142299864e-05,2.910618909e-05,0.0002019617438,5.977803427e-05,8.433235197e-05,0.000211514485,6.382094517e-05,0.0001265678006,0.0001308233878,6.54592227e-05,8.077013147e-05,0.0004855709438,0.000219299806,0.0002380958909,0.0003737328123,0.0001545873952,0.0002398969289
id20,scenario9,9,6.432765062,7.408189371,8.0686608,13.42776323,11.7566218,12.37843136,17.14221277,17.90992798,19.38214873,3.011030921,3.483669679,3.633556908,15.32835691,13.47150863,16.38834303,11.80298982,12.14219825,11.99974804,0.000147427154,0.0001408659786,0.0001808612856,0.000404638141,0.0003306884765,0.0003342497065,0.000579699582,0.0005740443177,0.0006920038059,5.3438252e-05,5.129631958e-05,4.861959192e-05,0.0005470911247,0.0003865488825,0.0005530712448,0.000370187226,0.0003482180335,0.0003129530658
id21,scenario1,1,4.474247106,3.542756116,2.7653522,20.13952861,16.77715966,17.59260074,17.86562458,18.96008241,19.68729463,3.23461987,2.253225993,2.743063876,30.48869395,18.6786629,16.2570865,28.07636234,22.21525304,19.02985443,4.597584004e-05,3.23014338e-05,1.425541589e-05,0.000727404338,0.0004904565877,0.0005256345842,0.0006127399677,0.0006601403577,0.0006643578893,1.735241838e-05,8.377887508e-06,1.211924866e-05,0.001620901068,0.0005872924097,0.0004267618922,0.00125657635,0.0008891132408,0.000567503499
id21,scenario2,2,5.683805411,3.639655922,4.290122044,14.07239337,9.48783767,9.258792344,27.57467594,24.31033735,22.62628169,5.713358447,2.746499873,3.69005151,17.53367768,14.37964443,17.52060233,24.79988513,20.74643879,26.29969721,4.904202213e-05,1.88719002e-05,3.156729975e-05,0.0004127269848,0.0001801481611,0.0001379285435,0.001254143727,0.0009075645094,0.0008048573502,5.199393178e-05,1.130771717e-05,2.262280064e-05,0.0005769682251,0.0004178400558,0.0006565971378,0.001001398194,0.0006994579054,0.00109738222
id21,scenario3,3,7.007792882,6.361196165,6.829588129,17.22059459,15.14077638,14.880617,22.86700111,17.98461761,19.88586029,5.909474449,3.415459272,4.637946172,18.92836547,11.16094819,12.90801888,24.16483665,22.19738969,23.57463422,9.084852498e-05,6.992310021e-05,0.0001036549769,0.0006327088336,0.0004827083237,0.0003827112692,0.0008993586792,0.0005114063157,0.0006513774101,5.476250605e-05,1.854856598e-05,3.339329048e-05,0.0007167049975,0.0002418730369,0.0003329000438,0.0009481428048,0.0007923096497,0.0009732089525
id21,scenario4,4,6.945236444,4.773740439,4.98242969,32.36443872,19.28529466,21.04326201,26.74744187,19.40188704,25.86193353,6.414618519,4.18772719,4.595786594,26.1063252,18.35685057,25.2983856,18.485178,13.73921889,18.86049653,8.262582219e-05,3.435499861e-05,3.834171161e-05,0.001678498598,0.0005921033711,0.0007275795785,0.001164438452,0.0005817096883,0.001104449857,6.480944431e-05,2.642688163e-05,3.249023189e-05,0.001162058913,0.0005555645822,0.00102806328,0.0006575060913,0.0003363459079,0.0006915909917
id21,scenario5,5,3.755601187,2.675876638,2.323682627,23.35315766,18.67373239,21.77131262,17.48034374,14.8751632,16.62100956,3.427965581,1.929591271,2.123964131,9.686025337,7.041199777,6.781699836,13.66885536,9.323842178,8.97243256,2.911117981e-05,2.075322668e-05,1.326981526e-05,0.0008543338168,0.000576157104,0.0008591148169,0.0006047972169,0.0004237129737,0.0005343233281,2.012976453e-05,6.123820175e-06,7.444247899e-06,0.0003708232491,0.0001793383588,0.0001646357539,0.0005266186788,0.0001954123323,0.0001761869973
id21,scenario6,6,11.53668682,10.10256751,8.825119743,5.610555397,5.037452076,4.928289331,16.26283062,15.12217539,14.15907652,11.09758876,9.507748188,11.18392107,23.87035106,15.47778018,19.12566108,9.3573612,10.8908414,11.0283451,0.0004041220613,0.0002523616822,0.0001933640852,0.0001412991324,7.969870158e-05,7.571705131e-05,0.0005615419072,0.0005038241213,0.0003814478541,0.0003522949953,0.0002406686063,0.0003273811742,0.001159288946,0.0004607147163,0.0007482736277,0.000347840746,0.0004306018954,0.0004492913767
id21,scenario7,7,7.898333794,6.352938859,6.506645303,6.454361456,3.660120208,4.656459185,2.502499512,2.225642987,2.279318801,8.459209038,5.883110437,6.569196025,10.91188922,5.533960989,8.170671325,7.256200709,6.001666797,6.427381832,0.000251665699,0.0001370123496,0.0001281881934,6.808124861e-05,2.188730949e-05,4.16779234e-05,3.047386358e-05,1.947506616e-05,2.201616278e-05,0.0002415317905,0.0001103180046,0.0001417951995,0.0001908900797,5.53988373e-05,0.0001213325249,0.0001540381866,9.020222738e-05,0.0001346866185
id21,scenario8,8,10.95995237,8.631814432,11.63025305,11.022498,7.733028814,8.757203849,15.90146316,11.78195121,15.90810136,16.85505604,12.96642897,13.85565762,12.55882291,8.683360236,8.441756447,23.00682962,16.73176609,17.44882494,0.0001950189624,0.0001192916091,0.0002454442618,0.0002155178199,0.0001132785381,0.0001407733597,0.0004189088921,0.0002357970716,0.0005284913831,0.0005031249838,0.0002799327679,0.0003094507335,0.0002619791919,0.0001193716159,0.0001189511031,0.0008894213399,0.0005091548627,0.0005023635467
id21,scenario9,9,11.10126382,6.465591848,10.58493777,11.82554677,6.873375768,9.687180217,19.6718361,16.06825622,18.80828995,3.155153717,1.991414844,3.048719964,9.467030193,5.837296318,7.60480791,18.45738755,15.71021625,18.06654144,0.0002209411313,8.792798237e-05,0.000201536619,0.0002212592424,7.570048521e-05,0.0001443535405,0.0007093963266,0.0004641608005,0.0006218030623,2.005629308e-05,7.021592692e-06,1.942237187e-05,0.0001797273047,6.482166432e-05,0.0001040427165,0.0007350458179,0.0004975210482,0.0006491005644
id22,scenario1,1,10.54277785,6.834712017,4.450965505,19.5375921,8.423157201,10.60632442,8.747317341,4.153668392,7.472119905,7.293926717,5.570239973,5.485679707,14.78163945,12.62755647,11.9488559,9.156247338,6.385748229,5.919531786,0.0001783630847,6.625991639e-05,2.994270326e-05,0.0005553801525,0.0001019104064,0.0002029453629,0.0001247837514,2.604299604e-05,8.010087952e-05,8.132813431e-05,5.120324246e-05,4.943920132e-05,0.0003502804267,0.0002576616784,0.0002308364358,0.0001524948005,5.985463122e-05,6.084764025e-05
id22,scenario2,2,0.6941669358,0.5915914669,0.4690086097,0.8033588537,0.677308159,0.5031322221,0.7138674341,0.36266854,0.6017760533,3.286864408,2.25877131,2.622690492,2.443051645,1.619185671,1.496412429,2.599228904,1.37578264,2.025669424,1.517402212e-06,1.055154757e-06,4.107503037e-07,2.344707746e-06,1.354771558e-06,5.57045551e-07,1.116072848e-06,2.130275144e-07,7.75105535e-07,2.438667237e-05,1.186488056e-05,1.421506943e-05,1.108792962e-05,4.754999667e-06,3.913180166e-06,1.201495056e-05,3.093785792e-06,7.204551314e-06
id22,scenario3,3,0.2085615896,0.1382864824,0.1401271701,0.02387702863,0.01584930682,0.0160531701,0.04169492036,0.02762690276,0.02802440664,0.008975833271,0.005932263,0.00689932688,0.01435276398,0.0229187193,0.0121632792,0.008874619922,0.01299918596,0.007425212976,7.04491975e-08,2.89530742e-08,2.73092736e-08,9.232716e-10,3.802974e-10,3.583657e-10,2.8161039e-09,1.1553679e-09,1.0920894e-09,1.7053783e-09,3.125949e-10,3.247049e-10,3.2891099e-09,6.1952804e-09,1.0777083e-09,1.0941085e-09,1.9559248e-09,3.503834e-10
id22,scenario4,4,2.67589919,1.495819339,2.415265539,0.3649663688,0.2568457922,0.5117191316,0.6820940153,0.2965903568,0.6069326847,2.812331737,2.529319594,1.839303217,0.7377255933,0.5863607356,0.5935040757,1.336655931,0.7751070491,0.8066046204,2.024845922e-05,5.248572736e-06,1.199026045e-05,3.981867959e-07,1.396525862e-07,6.634157588e-07,1.060405781e-06,1.653413375e-07,7.940666487e-07,2.527580339e-05,1.81031361e-05,8.848439002e-06,1.940533726e-06,1.034007584e-06,1.078297408e-06,4.477334706e-06,1.193325052e-06,1.485253042e-06
id22,scenario5,5,0.2619275108,0.1473985096,0.2283914702,0.6805629281,0.314802403,0.3749865996,1.125909134,0.7911763948,1.22192947,0.7127006496,0.533512566,0.5393145298,0.7449297196,0.5453248257,0.5008005298,6.885225805,5.740469057,4.695162556,1.511292939e-07,4.1143486e-08,1.23502543e-07,1.181234603e-06,2.37781658e-07,3.573137118e-07,3.272987829e-06,1.621369926e-06,3.479686735e-06,2.684681979e-06,1.228369279e-06,1.105017707e-06,1.586966046e-06,8.387789971e-07,8.025881884e-07,0.0002401656702,0.000121843163,7.07015776e-05
id22,scenario6,6,23.89698953,12.65347839,12.43505843,26.91645887,15.99529173,14.06206512,9.285789607,6.766305467,6.8574369,11.89568104,7.760793649,8.697363349,10.60560806,6.737371953,6.84251238,7.460687354,6.110650742,5.981497582,0.0008897070374,0.0002451988895,0.0003540995479,0.001090487175,0.0003853120163,0.000283038932,0.0001541056185,8.897904786e-05,8.759105408e-05,0.0003172204392,0.0001198095482,0.00016128014,0.0003149750426,0.0001125716394,0.0001036803888,0.0001507117602,0.0001110942475,0.0001036333081
id22,scenario7,7,3.112189378,2.334648539,3.424134979,5.72786242,3.12402812,3.625336068,4.58442771,3.49119353,5.892425145,9.105646252,5.697645774,6.567173413,10.54065879,6.469706498,5.30368394,10.82137766,8.261275129,7.438239263,2.291596823e-05,9.560610006e-06,2.387788821e-05,6.967641287e-05,1.847981834e-05,2.637967752e-05,3.717776978e-05,2.411947144e-05,5.974751432e-05,0.000201742207,6.268698981e-05,0.0001023143054,0.0002156687994,7.657604722e-05,5.438702478e-05,0.000193980553,0.0001099367117,9.369709415e-05
id22,scenario8,8,5.507775085,2.940032626,4.574863277,2.480425088,2.233556819,2.439747981,3.936390749,1.586547957,2.500060187,4.925928978,2.985106628,3.121076182,1.194003202,0.6448428182,0.6035295522,1.386054726,0.9906280528,0.9521490924,6.447119465e-05,1.510328115e-05,3.648935294e-05,1.531840503e-05,1.004450207e-05,1.878313048e-05,5.47793341e-05,5.036450103e-06,1.904806417e-05,6.129450091e-05,2.449651755e-05,2.296964611e-05,3.405744477e-06,1.014046536e-06,7.283555874e-07,5.617859528e-06,2.486482229e-06,2.616645036e-06
id22,scenario9,9,0.4679941138,0.2532165705,0.3748093236,0.5283548515,0.3463133348,0.4264762766,0.9372793714,0.5412025908,0.7836998314,0.3759873075,0.2506725712,0.3660475192,0.3959648849,0.2604151966,0.2990891254,0.6127318381,0.3987969223,0.5698085696,4.313906785e-07,1.085117709e-07,2.706923119e-07,6.936047747e-07,2.493218826e-07,4.542772645e-07,1.747372511e-06,5.931081631e-07,1.229674499e-06,2.882588436e-07,1.117024873e-07,2.728148059e-07,3.688767798e-07,1.521491789e-07,2.10548523e-07,9.409704121e-07,4.676466999e-07,1.035222685e-06
id23,scenario1,1,9.157668581,9.045801039,10.79342106,13.74065559,14.59970328,9.893648293,6.111209365,6.980105207,7.854781037,3.807313399,4.200009847,2.589475135,15.37403314,11.75182965,11.23811197,3.992956774,2.396476264,2.994689399,0.0002519191547,0.0001487461476,0.0002581122145,0.0004101029323,0.000374849438,0.000175227817,0.0001209223645,8.554561385e-05,0.000121483689,7.742464702e-05,8.350740771e-05,2.194753327e-05,0.0005790994543,0.0003282211948,0.0002712261016,7.069838422e-05,2.037270091e-05,2.623602753e-05
id23,scenario2,2,4.687722494,4.910737261,5.315941902,4.978354108,2.730328223,3.603108714,3.549034387,1.921629463,2.403708076,13.54299585,12.67636327,12.67983417,9.467376898,6.165856484,8.530215051,0.473038424,0.7844178867,1.123024621,0.0001413341568,0.0001129595129,0.000128767807,0.0002431919347,3.926843681e-05,7.106517685e-05,0.0001791217508,2.650303477e-05,3.851767162e-05,0.0005383701454,0.0003942599547,0.0003814395277,0.0003677964425,0.0001083515303,0.0002630582908,6.110082327e-06,7.029431366e-06,1.375691017e-05
id23,scenario3,3,1.048708237,0.8438068803,0.9804230508,1.089997736,0.9456833653,1.183763792,1.370071075,1.16179467,1.551254139,4.822561514,3.777475169,4.53307443,5.602000652,5.659613174,5.699788822,3.323008521,2.7918839,3.292966875,2.855258748e-06,1.560765055e-06,1.927651111e-06,3.168199858e-06,2.411237902e-06,3.24063809e-06,5.855186988e-06,4.287258223e-06,6.722090631e-06,6.992677002e-05,3.323255785e-05,4.647305266e-05,0.000139369342,0.0001238557947,0.0001284313915,4.982405706e-05,3.198998408e-05,4.146345033e-05
id23,scenario4,4,4.282221942,2.554800491,3.284109897,19.41714875,16.03271287,14.6856514,24.10286754,14.34911876,22.28256746,15.20492623,17.62556703,14.20197093,11.84926277,14.45666845,14.10008183,3.321428863,2.054132989,2.056846185,3.73634916e-05,1.424822691e-05,2.608773494e-05,0.0006807807114,0.000431587196,0.0003328050026,0.001015080617,0.0003096352532,0.000882053621,0.0005171215775,0.0006160576364,0.0004026595349,0.000394104782,0.0005472070387,0.0004953932974,4.199080344e-05,1.189479941e-05,1.007021051e-05
id23,scenario5,5,3.108071841,2.952003163,4.304972434,3.4557553,4.67406485,5.06660849,8.9482416,6.398751387,9.87075121,1.031009895,0.7232912664,1.038347618,0.8512085521,0.6410342969,1.055492356,0.5895707627,0.4607210297,0.9578474492,3.409460675e-05,1.568830025e-05,4.509511639e-05,5.017172082e-05,7.089231777e-05,7.877637126e-05,0.000191821158,8.868151405e-05,0.0001875324066,3.259040169e-06,1.438902235e-06,4.277723811e-06,2.211679721e-06,1.270603255e-06,4.864691158e-06,1.439751171e-06,9.835702521e-07,4.510155512e-06
id23,scenario6,6,6.533462892,9.303922137,11.04263109,15.21408827,16.07437408,15.28107642,5.979358395,3.951866379,5.130276526,14.83074972,11.66409944,13.35857185,13.71659428,11.86627344,13.71929011,7.154046885,5.06240539,7.682498532,0.0001140456764,0.0001717576031,0.0002199346427,0.0004454992803,0.0003671495254,0.0003418271105,0.0001398296395,3.927200785e-05,6.941171944e-05,0.0005380046828,0.0003050312132,0.0004452200524,0.0004796607842,0.0003000190188,0.000413585695,0.0002442747063,7.44476244e-05,0.0002281664522
id23,scenario7,7,4.127482046,1.839402321,2.269600887,2.187700931,1.71763806,2.655877462,3.545910306,1.061696255,0.6880839347,6.442916026,3.393894768,4.316149233,3.472031465,4.507726185,3.664089792,15.86062922,8.578651867,10.71560358,4.99693117e-05,9.716749973e-06,1.284788525e-05,2.08343548e-05,1.096473054e-05,2.314970558e-05,0.0001514639923,5.079792103e-06,1.682281455e-06,0.0001116811526,3.76413472e-05,6.669327016e-05,4.380739927e-05,0.0001243681999,6.728484115e-05,0.0007382863308,0.0001462797054,0.0002552121588
id23,scenario8,8,7.167953665,6.197613626,8.794975962,19.60957867,13.07515055,13.31762624,11.53431652,8.139699679,10.32308917,12.42454817,11.39684915,10.82502919,15.93753514,14.65393751,14.03701379,7.820835897,5.978800377,7.782034118,0.0001795665577,9.576423769e-05,0.0002062807593,0.0007338571275,0.0003049564605,0.0003068552697,0.0003732731978,0.0001414906075,0.0002932927266,0.0004861699462,0.0003480273134,0.0002943484007,0.0005271027445,0.0004454575466,0.0003435834524,0.0001970351334,9.182522115e-05,0.0001843977181
id23,scenario9,9,7.914302759,7.064617499,10.56041644,9.092805487,11.09333724,9.643343167,12.29982996,7.380401046,9.495499817,14.22315168,12.26190674,10.26738413,18.90559498,19.0598053,16.46745148,3.864816423,2.153905256,2.041573632,0.0002675515559,0.0001094019344,0.0002198403539,0.0002347657216,0.0002472679782,0.0001658962723,0.0004178531396,9.464951275e-05,0.0001977726738,0.0006261847024,0.0003899611775,0.0002753799604,0.0007397178891,0.0006873996574,0.0004787834245,0.0001830756376,2.071426074e-05,1.871826554e-05
id24,scenario1,1,20.09659786,19.33446482,21.36762249,13.93326158,17.24361083,12.12904091,10.04673608,18.33421084,6.37607969,10.1866367,12.94465961,12.17148958,13.26978085,14.24235247,20.88613313,10.38023388,9.846588405,15.96039949,0.0007389630269,0.000503056503,0.0007015565161,0.0003770473868,0.0004693315982,0.0002356881762,0.0002885346414,0.0008386779661,8.323871499e-05,0.0002910896722,0.000414151848,0.0003726151879,0.0004718448867,0.0004103595692,0.001016061858,0.0003029161004,0.0002820623199,0.0007013226174
id24,scenario2,2,0.0001100376014,0.0002738219864,0.0005503090601,8.540800496,12.33384102,10.39132658,0.0001135769549,0.0001078091768,0.0009445952077,2.451798123e-05,8.295247443e-05,0.0001690495581,0.0003061512479,0.0005518114791,0.0006701021024,0.00010860842,0.000366405274,0.000765659605,0.0,0.0,0.0,0.0002198609824,0.0002909685041,0.0002561328291,0.0,0.0,0.0,0.0,0.0,0.0,0.0,0.0,0.0,0.0,0.0,0.0
id24,scenario3,3,19.17508542,10.90426724,16.21435065,29.27760851,17.77066386,15.56442206,13.01648773,12.08789368,13.55788668,11.77081939,15.17768824,12.84745917,16.17421028,14.13917583,20.69459638,5.398451817,4.527769103,5.38457567,0.000921889762,0.0002535916946,0.0005820851888,0.001358174856,0.0004802005426,0.0004432060584,0.0004073948664,0.0002603898041,0.0003234289308,0.0003047129462,0.0004869896685,0.0003912721157,0.0005653951049,0.0004110621068,0.0008434198673,0.0001582254719,6.880314256e-05,9.35688543e-05
id24,scenario4,4,16.09201584,20.45963457,18.59377063,25.31316181,25.95373324,30.05812741,14.81111678,19.96260958,21.68986847,18.95981536,27.86810038,30.78783559,16.89326428,15.14950979,19.99865947,19.93965989,18.0096695,24.49411284,0.000464814462,0.0007531341033,0.0006131499862,0.001128616808,0.001004432843,0.00125246796,0.0003768276832,0.0006528428367,0.0007179997834,0.0005929256012,0.001190026251,0.001505914107,0.0005848948276,0.0004340561944,0.0007871436573,0.0007632507144,0.0005494543811,0.001006788226
id24,scenario5,5,0.9828409796,0.7042933002,1.429023915,10.25179608,17.16965083,16.63727201,1.023632418,0.7334993621,1.487558656,15.11947186,15.96968087,16.4356854,15.13985062,13.87372551,16.4100902,20.81246002,19.79110769,23.86923561,2.490295579e-06,1.186008512e-06,4.731220893e-06,0.0003207026652,0.000725647871,0.0007659265247,2.700845947e-06,1.286026293e-06,5.132818902e-06,0.0005146812621,0.0004505710308,0.0006205956599,0.000453844025,0.0003734626475,0.0005572458616,0.0008401251023,0.0007408105496,0.0009599668631
id24,scenario6,6,0.0002250099441,0.0004185699716,0.0007295008326,4.913708078e-05,0.0001442803899,0.0003203823541,0.0001898856413,0.0002522032128,0.0001913859573,3.011440338,1.849816974,3.680623119,2.995393087,3.078294565,3.881731815,3.21669495,4.481273368,3.727700849,0.0,0.0,0.0,0.0,0.0,0.0,0.0,0.0,0.0,9.713810776e-05,2.470032842e-05,8.379267967e-05,7.546384855e-05,4.945817404e-05,0.0001001387723,8.133292641e-05,0.0001182363873,8.034794744e-05
id24,scenario7,7,11.5491999,7.4611384,14.96789717,17.02120154,11.70991432,16.83406678,10.35506981,15.64816391,13.76049384,11.93728434,12.42813562,12.71998767,15.06001397,15.44835536,13.3060528,8.894810553,8.78565379,12.54184363,0.0004029997608,9.425673997e-05,0.0004058083741,0.0006193310213,0.0002147274699,0.0004809463679,0.0003145237829,0.0004514096819,0.0003965184419,0.0003679972706,0.0003161139286,0.0003614179108,0.0006218386818,0.0004619359566,0.0003869005491,0.0002386907604,0.0002059291091,0.0004660301132
id24,scenario8,8,12.33673973,10.58507809,16.89523366,14.75262273,12.31781871,16.03829407,16.67497413,13.81834392,17.22005525,17.52510798,17.93787469,22.38648139,16.58630965,15.44133777,23.55988424,18.67967113,17.53219312,19.1506255,0.0003166361331,0.000237710438,0.0006648948722,0.0004641861137,0.0002871178311,0.0005799807272,0.0006040548354,0.0003520172582,0.0005801656292,0.000596817495,0.0006647274631,0.000856377061,0.0005938651825,0.0005120845219,0.001102185571,0.0006771055612,0.0005968903319,0.0006551874379
id24,scenario9,9,9.648318375,13.81932522,14.01155437,8.257615466,7.713459866,7.368501568,7.920678047,8.811594725,9.346187557,12.4106997,14.40068065,15.00264192,15.02961677,13.65907638,20.22124154,17.08977179,16.6519625,26.80138746,0.0002257216165,0.0004270062501,0.0003456642442,0.0001854843319,0.0001025133109,9.759638669e-05,0.0002179200569,0.0001587072979,0.0001989700569,0.0003771944274,0.0005176456285,0.0005321288352,0.000491389859,0.0003426907691,0.000768268725,0.0005798312547,0.0005452394876,0.001256018499
id25,scenario1,1,7.325358646,7.04659273,8.269145836,10.15778849,10.5683903,9.19144655,5.569113229,6.105587783,8.179860856,3.242702783,3.944867787,4.109853806,4.054825998,4.826118816,6.447684343,5.048236034,4.408681146,4.844268023,0.0002229287657,0.0001311166848,0.0001810451249,0.0003985950246,0.0002765977466,0.0002225355553,0.0001449665387,0.0001288422902,0.0002305147564,7.634404306e-05,6.122189459e-05,6.498359646e-05,0.0001222695849,9.475172404e-05,0.000151683099,0.0001573596579,7.25405368e-05,0.0001143067676
id25,scenario2,2,14.0112115,13.59146048,15.28694526,12.13750031,17.88781959,18.21022212,13.27417265,17.02994694,10.95133438,11.71263767,9.577000408,11.85301407,16.59700916,10.07303361,16.6259714,15.08533035,11.36867103,19.04821042,0.0003576993764,0.0003258901863,0.0004586354669,0.0002441674976,0.0005291370446,0.0006365389371,0.0003319578153,0.0006347853016,0.0002372950317,0.0003522074392,0.0002415872388,0.0003618931494,0.0006892196663,0.0002338314328,0.0006541826113,0.0005232533298,0.0002453681135,0.0007195330089
id25,scenario3,3,0.0,0.0,0.0,0.0,0.0,0.0,0.0,0.0,0.0,0.0,0.0,0.0,0.0,0.0,0.0,0.0,0.0,0.0,0.0,0.0,0.0,0.0,0.0,0.0,0.0,0.0,0.0,0.0,0.0,0.0,0.0,0.0,0.0,0.0,0.0,0.0
id25,scenario4,4,9.129667786,9.684659389,10.08536284,12.30440205,11.73067317,14.04908753,3.189057503e-05,0.0001256013744,0.0003586017228,5.201932188,2.280633524,5.572634385,10.14321084,7.832766576,7.950926146,3.68672906e-05,9.165222323e-05,0.0001104009189,0.0001947861658,0.0001449844513,0.0001617970391,0.0004353057705,0.0002294948355,0.0003668176537,0.0,0.0,0.0,0.0001805629658,2.517089109e-05,0.0001664151525,0.0003361775502,0.0001848366205,0.0001493379824,0.0,0.0,0.0
id25,scenario5,5,0.1333281132,0.05882330245,0.06343386189,0.3501502258,0.1543303836,0.1667084665,0.2002782471,0.08800802068,0.09510529314,0.5336789469,0.7883216358,1.116972262,0.5568709975,0.7787862103,1.123076567,0.5410073614,0.7682339429,0.9895840522,1.094531357e-07,9.5292731e-09,1.16681974e-08,7.545080414e-07,6.57001165e-08,8.05449536e-08,2.466503207e-07,2.14155099e-08,2.63737259e-08,6.352532917e-06,7.276079964e-06,1.416474588e-05,5.088829409e-06,6.398654967e-06,1.32794015e-05,6.463478447e-06,8.337746109e-06,1.443509588e-05
id25,scenario6,6,0.0002029791989,0.0002922389603,0.0007455434095,0.0001438345849,0.0004699435251,0.0006430371184,0.0002814950557,0.0005905930463,0.0007611562976,3.860512908e-05,8.784727964e-05,0.0001782239703,4.294297994e-05,8.296848233e-05,0.000197058871,8.419970876e-05,0.0002416616928,0.0004036817983,0.0,0.0,0.0,0.0,0.0,0.0,0.0,0.0,0.0,0.0,0.0,0.0,0.0,0.0,0.0,0.0,0.0,0.0
id25,scenario7,7,1.837309938e-05,2.892328073e-05,3.864423217e-05,3.288060396e-05,5.176126898e-05,6.915793942e-05,3.053409568e-05,4.806735124e-05,6.422251678e-05,1.945634572e-06,4.017727525e-06,5.800241697e-06,3.481918781e-06,7.190148207e-06,1.038014577e-05,3.233433344e-06,6.677026784e-06,9.639371727e-06,0.0,0.0,0.0,0.0,0.0,0.0,0.0,0.0,0.0,0.0,0.0,0.0,0.0,0.0,0.0,0.0,0.0,0.0
id25,scenario8,8,0.0,0.0,0.0,0.0,0.0,0.0,1.911586165,2.984128323,3.721613801,0.6050059361,0.5312383727,0.8700146958,0.4915231928,0.7238105441,1.036008426,0.3507352749,0.6108073154,1.015625961,0.0,0.0,0.0,0.0,0.0,0.0,2.503676907e-05,3.434392548e-05,4.781316835e-05,1.013089559e-05,4.346472015e-06,1.01743618e-05,6.602627333e-06,6.715062069e-06,1.337755618e-05,3.742320472e-06,5.033671423e-06,1.260353456e-05
id25,scenario9,9,0.1026992228,0.09259665891,0.09069440631,0.07685648106,0.06929607804,0.0678724992,0.03737901579,0.03370202694,0.03300967184,2.211351568,2.383159962,3.264137031,1.739822091,2.151480646,3.037287375,3.566904879,3.695046593,3.984317671,7.84034029e-08,3.37527361e-08,2.89230006e-08,4.39098132e-08,1.89032144e-08,1.61983218e-08,1.03861914e-08,4.4712648e-09,3.831464e-09,4.929261633e-05,4.041285415e-05,6.358027033e-05,3.320084042e-05,2.524119276e-05,4.93978953e-05,0.0001183990646,9.479008725e-05,9.731621647e-05
id26,scenario1,1,9.749671568,7.271043585,8.850497768,7.28978482,5.302404893,8.06353522,13.22010584,11.40737204,9.719127241,5.725761906,4.946823346,4.830067137,5.854164649,5.82132295,5.075315206,9.419182504,7.667829457,6.982113285,0.0002416900438,0.000131601382,0.0002131612584,0.0001115828386,5.461269387e-05,0.0001791865843,0.0003930640361,0.0002750123183,0.0002198454371,0.0001193575669,6.799854453e-05,6.189404553e-05,0.0001093232494,8.033283653e-05,5.209237685e-05,0.0002783285222,0.0001922029961,0.0001042179837
id26,scenario2,2,0.7683013664,0.566061391,0.7660685519,0.7291880478,0.4823119081,0.6071471068,0.8008181864,0.519241579,0.5190014934,1.437265686,1.172428224,1.894551344,1.262409037,1.164371393,1.432415696,1.42183211,1.089323725,1.927826757,1.850909217e-06,8.614407698e-07,1.624049615e-06,1.709846368e-06,5.840682494e-07,9.425056057e-07,2.26341045e-06,7.386569069e-07,6.475216089e-07,1.295336997e-05,6.699821202e-06,1.840320751e-05,9.044466137e-06,4.496157437e-06,5.888094377e-06,1.077609785e-05,3.098470582e-06,1.294898637e-05
id26,scenario3,3,3.802208278,3.120345776,3.611754752,10.81956053,12.08828699,12.69445726,9.575435452,6.82882683,8.535299689,0.3654533917,0.2993535191,0.3522427431,5.997760007,6.212256462,6.305577327,0.3562323248,0.3409306246,0.3933915229,9.532392651e-05,3.617884883e-05,4.840541507e-05,0.0002841019504,0.0003250662184,0.000329002477,0.0002603966378,9.889942214e-05,0.0001854104825,2.639379541e-07,1.511310079e-07,2.312213031e-07,0.0002038180571,0.0001911045363,0.0001732139129,2.575202493e-07,2.634919191e-07,2.949428905e-07
id26,scenario4,4,9.730058308,10.2044191,9.747055928,11.73831561,10.62965504,10.87590931,12.64808556,11.85288346,12.05579369,12.73431807,11.53676373,11.87742399,10.64823608,11.03448042,10.49580559,14.04055483,12.56130779,15.35052642,0.0002929650739,0.0002271904408,0.0001884483883,0.0003382884763,0.0002441058651,0.000244542653,0.0004356530333,0.0003108744225,0.0003183869499,0.0004179928462,0.0002557940658,0.0002780225421,0.0002777686243,0.0002943046904,0.0002320791892,0.0005015504209,0.0003272645418,0.0005303805693
id26,scenario5,5,0.09619858712,0.09199616842,0.1040586919,0.3275281618,0.2668743082,0.346220295,0.6626321636,0.8562672636,0.9256877882,0.5029110931,0.7795012874,1.132706786,0.6058482726,0.8433977828,1.149186866,0.5028436947,0.7517913137,1.139240595,4.65342515e-08,2.22955183e-08,2.95717524e-08,7.033278395e-07,2.326516288e-07,3.542325076e-07,1.316589259e-05,1.177612529e-05,1.357164224e-05,5.450695007e-06,6.444748889e-06,1.232904856e-05,5.671373237e-06,6.627674343e-06,1.219348948e-05,5.435537901e-06,6.052461712e-06,1.296292147e-05
id26,scenario6,6,0.2384504918,0.2952977552,0.1695616742,0.2483461383,0.4210886999,0.3974284223,8.236058336e-05,0.0002306533131,0.000494983756,0.4343703485,0.725174546,1.040040178,0.4343706247,0.7252024568,1.040096774,0.4046642088,0.7090191467,1.031137575,2.79860598e-06,1.969129765e-06,5.957209481e-07,3.800977543e-06,3.927876616e-06,3.490452453e-06,0.0,0.0,0.0,5.610515837e-06,6.455348984e-06,1.263398854e-05,5.610515837e-06,6.455374785e-06,1.263408286e-05,4.859173121e-06,6.155013014e-06,1.233463939e-05
id26,scenario7,7,3.269451126,3.336472826,3.862088867,6.133014222,4.502200499,7.331655902,3.438247914,2.807184034,3.087071073,0.8350022563,1.03215858,0.6653763053,4.861266099,5.915620944,5.010911053,1.672640483,1.825199248,1.377482998,7.99805606e-05,6.78674747e-05,7.802164562e-05,0.0001693065581,6.94057574e-05,0.0002398675327,5.19916307e-05,2.831256609e-05,3.565477661e-05,1.261908011e-05,1.484165275e-05,4.691284113e-06,0.0001405844287,0.0001682244371,0.0001061589826,1.951363848e-05,2.853527003e-05,8.587571113e-06
id26,scenario8,8,10.64878621,11.7125528,10.3043295,9.661710209,8.304514547,10.85671411,13.1186322,12.34132842,12.76287164,8.661714776,8.060381781,7.443219426,11.71289851,10.35449373,9.590979758,13.74680073,10.83362642,12.57380765,0.0003019826478,0.0003739248317,0.0002385258425,0.0002873916709,0.0001693908322,0.0003206644487,0.000426035113,0.0003169977051,0.0003188343587,0.0002222645239,0.0001635147304,0.0001305715023,0.0003578723152,0.0002594528199,0.0002488528157,0.0004807148991,0.0002610848989,0.0003540588421
id26,scenario9,9,5.323755195,4.005853725,4.181142865,4.298824881,6.051333252,5.252820921,9.630838625,9.887142028,11.58759347,12.6512716,11.1938261,12.13228765,10.53229602,9.312063081,12.02513,11.27199053,10.70108595,9.440221379,0.0001758423443,5.262756388e-05,5.996681109e-05,0.0001038464549,0.0002051237493,9.538559116e-05,0.0003349604808,0.0002208563008,0.0003144401019,0.0004776378394,0.0002873643411,0.0003128832298,0.0003580073999,0.0002087688877,0.000380098148,0.0003835251287,0.0002766743951,0.0001927909299
id27,scenario1,1,7.93894455,6.919193943,5.704461992,17.32062585,16.49489628,17.12090744,17.4773867,15.90139118,16.67597937,7.628280042,6.385258308,7.281281188,14.62366612,11.81967293,14.67270796,13.36705555,10.23778224,12.60876023,0.0001179852959,8.605853917e-05,5.943948992e-05,0.0005366742051,0.0004454035324,0.0005741282589,0.0006179924249,0.00048089401,0.0004663620958,0.0001519093687,0.0001064656315,0.0001432954415,0.0004217429373,0.0002314762574,0.0003819118046,0.0003900359581,0.0002346649045,0.000302068001
id27,scenario2,2,0.04632112247,0.03876366955,0.03901102522,11.26085197,9.881109259,11.21345086,6.053964749,4.060984744,9.209069379,2.621529198,2.426367515,3.32204378,3.762422982,4.715530329,5.565887349,6.363776758,5.831294035,5.121163637,4.4627433e-09,2.6114725e-09,2.4573114e-09,0.000314916031,0.0001594209804,0.0001858360696,0.0001687078801,4.076351098e-05,0.0002557111566,7.429320238e-05,3.694868105e-05,8.818340729e-05,9.335810112e-05,0.0001014263098,0.0001603838996,0.0002297085529,0.0001343087775,0.000114914166
id27,scenario3,3,20.35600164,23.98179004,17.10152837,19.84997228,14.59885193,24.41587852,13.2318146,13.57058248,14.41211498,10.32636023,11.45106705,12.83952943,8.861128091,9.179180212,9.960320857,15.90179479,10.61480093,14.655355,0.0006763781035,0.000893420983,0.0004516941089,0.0006568763661,0.0003113632538,0.0008522577843,0.000414260899,0.0004067346636,0.0003815027778,0.0003395644887,0.000330718102,0.0004534904576,0.0002480300136,0.000211206563,0.000222398981,0.0005682418055,0.0002145906612,0.0004142475802
id27,scenario4,4,7.567563793,9.638623717,7.35028494,8.688985915,7.95116629,7.947096463,12.85287751,10.39801163,11.57325176,13.31874751,10.70523202,11.82182402,12.22551917,8.815420776,12.33634802,6.063394695,6.2894936,7.854251786,0.0001543596307,0.0002322442352,0.0001050084259,0.0002429575873,0.000167017268,0.0001652490241,0.0003618417762,0.0002066326,0.0002385552706,0.0004088560025,0.0002312713215,0.0002847623412,0.0003878163487,0.0001436753592,0.0003288143138,0.000135257698,0.0001147889756,0.0002234543641
id27,scenario5,5,13.87588091,11.52626418,15.3938167,11.69756932,12.97896683,14.71595546,12.36677551,11.85120927,14.01306371,5.12046506,5.098784066,5.491375856,13.31146048,11.80737221,13.2112509,8.275870536,8.41985969,7.942328826,0.0005267346405,0.0002656559825,0.0005455834372,0.0004563954899,0.000437208567,0.000552149526,0.0003575885504,0.0002337563585,0.0003234195128,0.000140028468,0.0001141387337,0.000115326737,0.0005518295167,0.000302488245,0.0004604507164,0.0002499500318,0.0002008947491,0.0001761076743
id27,scenario6,6,8.830780789,8.844642135,8.083845544,4.708942645,2.424826045,5.110239185,11.50505674,7.619544297,8.717388981,9.361897814,9.496982405,8.902679897,12.35107429,10.91941081,11.40040246,5.33570674,6.16008834,6.518521347,0.0002296697698,0.00024563509,0.0001309429742,0.0001153789914,1.784728052e-05,8.406854588e-05,0.0003504372049,0.0001339975273,0.0001530755562,0.0002721760827,0.000197335623,0.0001791106608,0.0004637180809,0.0002747010677,0.0003478887706,0.0001350063941,0.0001524164301,0.0001273904456
id27,scenario7,7,4.617016209,4.046105289,5.493983364,7.189733895,4.739262786,3.899805226,14.77548154,8.473195363,17.95928261,2.895211952,3.567398343,4.520039633,6.668005289,4.357062217,5.797372246,9.979528729,7.41633525,7.0929607,0.0001049647308,4.193286021e-05,9.759043594e-05,0.0002257347823,7.287268965e-05,4.458919074e-05,0.0004812647019,0.0001261406706,0.000704915193,7.010373383e-05,7.347579532e-05,0.0001148932991,0.0002247096906,5.72362702e-05,0.0001318781645,0.0004530724589,0.0002048942604,0.0002197122579
id27,scenario8,8,14.51279449,15.13454395,18.12087225,13.53936295,13.09888613,12.17810508,14.25189585,16.32394911,15.78761976,11.82531192,10.67171702,11.66553161,12.18179259,11.00143971,11.90850158,13.3912738,10.30552576,12.59047846,0.0004598787483,0.0005182434888,0.0006430261698,0.0004977840158,0.0004050954048,0.0003143823192,0.0005167998871,0.0006039109631,0.0005578566069,0.0003410257797,0.0002651638868,0.0003460721272,0.0004009262434,0.000281320565,0.0004006169478,0.0004167964866,0.0002673317419,0.0003662121267
id27,scenario9,9,5.554458195,3.769056622,4.779710667,6.218653969,4.85952401,5.078998807,17.23895913,12.72904988,13.5735892,4.405899403,4.298409775,3.875920999,3.556515951,3.698450981,3.786040669,4.164774397,3.988461496,3.717688633,8.594183377e-05,3.277932203e-05,6.786688773e-05,0.0001032725307,5.723380652e-05,9.344165604e-05,0.0006776662745,0.0002938429594,0.0003992287142,4.928969762e-05,4.383847153e-05,3.126268303e-05,3.404017434e-05,3.404260141e-05,4.218271054e-05,4.772250904e-05,3.701289837e-05,3.023327896e-05
id28,scenario1,1,1.722510995e-06,4.009784061e-06,8.950241215e-06,4.677370754e-07,1.244255412e-06,2.055193077e-06,1.007693295e-05,2.737446559e-05,6.335449318e-05,4.976925879e-05,2.473441564e-05,4.473708127e-05,6.560960434e-05,2.93212564e-05,6.610438372e-05,4.997705202e-05,4.540417663e-05,8.071747895e-05,0.0,0.0,0.0,0.0,0.0,0.0,0.0,0.0,0.0,0.0,0.0,0.0,0.0,0.0,0.0,0.0,0.0,0.0
id28,scenario2,2,23.90035751,17.90771924,18.09939667,13.17743949,13.68778366,14.02436049,6.007083558,4.370297828,5.890853791,14.80740536,10.39589337,13.70433004,17.72946496,11.49323348,14.64428433,7.58753839,4.780756602,5.661304913,0.0009893192765,0.0005067203109,0.0005110663852,0.0003534805569,0.0003243726323,0.0003161097152,5.681058176e-05,2.984336881e-05,5.198059923e-05,0.000520534092,0.0002105528994,0.0004137252264,0.0006345872901,0.0002256818529,0.0003918355756,9.067569795e-05,3.628023832e-05,5.59989885e-05
id28,scenario3,3,12.91237725,9.748701775,8.787904856,12.5713171,9.135879724,11.5157235,7.829544409,4.548751511,5.883225468,11.39019605,9.848345862,10.77846133,15.88753234,11.86257087,13.81056851,7.363295621,4.086584332,5.418277639,0.0003508501759,0.000183133486,0.000146663514,0.0004163632688,0.0001592340227,0.0002458457316,0.000110025242,3.687846924e-05,5.446289092e-05,0.0003492340123,0.0002233734306,0.0002421492898,0.0005688412073,0.0002677617307,0.0003601052117,0.0001046859662,3.059556423e-05,5.165478722e-05
id28,scenario4,4,11.0591372,7.486200547,9.287425279,9.600366791,6.686568311,10.35974871,3.669733102,2.54999783,2.678390711,1.610691559,0.580082878,0.662674842,3.088190011,2.718618678,3.043941547,2.265697547,1.703582632,1.648743151,0.0003830576397,0.0001532326829,0.0002586595154,0.0003080774827,0.0001014443717,0.0003365537014,2.276447345e-05,1.152544844e-05,1.28294074e-05,8.172335061e-06,7.606160845e-07,1.030155295e-06,5.880372466e-05,3.515220619e-05,3.539171512e-05,8.686585165e-06,5.606085246e-06,4.885154389e-06
id28,scenario5,5,17.59584677,11.97062641,13.36476621,26.85262169,14.02538489,17.01644693,10.06100679,8.210686955,9.469143092,22.16834125,15.62187179,14.97271812,16.96430693,10.10995934,11.22251616,12.17831197,10.74611664,11.66503867,0.0007076393634,0.0003158079,0.0003393460719,0.001399455532,0.0003604856727,0.000554444793,0.000199133631,0.0001119049288,0.0001763828581,0.0008590735746,0.0004363301544,0.0004093148541,0.0007107255062,0.0002729473171,0.0003163094453,0.0002916113685,0.0001959067018,0.0002203435134
id28,scenario6,6,19.62878274,12.32950014,10.41793926,13.44544801,8.83158227,8.785054384,9.378822476,5.673638181,5.702616643,16.82566124,9.151436729,10.02568303,15.79391082,10.68775627,12.18162555,7.740773101,4.513553518,4.714999226,0.0006973463502,0.0002868808426,0.0001887223211,0.0004065136049,0.0001681994662,0.0001610617194,0.0001449528205,5.162909767e-05,5.011672676e-05,0.0005602252535,0.0001535145584,0.0002120409322,0.0005356833094,0.0002417735799,0.0003105777644,0.0001026581331,3.087958823e-05,3.766925163e-05
id28,scenario7,7,19.53102955,13.85815776,10.08700956,17.46616928,13.03023344,12.82683732,8.157041384,5.213686396,4.394564449,19.08592294,10.63338118,13.68015047,12.312675,9.715330289,8.788620578,8.106715282,7.325829232,5.283648923,0.0006793893409,0.0003150163081,0.0001615123053,0.0006401915908,0.000293707203,0.0002962024896,0.0001054805026,4.03943344e-05,3.108154496e-05,0.0007194066162,0.0002218775648,0.0003154748031,0.0002834032045,0.0002124762258,0.0001349895061,0.0001119359108,8.415884261e-05,4.42395558e-05
id28,scenario8,8,6.102966542,5.455516089,5.951466175,6.059921976,6.382565704,8.188401595,2.116259653,1.97644474,1.677471684,8.669882341,6.516741483,7.362950248,6.346325136,3.628670185,4.719463185,3.423111139,2.692999816,2.719001743,0.0001240968289,9.506091313e-05,0.0001152259001,0.0001675849237,0.0001055098941,0.0002222198789,9.026861622e-06,6.972606642e-06,5.013797693e-06,0.0002313423563,0.0001290159808,0.0001596450453,0.0002441511624,5.980494081e-05,8.695394652e-05,2.089227953e-05,1.138907849e-05,1.287541728e-05
id28,scenario9,9,8.734155518,6.773254186,7.282057868,4.888027271,4.705522322,4.940382384,11.88692207,6.293376024,5.294861594,15.06746673,11.5182536,12.67707528,6.72155877,5.319670036,5.571158806,13.58435699,5.555456222,5.218427444,0.0002260156045,0.0001402094083,0.0001533391276,0.0001098332777,7.928522663e-05,8.454064119e-05,0.0004263581556,8.566463253e-05,6.69081247e-05,0.0005353000323,0.0003122882891,0.0003561480107,0.0001945483527,0.0001236371853,0.0001286216917,0.000448370937,6.344629982e-05,5.234273295e-05
id29,scenario1,1,4.973970226,4.570537843,3.357376911,3.057234349,2.190690698,1.285875375,2.585242859,1.886745324,1.142190551,3.739005365,2.737994737,4.141913359,2.540006801,2.773568647,2.886733047,4.542583202,3.942981092,5.809750898,0.0001377531045,8.223055504e-05,4.61303867e-05,8.582026596e-05,1.71992009e-05,7.536100254e-06,1.745404526e-05,7.995786591e-06,2.610598071e-06,7.572627784e-05,2.388300706e-05,6.038945088e-05,4.773558026e-05,3.123258329e-05,3.483235517e-05,0.0001078978669,4.880465325e-05,0.0001005756758
id29,scenario2,2,10.33839076,10.56643551,11.04977387,10.51289992,10.33884208,9.152695158,7.617697234,6.111532866,5.75111244,5.60430139,5.63514822,6.8117652,6.264943491,5.929393347,6.488203894,4.21321751,4.793152328,4.673103871,0.0002813130819,0.0003023908895,0.0002744471297,0.0003153207012,0.0002272612088,0.000164889851,0.0002478041223,8.543124611e-05,8.466778318e-05,0.0001605696848,0.0001182998465,0.0001649052794,0.0001737258731,0.0001363668296,0.0001236107395,9.038555612e-05,8.208220561e-05,6.913204579e-05
id29,scenario3,3,8.506602729,8.686220251,8.133993594,12.2486774,9.299920405,6.521006242,16.4695734,16.04539394,11.67915877,8.778335213,7.327781619,9.89333072,14.09441428,9.902074297,12.09913681,9.753767681,7.321156687,9.072816029,0.0002567044062,0.0002078251635,0.0001506365587,0.0004450235279,0.0001606276463,8.033153001e-05,0.0005347998929,0.0003862763469,0.0002179608441,0.0002475579538,0.0001273000622,0.0003023663317,0.0005711040837,0.0002265120722,0.0003892825191,0.0003749008526,0.0001661198415,0.0002419765629
id29,scenario4,4,13.58998829,8.892018358,9.569580518,9.507049276,10.54581682,9.703037013,12.91010603,9.571514503,13.75249342,22.44366658,16.79434185,19.91967789,14.75803658,10.13761412,15.05607108,14.67687633,9.90638321,12.12739557,0.000479889155,0.0001590022013,0.0001964463853,0.0001715830343,0.0002042645722,0.0002205673508,0.0004511184131,0.0001879741475,0.0003469458657,0.0009248008146,0.0004469970423,0.0006934101793,0.0005302649343,0.0002250344729,0.0005486737679,0.0005509914743,0.0002375811501,0.000395574968
id29,scenario5,5,13.02938852,7.783762201,8.176856881,10.15136511,7.0197966,7.240913266,13.02108703,8.423171971,7.741748152,11.56385328,6.927947253,8.093587462,8.143999023,5.469975574,5.993175435,15.14395003,9.448098066,11.76511753,0.0004703964218,0.0001566879423,0.0001509229856,0.000266006677,0.0001329986383,0.0001242261233,0.0003833196013,0.0001561448083,0.0001177700313,0.0003474850748,0.0001068903592,0.0001590998661,0.000150942496,8.101572494e-05,7.186734342e-05,0.0005384534372,0.0001960857828,0.0002659374691
id29,scenario6,6,10.88402567,9.646285583,8.339908264,6.910365541,8.353490382,10.29504469,1.976079553,1.098650786,0.9795061053,7.08473711,5.322912849,11.0009113,7.443231977,6.020512737,9.199605234,0.1925837239,0.2726380886,0.3839141519,0.0002990469909,0.0002081950109,0.0001622176238,0.000205767934,0.0002849467319,0.0003069958924,6.070456185e-05,9.077458296e-06,6.312671931e-06,0.0002478285376,0.000109797827,0.000570818434,0.0002278977601,0.0001002572409,0.0003169505096,1.553953677e-06,1.56578586e-06,3.178849026e-06
id29,scenario7,7,10.44284159,6.197664987,10.84583848,12.13779998,7.996986568,8.030176945,8.649267282,7.720125357,9.355567801,5.707675469,4.564188563,5.21693982,15.10208899,11.43188696,16.63296671,16.0802101,13.10993403,15.46862263,0.0003445679455,9.82346381e-05,0.0002980509512,0.0004520137739,0.0001776375732,0.0001417226417,0.0001949905559,0.0001342111585,0.0002137137554,9.608493858e-05,5.007393764e-05,8.839423413e-05,0.0005121419883,0.0002617607866,0.0006065986118,0.0005696132776,0.0003664814834,0.0005345366999
id29,scenario8,8,11.26915131,9.377292501,11.21760739,5.408728952,5.579187099,7.964984382,7.290655768,4.697379056,8.440900797,9.786543895,6.86972492,10.01493131,18.21951395,10.28740953,14.61771188,14.42822295,10.83381544,11.67762162,0.0003623806424,0.0001989530343,0.0002769355348,7.368638071e-05,8.540361847e-05,0.0001755145162,0.00013104699,4.871050425e-05,0.0001666943962,0.0002569951906,0.0001339198648,0.0003149765839,0.0005919100876,0.0001805931639,0.0004457075488,0.0004949416898,0.000274048168,0.000344500822
id29,scenario9,9,16.74577792,14.97832368,13.64754712,10.71874161,7.713645449,9.714441022,4.163423654,3.107930544,4.484379665,6.067170931,4.489243092,6.805650591,2.268353692,1.573087031,2.165296374,2.260339477,1.922887669,1.619217513,0.0006167569923,0.0004211514887,0.0003142674871,0.0003230932917,0.0001477911533,0.0002490661397,8.077019246e-05,2.88138118e-05,6.931316302e-05,0.0001668015335,5.943567745e-05,0.00021591169,3.655627637e-05,9.885185369e-06,2.560520594e-05,3.50124963e-05,1.660683359e-05,1.187270738e-05
id3,scenario1,1,14.08137389,9.96106619,12.7948903,13.63585984,11.39783348,13.99506816,15.22256922,11.56070859,12.91515683,17.00621735,12.94998596,13.24090505,18.19541089,13.72171538,14.85099012,16.00852261,11.30713084,14.65576261,0.0005130455151,0.0002257287769,0.0003616094939,0.000461766114,0.0003079673629,0.0004753573973,0.0005686594195,0.0003021459787,0.000379256368,0.0005589872082,0.0003147316392,0.0003282504214,0.0006143569329,0.000345473395,0.0004103146562,0.0005166158349,0.0002372994812,0.000379599181
id3,scenario2,2,20.38111475,14.01859909,14.42830857,18.57780223,14.32817374,16.004262,20.59282729,16.0730257,15.62861921,16.89185941,12.28330414,16.10583741,17.65307884,11.99793977,20.23682831,15.21883194,12.04359288,15.8518321,0.000723000104,0.0003315630969,0.0003679830579,0.0006165431334,0.0003464533874,0.0004388145614,0.0007233912203,0.000431442567,0.0004441293954,0.0005616247898,0.0002860797769,0.0004808486525,0.0006282801663,0.0002712632533,0.0008007995687,0.0004727453092,0.0002987917515,0.000483880844
id3,scenario3,3,1.07411003,0.6148353308,0.9674556732,1.799736476,1.316297211,1.425528709,0.9261061403,0.635807124,1.444936488,4.718454652e-06,5.159031325e-06,9.109483551e-06,3.498433618e-06,5.792381635e-06,9.63817622e-06,4.509237253e-06,5.138082098e-06,7.158023341e-06,1.592063037e-05,2.071707904e-06,6.721277143e-06,4.967096955e-05,1.323307359e-05,1.835821199e-05,1.498908827e-05,2.628050862e-06,2.20768124e-05,0.0,0.0,0.0,0.0,0.0,0.0,0.0,0.0,0.0
id3,scenario4,4,3.020167818,2.407548584,2.644001238,2.302355804,2.712538393,2.535516253,2.41529378,2.489655019,2.3407014,1.782095637,1.324643143,2.099357885,2.096720059,1.532768397,2.060347375,2.781696492,1.884983983,2.644677862,2.438092198e-05,1.648901297e-05,1.636766778e-05,1.876374495e-05,2.421984549e-05,1.90944497e-05,1.990736297e-05,1.864073702e-05,1.502781946e-05,9.457808695e-06,4.620966603e-06,1.226734393e-05,1.432959592e-05,6.133867311e-06,1.38564971e-05,2.564798265e-05,9.421755807e-06,2.030912595e-05
id3,scenario5,5,0.2697692261,0.1492258485,0.1986898625,0.1151627584,0.05513344362,0.08365464785,2.355921153,3.288266391,4.251736547,0.2931852605,0.2133711054,0.2805971979,0.1381155804,0.1005162197,0.1321855157,4.333356879,3.973032439,4.702629224,6.218334252e-07,1.389300315e-07,2.659277432e-07,1.022283643e-07,1.50506957e-08,4.23450412e-08,4.644929733e-05,6.753084774e-05,0.0001294271255,4.955833993e-07,2.112133959e-07,3.169458331e-07,1.09981042e-07,4.68729771e-08,7.03373701e-08,0.0001289470205,8.679471722e-05,9.589658106e-05
id3,scenario6,6,12.33150885,10.76055898,11.49805687,8.838670065,5.846966296,6.997783955,14.40340666,10.67616599,12.03442256,17.59984051,13.07020491,11.76184321,7.781670346,6.239600933,5.393402436,13.31003214,9.037031805,10.6020881,0.0003125023771,0.0002121718419,0.0002759786773,0.0001467145357,5.824099866e-05,0.0001291549094,0.0003770728228,0.0002133582551,0.0002848994269,0.0006608891588,0.0003315677939,0.0002295393594,0.000121461563,8.286466977e-05,5.337152138e-05,0.0003938390562,0.0001602653966,0.0002036658868
id3,scenario7,7,16.45890707,13.16419547,11.60040244,15.98791753,13.70923337,11.56189989,18.7326656,14.95622181,17.0225504,15.62102627,12.93095156,11.51385954,15.81613865,12.31885913,9.906635952,17.08396729,11.41068594,13.42656008,0.0004818050737,0.0003036497867,0.0002146510838,0.0005405230735,0.0003574483202,0.0002751503803,0.0006693056677,0.0003917561497,0.0005354802312,0.0005072623952,0.0002947455461,0.0002502733213,0.00053606263,0.000363193148,0.0002069212507,0.0005876292391,0.0002056897457,0.0003026144457
id3,scenario8,8,13.74490468,13.85450534,11.28054296,14.11051286,10.42931853,14.8175561,9.861860795,10.29067016,10.83113144,2.846565254,4.179376884,4.664413351,4.785826017,4.364722317,5.664053622,3.383913257,3.237906382,5.270506022,0.0004477157293,0.0003788330633,0.0002444937484,0.0004765385086,0.0002114570129,0.0004804452119,0.0002389933042,0.0002343000264,0.0002368121988,5.384993112e-05,9.546493008e-05,0.0001202415249,0.00013550807,9.639331878e-05,0.0001667682123,7.583292161e-05,6.619638504e-05,0.0001465166545
id3,scenario9,9,9.051708091,5.707114975,6.975375332,10.2590109,6.588367152,8.294001788,9.624485185,6.464255455,7.881462709,6.540989768,4.483927827,6.930595166,7.45889096,5.214501414,7.509898389,8.364436203,6.575322484,9.672148288,0.0002230223124,6.439898128e-05,0.0001354187706,0.0002790673451,0.0001014208061,0.0002014635621,0.0002786653608,0.0001007637989,0.0002021137166,0.0001277993147,4.956040007e-05,0.0001938512997,0.0001890578768,7.04363575e-05,0.0003018806889,0.0002470989399,0.0001216360437,0.0004058565726
id30,scenario1,1,8.945593547,6.706161386,7.257666395,11.31508725,6.025355438,8.472650634,26.07624409,12.44888845,20.93597052,18.58191063,14.62508261,14.52871043,13.18914397,12.50825819,12.49054,24.90874831,14.80322345,13.38606618,0.0001788023234,0.0001295894118,0.0001038465436,0.0003111049986,8.084370953e-05,0.0001612091241,0.001144812882,0.0002526540725,0.000749364844,0.0006668833033,0.0004273878809,0.0004179248764,0.0004081686205,0.0003550994245,0.0003557077126,0.001052337881,0.0003584835923,0.0002988211186
id30,scenario2,2,10.35919191,9.213316525,7.605472972,11.94057493,5.996427807,8.765228794,10.22060922,6.875680837,7.489886706,15.84835384,10.38010993,11.26828547,12.63385477,9.32067215,8.893576197,18.11508707,10.51406346,10.93586621,0.0001844996239,0.0001717770542,0.0001256518616,0.0003501989444,6.758496475e-05,0.0001357787743,0.0001698739339,7.270449973e-05,0.0001027599965,0.0005259350442,0.0002335031066,0.0002452838071,0.0003179277996,0.0001537726071,0.0001757373468,0.0005913969572,0.000175296582,0.0001961212232
id30,scenario3,3,12.33772039,8.502455544,8.652570362,15.70341461,9.98380792,8.394674265,14.09520438,10.5231829,10.56805625,16.07904888,15.10839164,13.52812861,16.53420002,14.15544227,12.73831874,14.74435863,10.44889365,10.61456296,0.0002947739328,0.0001174177043,0.0001234178939,0.0004814028631,0.0002156322777,0.0001259490681,0.0003464948685,0.0001933929261,0.0001696420841,0.0005030264243,0.000454817336,0.0003366202186,0.0005190779502,0.0003811873942,0.0002836256312,0.0003770017525,0.0001753001932,0.0001746954731
id30,scenario4,4,14.54573187,11.98597054,10.47229821,12.94810368,7.559719177,11.72101814,7.244606399,3.91833793,4.560096716,13.19877506,11.36526275,12.59867349,14.22223478,12.01382829,10.77771905,6.753610122,4.230770258,5.525411307,0.0004078333086,0.0002330155472,0.0001736022333,0.0003614340482,9.744301628e-05,0.0002316462845,8.788097852e-05,2.494607238e-05,3.519074233e-05,0.0003685865655,0.0002661067331,0.0003590070052,0.0004765670041,0.0002862511464,0.0002470842819,7.212740571e-05,3.294415145e-05,5.015991245e-05
id30,scenario5,5,7.176375587,5.689064683,5.552911687,17.67650684,14.27161235,12.05802851,13.53219321,11.21418721,12.78581692,16.62792126,14.06702056,12.81889082,12.08677876,12.59268753,13.65976246,9.70828845,7.920734631,8.098328115,0.0001031306594,6.591195244e-05,6.384064e-05,0.0005999312603,0.0003336772355,0.0002304121988,0.0003844985579,0.0001943300915,0.0002894341731,0.000638356038,0.000437904001,0.0003545750222,0.0003381081854,0.000339757051,0.0003550468314,0.0002106373836,0.0001119023354,0.0001193743098
id30,scenario6,6,16.12821309,15.77498668,15.38642884,14.85950616,11.65223032,15.57374905,1.035669253,0.7132787182,0.8406011936,8.137350275,8.769818288,9.343634026,12.00125899,14.14578929,11.50860904,1.024785012,0.7687142258,0.7903205445,0.0005166431392,0.0004285894679,0.0004904134163,0.0004959500396,0.000194812023,0.0003887925712,1.806141644e-06,7.250354545e-07,1.15514679e-06,0.0002397150985,0.0002054252804,0.0003117425886,0.0003864076644,0.000444413954,0.000287983964,1.686978859e-06,9.277741111e-07,1.030062109e-06
id30,scenario7,7,8.352795646,6.195450768,4.005089563,2.331783689,1.315300251,1.249785128,13.6020799,7.514977563,10.12245051,3.279096347,2.237854929,2.617126187,1.613540848,1.05953001,1.197235497,7.029215504,5.623983106,5.615780603,0.0002151694486,0.0001175560212,3.490155152e-05,9.25831553e-06,2.920582761e-06,2.406072617e-06,0.0004913100443,0.0001433120775,0.000223096202,2.504000172e-05,9.349378302e-06,1.485926132e-05,5.954112727e-06,2.482269115e-06,3.09444218e-06,0.00012654622,6.717303675e-05,6.846343808e-05
id30,scenario8,8,12.01315429,11.0351755,12.86320003,10.13751328,6.796216585,8.717918051,14.06832818,7.188253514,15.96798061,2.390099408,1.495099499,1.950418249,7.394608766,5.96125513,5.643448732,18.40529325,11.75198934,14.37156603,0.0003964535596,0.000303665335,0.0004864746948,0.0002783958896,8.348619948e-05,0.0001380046526,0.0003351321633,9.188049478e-05,0.0004130067916,8.987204548e-06,3.486601527e-06,5.948201232e-06,0.0001990969658,0.0001222374344,8.508672937e-05,0.0005596186629,0.000237774835,0.0003359944085
id30,scenario9,9,10.0173733,4.41623366,5.262130608,3.788338137,1.385208012,1.67316057,29.43125114,14.59315816,18.91732541,8.712735989,4.728103946,5.407535681,3.593887108,2.06371861,2.490530089,21.53951306,13.66872587,14.70898671,0.0001885555559,4.790900094e-05,5.518207992e-05,2.329334766e-05,3.75320351e-06,5.224815285e-06,0.001485910666,0.0003448861086,0.0005176012298,0.0001662244655,6.12867344e-05,5.669515243e-05,2.834396412e-05,1.23055716e-05,1.946681195e-05,0.0009659814473,0.0003507300923,0.0004140097513
id31,scenario1,1,5.809644327,5.548178554,6.061928425,7.1063932,7.36914686,4.286661177,7.27663304,3.590398122,5.450160444,4.487522442,3.579270144,3.566372455,5.026836195,3.515259403,4.298256659,4.98564113,2.610475866,3.962290738,8.318434163e-05,6.091456128e-05,8.85349434e-05,8.978835677e-05,0.0001078988814,2.710823328e-05,9.672013243e-05,2.102087954e-05,6.501749988e-05,5.348316518e-05,3.476184538e-05,2.934776192e-05,4.51310397e-05,2.476543819e-05,3.359364193e-05,4.993006969e-05,1.253447083e-05,3.513892765e-05
id31,scenario2,2,20.57821139,13.38249893,14.933418,19.1483745,13.0218086,14.92325287,8.884790467,7.174741286,7.917601978,12.97615788,7.773194091,8.211462582,15.59181816,9.59500624,9.07004389,12.12269451,7.903397505,7.767493328,0.0006859569915,0.0002628789953,0.0003533709809,0.0005376632262,0.0002810255149,0.0004489479252,0.0001259583267,8.035994012e-05,8.865279431e-05,0.0003353261489,0.0001131229661,0.0001454454167,0.0005201391606,0.0001912407676,0.0001790431489,0.0002517647423,0.0001192950421,0.0001070796732
id31,scenario3,3,11.56211533,9.551102369,10.11669485,15.21905152,8.402281466,8.596004553,16.73228691,9.248410431,9.340129304,17.20126191,13.44563562,13.651977,17.41275241,9.097842332,10.08528928,17.20461328,7.90850859,7.396395659,0.0002269484862,0.0001596773823,0.0001864528619,0.0004614561337,0.000132856596,0.0001266949146,0.0004759962767,0.0002007376061,0.0001689264131,0.0005880119044,0.0003343095116,0.0003390120892,0.000489329558,0.0001280499315,0.0001598501763,0.0006799861651,0.0001311650978,0.0001010389179
id31,scenario4,4,10.50975364,9.516214804,16.29237121,15.43461377,6.278298971,13.95409573,7.916189005,6.21520493,7.15844245,13.73675986,9.594893814,12.93340886,8.557459866,6.419598465,7.737647956,9.4257181,6.185830049,8.197524471,0.0002086652326,0.0001549812504,0.0004385203567,0.0004761916833,6.525729075e-05,0.0003564074163,0.0001319872688,9.346067716e-05,0.0001196039399,0.0003692460319,0.0002006387173,0.0002947302461,0.0001737981498,8.758790235e-05,0.0001379447188,0.0002146799316,8.960256151e-05,0.0001626006151
id31,scenario5,5,18.74716729,6.332774699,8.044670652,7.89116988,4.392206181,5.432024888,5.813080025,4.394145926,4.258614228,13.33475912,11.1263354,10.81661951,13.83913518,8.827853602,10.79823106,11.45295605,7.634872489,8.719026386,0.0007174011459,7.190643328e-05,9.847198661e-05,0.0001071433361,2.692444311e-05,5.861686317e-05,6.843306916e-05,3.473963603e-05,2.512882459e-05,0.0003326961262,0.0002433415579,0.0001962961599,0.0003459052299,0.0001455452619,0.0002025631969,0.0002488698977,0.0001096103102,0.0001171625042
id31,scenario6,6,10.11486985,10.39234675,11.45054321,8.946082908,7.943219039,10.87328396,7.255174454,4.977463199,5.834756852,6.761995806,4.434898454,4.207536345,10.90425775,7.880812294,7.665984895,8.193483238,5.926877388,7.374970429,0.0002705864459,0.0002209607397,0.000312070023,0.0001688742483,9.272627952e-05,0.0002230436704,0.000107319497,8.273165395e-05,4.692074581e-05,0.0001120729379,4.0311849e-05,3.253200029e-05,0.0002581999317,0.0001285736214,0.0001212388235,0.0001660882399,6.452794962e-05,0.0001028876148
id31,scenario7,7,16.25887619,16.03550473,14.45840198,13.76178226,8.520114168,10.81154719,18.68285002,4.737525017,8.509103548,13.33768242,6.528464975,6.309650046,10.58251517,6.886901634,6.998161462,11.92812665,5.033944713,7.384140394,0.0004705988153,0.0003678634223,0.0002890966721,0.0003179975923,0.0001010339291,0.0001864275909,0.0006573632061,3.451399825e-05,0.0001630059448,0.0003765359258,7.50077777e-05,6.28281184e-05,0.0002181234947,8.833625787e-05,8.412309006e-05,0.0003518825367,4.834991204e-05,9.269577873e-05
id31,scenario8,8,16.85895315,10.67973004,13.99879547,15.68353601,10.09011965,11.09338204,10.84744,8.726782724,9.235646801,13.7948682,7.982294597,11.0251416,12.24143403,7.726025163,7.079620617,10.38451393,5.131282524,5.615881645,0.0004910880165,0.0002055132283,0.000330841331,0.0004387756273,0.0002222090732,0.0002152602273,0.0002133139711,0.000150901538,0.0001425624485,0.0004432319432,0.0001284145247,0.0002976386882,0.0002623358437,9.484258833e-05,8.999828839e-05,0.0001863644207,4.695356755e-05,5.323079808e-05
id31,scenario9,9,9.275411811,8.119688445,8.11201365,11.98647488,9.858486288,10.42065544,7.731663851,4.037810889,3.530962292,10.56453138,7.616369081,10.29295629,6.186034186,4.420032189,4.46419629,8.247985957,3.829211088,3.763690994,0.000154329202,0.0001046499223,0.000105502499,0.0002784182582,0.0001922521475,0.0002238252063,0.0001169281173,3.25439663e-05,2.325312421e-05,0.0002029594945,9.422478457e-05,0.0001713469701,8.076460214e-05,4.053207201e-05,3.45306864e-05,0.0001955070603,3.14081087e-05,3.016456129e-05
id32,scenario1,1,2.596513236,3.367748285,4.45058564,1.092092689,1.40942138,1.746998215,3.032325181,2.014921128,1.653625911,13.59986232,11.12890479,15.05413469,2.374746108,2.186986136,2.504692824,5.284075001,4.476330855,4.854162071,2.999507207e-05,3.36725145e-05,5.607087896e-05,2.954950077e-06,4.184652994e-06,8.245734779e-06,2.282603213e-05,7.828952711e-06,5.883152612e-06,0.0004919236253,0.0002631606588,0.000508343288,8.823727219e-06,8.189696907e-06,1.036407878e-05,4.535341396e-05,3.061580173e-05,3.963170143e-05
id32,scenario2,2,7.716883853,7.721773204,8.936911053,11.52557216,10.35229848,16.81222719,9.552051134,6.303419298,10.1465387,5.249025439,4.110830179,10.79716267,6.347109732,5.121555206,11.18562709,9.281956779,5.404412509,9.729829485,0.0001552605978,0.0001091571006,0.0001424694083,0.0003101213953,0.000239954195,0.0006692191708,0.0001519197267,6.461718623e-05,0.0001700372517,0.0001279898765,6.189735052e-05,0.000574049466,0.0001310949531,7.317557811e-05,0.0005614833574,0.0001487653343,4.91477683e-05,0.0001616306019
id32,scenario3,3,4.819276683,5.862588885,9.493841872,6.174284599,9.910099705,10.18678821,11.30773271,11.05299448,9.252095403,18.78513432,17.91210606,30.39643896,10.82584819,6.958070051,9.721961492,13.11597336,8.520214555,15.9275266,0.0001135364415,0.0001049493536,0.0003343841587,0.0001228752686,0.0002542588017,0.0004080165868,0.0002056443815,0.0002021820184,0.0001299854322,0.0006774429416,0.0006133838669,0.001826245283,0.000388008365,0.0001311622134,0.000255065598,0.0003234578883,0.0001097454696,0.0004052022144
id32,scenario4,4,0.4509982073,0.187963384,0.2650517298,0.5654280705,0.2781738507,0.376612788,8.228961224,7.473464081,5.559542176,2.617660572,2.319149971,2.494703286,5.445795045,3.96926887,9.043110314,12.60176618,8.664553737,10.69663884,3.549408855e-07,6.80402434e-08,1.144963614e-07,5.986338488e-07,1.570826082e-07,2.549619658e-07,0.0001478028169,0.0001127913774,5.091958265e-05,7.004413386e-05,4.712519515e-05,5.625248432e-05,0.0001620978891,4.897460996e-05,0.0004838247745,0.000304041837,0.0001244053703,0.0001840794563
id32,scenario5,5,9.550720596,7.521866236,11.89574047,7.089906364,5.830792568,6.034839143,2.375860785,4.784888936,5.611059829,5.456079043,7.344827887,9.783117072,7.324106159,8.846518072,9.642212908,3.60301042,2.50028828,3.563640897,0.0002154863729,0.0001223776443,0.0003264724737,0.0002917259034,0.000130984656,0.0001367977348,3.658978007e-05,8.54035657e-05,0.0001174844234,0.0001136737887,0.0001324066296,0.0002483095625,0.0002156151067,0.0002566952345,0.0003443302625,7.530729758e-05,2.852904416e-05,6.186519557e-05
id32,scenario6,6,9.872248308,6.290587364,9.461063902,14.40532099,5.250301637,6.277099217,6.22671047,6.052178822,7.915435946,3.953355011,2.452519113,3.033644669,12.36322421,9.079843595,14.87496662,4.913042513,2.550931697,4.133330605,0.0003209653902,8.56535256e-05,0.0001754734067,0.0005242086976,5.501525312e-05,8.016172341e-05,6.818826167e-05,5.428085043e-05,0.0001116254621,3.699156117e-05,1.808428638e-05,1.891978453e-05,0.0004326122539,0.0001824719132,0.000519739331,4.918999703e-05,1.369026367e-05,2.858693553e-05
id32,scenario7,7,3.0877338,2.799447033,3.376726735,5.955984521,4.65467228,5.899933485,8.857532758,6.614222727,3.689489927,5.480596225,5.134141416,7.619435119,4.140956383,2.8519389,3.878496378,8.47542898,5.016073045,6.400098295,2.295023005e-05,1.70769325e-05,2.775222069e-05,0.0001804950128,6.23645075e-05,9.318091281e-05,0.0001924954099,7.989215391e-05,2.249750013e-05,9.829047744e-05,7.0822872e-05,0.0002272419269,9.329689983e-05,3.126486108e-05,3.763123598e-05,0.000208596489,4.933933969e-05,7.715783914e-05
id32,scenario8,8,1.523028574,1.619777335,2.294670715,1.824384927,1.817400107,2.617435265,10.74843913,7.668242042,8.102002114,7.038813172,6.457203319,13.00427001,6.38574386,4.379891862,6.846111903,7.422429978,6.012341531,7.244815107,1.337864213e-05,1.284862895e-05,2.807754667e-05,1.373325838e-05,1.492023357e-05,2.845159182e-05,0.0002123772946,0.000111661866,0.0001213581546,0.0002296653465,0.0001463830334,0.0006856043092,0.0001661351121,7.274901569e-05,0.0001693817329,0.0001124730864,7.069596455e-05,9.589163604e-05
id32,scenario9,9,4.053925346,5.014397304,9.776454846,5.818032271,4.180690796,5.32804136,20.18049826,7.825476645,14.1539174,4.606554512,2.569975472,6.17779023,6.920164599,3.157811672,3.733972576,14.96694919,8.583131724,12.70400873,9.080000936e-05,9.379076661e-05,0.0004078953988,0.0001057797702,4.801059691e-05,7.972579096e-05,0.0008936409577,0.0001070742389,0.0003515420954,0.0001421734476,4.201105168e-05,0.0002799361526,0.0001766066291,3.842991612e-05,4.808891539e-05,0.0005386222995,0.0001667787254,0.000401620899
id33,scenario1,1,9.298349215,5.688334687,6.539716666,14.42417958,13.94476375,19.61785287,22.95669924,11.59759772,13.62594921,10.6164537,7.070545386,9.369899031,5.067115041,4.196676776,4.772738708,7.865207664,3.781614654,5.577808438,0.0002600244874,7.772166383e-05,0.0001184987289,0.0004500641523,0.0004124584887,0.0008263701318,0.001094139937,0.0002452885785,0.0003443804211,0.0004169409296,0.0001419295168,0.0002886284274,0.0001160148,7.156544301e-05,0.0001033611076,0.0003122685115,5.157443465e-05,0.0001197393212
id33,scenario2,2,6.228114581,4.386225426,5.549385763,8.570866828,6.370924104,10.78353562,4.250902904,3.066202616,2.281153413,11.25666317,9.171465781,16.57477901,15.33384663,13.48405642,20.1740021,8.288823778,5.207750765,9.402018842,0.0001941175978,6.746701178e-05,0.0001096856195,0.0002184652306,9.532179007e-05,0.0002541785227,6.219157406e-05,3.33665164e-05,1.146106914e-05,0.0003867063018,0.0002125506961,0.0007359114666,0.0006041676114,0.0004226684371,0.000971159348,0.0002751552143,8.234567512e-05,0.0002961905565
id33,scenario3,3,8.139796363,3.501003184,5.201632563,10.809727,8.133668664,14.17732072,11.17248825,8.350322187,11.61781969,12.3134779,10.33370272,11.90220467,7.813393353,7.775667156,16.51971529,7.848955832,6.249372397,9.618025757,0.0002798513458,3.377660293e-05,9.314018115e-05,0.0003340359882,0.0001349205965,0.0005001282433,0.0003983622035,0.0001601776561,0.0003498820856,0.0005110731884,0.0003334651106,0.0004184354734,0.000240953955,0.0002453534053,0.001065488075,0.0002823813021,0.0001229422617,0.0002988054424
id33,scenario4,4,17.72198898,20.04824452,25.33439894,16.41259289,15.57128413,12.81898841,24.47883265,16.66366389,16.13827144,14.70889036,12.12768805,20.54964456,18.23437797,15.97871534,24.49584776,10.39848041,7.65920791,10.49149367,0.000639998111,0.0007553127595,0.0009392927341,0.0006027193821,0.0004417937357,0.0003372167952,0.001282205686,0.0005054270411,0.0004225605048,0.0005156207354,0.0003245985395,0.001013077645,0.00069023561,0.0004549042471,0.001138416332,0.0004733815794,0.000219128629,0.0004130067669
id33,scenario5,5,8.324238594,6.847849768,18.22150891,16.25259453,14.32781743,32.75432954,21.62256927,15.27507644,21.01764445,21.50346172,14.68617272,22.87662811,16.09712832,14.1792707,22.15020906,20.53214905,13.99942655,22.1607914,0.0001772950042,9.110085314e-05,0.001242324178,0.0005886793521,0.0004388271265,0.00198755254,0.001164170906,0.0004405477725,0.0009279163302,0.000885271918,0.0003768908472,0.001037083878,0.0005468260957,0.0003905105211,0.001025663894,0.0008395942807,0.0003919845888,0.0009013830559
id33,scenario6,6,10.64903169,13.00315442,12.05225559,10.43904613,10.17840126,9.495894766,9.607938311,8.815733734,10.93329091,10.29491784,8.590856417,9.910909033,9.674366564,10.30772796,12.51917032,9.653311654,6.772391683,9.193769103,0.0003215421521,0.0003805877876,0.0002975046993,0.0002812574045,0.0002071922365,0.0001944938245,0.000219156666,0.0001334983518,0.0002244755522,0.0002815314429,0.0001712633893,0.0002476532559,0.0002698538997,0.0002812377876,0.0004322662015,0.0002976405071,0.0001299728838,0.0001906171794
id33,scenario7,7,0.06068841069,0.03046541532,0.03747412703,0.05808002894,0.0316319493,0.04104150229,0.06170923668,0.03375396348,0.04391022691,0.5938730558,0.2892874999,0.4192992125,0.5343242442,0.2595021105,0.3772598861,0.5657377306,0.2746881165,0.3993691306,5.4382797e-08,5.86319e-09,4.6679856e-09,4.44032293e-08,5.1175912e-09,5.0953206e-09,4.98057228e-08,5.7665092e-09,5.8173492e-09,2.483442152e-06,3.95174873e-07,9.728731551e-07,2.006140421e-06,3.176122441e-07,7.870769658e-07,2.248663979e-06,3.55861025e-07,8.821693513e-07
id33,scenario8,8,6.218704071,4.883086038,7.460560243,2.482471646,1.812949725,2.736474184,4.542176261,2.772550321,3.19292172,11.55769714,5.778545092,11.56672417,18.49497705,12.47372567,23.77586088,15.34800165,7.253544222,11.42903395,0.0001630103628,8.911091045e-05,0.0002008762367,2.258242478e-05,9.535671667e-06,3.364153834e-05,6.232382771e-05,1.968970043e-05,2.759424113e-05,0.000376453676,7.110208241e-05,0.0003222380503,0.0006439020688,0.0002653724003,0.001087081934,0.0003548184115,8.302022842e-05,0.0002247831028
id33,scenario9,9,13.28037359,8.181477288,11.19303408,16.7338164,13.1645348,23.9884218,14.02453874,8.801627022,11.81585186,22.51356266,12.59739541,20.28445195,19.01126881,14.61418382,18.6483176,16.67906788,8.522905676,9.338852911,0.0003333324631,0.0001216740374,0.0002225634848,0.0005495019771,0.0002881651741,0.001088434719,0.0003447961427,0.000124390419,0.0002336244991,0.0009279626719,0.000273397591,0.0007319028881,0.0007093897794,0.0004200899857,0.0007101533298,0.0004622719936,0.0001139208664,0.0001619874362
id34,scenario1,1,12.67590389,7.760930134,9.884592341,10.77165249,8.879433992,6.854882018,10.79853984,8.206444798,10.41724391,6.993874752,5.491107584,6.055927487,8.759015964,5.829507841,6.290661015,9.389187634,5.601539758,6.874766601,0.0003117069066,0.0001356924562,0.0001526461708,0.0001944253781,0.000122275486,7.981785319e-05,0.000206466628,0.0001087655474,0.0001914394653,0.0001138588242,7.673320527e-05,9.199851779e-05,0.0001542936263,6.913227576e-05,7.284698308e-05,0.0002471030777,8.151472055e-05,0.0001121524948
id34,scenario2,2,7.573132923,4.746116477,3.744569242,8.330683024,3.988392211,5.213098694,10.00635837,3.42772843,5.327397285,12.04339354,10.55998157,8.078059391,12.42929359,7.720403078,7.030874437,13.72348557,10.57973991,9.161110471,0.0001122623598,4.848753463e-05,2.886202636e-05,0.0001539316229,3.312259751e-05,6.657736397e-05,0.00027231453,2.265953317e-05,7.62598631e-05,0.0002415665456,0.0001747957182,0.0001162419593,0.0002625561944,0.0001019035916,8.265949448e-05,0.0003392382631,0.0002121958724,0.000135163317
id34,scenario3,3,7.298197843,4.295463957,5.809528888,5.737109689,2.427906871,2.737502718,5.330584602,3.859311453,5.463913035,11.91589663,8.078362886,7.587749455,8.453913674,5.820700612,6.444641305,11.21899965,7.32954067,7.148535688,8.650943896e-05,2.871016283e-05,5.263823425e-05,6.663750188e-05,1.090874145e-05,1.17111418e-05,4.961888084e-05,2.324848386e-05,4.787513587e-05,0.0003122305041,0.0001424386774,0.0001211695367,0.0001619784114,7.067297109e-05,8.801233211e-05,0.0002397574708,0.0001119641953,9.254153909e-05
id34,scenario4,4,2.307898311,1.090739495,1.359510594,0.7174295417,0.2923064858,0.3422066281,3.041725215,1.206234897,1.667078376,1.772684146,1.277196554,1.952436401,0.8776774581,0.9317557795,1.128513666,1.880138411,1.760155308,2.720364995,1.385067126e-05,2.261930022e-06,3.638003245e-06,1.155953804e-06,1.878576386e-07,2.330935385e-07,2.511476318e-05,2.789927303e-06,6.599029694e-06,2.602372317e-05,8.853475933e-06,2.400775629e-05,6.544941311e-06,6.253230287e-06,8.400672581e-06,2.37013203e-05,1.534546449e-05,4.016213961e-05
id34,scenario5,5,15.11407199,6.989524624,8.376832725,12.23260865,6.839038475,6.391597714,14.67548592,7.62921153,8.220110166,10.42495312,3.91715617,5.785409531,7.50947227,3.928691696,3.697592459,6.267605577,2.78343102,3.683828534,0.0004217413777,8.738253323e-05,0.0001273853684,0.0003106381717,8.843289737e-05,6.843247963e-05,0.0005574375988,9.720963768e-05,0.0001290619882,0.0004995218694,4.604316085e-05,0.0001085086492,0.0003032965739,5.924079996e-05,6.166795638e-05,0.0001587517173,2.407249626e-05,4.502756833e-05
id34,scenario6,6,4.29996317,3.742696337,3.61730987,2.965721719,2.754969,4.06596761,2.158854093,1.59221357,2.181729604,3.874808408,2.211714024,2.636118687,3.622048774,2.513439091,2.900908992,3.081111583,1.901986537,2.218873078,4.556898659e-05,2.659112393e-05,2.346620698e-05,1.834464008e-05,1.475962143e-05,3.689197423e-05,1.040312079e-05,5.034274548e-06,9.271159007e-06,3.961041255e-05,1.176227101e-05,2.066411752e-05,3.884145121e-05,1.995237925e-05,2.991308042e-05,2.785301447e-05,1.134647507e-05,1.728977587e-05
id34,scenario7,7,0.2015241775,0.06814312691,0.1057302235,0.1121379193,0.05936657553,0.07442724028,0.4685847862,0.1188501426,0.2282769565,1.094377249,0.9562802533,1.118207367,2.342022209,1.630539131,1.778962716,1.029937106,0.9262290457,1.082307717,9.4897349e-08,9.1768248e-09,2.05567885e-08,3.30066228e-08,8.2852601e-09,1.02559192e-08,5.105235781e-07,2.36926596e-08,9.79737476e-08,8.526910167e-06,6.524744852e-06,8.642044943e-06,4.369073845e-05,1.557502499e-05,1.839806155e-05,6.883042517e-06,4.595559001e-06,6.143416636e-06
id34,scenario8,8,2.792531981,1.565233746,1.916053071,2.408182756,1.895664287,2.355848493,5.572080802,2.21508557,2.617470994,0.9990359413,0.8583428968,1.052721748,1.098011385,0.5306890758,0.585562022,2.306135233,1.347744908,1.43201694,4.174809058e-05,9.375398593e-06,1.956105173e-05,1.544408114e-05,1.64660515e-05,2.407640219e-05,6.22543327e-05,1.291405e-05,1.637010579e-05,3.576740938e-06,2.845276047e-06,4.210088252e-06,3.433876012e-06,6.593834002e-07,6.940648003e-07,1.748452035e-05,5.803864312e-06,6.194710478e-06
id34,scenario9,9,8.162168692,3.595195261,2.439578565,9.033848651,3.395476705,3.87383427,4.729018976,0.9060421607,1.475733508,8.808085093,3.976769475,4.459865414,8.418253115,3.694395642,3.954283506,9.252025908,3.02888657,3.347883201,0.0001516920279,2.503034339e-05,1.154299023e-05,0.0001661636265,2.322664111e-05,2.752994032e-05,4.547932183e-05,1.60783079e-06,3.812044343e-06,0.0001487159923,2.899886348e-05,3.460685072e-05,0.0001398004585,2.547692634e-05,2.811106365e-05,0.0001711181395,1.813575929e-05,1.988225198e-05
id35,scenario1,1,5.755271059,1.802433011,2.367406206,11.99495148,4.289288624,4.949248847,8.728206386,3.074350938,4.219838041,6.700195583,2.883239971,4.52436103,13.99405458,4.925421373,4.884016694,9.370879227,5.423640022,6.99250778,0.0001133685018,7.113031482e-06,1.496816462e-05,0.0002395940158,3.620298381e-05,5.150801429e-05,0.0001712925893,2.214673274e-05,4.259675847e-05,0.0001045830831,2.263049975e-05,6.670045159e-05,0.000396460591,4.452482561e-05,4.156394468e-05,0.0001823518289,5.999452243e-05,8.543051346e-05
id35,scenario2,2,12.84712073,10.57593711,11.54389712,14.12001466,10.60852277,11.82605561,13.48946887,8.888432234,12.65397416,7.115733269,6.07474581,6.981284457,6.956002291,5.540379976,5.739646177,8.059777512,5.627412394,7.988586363,0.0003246556936,0.0001995780291,0.0002439509134,0.0004149653967,0.0002278233604,0.0002850225424,0.0003368585408,0.000151269712,0.0003126560698,0.0001306578586,7.280674032e-05,9.150574185e-05,0.0001622167156,7.529265199e-05,7.141477404e-05,0.0002079616288,6.766204253e-05,0.0001290767048
id35,scenario3,3,8.411683459,6.271401002,6.76692315,17.64765999,14.34968446,17.32619313,6.804862243,5.178143763,5.458176768,4.50636385,2.652770091,3.017135356,15.0339942,7.416987987,10.47435086,6.513710121,3.213161133,3.918456262,0.0001698748596,7.014632921e-05,8.110817602e-05,0.0005601925983,0.0003885367902,0.0005093551432,8.726558094e-05,4.211150782e-05,5.363302623e-05,3.086104972e-05,1.184910566e-05,1.302840296e-05,0.000527247936,0.0001034451956,0.0002507854534,7.764161468e-05,1.775758875e-05,2.777631453e-05
id35,scenario4,4,18.80343768,10.65086882,9.809883552,15.895558,11.85247645,14.40355411,17.4053032,9.952739684,10.02139486,21.70802452,12.98499413,12.92417438,18.69994737,14.62621245,14.09759298,19.26645272,14.06836482,12.05988778,0.0006604059741,0.000184956601,0.0001669503853,0.0004756765052,0.0002664751049,0.0003737939033,0.0004938080494,0.0001865338955,0.0001964882198,0.0008849853244,0.0003037721135,0.0002934019044,0.0006214183704,0.0003639961541,0.0003247765203,0.0005730880458,0.0003289943785,0.0002465038796
id35,scenario5,5,14.30406816,9.734792974,10.28645156,8.194647851,6.713036236,8.585247505,11.73746935,8.121084214,10.30636112,17.52390364,11.76285304,14.1431479,7.693948939,5.853187457,4.697389694,14.86400534,10.54740745,12.56031712,0.0004478911551,0.0001858575431,0.00022920279,0.0001410811354,8.331803353e-05,0.0001394820657,0.0003108231066,0.0001276419959,0.000213666405,0.0005651261604,0.0002393017301,0.0003519308134,0.0001230282817,6.170328186e-05,4.095716861e-05,0.0004512965003,0.0002156672017,0.0002862960658
id35,scenario6,6,14.97654066,11.94030574,13.88977435,17.44255274,13.27776426,17.07195747,14.19493796,7.738152708,8.738821858,10.49307815,7.500471398,8.229077254,12.08387706,8.627520127,11.19170334,12.91349613,7.555224578,7.769380072,0.0004892967939,0.0002837931441,0.0004029857629,0.0006106754407,0.0003654264773,0.0005788736843,0.0004386186386,0.0001034589071,0.0001537534815,0.0002477840849,0.0001104805121,0.0001186529067,0.0003288239166,0.0001422694725,0.0002621660043,0.0003778184929,0.0001161095111,0.0001236643295
id35,scenario7,7,9.082783757,4.500272614,5.566865522,15.51639852,12.57313504,11.32288662,9.673899016,4.840465653,3.907074182,13.76584272,8.552807833,7.382034447,12.85415527,10.68451709,8.036645163,16.06846794,8.451212083,6.782330331,0.0001968425225,3.963755464e-05,5.557925804e-05,0.0004649655094,0.0003062389848,0.0002507388785,0.0002646036812,5.89686356e-05,3.101276312e-05,0.0003818681624,0.0001253540264,0.0001107005797,0.0003139743064,0.0002349359174,0.0001254938625,0.0004577675131,0.0001220434682,8.158551294e-05
id35,scenario8,8,7.027802182,4.07557981,4.590866182,2.844965506,2.565010755,2.145030924,8.755216526,4.45037321,4.670856819,3.009422934,1.429933073,2.022097994,0.5733493981,0.3923810449,0.3365454139,9.148117831,6.212878405,4.445412894,0.0001518621093,3.956138881e-05,5.710085255e-05,3.598745905e-05,2.201278538e-05,1.618200389e-05,0.0001963010966,5.105765853e-05,5.353912139e-05,2.063069502e-05,4.525702934e-06,8.593383931e-06,8.234294567e-07,3.883420479e-07,2.753206358e-07,0.0001970147974,9.728145847e-05,4.008013929e-05
id35,scenario9,9,9.146632568,6.937211815,6.507239611,10.08034871,7.99489453,7.392294925,12.76668815,7.085853929,7.3073982,13.22406498,7.660593243,8.481719969,14.13936743,10.18081323,9.340676782,15.12647934,6.372076204,8.179248241,0.0001621668351,7.962609354e-05,8.07174167e-05,0.0002003571405,0.000109486889,0.0001161039381,0.0002881664375,8.80497548e-05,0.0001002777294,0.0002943876851,9.504364381e-05,0.0001142459335,0.0003306475582,0.0001594345505,0.000140087671,0.0003587083892,7.069375663e-05,0.0001115573687
id36,scenario1,1,1.45654354,0.295181888,0.3607465703,0.6461527761,0.2035985655,0.2551453032,0.6460834141,0.1349772098,0.1698568781,0.9193591409,0.5406268968,0.6738292852,1.002885246,0.7854965803,0.8120385319,1.26083175,1.003828645,1.068080565,4.590982084e-06,1.776325458e-07,2.59230576e-07,1.198552871e-06,1.347945552e-07,2.704278483e-07,8.718260182e-07,3.52380161e-08,5.27444618e-08,5.277021133e-06,2.655927266e-06,2.709819794e-06,8.748064941e-06,4.213664672e-06,4.549019175e-06,1.278453771e-05,8.939917994e-06,7.526359185e-06
id36,scenario2,2,6.523610786,3.535260364,4.905633489,5.307390589,3.192823469,2.763905871,5.932194578,2.903650002,3.449448963,6.286096338,6.583199931,6.343422343,8.314538576,6.583225979,7.412347667,7.593436349,4.253627449,4.339024224,0.0001095377026,2.442071982e-05,5.856994285e-05,6.992241994e-05,2.959599141e-05,1.423198548e-05,6.021410564e-05,1.492433841e-05,1.932069467e-05,8.977583522e-05,8.717797911e-05,8.192846517e-05,0.0001347144177,8.640252484e-05,9.737437998e-05,0.0001151134319,3.085423645e-05,3.313285579e-05
id36,scenario3,3,7.297286654,5.633087646,5.316794911,11.24223339,6.942853022,7.542872265,5.895242836,3.713193869,4.141909757,8.518787066,4.957519437,6.051114178,9.169175905,5.115692744,5.120460504,26.2420861,10.7735595,13.90582867,8.674373819e-05,5.064110905e-05,4.696496246e-05,0.0002143728477,8.386385226e-05,9.192487609e-05,0.0001409118333,4.997675111e-05,5.659295034e-05,0.0001317607257,4.137282824e-05,6.30478891e-05,0.0001559765694,4.163841063e-05,4.37445743e-05,0.001250009186,0.0001894371754,0.0003246795401
id36,scenario4,4,13.23114787,4.514662204,5.83740851,9.687886166,7.563635611,5.204313783,9.766174802,6.940118289,6.321462068,8.145659735,6.465073789,6.758796152,9.303368089,7.253041216,7.197819107,7.672732242,6.880743508,7.084824919,0.0005383151677,3.00974655e-05,8.964965099e-05,0.0001462842735,8.23507553e-05,5.572142447e-05,0.000161378972,9.129470287e-05,6.906413168e-05,0.0001305543697,8.100220237e-05,8.578525704e-05,0.0001516380067,8.784832824e-05,9.294420459e-05,0.0001079551095,8.857715406e-05,8.675290872e-05
id36,scenario5,5,4.569295678,3.962287978,4.642797546,14.1345645,7.591440037,11.03441492,15.86806671,13.92896899,15.29182536,4.027756324,2.792665113,3.500767299,13.05069247,8.656990828,11.0327772,9.282338507,7.499965055,7.590735378,3.548223808e-05,2.212570413e-05,3.682201094e-05,0.0003401666359,9.198721372e-05,0.0001991594502,0.0004926222353,0.0003310115639,0.0004476013429,2.653056354e-05,1.118883219e-05,2.100454507e-05,0.0003741990535,0.0001450597264,0.0002415731258,0.0001749886784,0.0001088379652,9.860686384e-05
id36,scenario6,6,3.225934125,2.842068443,5.046347799,2.324723694,2.318858492,2.841391906,3.573074639,2.13969897,4.687192736,1.360213333,1.285833169,1.410633733,1.260232751,1.282331398,1.637185115,2.053743379,2.116692879,2.080143204,1.704218733e-05,1.366233076e-05,5.385892822e-05,8.821476496e-06,9.082961013e-06,1.493740147e-05,2.435374503e-05,6.196048148e-06,4.309078216e-05,3.929604609e-06,3.91689077e-06,3.844213396e-06,3.517825858e-06,3.84112154e-06,6.087038698e-06,1.004432371e-05,1.103054473e-05,7.977456454e-06
id36,scenario7,7,9.674170426,6.032490865,11.3359075,13.64835546,4.609222766,9.170947056,4.989213421,1.749664672,1.559869304,5.958250881,5.122405955,4.386874803,3.915647962,2.546738872,3.832285482,6.562953898,2.387350238,2.867946845,0.0002484757747,6.460432625e-05,0.0002299089241,0.0005463856433,3.920329707e-05,0.0001700290719,4.185083539e-05,5.499022099e-06,3.540817658e-06,9.17451328e-05,0.0001012004073,7.416977004e-05,9.991505997e-05,3.075953759e-05,9.057720839e-05,6.433916914e-05,8.445233237e-06,1.309052306e-05
id36,scenario8,8,13.31446392,6.858198966,12.80799477,22.22174558,16.39022681,14.83731,16.32078528,7.943101354,16.15116316,11.59607725,5.20656173,5.773164982,20.81505729,10.50332056,11.71189882,13.12462518,9.441772513,10.35004968,0.0003282105503,9.093733225e-05,0.0003924031446,0.000851794251,0.0004281238538,0.0003365780222,0.0005086431551,0.0001060861097,0.0004486088582,0.0002568533124,9.500565787e-05,8.722015727e-05,0.0006961253661,0.0002080048684,0.00024925867,0.0003088814487,0.0001589549772,0.0002053341546
id36,scenario9,9,16.82788734,11.21663482,11.65523129,18.63975482,13.19358819,16.68596071,20.16204152,11.16034234,12.27986794,13.85249154,11.01487925,8.270690343,18.38461041,13.78371246,11.89311192,15.1048152,9.273803315,10.74378925,0.0005384901727,0.0002483609125,0.0002425464828,0.0006202884299,0.0002979281603,0.0004778720445,0.0007336363835,0.0002239864404,0.0002986554012,0.0003608752065,0.0002149902065,0.0001317396556,0.0006170227264,0.0003370369207,0.0002742840109,0.0004936887771,0.0001872797007,0.0002437923014
id37,scenario1,1,18.34320687,17.95828384,17.08555269,26.62722983,17.73361486,20.79068541,15.4588065,8.647818674,8.064691695,1.189665904,0.954727428,0.8348300255,4.251103818,3.317674661,2.985390171,5.333053854,2.654342538,3.360111701,0.0006435451805,0.0005550856721,0.0005392477018,0.001127240185,0.0004498474127,0.0007395633154,0.0007986436185,0.0002034448004,0.0001480040328,1.747872366e-05,8.573219372e-06,4.456561871e-06,0.0001818897179,8.965748872e-05,5.711072006e-05,0.0002094380872,3.43906917e-05,8.445163193e-05
id37,scenario2,2,16.14772972,11.35940998,18.31988072,15.06545514,16.17286801,24.78139537,11.01481087,9.931258908,11.54826786,10.20157766,7.902796577,12.05875435,10.85148545,12.28154133,13.5036369,14.83660712,7.813022357,10.76835424,0.0004959235432,0.0002340822329,0.0006162304397,0.0003657228042,0.0004716934141,0.0008898350141,0.0003516044338,0.0002651207462,0.0003292775483,0.0002839762675,0.0001478171291,0.00040256553,0.0003532675697,0.0003260376593,0.0004197758778,0.0007479560626,0.0001543104931,0.0003041642913
id37,scenario3,3,16.98512339,12.5326551,22.63730596,14.3285335,28.38143484,21.21180361,14.94951315,14.13758961,16.13301581,11.05891566,9.762341692,7.415518302,18.98328937,13.95658243,16.62594254,10.67946411,5.986503538,6.714377161,0.0006329679086,0.0002881297626,0.0009928023004,0.0003323406605,0.001235851471,0.0006274557464,0.0003627428152,0.0003662615906,0.0004910301978,0.0003490163865,0.0002150886345,0.0001097379109,0.0006926695225,0.0003669271434,0.0006130000537,0.0002352193855,7.185463259e-05,9.646298665e-05
id37,scenario4,4,16.05427677,8.607447493,9.801744047,9.324363049,8.453660114,8.680648567,17.3815614,7.400255686,10.43559769,11.97529523,8.563572842,10.7290127,5.453305418,4.724035424,6.608473375,15.6778242,9.843023938,12.7688,0.000403155943,0.0001225600363,0.0001422922739,0.0002016743264,0.0001576426855,0.0001499594227,0.0006770866993,0.0001244220077,0.0002111636547,0.0003422652132,0.0001403472405,0.0002443292104,6.869845638e-05,7.071494832e-05,0.0001472718613,0.0005545562952,0.0001964824581,0.0003772479579
id37,scenario5,5,3.912692874,3.558632008,3.436796542,1.063283527,0.4714040197,0.526623129,1.165427209,0.5168349124,0.5772682516,0.406669367,0.1869742503,0.2058329155,1.122654249,0.5157386314,0.5681365844,1.230542878,0.565291178,0.6225982229,9.792788342e-05,4.39117669e-05,3.941650026e-05,1.671543528e-06,3.212084756e-07,4.057798762e-07,2.0080589e-06,3.860596414e-07,4.875458352e-07,3.464439777e-07,5.36675827e-08,7.68488575e-08,2.640357463e-06,4.083955237e-07,5.854369903e-07,3.172173643e-06,4.906501464e-07,7.031928299e-07
id37,scenario6,6,7.915948286,5.666757327,8.134562965,7.965367857,13.55527151,11.99656288,3.787806321,5.258357812,5.514798365,1.945195898,2.274565935,3.712688006,2.895110064,3.998449015,5.353846984,7.050894289,7.84010172,6.670613108,0.00018708729,7.281453912e-05,0.0001551987351,0.0001473115911,0.0003072203947,0.0002565794804,8.995356894e-05,8.488919774e-05,9.709052631e-05,3.225924371e-05,2.469119121e-05,7.643730956e-05,5.721033813e-05,6.608733071e-05,0.0001384726484,0.0002712625225,0.0002698835083,0.0001509414472
id37,scenario7,7,0.1949854171,0.1832509496,0.2848607847,8.261780852,6.52426273,12.2937031,3.860867403,2.810661133,6.945065768,9.940007187,7.659558426,17.72755353,3.839612332,3.779398512,6.05700502,0.9599593747,1.216096805,1.619800444,7.23525235e-08,5.06363374e-08,1.273755246e-07,0.0001473178689,8.063361465e-05,0.0003542931373,8.954884249e-05,2.053152444e-05,0.0001361050162,0.0002489737752,0.0001341383596,0.0007879078357,0.0001045383375,5.493042793e-05,0.0001637405842,1.966310371e-05,1.48424406e-05,2.754547647e-05
id37,scenario8,8,10.37017342,6.001345627,9.616497874,8.646926711,7.343509693,9.668072697,21.03516056,11.26040952,18.26301247,18.94185035,16.91945266,25.75481733,21.6058176,18.83508739,29.65608354,13.48903986,9.623262946,11.62018296,0.0003583099249,8.186256798e-05,0.0002379333683,0.0002377976521,0.0001589248011,0.0003427020204,0.0009966706189,0.0003007838644,0.0006458802664,0.0006472867957,0.0005184588926,0.001168750687,0.0008126775875,0.0006506188639,0.001611195094,0.0004679137054,0.0001923930996,0.0003169383265
id37,scenario9,9,10.92288297,10.35073329,11.48352127,14.8147096,9.153791193,14.75085819,13.13620621,7.468340531,9.856270107,15.6330965,15.51521204,23.44565684,16.25877724,18.17242062,27.51374907,13.04876745,11.17969929,13.67764363,0.0003480306446,0.0002457095998,0.0002983438565,0.0005650621096,0.000172676589,0.0004877145586,0.000396246779,0.000111467098,0.0002178992599,0.0005067792761,0.0004408445933,0.001201744737,0.000484410407,0.0005848800396,0.0013657193,0.000357856528,0.0002559411381,0.0003791473217
id38,scenario1,1,3.757485877,3.999145853,5.368207149,1.39320401,1.687250193,1.880753189,1.707818179,1.546221573,3.055696633,0.03398867063,0.04268795529,0.06572289419,0.05506207171,0.06938273733,0.1064153541,0.03922163158,0.04912155704,0.07540774059,9.103224626e-05,7.662970397e-05,0.0001356493297,1.482524909e-05,2.949305803e-05,3.357099152e-05,3.700292376e-05,2.788159904e-05,7.964079123e-05,4.38880731e-08,2.82760437e-08,8.91714341e-08,1.155919335e-07,7.46264556e-08,2.350986068e-07,5.82286711e-08,3.74805852e-08,1.178742526e-07
id38,scenario2,2,2.229542096,2.082261902,2.183527068,1.410831301,1.733845231,2.256013967,2.133983048,2.267462063,3.979508458,4.580409707,5.864760297,6.960765091,8.76576034,8.832281534,9.458366956,3.884411685,4.076392848,4.727866653,5.486719316e-05,3.161740014e-05,2.585519565e-05,1.661449066e-05,2.101927394e-05,3.391864573e-05,3.809286032e-05,2.750404763e-05,8.411493999e-05,8.620750903e-05,0.0001496081087,0.0001761195571,0.0003735093241,0.0002621193511,0.0002695584615,6.992262143e-05,5.882065823e-05,9.688771214e-05
id38,scenario3,3,8.227554891,11.86819262,9.21125524,7.07885394,5.690353626,8.60326424,1.81579489,1.625786661,2.087950805,1.868046807,1.96872819,2.694137557,6.400678802,5.762366019,9.630708967,1.645159146,1.908921153,2.357938353,0.0001996697759,0.0003452320126,0.0002425581687,0.0002372825339,6.541222634e-05,0.0001660951978,8.389151526e-06,4.363719318e-06,7.308440579e-06,7.259613447e-06,8.937602922e-06,1.564690652e-05,0.0001782170849,0.0001142835799,0.0003312918697,6.210298222e-06,8.801385567e-06,1.29655372e-05
id38,scenario4,4,16.30063575,13.82129473,18.36351892,10.74225994,7.206598787,10.26295009,2.236256469,2.047092019,2.052862614,21.56828163,21.80085111,18.44433773,17.50702036,15.94988326,13.33791563,7.519098162,8.795386919,12.53199186,0.000571995189,0.0003097084748,0.0005475919234,0.0003606396711,0.0001217465193,0.0002395850398,3.509664999e-05,1.503536772e-05,1.497019034e-05,0.0008083903522,0.0008012698105,0.0005637294637,0.0006647676646,0.0005170738534,0.0003211924449,0.0002406985861,0.0001912486609,0.0005270154121
id38,scenario5,5,14.80899556,8.588085058,12.49337581,4.221638036,4.874789412,6.639476471,3.412965957,4.045959055,6.343253664,6.125403666,6.97062554,8.194256529,1.317448979,1.734780196,2.101769224,2.191930919,1.288682292,2.147141728,0.0007144762374,0.0002148274242,0.0003431784899,0.0001151134299,9.320823499e-05,0.0002335421925,9.244388485e-05,9.628065889e-05,0.0002530456732,0.0001533753405,0.000118652185,0.0001971610411,2.6837895e-05,1.799942374e-05,2.532647217e-05,7.656421852e-05,1.609696638e-05,5.355132477e-05
id38,scenario6,6,2.467275479,3.60651812,4.837881838,6.887143146e-05,0.0001791001057,0.0003880751376,3.080098365,1.675950718,2.77774365,0.469937111,0.7836003585,1.12392112,1.623836026,1.309075722,2.488353345,0.9240799865,1.113595551,2.444520351,6.008495503e-05,8.231995513e-05,0.0001307061164,0.0,0.0,0.0,0.0001055487427,2.478481428e-05,5.216991334e-05,6.068519598e-06,6.982282083e-06,1.36649954e-05,2.670336735e-05,1.224840268e-05,4.907014926e-05,1.418484905e-05,1.003222616e-05,6.093603204e-05
id38,scenario7,7,1.375829774,0.5068718363,0.465009818,1.819895112,1.343642828,0.9444422298,1.906243042,0.7078261656,0.6809751357,0.5816001213,0.5399570551,0.7338732861,0.5784339806,0.5370378678,0.7302258665,0.5778396317,0.5362627163,0.7297117566,3.124437176e-05,1.235576389e-06,7.676474525e-07,4.999003648e-05,1.432412522e-05,5.000175284e-06,4.601586529e-05,2.521715624e-06,1.700888567e-06,8.122681355e-07,5.636280552e-07,1.118526893e-06,8.034566735e-07,5.576500747e-07,1.106854503e-06,8.018772073e-07,5.562724615e-07,1.105056709e-06
id38,scenario8,8,0.0001411791559,0.0002785350118,0.0005960536979,0.0,0.0,0.0,0.0003001671854,0.000507040699,0.00113878945,2.692170977,2.693356616,3.634035017,2.506709123,2.493826482,3.878507953,1.786656566,2.859496049,4.227658028,0.0,0.0,0.0,0.0,0.0,0.0,0.0,0.0,0.0,6.609794986e-05,3.5870427e-05,6.094021097e-05,5.449184292e-05,2.912286195e-05,7.068684557e-05,3.183965586e-05,4.566300777e-05,0.0001023734085
id38,scenario9,9,7.837326244,8.914353217,9.756259817,9.213853331,11.97235666,12.06755837,5.280170123,4.011999206,6.746742866,3.294464241,3.819350869,4.022386843,4.061105928,4.792879081,4.680585248,2.667262675e-05,3.153198241e-05,6.201086049e-05,0.0002794204747,0.0003069084617,0.0002839503126,0.0002629501112,0.0004246628062,0.0003514266798,0.0001622582207,5.863162564e-05,0.0002013783819,8.019950508e-05,5.535880484e-05,5.123393258e-05,0.0001128066843,9.958626144e-05,9.045236014e-05,0.0,0.0,0.0
id39,scenario1,1,10.0268405,8.553648383,6.983467595,16.90018222,17.5554913,14.08260805,18.17155294,8.148753842,7.556457927,17.86469385,13.04026452,17.154552,14.22468623,13.06501087,14.48592626,15.93371415,10.52768278,11.26329307,0.0003182666493,0.0001632388719,0.0001032743723,0.0006198065617,0.0005412828005,0.0003519330229,0.001241398356,0.0002463104009,0.0002979062749,0.0007395960147,0.0002856621115,0.0005218541285,0.0003921928153,0.0003525870536,0.000377303785,0.0007328675446,0.000248998774,0.0003191391535
id39,scenario2,2,1.879421519,1.663208998,1.784034142,0.3638781335,0.2198240004,0.228611061,0.4566587429,0.2618015228,0.2494699334,17.13492079,14.24583958,15.06911434,0.7528870079,0.4364567601,0.3829787081,4.666446389,6.044206073,7.664556093,2.679693815e-05,1.060515524e-05,1.204935463e-05,2.763367109e-07,7.65001803e-08,8.58258891e-08,4.220338691e-07,1.054728386e-07,1.111788558e-07,0.000674686322,0.0003898361553,0.000435505417,1.325748188e-06,3.717459058e-07,2.529994697e-07,0.0001248330765,0.0001273886515,0.0002349354674
id39,scenario3,3,10.72440926,15.94452984,11.68480889,7.772755161,6.834500373,5.731329069,0.0,0.0,0.0,4.418572431,2.546262695,6.466767555,7.771055121,5.603809023,7.769068746,0.4498143799,0.6812230934,1.008982171,0.0002816608593,0.000489598816,0.0003805951322,0.0003126675546,0.0001017643592,8.83245355e-05,0.0,0.0,0.0,0.0001820477465,2.999874869e-05,0.0002555224877,0.0002672325435,8.363447489e-05,0.0001904940705,6.095700109e-06,6.664146412e-06,1.53542199e-05
id39,scenario4,4,10.31576221,14.80408661,10.2574727,11.9691122,7.552952977,7.842707633,16.82442689,15.96361875,20.57419286,13.07637279,9.102443916,11.25708796,19.48203504,21.09382112,18.21012726,15.97827476,15.42437501,13.66140033,0.000221818575,0.0004960121019,0.0001971344909,0.0003499932565,0.0001067057085,0.0001113878711,0.0005988558064,0.0004806355666,0.0007220825298,0.0005169787115,0.0002238330499,0.0003481654345,0.0006904124988,0.0008000237321,0.0005220892844,0.0004807231981,0.0004327753038,0.0003490202546
id39,scenario5,5,10.9756709,9.555632733,13.04981695,5.170316868,3.795230842,2.571956285,7.703776471,7.700928239,15.0907,8.432625122,8.999760677,11.06096266,9.797089566,6.441460164,9.309479611,7.746578287,9.313415717,12.76552514,0.0004362636616,0.0002105174026,0.0004411089796,0.0001755295047,4.536893974e-05,1.732387923e-05,0.0001911346511,0.0001129650715,0.0005953145062,0.0002723071105,0.0002453029774,0.000390290752,0.0003860562188,0.0001433254416,0.0003051353301,0.0002286669502,0.0002716261417,0.0006396904782
id39,scenario6,6,10.02372793,10.12324337,5.166403663,8.040639506,5.554717913,5.523564692,8.854743681,4.339568712,5.5891515,8.134757062,7.546921429,8.447333952,7.340627636,5.749714792,6.32351228,14.39565437,11.97452963,13.79478817,0.0002213431394,0.0002337063396,5.364638655e-05,0.0001429123595,4.744537527e-05,5.488018629e-05,0.0001537807254,3.84064245e-05,5.1402645e-05,0.0001569675802,0.0001213031469,0.0001520447079,0.0001016101481,6.286180091e-05,7.124794524e-05,0.000437646153,0.0002940767614,0.0003900329363
id39,scenario7,7,11.88032601,11.19239601,9.921762011,22.29328545,17.46608173,17.46939076,20.35830336,23.17176524,16.30013891,9.683177955,6.171887512,7.082761084,14.16932969,10.12089167,10.71064672,8.995834109,11.31946247,8.835046774,0.0003378020229,0.0002722810974,0.0001994593763,0.000825383294,0.0004335558215,0.000451998797,0.0008314104821,0.0008921788206,0.0003927958993,0.0002840599739,8.276484899e-05,0.0001238286195,0.0005118543257,0.0002417907216,0.0002455845465,0.0002122632957,0.0003661289001,0.0002234387415
id39,scenario8,8,10.97327177,6.603226493,10.09041301,19.3898265,13.39597866,19.02350307,11.19685281,10.73598974,12.84505355,10.48181502,7.535614575,9.230563465,15.00587878,8.775649181,11.43797753,8.71769609,7.029053601,6.732319781,0.0003020828234,0.0001033489292,0.0002805619311,0.0007103641791,0.0003102427859,0.0006501267619,0.0003060172803,0.0003020630928,0.0003774306288,0.0003116684773,0.000162626143,0.0002361771607,0.0005380789597,0.0001543245041,0.0002416768135,0.0001838157828,0.0001413074243,0.0001062018731
id39,scenario9,9,10.48909247,5.853008217,8.133335967,10.4225482,8.85088446,9.886363126,10.90334883,8.003335326,9.469839138,8.8783419,5.702732483,5.998614732,14.02094932,11.52243518,10.34492822,8.934044239,7.649978676,6.801825057,0.0001839848452,5.381432833e-05,0.0001160471244,0.0002274633579,0.0001498671516,0.0001729846732,0.0002441626558,0.0001154969373,0.0001718939269,0.0002407271772,7.342611078e-05,7.178375547e-05,0.0004452953702,0.0002697334813,0.0002285936608,0.0002454939669,0.0002379903686,0.0001209357696
id4,scenario1,1,6.674832318,5.80682184,7.23786011,10.58464695,9.319828895,9.619825745,16.70842334,13.73396633,12.21618229,2.884687606,2.223944758,2.276908807,14.70613342,13.7587207,17.47664938,20.23862745,13.2868988,18.37171481,0.0001448966014,0.0001092985227,0.0001306739623,0.0002342443337,0.0001542555056,0.0001777464048,0.0005600394681,0.0003558800457,0.000275582988,1.367689293e-05,7.986230007e-06,9.00601923e-06,0.0004034255554,0.0003407954188,0.0005540339681,0.0007442954777,0.000312177021,0.0006071668308
id4,scenario2,2,8.243332913,6.466521971,6.049433606,19.70700675,15.93633855,15.55592171,18.55630988,11.83043475,13.64173793,8.454149297,5.652224155,7.028427584,21.67384211,14.67451178,18.04072035,16.34434072,8.775308158,15.50395806,0.000113762507,6.712775059e-05,5.733475681e-05,0.0007104357485,0.0004019855995,0.0004003531237,0.0006384328973,0.0002400151809,0.0003057460614,0.0001173409301,5.097348136e-05,7.744601048e-05,0.0009030431154,0.0004400836958,0.0006160830856,0.0005538249582,0.0001373851309,0.0005079212931
id4,scenario3,3,8.784342389,6.587957965,6.338314068,2.40237246,1.045584669,1.253257768,5.958618467,4.42089582,4.999265107,1.190407124,0.6833447833,0.8466806797,2.380240695,1.191675593,2.229116649,2.786954183,2.303476387,2.38733831,0.0002677919778,0.0001072145117,0.0001029046098,1.057150339e-05,1.737309508e-06,2.632099967e-06,0.0001118957832,5.004509147e-05,8.142442708e-05,3.706971539e-06,9.54492345e-07,1.522885943e-06,4.260975029e-05,6.188680596e-06,2.813435787e-05,4.300806724e-05,2.746600194e-05,2.215849292e-05
id4,scenario4,4,6.773362541,6.097248219,6.06626375,12.38266129,10.70588274,11.10340452,11.29898153,8.786469556,9.459746112,4.387266735,2.75419784,3.604534244,8.878322686,6.545239234,5.745954811,10.31816914,8.786559121,7.89528837,8.014522669e-05,7.264150403e-05,6.223384086e-05,0.0003491215159,0.0002100288099,0.0002217845436,0.000287329202,0.0001656601697,0.0001388088807,3.799445867e-05,1.519541127e-05,2.777231099e-05,0.0001790157261,9.650424088e-05,7.637806209e-05,0.000281516054,0.0002023072624,0.0001424381371
id4,scenario5,5,2.15186353,2.595818627,4.427780014,1.996009739,0.9859906761,0.9015430941,4.385088156,3.50926919,2.831154646,0.4717445254,0.3480797979,0.2960907937,0.8787213468,0.7519897309,0.6426547296,0.9176582107,0.8032024569,0.6787242734,3.444240802e-05,2.904268227e-05,0.0001021640831,1.511995442e-05,2.166615674e-06,1.905862766e-06,7.749459255e-05,4.105323887e-05,2.43575705e-05,4.571853057e-07,3.09076895e-07,1.977856938e-07,2.125314365e-06,1.723836009e-06,1.007753079e-06,2.228886724e-06,1.774093015e-06,9.953776815e-07
id4,scenario6,6,7.886559315,5.876850736,5.886592125,15.80451378,15.49621584,18.76413141,15.85141603,17.29759815,13.4385934,7.384002688,4.691865183,7.260890082,10.13931554,10.55352902,14.42008239,18.58217587,19.10510541,22.50798571,0.0001113032809,5.888547799e-05,5.809442412e-05,0.000515900051,0.0004402970885,0.0006501477601,0.0004699487568,0.0004818179097,0.0002955218312,8.405236265e-05,3.890055049e-05,7.998257179e-05,0.0002426018136,0.0002678178956,0.000482284011,0.0006008368145,0.0006682158003,0.0008637958857
id4,scenario7,7,4.799137186,3.381549501,4.837343487,5.039193634,3.889821985,4.977413613,3.042382285,2.219825525,3.091070589,2.915379392,2.202082405,2.753669014,4.293355229,3.575665101,4.33571555,3.187683218,2.953510712,3.22830096,5.593212713e-05,3.512869474e-05,5.376951142e-05,8.854544758e-05,3.879151793e-05,6.087444172e-05,4.307297424e-05,1.98488176e-05,3.241182017e-05,2.654975598e-05,1.396445905e-05,2.168288439e-05,6.482106186e-05,4.117731477e-05,5.748322284e-05,2.502643595e-05,2.581356253e-05,4.150300676e-05
id4,scenario8,8,6.033525655,6.726005741,8.787808875,16.47048127,13.86900854,16.28220023,16.16671452,14.21790941,15.928484,3.79958705,2.836569456,3.626379469,17.75894032,12.83652512,15.4268658,19.0803036,12.90563924,12.66761124,7.264295377e-05,8.383151073e-05,0.0001499680552,0.0005959346201,0.0004105675813,0.0004632609133,0.0005227792512,0.0003741335625,0.0004352729486,2.746036026e-05,1.34249918e-05,3.37633574e-05,0.000675559124,0.0002874934063,0.0005230716659,0.0007645134035,0.00034235356,0.0002852876734
id4,scenario9,9,7.663158422,6.405058349,8.213652285,9.282742175,8.344611595,8.754541049,6.999097425,7.033654578,9.929488843,7.981910885,4.525498176,5.572409441,18.01034366,11.89149855,13.30371593,13.90534109,9.844187135,10.99413912,0.0001068325678,6.531888559e-05,0.0001269858002,0.0002028764781,0.0001584180507,0.0001867340694,0.0001585185024,0.0001706513845,0.0003279267923,0.0001413696661,3.394403424e-05,5.251293677e-05,0.0007041464094,0.0002831313124,0.0003766288031,0.0005051655102,0.0002475164358,0.0002712067788
id40,scenario1,1,2.112316279,0.938542844,0.6528134653,1.979898548,1.379028288,1.003569821,3.132398506,0.716918925,1.354778007,1.887675428,2.307270375,2.328821307,2.67245289,1.506386324,2.072892638,2.4545636,2.095279525,1.884182767,7.338305221e-06,1.426621541e-06,7.30977324e-07,7.134243293e-06,2.991189111e-06,1.727124127e-06,1.527877503e-05,8.380433269e-07,2.534294335e-06,6.867941091e-06,7.609793259e-06,1.114960879e-05,1.477975636e-05,3.962595154e-06,6.80565449e-06,1.009287477e-05,6.181822052e-06,6.190843825e-06
id40,scenario2,2,23.91445221,10.18220431,26.40208244,2.88438556,0.898633172,2.330070995,11.70265621,7.470927935,7.94392852,10.13480717,9.834671961,7.319992714,2.47376419,1.539661345,2.37896528,10.52065454,7.21413196,8.229806027,0.0008981079685,0.0001444266833,0.001308135805,1.24053404e-05,1.145843907e-06,8.05648688e-06,0.0002013183511,0.000106650382,8.685114625e-05,0.0002808951845,0.0002781916868,0.0001350105378,9.760443704e-06,3.883656016e-06,1.071411346e-05,0.0001958355234,9.040563297e-05,0.0001163171961
id40,scenario3,3,0.0237447493,0.02502243335,0.00955367441,0.1235738374,0.1306539184,0.0482633924,0.3379775678,0.3574224502,0.1320658239,0.01506413795,0.01872842992,0.02814385837,0.03646547019,0.04531483294,0.06799179492,0.02954418256,0.03671137486,0.05524421442,2.9066074e-09,2.0879554e-09,2.05557e-10,7.93619319e-08,5.69708337e-08,5.5581318e-09,5.943468958e-07,4.265783218e-07,4.15865643e-08,1.8825973e-09,1.4116904e-09,3.3451445e-09,1.10544711e-08,8.2929822e-09,1.96361196e-08,7.2546003e-09,5.4387388e-09,1.28926404e-08
id40,scenario4,4,4.469096208,5.655314513,6.189244596,10.42238069,8.076287364,25.39026989,5.79161171,5.221143542,3.581265731,9.175557313,7.316252313,8.283180955,12.53779051,11.71906294,14.35235299,4.988042069,3.287288348,4.883820976,3.819700582e-05,5.371229203e-05,6.024995399e-05,0.0002141366373,0.0001052597062,0.001402211839,6.146808643e-05,4.658299722e-05,1.886443229e-05,0.0001999716094,0.0001004784991,0.0001195753672,0.0003674197664,0.000299350164,0.0004740597023,4.826884612e-05,1.851502662e-05,3.909386248e-05
id40,scenario5,5,0.3051306509,0.2259037421,0.2082216464,1.219310734,1.202675093,1.254406502,7.912711598,6.930435034,8.571527757,0.8778162463,1.36293377,1.073473285,2.189263584,1.064839916,2.618279363,2.901924606,2.379646783,3.10444814,2.089851429e-07,9.07054771e-08,6.72266504e-08,3.441314434e-06,2.470698329e-06,2.774449976e-06,0.0002955460212,0.0001119776417,0.0001638854079,1.138649787e-05,1.839712019e-05,9.774969047e-06,4.706919171e-05,5.522588421e-06,3.536930147e-05,6.474493684e-05,2.23926017e-05,3.626233434e-05
id40,scenario6,6,6.062853771,2.726266839,3.921803818,3.8779005,1.102748381,0.8709174905,0.9025962901,0.7258804575,0.696091846,1.471082016,0.5480903791,0.4711173899,3.065677162,0.9870184773,1.082668342,0.4727124825,0.2001129436,0.1999970465,7.765235308e-05,1.760611528e-05,2.787993439e-05,2.394675599e-05,1.972251731e-06,1.19829953e-06,1.728960711e-06,1.161904761e-06,1.126985735e-06,4.021066846e-06,5.100971947e-07,3.943922258e-07,1.998885276e-05,1.921766198e-06,2.3505882e-06,4.606848573e-07,7.50034606e-08,7.47199768e-08
id40,scenario7,7,11.45738356,11.70235147,11.92808373,15.13624795,8.64257954,9.777844579,7.156733246,3.419362961,4.05510988,12.28622153,7.219532951,8.258102397,10.84972239,7.000537449,7.412266668,6.095416984,2.750317855,3.302480111,0.0002563952951,0.0002586832161,0.000242132472,0.0003903827081,0.0001290425452,0.0001572018414,8.833488462e-05,2.076337441e-05,3.100628483e-05,0.0002480277709,9.071162855e-05,0.0001271503374,0.0002430579331,0.0001033786753,0.0001083957373,5.91316231e-05,1.230541001e-05,1.976881112e-05
id40,scenario8,8,4.470949891,2.771367003,3.189552573,6.497461049,5.697318168,7.02429066,12.74589095,5.339829612,4.211201434,16.12085402,10.08776141,15.68509237,7.885816286,6.322014479,11.97911827,0.9318240699,0.5229287664,0.6538030239,3.836536323e-05,1.795451075e-05,2.339355615e-05,0.0001520470373,9.572638213e-05,0.0001411964851,0.0006857973306,7.138906359e-05,4.728109534e-05,0.0005527348312,0.0001993923675,0.0005284546433,0.0002035690372,0.000119575015,0.0004756648506,1.482352277e-06,4.16889653e-07,7.115723668e-07
id40,scenario9,9,4.892733479,3.525138868,4.011829258,4.047126909,5.372487834,5.153926564,4.001318168,3.183325516,3.074572976,5.595362283,3.154238374,4.265987334,1.527388905,1.106431658,1.19845906,2.531204948,2.192490587,2.829886304,5.590617042e-05,2.027044836e-05,3.182565508e-05,8.090681619e-05,0.0001038339375,9.245714795e-05,2.589521283e-05,1.61471757e-05,1.442791002e-05,9.735248016e-05,2.117336088e-05,5.303993464e-05,5.07527126e-06,2.57767449e-06,2.674912851e-06,1.240362597e-05,9.846013591e-06,1.575227759e-05
id41,scenario1,1,4.760855571,3.572997436,3.534521698,5.426479183,6.991650389,3.726312182,3.784466835,4.148710738,4.021491215,5.051784507,3.895753158,4.191531734,5.534180606,4.423480984,5.766426845,4.014568189,3.709977064,5.841280683,4.238561112e-05,2.66785841e-05,2.25576668e-05,7.197282163e-05,9.664785038e-05,2.197501176e-05,3.425339624e-05,3.610320855e-05,3.267118154e-05,5.143090829e-05,2.497870812e-05,3.20906647e-05,7.283691351e-05,3.548384673e-05,6.054584496e-05,2.878271368e-05,2.68075591e-05,6.432003844e-05
id41,scenario2,2,2.034758576,1.651010155,2.150994229,1.172426103,2.045311259,2.108753634,2.018806599,1.663540914,1.576302067,3.966694553,3.291289247,3.422499999,6.7467836,5.349617364,5.252878101,6.746309937,5.030047357,5.481507039,8.864493945e-06,5.143169033e-06,1.34194686e-05,2.835162486e-06,8.136735876e-06,6.894159505e-06,8.939697326e-06,5.977752075e-06,5.209570292e-06,3.173032948e-05,2.172119764e-05,1.862614625e-05,0.0001376331211,0.0001011044607,6.469553637e-05,0.0001384808258,5.326827509e-05,5.221248928e-05
id41,scenario3,3,2.506344554,3.417816196,4.488618985,2.089917494,1.455549358,1.857867995,2.596056016,1.850356069,3.152883136,7.379538006,4.828328137,6.516877767,8.211729,6.003005869,7.390007421,5.439871658,4.908691246,5.145498816,1.934701683e-05,3.173972233e-05,6.585222762e-05,1.184150352e-05,4.67328876e-06,7.936243204e-06,1.834977413e-05,7.008923697e-06,2.441677898e-05,0.0001788678897,7.605322347e-05,0.0001628136681,0.0002231295244,9.036497109e-05,0.00013085422,0.0001159969571,4.883785204e-05,5.574713472e-05
id41,scenario4,4,3.58709805,1.926971447,1.944388694,4.471715058,1.693907199,3.20548077,3.22557221,1.418572839,2.176428652,4.284199131,3.494035207,4.936489549,4.761815907,3.147861707,2.989467589,5.186744671,6.008051291,5.674274278,3.365575406e-05,6.323483894e-06,7.841517042e-06,6.042863642e-05,4.164462966e-06,2.242631072e-05,2.393145191e-05,3.241274821e-06,8.177520129e-06,8.709725926e-05,3.837279435e-05,8.398126631e-05,7.978658347e-05,3.000883028e-05,2.063467187e-05,0.000122738293,0.0001119978937,8.364885407e-05
id41,scenario5,5,1.871563148,1.125536465,2.330193517,2.897578445,1.509406821,2.979269489,2.055490301,1.5558366,2.158710082,2.534584086,2.485249324,2.812078172,4.220777387,3.079516105,1.956871777,2.689048653,2.479879752,2.595329332,8.947234183e-06,2.243268788e-06,9.649230461e-06,1.835163994e-05,3.840363959e-06,1.541901848e-05,9.107951981e-06,4.339141012e-06,6.734687843e-06,2.417563562e-05,1.951478091e-05,2.417121663e-05,7.973612326e-05,2.724017015e-05,8.296675396e-06,1.963050689e-05,1.408816585e-05,1.784790702e-05
id41,scenario6,6,6.574746448,4.543186918,4.374561094,16.44925101,12.93615648,24.01133025,8.289259871,5.485381769,5.653119466,6.356575706,4.84911373,4.882372535,4.700487523,4.148276249,3.295795737,4.416011353,2.53130876,2.342501255,7.221637935e-05,3.21019648e-05,2.848615449e-05,0.0004508997691,0.0002375024362,0.0009300161317,0.0001093560743,4.791132226e-05,5.337094314e-05,0.0001142587603,6.079443179e-05,5.629928668e-05,5.837218636e-05,4.182914683e-05,2.62681768e-05,5.062405834e-05,1.368157577e-05,1.179222706e-05
id41,scenario7,7,6.973654681,5.770807037,8.162257256,4.980267651,5.000934254,6.106177257,5.144137344,3.118087044,4.821854298,8.529373138,6.693769139,4.937566298,9.366469616,6.187025396,8.362796697,8.271889063,5.454599352,6.205559082,0.0001854213714,9.268884468e-05,0.000151087331,6.262489875e-05,4.853742257e-05,8.98538743e-05,4.669399517e-05,1.465139927e-05,3.427629739e-05,0.0002712628892,0.0001546705128,6.622639255e-05,0.0001791060495,6.344584561e-05,0.0001341802109,0.0001617207913,5.701813037e-05,7.241462647e-05
id41,scenario8,8,2.812685401,2.432051656,3.28252305,3.768146561,2.595646893,4.461007078,3.225566346,3.169126228,3.941639778,3.179784189,2.86596573,3.239773544,4.15115728,4.33095441,4.420108918,3.174328545,2.389404397,2.020396657,2.945358441e-05,1.567965085e-05,3.372141343e-05,7.499007171e-05,1.825541374e-05,6.165479322e-05,4.138058451e-05,2.841028908e-05,5.372678298e-05,6.996377859e-05,3.606047305e-05,4.230688043e-05,9.000616869e-05,7.293568993e-05,9.263153762e-05,6.302247247e-05,2.053458718e-05,1.314255426e-05
id41,scenario9,9,4.64469186,5.83476268,5.999948658,3.566083834,3.432383354,4.799308575,5.103662935,5.227305291,7.697960983,4.456947887,3.58004934,4.496249231,6.354352389,4.142766711,4.629419736,6.046901558,5.640977335,7.055028319,9.489808856e-05,0.0001182176968,0.0001310286469,3.184503223e-05,2.525909266e-05,5.463835012e-05,0.0001097529507,0.0001177559453,0.0002348849483,7.347508474e-05,3.567102065e-05,6.626409738e-05,9.811106549e-05,3.940154354e-05,4.470160739e-05,9.617260148e-05,8.211937217e-05,0.00016217394
id42,scenario1,1,3.129597544,3.865366529,4.28029863,1.885083496,3.022993731,4.285374829,3.060829544,4.94307908,7.328411133,4.640576809,4.120357774,8.600526102,11.04489708,9.612344923,15.9017153,11.03967518,7.470459579,16.82088701,4.273569233e-05,3.678015946e-05,5.148962976e-05,2.437364802e-05,2.797761377e-05,5.465200826e-05,4.504746226e-05,6.085092884e-05,0.000128768854,0.0001359708412,7.556652858e-05,0.0003580479647,0.0003513158266,0.0002259454068,0.0006568162307,0.0003498537895,0.000125427043,0.0007834525592
id42,scenario2,2,0.0003596675642,0.0006073385929,0.001623038109,0.0004382421977,0.001927252277,0.003403593073,0.0003522851349,0.000628490402,0.001379349332,10.06783002,9.2141446,12.73761947,4.329584635,5.762233796,5.498311905,14.28928487,17.31185955,14.99990985,0.0,0.0,0.0,0.0,0.0,0.0,0.0,0.0,0.0,0.0003945265471,0.0002499810406,0.0004508933603,0.0001565958404,0.0001177751148,0.0001051240896,0.0005301247756,0.0007042146003,0.0005564887356
id42,scenario3,3,7.81020102,6.734111163,6.370612199,7.846365831,7.905223533,4.234028281,10.3077155,10.72893325,10.60568803,10.0909915,9.881261655,9.360750323,9.07939689,7.400913064,9.511041136,10.94042902,11.46976325,11.82538627,0.0002965269892,0.0001571744903,0.0001334716876,0.0003265564376,0.0001979237688,5.238866297e-05,0.000432722519,0.0003605820522,0.0003671514491,0.0003659568943,0.0002526474906,0.0002448340303,0.0003254159406,0.0001570674592,0.0002798463694,0.0003740120695,0.0003549160415,0.0003861339512
id42,scenario4,4,5.296026626,7.33807123,4.90908348,1.852093249,3.130369957,4.522143193,5.187940665,5.385319127,10.82081444,5.375573099,5.691234833,4.755786067,5.004227037,5.462708587,4.853170681,4.613701119,8.973399397,6.580203051,0.000162860786,0.0001713686767,7.025791738e-05,3.411147861e-05,5.129392993e-05,0.000105818855,8.555849106e-05,5.170709135e-05,0.0002827105987,0.0001936658968,0.0001555757541,9.816944738e-05,0.0001746953282,0.0001577439622,9.488859797e-05,0.000163685765,0.000380492095,0.0001988880925
id42,scenario5,5,5.096304605,4.976450757,7.30659132,5.462724423,8.682833107,6.807655598,0.1501718264,0.1348872757,0.1003077734,6.481107912,8.14297932,8.500192438,3.235635741,3.695730704,2.719852216,8.002490418,8.613159476,10.49718812,0.0001538925116,7.32849841e-05,0.000191581439,0.0001518676993,0.0002212294881,0.0001491428644,4.81775964e-08,3.77282932e-08,1.82904487e-08,0.0002155840483,0.0002586118535,0.0002916503195,0.000100086743,6.351982217e-05,3.391312514e-05,0.000254644359,0.00022946066,0.0003618476221
id42,scenario6,6,7.631142057,7.62639961,12.35492095,2.279144684,3.413408172,4.842060077,9.128345331,10.48488415,10.50030008,6.886152122,7.169370638,7.809043386,3.091525996,3.486871774,3.250678649,5.993667978,4.929577351,6.411971798,0.0002768408234,0.0001952745149,0.0004793166768,2.976814915e-05,3.439814717e-05,6.678736419e-05,0.0003104036204,0.0002258876219,0.0002272741111,0.000195257274,0.0001661249713,0.0002308205579,8.301328608e-05,5.967481694e-05,5.664933106e-05,0.0001843011702,8.208789268e-05,0.0001535796005
id42,scenario7,7,10.71717173,15.76215391,11.96033355,12.75917395,17.65553062,18.21136976,12.59610474,10.96867557,9.399464323,3.264264307,2.133682994,2.775544082,2.337460416,3.103295603,3.63127622,4.659379847,2.584467723,2.402780616,0.0002849014921,0.0004595694991,0.000255237009,0.0004303523273,0.0005736016217,0.0005432893865,0.0003460499554,0.0002141707592,0.000175502884,0.0001011672814,2.150697645e-05,6.131523466e-05,4.781501566e-05,4.112114301e-05,5.084696437e-05,0.0001786092213,2.688467411e-05,2.639976903e-05
id42,scenario8,8,6.799212893,5.884643596,6.429978233,5.622421255,3.784286999,4.784979413,6.707523049,5.23616172,5.672928519,3.900316761,5.286584937,5.005606208,4.759438191,5.861946434,4.472075427,3.996778415,3.357487789,3.899032349,0.0001580123892,0.0001004724296,0.0001123672456,0.0001334269161,3.597360786e-05,6.85563541e-05,0.0002193508717,9.546321302e-05,0.0001049315403,8.476959438e-05,0.0001181526215,0.000148502902,0.0001328418895,0.0001547990437,8.57671825e-05,0.0001415516699,4.874595394e-05,8.37110118e-05
id42,scenario9,9,12.30136492,10.84265785,11.41717775,9.865676619,8.85697577,12.75460113,5.31671164,5.716278766,5.811540437,5.080011879,5.503439504,6.649617274,4.018077296,4.281198037,6.556855715,3.807995867,4.191690937,6.387033079,0.000467882948,0.0002877409105,0.0003461277138,0.0003173285603,0.0002179054786,0.0004925920352,0.0001298892262,0.0001184485826,0.0001140471429,0.000144030182,0.0001307475161,0.0001838653406,9.958596615e-05,7.957032769e-05,0.0002102723128,0.0001020762781,7.361351658e-05,0.0002563535777
id43,scenario1,1,6.538546639,3.429734715,6.441458637,6.587964404,8.355774403,9.298002668,8.492762969,7.748510368,10.44902571,10.87367595,7.838323951,14.0329656,12.25517585,10.90101149,14.92977041,18.80198636,12.83226036,27.32812266,0.0001032636341,2.408707331e-05,7.618469299e-05,0.0001283120081,0.0001880596313,0.0002350581607,0.0001799013554,0.000128608046,0.0002780518453,0.0002072837203,0.0001169488113,0.0003359949011,0.0003600665142,0.0002514970388,0.0004625585687,0.000668066694,0.0003052951601,0.001176882031
id43,scenario2,2,7.655090883,5.338075508,12.78714634,17.29836681,17.61370151,21.8260749,16.31452964,16.11267266,20.9258765,11.70741607,8.936431425,14.0568646,11.36690278,11.49612084,13.19217481,21.02414566,16.51383123,23.46056824,9.696462457e-05,4.423609432e-05,0.0003683948064,0.0006229701972,0.0006890469089,0.0008865103159,0.0006280480191,0.0004915836987,0.001088608017,0.0002301017306,0.0001326366988,0.000402838742,0.0003334017189,0.0002717592578,0.0003897500398,0.0007533880949,0.0004184244398,0.0009410299982
id43,scenario3,3,3.963344876,2.33689339,4.99768208,6.494247565,7.1260566,13.03396622,3.732084793,5.909690922,10.13651411,1.13408775,1.18591051,1.527152076,0.7664522183,0.9261412895,1.340431164,1.444907446,1.254495796,2.36188793,9.862104164e-05,2.064496139e-05,0.0001369263811,0.0001598376614,0.0001468054911,0.0005039209936,7.461101842e-05,0.0001807651038,0.0004823827178,1.47474446e-05,8.34240216e-06,1.53200502e-05,6.768876958e-06,7.792949426e-06,1.366683704e-05,3.333860243e-05,1.064991402e-05,5.022311718e-05
id43,scenario4,4,1.000235689,0.7381797657,1.008613891,0.3404377376,0.4045547591,0.4538141348,0.5046820882,0.6123489169,0.7080969107,0.6940995574,0.3992986737,0.6202825995,0.1973405615,0.1875655621,0.2914005596,0.2464301106,0.2004156927,0.3117278588,3.16281001e-06,1.181887479e-06,1.797320023e-06,8.869094949e-07,6.805872794e-07,8.363841197e-07,1.975317879e-06,1.612162673e-06,1.996328165e-06,1.395476667e-06,3.807095938e-07,1.073287207e-06,1.710809586e-07,1.173875517e-07,3.064623074e-07,2.112662993e-07,1.187469e-07,3.230848874e-07
id43,scenario5,5,16.42657937,8.536807072,10.34040367,8.739504415,7.166014728,6.997143595,13.15197937,5.504952702,7.539479226,4.450437505,3.310634241,5.010703263,1.466798244,1.078311956,1.739512383,2.455822364,1.982673402,3.379926939,0.0005620996244,0.0001241174165,0.0001845718025,0.0002118488901,0.0001416038058,0.000105914048,0.0005563178571,5.469798777e-05,0.0001011904467,9.326433922e-05,3.459669807e-05,6.910199255e-05,9.78055693e-06,2.444352854e-06,7.695151842e-06,2.228471514e-05,1.031133548e-05,2.940874234e-05
id43,scenario6,6,4.728113781,1.946211469,4.847959612,9.061952133,4.265515755,7.011909264,6.236156587,4.1024368,6.248473668,5.667886957,4.168991685,6.320853408,7.411404676,5.005362693,6.246545062,5.662490412,4.950876965,6.580945573,5.289187726e-05,6.504133901e-06,5.265943712e-05,0.0002570021905,3.316280967e-05,0.0001099588096,0.0001535719001,3.539948097e-05,8.58075014e-05,7.043216297e-05,4.064948706e-05,8.089529963e-05,0.000134663045,5.381789269e-05,8.752167316e-05,8.799336112e-05,7.22512118e-05,0.0001280534018
id43,scenario7,7,1.994144553,1.420938119,2.07751945,2.242471558,1.738498756,3.375772359,1.606958895,1.329966405,2.029904913,1.342429159,1.101303475,1.126542478,1.784385453,1.29279352,1.121739356,1.588613499,1.252608311,1.003726894,6.884655499e-06,2.868298362e-06,8.628960389e-06,8.384566197e-06,4.588126887e-06,1.631942637e-05,4.466578902e-06,2.471893024e-06,6.78386833e-06,5.892089193e-06,2.520701445e-06,2.437734489e-06,9.88231589e-06,4.169519321e-06,2.830609776e-06,8.412410968e-06,4.222033657e-06,2.155458374e-06
id43,scenario8,8,14.62858486,10.04997645,15.91695718,12.64214196,12.28529178,13.85545408,13.80041899,9.346544343,11.44466079,16.50852686,10.75107534,14.93886633,16.4517518,13.16794075,19.45993481,13.89687375,12.25282145,15.6712048,0.0004221755691,0.0001686543813,0.0005501356804,0.0003456821098,0.000288852032,0.0003759663064,0.0004109784868,0.0001614414119,0.0003078626954,0.0006277098742,0.0002453431618,0.0005266607805,0.0005275581901,0.0003118592366,0.0008230765459,0.0004893413341,0.0003388396376,0.0006037104221
id43,scenario9,9,11.19479003,5.902484471,8.959942028,13.5371127,10.38497305,17.95575134,12.52962397,13.71964342,19.02793178,1.506779809,1.048851648,1.347036872,3.136236411,3.17744906,4.293543453,5.79184826,4.410629731,9.01537781,0.0003158560742,7.790162679e-05,0.0002049674586,0.0004313669455,0.0002273123435,0.0008285388317,0.0002886505456,0.0004084960908,0.000825691288,1.39546847e-05,6.143297484e-06,8.767624407e-06,6.884065852e-05,5.94182058e-05,0.0001069021887,0.0001726099501,8.54417931e-05,0.0003980774414
id44,scenario1,1,0.9455142654,0.4331066004,0.5618616994,3.357325149,0.8940269503,0.8151434893,0.4168754204,0.2320910132,0.1826676351,1.754637227e-06,2.388038194e-06,3.399901185e-06,8.22208355e-08,1.119014699e-07,1.593165245e-07,3.171859612e-07,4.316859168e-07,6.146004961e-07,3.86552369e-06,6.413796769e-07,1.195957861e-06,0.0001172362624,6.414874482e-06,5.142413051e-06,1.03801642e-06,2.812675385e-07,1.404104246e-07,0.0,0.0,0.0,0.0,0.0,0.0,0.0,0.0,0.0
id44,scenario2,2,1.060676302,0.5523582053,0.8431562383,5.002228572,2.606412226,4.319228096,1.237386131,0.6488610575,0.9388136765,1.197434223,0.946148876,0.8788909155,6.051937429,3.897274387,2.797659994,0.9255045178,0.5987717008,0.6535874122,3.190779883e-06,5.546648017e-07,1.413968412e-06,8.811250245e-05,1.790502059e-05,6.268872232e-05,2.751617768e-06,6.991774469e-07,1.554724799e-06,2.93022498e-06,1.728294476e-06,1.364510113e-06,0.0001157848136,3.751614853e-05,1.529131045e-05,1.610242103e-06,9.47193576e-07,7.438412126e-07
id44,scenario3,3,0.0003439833245,0.0003298417301,0.0003326351031,0.01551579075,0.01484288232,0.01493224483,0.02355216202,0.02253043628,0.02266577755,0.04499095922,0.03310366822,0.04030633461,0.05758651678,0.02385597434,0.02190862363,0.09605108953,0.03930206986,0.0365182022,0.0,0.0,0.0,2.1055994e-09,9.54864e-10,8.804151e-10,4.8516521e-09,2.2000862e-09,2.0284913e-09,4.03289882e-08,1.12969071e-08,1.44413962e-08,1.6717272e-08,2.4159114e-09,2.16449e-09,4.74869506e-08,6.6898325e-09,6.1726672e-09
id44,scenario4,4,3.202407621,1.653687158,1.784106926,6.555920646,3.764647761,5.708471772,2.095927548,0.5597267039,1.084320004,2.593280369,2.120634977,1.994867003,3.495601779,1.587849169,2.099542986,0.8480836331,0.4436263719,0.5356431224,1.72306484e-05,3.723781313e-06,4.425537288e-06,7.89685553e-05,2.303066167e-05,4.815639551e-05,6.669205239e-06,5.118172906e-07,1.874059215e-06,1.537473321e-05,9.651561359e-06,8.089777098e-06,3.592569316e-05,6.216363989e-06,1.266851501e-05,1.438845548e-06,3.509715708e-07,5.120380711e-07
id44,scenario5,5,2.604732266,0.5694325557,0.9946689204,1.501889492,0.942301921,1.036322805,3.442635992,1.02544484,1.438608334,2.066946504,0.8010771658,1.117451826,1.488877682,0.7631956931,0.940866409,2.382498168,1.016285977,1.355990755,1.13855486e-05,5.853276995e-07,1.545394629e-06,4.023180684e-06,1.471471711e-06,1.664062291e-06,2.425401592e-05,1.737097313e-06,3.15673743e-06,1.10376331e-05,1.256586479e-06,2.248773682e-06,5.318969112e-06,1.049140022e-06,1.981168832e-06,1.274427975e-05,2.027987681e-06,4.242826414e-06
id44,scenario6,6,1.626682187,1.673669599,3.701093987,1.438445208,1.865575564,3.623540729,1.645007281,2.719242925,3.443809813,6.757110002,6.641677813,7.04341092,3.877467906,3.358089009,4.212548872,3.794455557,3.271154923,4.111625166,1.230929818e-05,7.679685892e-06,4.36414458e-05,9.722949937e-06,1.262683058e-05,3.458487987e-05,1.113865941e-05,1.974054512e-05,3.165189295e-05,0.0001779042191,0.0001267456145,0.0001457903078,5.423713127e-05,4.540535402e-05,4.81586406e-05,4.720172975e-05,2.70601437e-05,4.024959105e-05
id44,scenario7,7,2.922682425,1.170807281,2.203103426,0.8779665993,1.612329556,3.227569468,1.830483096,2.331395518,3.521549975,0.2354115541,0.184569358,0.2372569965,2.233126688,3.069435496,3.100708372,1.2204423,1.507081696,1.733057214,5.566786532e-05,4.12165621e-06,1.405131255e-05,4.115781462e-06,8.098250486e-06,3.202001344e-05,2.409497877e-05,1.942286244e-05,4.393328312e-05,7.449804531e-07,3.116091008e-07,4.886650914e-07,6.92998631e-05,6.639694562e-05,8.833809816e-05,2.601870361e-05,2.728599136e-05,3.361736279e-05
id44,scenario8,8,9.468648291,8.193159583,13.50800889,9.673086029,7.435944166,13.03995102,7.401364528,5.345911626,10.64009735,10.7495977,7.106279336,10.21410668,15.10564624,11.94056935,18.97165598,15.55091903,15.05477594,28.9443246,0.0002154313588,0.0001524375079,0.0006389309295,0.0002377478257,0.0001619246074,0.0004925861346,0.0001549276026,6.426035732e-05,0.0004453375554,0.0002788632717,9.715539744e-05,0.0002260938954,0.0004670933278,0.000278203089,0.0009139826196,0.0004971641762,0.0004139158155,0.001736611047
id44,scenario9,9,13.53968589,12.67759815,19.10000289,13.01972308,8.712167644,19.57553172,12.75249915,9.400744408,23.35073548,13.86137215,11.16158372,16.00140504,14.35411327,11.07197403,19.70387343,9.5438481,8.305416184,15.41958746,0.0004044116694,0.0003079701172,0.0008100490202,0.0004115810944,0.0001623209631,0.000887439303,0.0003767448716,0.0001975846794,0.001394795388,0.0004003268858,0.0002621934864,0.0005765672113,0.0004645534673,0.0002350826207,0.000936979202,0.0002708628603,0.0001846516527,0.0008788781698
id45,scenario1,1,2.240337905,2.457370991,3.354498177,2.346156698,1.598042157,2.669659572,2.131951239,3.570499623,3.101305296,9.171089806,9.258566442,11.74192517,13.07429014,11.13898389,16.17773051,14.88703233,13.21018827,15.70322773,2.678082611e-05,2.087552631e-05,4.076869894e-05,2.999680731e-05,5.776055447e-06,1.737777483e-05,1.675295952e-05,4.041078075e-05,1.858712747e-05,0.0002550458206,0.0001857008646,0.0002978269701,0.0004019889518,0.0002904075959,0.0005349233021,0.0005018508468,0.0003271155409,0.0005335417189
id45,scenario2,2,9.108451633,11.74357063,13.10896045,12.88550387,15.3801152,18.71565638,12.00548099,10.41421374,20.9698031,12.00716328,9.563422055,13.63955718,12.25709904,8.383536831,11.56536843,12.54479668,10.90422311,14.88861105,0.0002090076485,0.0002818396607,0.0003371585739,0.0003701415087,0.0003688764959,0.0005475463377,0.0002826906765,0.0001833043428,0.0006867896502,0.0003666211116,0.0001841358988,0.0004612874446,0.0003660825264,0.0001341951428,0.0003279248983,0.0003713481712,0.0002330427413,0.0004772572603
id45,scenario3,3,11.44221361,8.061389132,13.56508906,13.80636362,7.489042862,14.74205596,9.342452376,6.472353856,7.590214548,15.90207951,11.93650965,14.93736769,11.06886312,9.332405446,8.599917675,8.750372299,7.125222927,7.987703981,0.0003480662069,0.0001115782094,0.0004109745663,0.000509756584,9.616552973e-05,0.0005093737563,0.0002677681645,8.580200099e-05,0.0001346946705,0.000600551003,0.0002541020348,0.0004670261276,0.0003569333643,0.00021849054,0.000160088406,0.0002501920839,0.000135133478,0.0001320901284
id45,scenario4,4,8.960513665,5.935108857,7.624956151,4.930320675,4.29455393,3.426275663,3.909970186,3.244145037,2.625109469,11.87840735,9.622780328,12.43660175,11.02593414,6.662145912,10.21744265,13.76050852,13.09268196,15.08127691,0.0003687719129,7.584373999e-05,0.0001927092457,7.00946607e-05,4.375498364e-05,3.719065715e-05,3.583654095e-05,2.375191288e-05,1.327007061e-05,0.000313151004,0.0002007124997,0.0003124447183,0.0002983988255,9.347032414e-05,0.0002826521279,0.0004163207876,0.000311426905,0.0004422420845
id45,scenario5,5,7.279926642,8.81767506,8.393539664,16.64938837,12.64167464,21.8885145,9.279405439,6.427932325,12.18095307,12.62027513,11.20290418,11.06598265,12.55389487,11.98867022,19.06783895,13.93808077,14.15035024,15.92524666,0.000125355639,0.0001562814627,0.0001154445992,0.0006165240481,0.0003062031419,0.0008027628733,0.0001912900274,7.611941116e-05,0.0002924608661,0.0004725270425,0.0002877760727,0.0003310849754,0.0003722020923,0.0003063349345,0.0008765010892,0.0004315873497,0.0003688329027,0.0005705413862
id45,scenario6,6,4.903929785,5.641226169,8.001594133,9.528045844,9.15346457,13.31992495,10.26009877,10.52878538,14.98713413,1.464973765,1.594463177,1.238748238,6.160746907,5.802487417,6.359922158,0.9130684313,0.951678545,0.9671690207,9.877222671e-05,6.934993115e-05,0.0001421312313,0.0002426412035,0.0001588625073,0.0003800235932,0.0002733698767,0.000237201115,0.0004281533307,6.302557704e-05,2.950711585e-05,1.578024857e-05,0.0001591180472,8.964462001e-05,9.819760537e-05,1.931558834e-05,1.082663566e-05,7.500646805e-06
id45,scenario7,7,16.80123149,9.446646815,17.54687622,16.22143814,15.63713276,17.37205746,17.64674341,16.34062787,17.4483928,13.57868791,10.4609049,14.30948341,19.25488378,11.7389681,19.33417799,13.53701331,11.41403416,12.8483544,0.0005893329253,0.0001383906061,0.0004394781597,0.0004807456058,0.0004292961111,0.0004468292371,0.0005750992097,0.0006662229696,0.000433282082,0.0004361717855,0.0001888349342,0.0004197422305,0.0006818451384,0.0002396620051,0.0006273386397,0.0003783690694,0.000251809875,0.0003455843457
id45,scenario8,8,7.298104247,8.537283418,9.049816613,8.006007984,5.549812928,10.48151591,6.19309864,6.581566939,8.803241803,13.68751025,11.60654544,14.98997015,13.25216101,12.37491184,12.46950967,11.94100452,8.298103113,11.7305207,0.0001756440546,0.0001971891026,0.0001877488533,0.0002337291842,6.141167882e-05,0.0002756136056,0.0001235004869,0.0001177529906,0.0002139852739,0.0004424435414,0.0002683115747,0.0004609290305,0.0004003461986,0.0003101555113,0.0003036222052,0.0003678550699,0.0001405641516,0.0003177508407
id45,scenario9,9,14.67538164,10.05658788,14.76405095,14.63995542,12.44118541,14.89821893,16.2045346,12.06163601,13.69796085,14.47033139,10.66354322,14.38076884,19.50666155,12.81469761,18.16454086,15.76949271,12.131213,15.99499601,0.0004165445921,0.000182725339,0.0003332959306,0.0005226006594,0.0002814257647,0.0004340836797,0.0006227992407,0.0002648187265,0.00033521105,0.0004564473301,0.0002050897194,0.0003732934789,0.000767314779,0.000303038971,0.0006483234539,0.0005557547459,0.0002871254856,0.0005153334549
id46,scenario1,1,15.37677547,7.352971444,13.00544,9.471902967,6.108519741,6.414519425,17.03690018,9.646557644,17.41166487,7.886835352,6.180744872,6.049938794,8.698838576,5.421022354,7.135587414,8.898578068,7.321046375,9.348057825,0.0004191903579,8.205413573e-05,0.0002661432426,0.0001583683785,6.702516477e-05,7.374160072e-05,0.0005590568615,0.0001488626525,0.0004646836563,0.0001505918477,9.834495038e-05,6.538602455e-05,0.0002003134393,5.131349877e-05,9.894604273e-05,0.0001780644938,0.0001138570846,0.0001668217099
id46,scenario2,2,6.074698412,3.671100625,7.491590679,4.984534744,2.698827228,3.33355748,8.557218825,6.46906218,13.86055256,12.73531608,8.478750332,9.221442768,10.35688889,6.619344785,7.660014238,9.581933253,7.294957835,10.36091891,9.304526408e-05,2.149059325e-05,0.0001177915423,6.570095587e-05,1.225647844e-05,2.12183436e-05,0.0001543547709,7.470085614e-05,0.0003452235452,0.0003523798036,0.0001345078368,0.0001686047204,0.000215660318,9.080665388e-05,0.0001155293171,0.00022367338,0.0001016098425,0.000287161474
id46,scenario3,3,10.02709225,6.17232391,8.457854713,9.032092187,5.396435797,5.469172512,12.45909152,11.11242529,11.90641117,7.88459624,5.055132765,7.383480567,7.568698414,4.701622834,6.926743435,8.060577976,5.065009028,6.913416073,0.0001638753516,5.562094819e-05,0.0001027907927,0.000121543965,4.400450705e-05,4.733683728e-05,0.0002979618069,0.0001984541854,0.0002088390214,0.0001370504029,4.430463279e-05,0.0001044104518,0.0001086799257,3.620281781e-05,8.072318841e-05,0.0002172402836,6.288831789e-05,0.0001613670998
id46,scenario4,4,2.632099689,3.476906502,5.603525857,7.095299964,9.195745985,8.468379952,15.55173764,15.69840415,10.21765798,8.667763545,4.187798489,6.28428601,9.285300313,7.23675497,7.829827488,6.43607751,6.189167371,5.644544159,2.71627979e-05,3.017201672e-05,7.053965386e-05,0.00012513931,0.0001517167379,0.0001257893699,0.0004841065041,0.0005493369747,0.0001975088007,0.0003291085789,4.56927784e-05,9.18572728e-05,0.0002428091643,0.0001110739406,0.0001157917531,0.0001780348822,0.000133688341,9.773406744e-05
id46,scenario5,5,10.38535247,5.475690257,9.927754228,11.55969783,8.419240343,7.057938704,9.137199362,12.82758921,15.31715925,9.830930474,8.842692916,10.29405457,3.320064402,3.946413631,3.930743279,3.140819398,3.851119471,5.397600271,0.0002487295624,4.841288355e-05,0.0001889134789,0.0002754711038,0.0001186903644,7.776090698e-05,0.0001853840777,0.0003807581914,0.0004693992499,0.0003198607062,0.0001910677024,0.0002541885708,7.96679859e-05,8.479486036e-05,8.60820757e-05,7.733145494e-05,6.953584619e-05,0.0001435976629
id46,scenario6,6,1.907442505e-05,2.404968104e-05,7.608998905e-05,2.535425223e-05,3.025271577e-05,0.0001052780418,1.804247949e-05,3.227324717e-05,6.255888766e-05,0.08642895572,0.1167658986,0.1797753603,0.1115111154,0.1600341793,0.241341652,0.09008046571,0.09381706568,0.1560864857,0.0,0.0,0.0,0.0,0.0,0.0,0.0,0.0,0.0,9.08482491e-08,9.57018064e-08,2.242876138e-07,1.490669781e-07,1.758228148e-07,3.957727266e-07,1.092543449e-07,7.15783038e-08,1.789119144e-07
id46,scenario7,7,0.002052574389,0.00104401472,0.002527725136,0.06075613681,0.0310740509,0.07541113215,0.00213629391,0.001099885437,0.002676541026,8.150256883e-05,9.580914418e-05,0.0001468849636,5.741529923e-05,8.334418801e-05,0.0001032445706,7.143973818e-05,7.716351749e-05,0.0001301795404,0.0,0.0,0.0,2.40114656e-08,2.9161507e-09,1.57019511e-08,0.0,0.0,0.0,0.0,0.0,0.0,0.0,0.0,0.0,0.0,0.0,0.0
id46,scenario8,8,7.428565726,4.897555365,5.610000108,7.145620592,5.671953893,5.839107373,8.545196275,5.884185425,5.43839678,1.219643123,0.5024902318,0.6975402614,1.120109474,0.519416069,0.7245975422,0.6011643528,0.5245461558,0.642904941,0.0001178028829,4.178901081e-05,5.926584392e-05,0.0001006378672,6.068564108e-05,6.558591378e-05,0.0001724416126,7.118551393e-05,5.917739673e-05,4.004400978e-05,2.389334453e-06,5.341936323e-06,1.32656824e-05,1.767034677e-06,3.037757358e-06,4.367052291e-06,4.128720867e-06,5.441225782e-06
id46,scenario9,9,10.82362881,7.442588583,8.520379339,16.91168774,12.14248627,15.52481035,12.50144424,8.294713144,9.879409562,10.67276928,7.654330621,8.938175029,16.00557885,13.67378506,13.37813971,14.77880574,10.84954273,9.809613726,0.0002077199114,0.0001084607203,0.0001285089845,0.0005710461597,0.0002573945417,0.000440355877,0.000376821198,0.0001791120017,0.0001972756876,0.0002219052083,9.670814936e-05,0.00014918202,0.0004573144618,0.0003494127252,0.0003162614043,0.0005307166019,0.0002415800321,0.0002015163195
id47,scenario1,1,11.50183105,7.234453041,7.965984636,11.45485218,9.309546198,8.527881853,10.23206565,6.737710333,6.700187222,11.27410751,8.204098579,7.687596221,10.86004805,7.389939427,8.608188697,12.43858453,8.201110624,9.47608036,0.0002512252893,9.509671113e-05,0.0001186619227,0.0002687632041,0.0001516405653,0.0001639694245,0.0002578865087,8.586598688e-05,9.761075736e-05,0.000226464762,0.0001161093346,9.478418184e-05,0.0002399773765,9.531187533e-05,0.0001215809003,0.0003564142894,0.0001373147763,0.0001749976142
id47,scenario2,2,9.150525899,6.083621654,5.502117456,8.984577367,6.870237493,8.860678883,10.20034496,6.29065389,5.480694462,10.05347369,6.490809791,6.545150156,11.3164372,8.006782205,6.592190709,10.11949198,6.10776358,6.649237461,0.0001755492434,6.74964199e-05,5.538082765e-05,0.0001656667644,8.264924576e-05,0.000144814928,0.0002220320409,7.763864419e-05,5.714125273e-05,0.0001941555662,8.359282838e-05,7.342080906e-05,0.0002339681957,0.0001105769879,7.531914531e-05,0.0002075418976,7.138815749e-05,7.633796931e-05
id47,scenario3,3,8.799847756,5.635737448,4.416500464,12.00107104,8.51573412,6.52865407,9.249023089,5.591832632,6.411615106,6.471361671,4.543135341,4.104336219,7.276014526,6.137623077,4.328009478,6.409434414,4.961321156,4.59652571,0.0001240065058,6.001647405e-05,3.119078082e-05,0.0002793080429,0.0001221867411,7.705985927e-05,0.0001520858561,5.05867507e-05,6.363857389e-05,8.580143434e-05,4.016796497e-05,2.891248633e-05,0.0001052169418,8.225543349e-05,3.242413319e-05,9.918359422e-05,5.746000319e-05,5.497627963e-05
id47,scenario4,4,9.379412821,4.909177362,4.689349492,9.856262171,6.771722558,9.346066953,12.17134745,6.819812708,7.164668349,5.794991776,3.869853122,3.884740524,7.689460886,4.704521886,5.651813044,6.258681029,4.288209671,4.399484418,0.0001487449303,4.625683666e-05,3.405582349e-05,0.000178719135,9.10590471e-05,0.0001722079676,0.000283483855,8.797650788e-05,9.201736071e-05,5.457222505e-05,2.285895135e-05,2.53676997e-05,0.0001360068924,5.037139635e-05,6.224884344e-05,9.315460079e-05,4.471634725e-05,4.16592742e-05
id47,scenario5,5,7.94318986,3.240315774,5.790014547,10.14797609,5.933409385,7.281291574,9.86357332,6.24530235,7.746594715,15.65825788,11.95525473,14.2677715,16.60655774,12.49321378,12.94249867,18.99618936,14.47014067,17.049586,0.0001255120274,1.795221553e-05,5.484185106e-05,0.0002458397655,6.55131502e-05,0.000101072091,0.0001996722772,6.401118871e-05,9.376727647e-05,0.0004358036664,0.0002705718051,0.0003768110739,0.0004965997878,0.0003012967639,0.0002787970757,0.0006413404216,0.0003715944774,0.000584908247
id47,scenario6,6,10.12506452,6.528315208,6.468744933,11.79398774,7.237066998,7.425454655,11.61898796,7.801360643,8.08071248,11.04113522,8.2757955,8.910858185,10.30884432,8.935958019,7.66471414,10.94329874,7.163758481,7.572761317,0.0001795124495,7.335646589e-05,7.02969302e-05,0.000251612465,8.664788684e-05,9.281200484e-05,0.0002214270784,0.0001025698759,0.0001120017594,0.0002126752202,0.0001044161863,0.000123058394,0.0001958452889,0.0001375321578,9.163221821e-05,0.0001962446505,8.137355589e-05,9.149628029e-05
id47,scenario7,7,10.32221839,7.132103356,6.865720727,9.746413869,5.919081187,5.710242252,11.24256301,6.983489337,7.001778936,10.05323897,6.915993878,8.018598579,12.60700811,7.388332747,8.536204105,11.86648852,7.365309454,8.702740345,0.0001787274538,8.168168828e-05,8.909905086e-05,0.0001735847325,6.390325385e-05,5.432262899e-05,0.0002524880529,0.0001009967113,9.435500893e-05,0.0001709891491,7.484432758e-05,0.0001016907622,0.0002549538957,8.59470245e-05,0.0001258863897,0.0002386186737,8.711906961e-05,0.0001316170485
id47,scenario8,8,2.831074405,2.247112896,1.751377924,11.94595981,9.249728584,9.187704669,10.44398426,9.522021355,9.580136491,2.293640059,1.5915649,1.446409381,14.94027569,8.959856276,8.796530231,12.84403004,7.803696335,9.258126653,1.459192877e-05,8.631324028e-06,5.396856468e-06,0.0002309254703,0.0001434686254,0.0001542495265,0.0001992319327,0.0001588662447,0.0001617023976,8.926703503e-06,4.293579343e-06,3.665799126e-06,0.0003576089345,0.0001409801175,0.0001265042039,0.0002798311239,0.0001007305894,0.0001460613132
id47,scenario9,9,6.911555966,3.906335202,4.465479369,9.968637065,4.599410513,7.400728561,9.783565158,7.089774248,8.173884607,7.269478656,4.974497797,4.124741094,8.752039958,5.194838031,5.340858552,12.30843428,8.371739527,6.768794745,8.638767247e-05,2.586221753e-05,3.721386226e-05,0.0001775497591,3.417369892e-05,9.596748506e-05,0.0001954014662,8.946808698e-05,0.0001360113345,9.446101852e-05,4.108440408e-05,2.94048943e-05,0.0001400044145,4.336264841e-05,4.860947553e-05,0.0002876222403,0.000130640933,7.784246119e-05
id48,scenario1,1,1.553739805,1.046039606,0.9500425038,2.28301219,0.9851724289,1.379480716,1.627563386,0.8486393696,1.206731487,3.141398583,1.748901014,1.767843347,3.630422467,2.420561926,2.0897605,2.486953641,1.923030853,1.240428628,9.488702691e-06,4.497527901e-06,2.139732946e-06,1.497223321e-05,2.561631183e-06,4.537315357e-06,6.814517347e-06,1.829726924e-06,3.591990575e-06,2.852401559e-05,1.021883955e-05,7.053752887e-06,4.156403237e-05,1.417377732e-05,1.108845443e-05,5.321749583e-05,1.946479002e-05,4.083394348e-06
id48,scenario2,2,7.678462487,3.983303823,5.457294822,9.053452994,5.278690715,5.452038924,10.84378682,7.321577232,7.073581262,6.093791732,3.31020526,3.906776934,7.718295626,4.695519847,4.69968444,9.366564046,5.496601467,6.739642372,0.0001105974576,2.629976475e-05,5.14081671e-05,0.0001374152826,4.709318485e-05,5.554909782e-05,0.0002100194264,9.4266248e-05,8.691370925e-05,7.791222828e-05,2.137374074e-05,2.888322725e-05,0.0001215216594,4.08904249e-05,3.767906681e-05,0.0002099478674,7.521253149e-05,8.712743685e-05
id48,scenario3,3,7.221323852,4.606699047,5.42380031,10.91245258,7.889604397,6.912535825,8.220718068,5.675567402,7.713677984,12.16568421,6.203453647,7.222860116,10.04445975,6.719422974,7.032306729,12.07635196,7.191292406,7.552781608,9.973904291e-05,4.066701573e-05,5.189182434e-05,0.0002789109723,0.000109871272,0.0001026050858,0.0001511175171,6.147702324e-05,0.000117947643,0.0002344089491,6.282886037e-05,7.822874599e-05,0.0001668722098,7.803476306e-05,8.2904329e-05,0.0002408990507,8.849176089e-05,8.644627912e-05
id48,scenario4,4,9.079100909,6.607305476,6.204935257,11.27647449,6.430865656,7.79423624,11.40473515,8.677700025,8.573210352,11.453466,7.641148464,6.705344472,11.08367503,8.797211881,9.440575514,12.2431614,7.586681582,8.238117825,0.0001365437487,7.339924123e-05,6.438599107e-05,0.0002307973663,6.988700037e-05,0.0001000271418,0.0002904421194,0.0001363820797,0.0001416513158,0.0002216600747,8.72468346e-05,7.228131935e-05,0.0002226093267,0.0001439782383,0.0001827755279,0.0002850376512,0.0001006919934,0.0001315603674
id48,scenario5,5,13.3135467,7.424805526,8.50936747,9.421158953,5.50956565,7.086435437,11.39459065,7.572007112,8.085597676,12.64220106,7.557165628,7.768270601,12.84317525,6.138827812,8.137775397,12.13741961,7.563289773,8.658047474,0.0003093635634,9.788051845e-05,0.0001185889509,0.0001441088941,4.684796945e-05,7.531756891e-05,0.0002203230876,0.0001009180842,0.0001118466966,0.0003011746738,0.0001013769026,9.953318696e-05,0.0003104884556,6.397870313e-05,0.0001202533156,0.0002513469319,9.211685599e-05,0.0001256091455
id48,scenario6,6,12.92211471,7.373728282,7.469345963,15.66031327,9.998071162,8.166044217,15.12265036,8.830593087,8.763580839,11.42554219,6.620366459,6.742998615,12.61260131,8.208176905,8.605302354,11.75530367,6.015753966,6.265764813,0.0002593370238,8.730486698e-05,8.998097355e-05,0.0003632687552,0.0001791550451,0.0001040463575,0.0003722462318,0.0001273312482,0.000120765362,0.0002093904797,6.770343358e-05,7.022993017e-05,0.0002675462298,0.0001068420909,0.0001249785562,0.0002510691026,5.966307086e-05,6.321801003e-05
id48,scenario7,7,11.95022806,5.606846067,7.39488186,12.45942625,8.712492415,8.89458739,10.21840112,7.00628949,6.227424688,8.887070319,5.075949779,4.914185533,14.17730253,8.110027615,9.691188347,14.10749753,8.986196426,8.066167115,0.0002697586741,5.120648714e-05,0.0001010097324,0.0002493840947,0.0001253283916,0.0001319611278,0.0002135886671,8.42796324e-05,6.979050538e-05,0.0001442244964,4.078188936e-05,3.902034499e-05,0.0003439409254,0.0001015417554,0.0001670284069,0.000335896548,0.0001355263389,0.0001107303963
id48,scenario8,8,10.03003958,6.852661044,5.624049421,8.749051713,4.826012102,5.368784577,10.17902462,6.216165717,6.358296556,10.44480557,5.912183763,6.354900167,10.20668705,5.154846791,5.590797936,11.11752671,6.94954015,7.275447065,0.0001871259179,8.497406791e-05,5.571822548e-05,0.0001400485812,4.381991993e-05,4.724158277e-05,0.0001996073515,7.949989078e-05,7.366029204e-05,0.0001847137431,5.382954374e-05,7.097731945e-05,0.0001853523436,4.476738111e-05,5.176873071e-05,0.0002302585331,8.416627856e-05,9.005793067e-05
id48,scenario9,9,8.32736592,5.37969763,6.099463538,13.57770692,8.287828817,8.231505671,12.21400918,8.432019727,9.327255861,9.814989366,6.266262492,6.073111316,12.74323942,8.485133898,8.579085434,10.18570003,7.687503404,6.413615618,0.000127453259,5.322509845e-05,6.175689122e-05,0.0003261848802,0.0001093401321,0.0001178260537,0.0002597230479,0.0001235254772,0.0001554916902,0.0001682822627,6.503474118e-05,6.356887846e-05,0.0002749716984,0.0001110808995,0.0001133781749,0.0001917338464,0.0001085439793,7.625187489e-05
id49,scenario1,1,11.96144799,7.467373415,9.891068263,11.47933268,6.694608264,9.774906129,14.04721784,11.18945852,14.30446402,17.19570176,12.02035841,13.12793616,8.414444123,6.732877913,7.789855243,23.39426122,15.32008487,17.98454889,0.0002406420664,0.0001101986569,0.0001510042536,0.0002645643397,8.612630337e-05,0.0002154461854,0.0003296205864,0.000203830412,0.000361576131,0.0005271362978,0.0002408023454,0.0002958558986,0.0001199367683,7.792547763e-05,9.674260691e-05,0.0008624637703,0.0003628795138,0.0005300478599
id49,scenario2,2,14.99763196,10.66428113,11.03121958,15.19355783,12.59962733,11.57375967,11.28374041,9.633014565,8.904112343,21.0508729,14.26803539,15.41183098,19.90467338,13.18673515,15.91892661,18.52040023,12.53885304,14.06806029,0.0004159261516,0.0002115610061,0.0002472071516,0.0004450456218,0.0003343731002,0.000241446431,0.0002478065967,0.0001731330385,0.0001466937828,0.0007822299645,0.0003296118153,0.0003616142037,0.0007142648093,0.0003062347747,0.0004082612861,0.000592216848,0.0002459436779,0.0003175987779
id49,scenario3,3,20.16934697,13.98670672,16.26096489,17.31449642,13.25532402,16.5515943,15.32697939,9.532830101,11.25037999,13.77759291,9.460709453,13.54927215,18.40938699,10.14751256,14.12419626,16.73563183,9.365797058,10.41136286,0.0007100547958,0.0003070027276,0.0004987628783,0.0005039004394,0.0003415981896,0.0004565948839,0.0004291760768,0.0001554713337,0.0001999335364,0.000344897741,0.0001939260247,0.0003639832296,0.0006171707219,0.0001804798396,0.0003100580325,0.0005447707865,0.0001501685438,0.0001784116665
id49,scenario4,4,8.407191074,7.746196817,6.969665124,11.22423345,8.782114499,7.468542508,8.19507013,4.950587039,6.046202017,15.07031776,10.33991911,13.87540936,19.40356523,11.07044074,15.84134377,16.55738638,9.663967188,9.578552905,0.0001427821382,0.0001184580577,9.701150167e-05,0.000257189416,0.0001545735316,0.0001062954129,0.0001458506517,4.487733286e-05,0.0001084641892,0.0004265434727,0.0001763038382,0.0003175343956,0.0007023827526,0.0002233920086,0.0004670011784,0.0004826106833,0.000153765548,0.0001542914305
id49,scenario5,5,11.71972827,12.7482064,14.12800239,6.25247645,4.759535068,7.461999976,6.063935913,5.250313113,8.368085055,1.333084537,0.7458650372,0.992392535,1.607044277,0.9098114176,1.410342655,1.12214666,0.8328383257,1.112614226,0.0003075432496,0.0003212449292,0.0003559381884,9.931853233e-05,5.420705782e-05,0.0001232015321,8.724556209e-05,6.83854657e-05,0.0001496559269,2.249490768e-05,3.926003334e-06,7.64493027e-06,5.061196147e-05,5.736255041e-06,2.573784591e-05,1.427998358e-05,4.636987147e-06,1.162416793e-05
id49,scenario6,6,12.13723411,9.088835503,8.756801446,7.207982619,5.807355567,5.265557292,7.483949536,6.719620372,9.669748818,16.74956883,9.465459196,16.83417072,6.214242203,3.812945741,5.703760951,5.312984693,3.892222308,5.757278859,0.0004305921965,0.0002064162701,0.0002086710981,0.000211106825,0.0001001119804,7.821507953e-05,0.0001746855545,0.0001315625719,0.0002628596219,0.0006318977308,0.0001664822287,0.0006580394735,0.0001449454981,3.696680605e-05,0.0001030001635,0.0001152166749,4.713092388e-05,0.00011401944
id49,scenario7,7,8.411065787,4.941132349,6.945022713,7.076408137,4.623639641,6.195316647,6.092936974,4.237267556,6.840815799,18.13339216,11.95208814,16.61463355,9.689353682,6.542644684,8.483871384,9.862287641,6.776604522,8.260484066,0.000191117132,6.161696678e-05,0.0001276084358,0.0001738201538,6.064346063e-05,0.0001218645023,0.0001520211348,5.970079426e-05,0.0001646916873,0.0006187266009,0.0002844441226,0.0004886029685,0.0002757710184,9.559625949e-05,0.0001787734573,0.000281677242,0.0001003198973,0.000142932979
id49,scenario8,8,8.367043749,5.968357457,7.143928255,8.273777304,6.39438185,7.607371332,4.497105414,3.713429334,3.718471926,1.184362372,1.618264437,1.298260658,1.862466681,1.063184933,1.743767233,0.4076760315,0.3862032535,0.3367838233,0.0002508681721,0.0001065709899,0.0001523899567,0.0002423583937,0.0001303977061,0.0001800453875,9.869031472e-05,5.312652942e-05,4.905970457e-05,2.411451184e-05,4.407268998e-05,2.088769956e-05,7.091378744e-05,1.477367444e-05,4.337664784e-05,1.540645624e-06,1.525179697e-06,6.787745394e-07
id49,scenario9,9,21.36974641,14.20845574,21.1951571,21.59882121,15.97607802,19.86365294,19.54578287,15.61361724,16.55691332,28.08567847,18.70897718,21.65451948,32.27556144,20.83664964,20.46173383,27.18476772,21.08245839,17.92996881,0.0008692248829,0.0003542582251,0.0008196832028,0.0008511113511,0.0004299117306,0.0006988956155,0.0007594086648,0.0004516637858,0.0004524019176,0.001238985677,0.0005196022384,0.0007161009457,0.00166732086,0.0006727602149,0.0006177201209,0.001189965686,0.000701150023,0.000494577165
id5,scenario1,1,4.431853402,3.577929319,4.179170474,14.88978714,14.69137142,15.66380019,13.85035834,14.28181111,15.87893576,4.138851052,3.737613008,4.301333312,10.96455662,11.77927019,15.09420774,16.7592573,18.32321624,19.0479191,3.210618779e-05,2.237368887e-05,2.970629193e-05,0.0004350121794,0.0003707020441,0.0004216584507,0.0003800878605,0.0005452733232,0.0004813877235,2.845568068e-05,2.313321793e-05,2.971385135e-05,0.0002936687481,0.0002992835791,0.000547630702,0.0006130924511,0.0006324303931,0.0006761739005
id5,scenario2,2,0.988712959,0.7466272317,0.8510856492,8.60104268,7.779198115,9.030045455,8.501076517,7.426699771,11.87313462,0.6906266244,0.6375388026,0.6861912857,10.96035376,12.90808646,19.37381906,10.95497702,13.10426719,13.14278664,1.916669392e-06,1.063188162e-06,1.300294252e-06,0.0002872380515,0.0001925292789,0.0002512008563,0.0001931431075,0.0001186664777,0.0004348777756,1.203103822e-06,1.045146486e-06,9.602946232e-07,0.0003282644643,0.0003780686102,0.0008363298842,0.0003286663466,0.0004227940727,0.0004131043623
id5,scenario3,3,6.884647873,5.733635495,6.60862666,14.64992814,10.03100203,14.19108269,14.00533117,11.73833911,12.71559249,9.088695609,6.305060468,8.133831703,12.60476033,11.16310397,12.81843921,15.76579455,11.2765992,15.12640966,8.069833881e-05,5.105882328e-05,7.918398369e-05,0.0003989267829,0.000155864736,0.000345149972,0.0003576736061,0.000221772,0.0003033402377,0.0001536672103,6.453125141e-05,0.0001171812731,0.0003221859429,0.000234519367,0.0003104844531,0.0004442689359,0.0002050718602,0.0003963188525
id5,scenario4,4,2.245492901,1.398276966,0.8624512204,15.1802169,8.495200577,9.169814169,7.364757813,10.79110505,7.497450502,3.633040378,3.408793519,4.868821771,21.25849937,16.00262826,17.65656474,18.38441692,12.95789324,21.3627924,7.573674204e-06,2.883943227e-06,1.185724343e-06,0.0006951971566,0.0001414828014,0.0002089299115,0.0001655415306,0.0002171966235,9.929534959e-05,5.414482526e-05,3.678271433e-05,9.931929798e-05,0.0009305759782,0.0004673902645,0.0006523464701,0.0006696316899,0.0003039824162,0.0009003672863
id5,scenario5,5,1.587812803,2.420409671,3.473451566,0.574641915,0.6655993809,1.411829175,0.2532327627,0.279685792,0.5970883047,2.36813487,2.555543081,3.197982828,3.810023717,3.723886866,5.043329823,4.949734948,4.112496342,6.009463461,2.095926409e-05,2.740110661e-05,5.896277803e-05,2.924945245e-06,1.568222236e-06,8.13115845e-06,4.924172891e-07,2.583364454e-07,1.294003401e-06,3.373167065e-05,2.999675037e-05,4.757058787e-05,6.499092575e-05,6.553965799e-05,0.0001036126267,0.000133851277,6.774526987e-05,0.0001632425488
id5,scenario6,6,4.488121217,3.947939263,4.722565065,11.81544198,10.6219293,15.49576602,10.43294106,9.109106692,11.73648328,4.833337454,4.881396325,6.351714333,13.27130029,9.140137173,13.90719255,15.01408941,12.94462229,18.56225271,3.620079689e-05,2.613456478e-05,4.177444911e-05,0.0002937105813,0.0002361552771,0.0004375035967,0.0002632791769,0.000170256675,0.0002605196306,3.807552774e-05,4.021728095e-05,7.271106028e-05,0.0003663669888,0.0001683798528,0.0004074850461,0.0004213548511,0.0003164337387,0.0006425302917
id5,scenario7,7,4.539707322,4.5877102,7.116840672,8.010564406,7.844161342,7.958478958,18.53375439,15.24297534,17.13099421,0.8126277115,1.203307584,1.630283615,0.0001905147122,0.0003359739535,0.0004675788823,9.324574606,10.60467403,12.98160514,9.80840829e-05,5.462926202e-05,0.0001614211175,0.0002268017349,0.0002099487954,0.0001541634996,0.0005893849644,0.0003928490164,0.0005014517655,1.09890112e-05,1.30700428e-05,2.159846558e-05,0.0,0.0,0.0,0.0002773939527,0.0003069303401,0.0004308282793
id5,scenario8,8,3.700238143,2.705783702,4.583696259,13.44264554,13.61815067,19.80445543,22.28842227,11.88184401,27.23682249,1.066639135,1.576361289,1.905445965,12.90123668,11.62614893,17.31637832,16.81312006,20.02845308,22.56409232,8.498995647e-05,2.396315627e-05,5.837023757e-05,0.0004566671077,0.0003522320165,0.0007383634787,0.0008761070955,0.0002489252869,0.001353988169,1.601207391e-05,2.047647521e-05,2.989785433e-05,0.000417692372,0.0003052853458,0.0006843855612,0.0006079672404,0.0007021820704,0.0009296638564
id5,scenario9,9,2.597153877,1.794590833,2.076567955,10.43295771,7.834833748,10.31154789,14.94696178,12.80807483,18.93895385,0.9489271765,1.150263754,1.463099829,12.21194889,9.489270793,10.17381607,10.08815247,8.634819602,11.25032532,5.827869846e-05,1.326000772e-05,1.96908356e-05,0.0003410332469,0.0001490148135,0.0003527138445,0.0005231093738,0.0003409316273,0.0008071017002,6.551395712e-06,7.650517414e-06,1.455783197e-05,0.0004431164611,0.0002337974026,0.000228120419,0.0003404269471,0.0001992059256,0.0003774416077
id50,scenario1,1,9.225055978,9.770101408,10.21048301,23.67945278,16.01261207,17.64729677,12.52584976,10.67145948,14.50933551,17.20525255,15.8150999,18.59614964,15.82446428,17.15200718,20.92973565,24.25277009,21.21299773,27.02845474,0.0002345576342,0.000189370933,0.0001831324285,0.0009854456145,0.0004213713633,0.0005139374046,0.0003302806691,0.0002150078358,0.000355897474,0.000671270172,0.000558648939,0.0006722549452,0.0005408852313,0.0005644427177,0.0008954899966,0.001069625093,0.0007373038379,0.001218421027
id50,scenario2,2,9.330932629,9.827727561,7.544235761,16.83702098,14.72344631,10.70961339,9.17220455,10.56338989,8.593873846,8.267507542,9.212976734,11.34385216,7.156605762,5.483251123,7.484387253,9.183791602,7.359372298,7.755426788,0.0002622328874,0.0002399426991,0.0001271226768,0.0006836900972,0.0004732791271,0.0001925199523,0.0003239738151,0.0002688910448,0.0001469354797,0.0002971251875,0.0002374874762,0.0004312117068,0.0002801663785,8.790791911e-05,0.000172094895,0.0003352024278,0.0001482801489,0.000193941071
id50,scenario3,3,14.16868455,14.38859923,11.17604863,7.049132103,9.858349726,6.600879332,13.81662069,12.09675212,15.42208545,5.895647907,6.988447938,7.484122797,14.87258809,15.59234633,18.95766183,8.617591948,10.32279977,10.93489946,0.000509834686,0.0004039661062,0.0002400949218,0.0001911869883,0.0003790848901,0.0001119730795,0.0005052068681,0.0003410485928,0.000469325919,0.0001570742925,0.0001354446189,0.0001474798608,0.0005021800457,0.0004701374758,0.0007324762577,0.0002762328384,0.0003121138751,0.0003861002063
id50,scenario4,4,10.56781861,10.53564043,8.426632492,13.33084526,11.39210746,12.72621866,14.10347674,15.02959824,13.55653753,5.868321914,5.209179672,6.316808137,3.273857647,2.950761211,4.179235831,7.752595662,8.875357933,8.35309507,0.0002719836311,0.0002137793667,0.0001404791944,0.0004489281539,0.0002572333788,0.0003496097792,0.0004174309214,0.000475062609,0.0003400548808,0.0001281279377,6.391703548e-05,9.700306294e-05,7.012017685e-05,4.932249785e-05,0.0001092851277,0.0003073653023,0.0003411896762,0.0003184832893
id50,scenario5,5,9.688515274,7.488048026,9.324939718,1.471026877,1.301296927,1.294657533,2.35998963,2.059732588,2.144056805,1.426098247,1.305411031,0.7778879266,0.04916910072,0.03573309939,0.04016849324,0.05888410522,0.04277429042,0.04814797681,0.0003303201565,0.000157224423,0.0003057046393,1.96368854e-05,8.13902535e-06,7.871047254e-06,4.66860631e-05,2.491601275e-05,2.414128798e-05,3.854875634e-05,1.665861872e-05,5.285244004e-06,2.01565422e-08,8.9367574e-09,1.2401175e-08,2.88780739e-08,1.279833e-08,1.77691964e-08
id50,scenario6,6,2.234486971,1.857384697,1.636707559,10.27419061,6.351822016,7.963434098,2.183755035,1.490894165,1.87607134,0.03080263088,0.02178308843,0.02064859123,0.003915186892,0.002790102154,0.002637570711,0.004199279861,0.00291977525,0.002729961178,2.510832313e-05,1.188252044e-05,8.009043008e-06,0.0003370913328,0.0001131146273,0.0001827802266,1.37228763e-05,5.657355196e-06,1.066474358e-05,4.2353815e-09,1.5696822e-09,1.4006422e-09,0.0,0.0,0.0,0.0,0.0,0.0
id50,scenario7,7,14.96466741,8.459993148,9.769313643,11.34225987,7.497411884,10.69468614,14.39753744,9.45644285,10.67096212,1.210823904,1.075941338,0.9848675767,0.0002134444134,0.0002047372685,0.0004280540448,0.000248726764,0.0002120026962,0.0003277017458,0.0007150638749,0.0001927376319,0.000298912551,0.0003974592453,0.0001397089923,0.0003170634942,0.0006450219499,0.0002462901987,0.0002865898726,2.782329224e-05,1.194469885e-05,1.075861639e-05,0.0,0.0,0.0,0.0,0.0,0.0
id50,scenario8,8,19.27738828,16.91232687,18.78363421,19.42845845,18.60333351,19.41319472,17.6202745,16.06020272,14.64619546,15.17330896,14.57614042,13.3867945,8.071141224,8.494797532,6.347571352,7.318509395,6.230750877,6.526387903,0.0007976938832,0.0005587798767,0.0006649237489,0.0007802820428,0.0006709722882,0.0006748631599,0.0007191456679,0.0005710431281,0.0004476922647,0.0005546521701,0.0004949276129,0.0004258037884,0.0002392973313,0.0002295701237,0.0001195882182,0.0002190602858,0.000120191013,0.0001473981463
id50,scenario9,9,19.79021488,17.62268172,23.00705966,20.81078884,19.91706909,21.60635895,13.5595267,10.18590792,14.03041162,16.42049088,16.93647212,20.44225576,9.545243499,9.324961055,11.78427406,6.165591943,7.03051109,8.618737874,0.0006957158629,0.0005180725694,0.0009951764601,0.0008246183832,0.0007963799472,0.0008789852729,0.0004661934821,0.0002288467978,0.0004672205491,0.0005765524109,0.0005330451682,0.0007644210071,0.0003294136478,0.0002717190012,0.000444335341,0.0002022188267,0.0002344559255,0.0003503824296
id51,scenario1,1,3.693454584,3.161129229,3.561039198,7.869690861,4.756896683,5.737245071,6.018247419,4.76013058,5.333773288,4.773644242,3.033601147,3.75094309,7.140893579,5.135752571,5.450078603,7.421281085,6.308455405,7.025448086,2.602825848e-05,1.792184573e-05,2.203649275e-05,0.0001565916021,4.303792844e-05,6.157235196e-05,0.0001036079741,5.523505411e-05,6.955662088e-05,3.700298512e-05,1.724800642e-05,2.341632373e-05,9.463688018e-05,5.392282425e-05,6.237015679e-05,0.0001143922847,7.716444801e-05,0.0001018046814
id51,scenario2,2,9.406539607,6.277093655,6.283424381,9.05509849,5.452216048,6.631725387,9.746007193,6.809172737,8.226807722,9.287463671,6.162526737,6.81711205,5.133167812,2.739493221,3.925322152,5.374928254,3.774130686,5.031508158,0.0002206107529,7.472554708e-05,7.406104671e-05,0.000165779962,4.83384673e-05,6.938288607e-05,0.000192933338,8.498626387e-05,0.00012421804,0.000259385601,8.0428777e-05,0.0001194188278,8.216936463e-05,1.482086245e-05,3.525467832e-05,7.629084387e-05,3.213608258e-05,6.434744467e-05
id51,scenario3,3,12.75031259,9.768973194,9.090845066,16.43202264,8.367499503,10.00856839,13.61593309,8.987459891,11.76103563,13.70911429,8.313315782,7.565386061,14.3756307,10.11675874,9.463809848,13.88642915,11.55774996,11.54279492,0.0002535574792,0.000142120115,0.0001207603291,0.0004288913845,0.0001080693233,0.0001659307226,0.0003164618727,0.0001237385414,0.0002086578773,0.0003125789728,0.0001141374123,9.514619081e-05,0.0003561220691,0.0001688649264,0.0001453431842,0.0003202719198,0.0002097469258,0.0002174550872
id51,scenario4,4,7.253547027,5.842861298,5.887844338,9.408235243,6.445545826,8.482767258,12.62840766,7.251866141,11.59664186,3.550186663,2.786062872,3.298831755,8.691408961,6.422455409,6.859518707,5.478997099,4.278252161,3.950223254,0.0001262667049,5.814094571e-05,5.980128057e-05,0.0002072757595,6.51243659e-05,0.000116407519,0.0003417459771,9.279547656e-05,0.0002226207707,2.286815621e-05,1.229740871e-05,1.878891537e-05,0.0001524181436,7.963003058e-05,8.256650285e-05,5.857631458e-05,3.436968802e-05,2.639345545e-05
id51,scenario5,5,7.677520211,4.639617433,5.369843728,7.484687406,3.742776868,4.966070726,4.013041561,4.039400961,4.297103462,6.401860185,5.315206388,5.448685153,8.493429506,7.754965607,9.169085688,3.802186845,1.891765728,3.413138382,0.0002410011,5.284210013e-05,7.108734562e-05,0.0003407241157,5.753584855e-05,8.256388954e-05,8.039550189e-05,8.909192245e-05,9.487148684e-05,0.0001563194074,9.523612724e-05,9.783683061e-05,0.0002078371102,0.000144864952,0.0001811580416,8.705093276e-05,1.383882769e-05,5.528718485e-05
id51,scenario6,6,8.246020836,5.932203906,7.36492183,6.822225098,4.996304166,6.549101638,8.809612573,6.989282939,8.681404341,6.152457582,4.528688614,5.16433896,8.549662872,6.046290912,6.515525005,6.326731659,4.517634193,5.140207204,0.0001918021359,7.789946958e-05,0.0001136432759,0.0001178614726,4.822515436e-05,7.564816306e-05,0.0002486330256,0.0001014012367,0.0001558683012,9.167088758e-05,4.251273161e-05,6.040289659e-05,0.0001740842464,7.058562713e-05,8.65623643e-05,0.0001363002374,6.278133835e-05,9.459666294e-05
id51,scenario7,7,5.772074685,4.587442269,3.482942236,5.781888767,5.24448813,3.674206182,6.97779841,6.432836766,7.066279856,8.812725109,5.462931837,6.627612889,6.388025841,4.631888633,6.194515104,8.375771567,6.390061061,7.56718389,7.094348026e-05,3.656546247e-05,2.194970006e-05,6.074692609e-05,5.035374386e-05,2.176275728e-05,0.000126394232,7.746500513e-05,8.918575934e-05,0.0001540232761,5.092446875e-05,7.144518908e-05,8.115580979e-05,3.70863311e-05,7.077465057e-05,0.0001276082556,7.827103855e-05,0.0001174465779
id51,scenario8,8,5.995395821,6.548639947,6.145607502,7.93148111,6.7108275,7.237795506,6.872087781,6.305974927,7.746023485,12.5236936,9.422960469,9.593548671,10.04808142,6.831152405,8.361767995,9.235295952,7.561658475,7.920901127,8.339316475e-05,0.0001197469347,8.588210506e-05,0.0001315633397,8.512143994e-05,9.984253223e-05,0.0001065652612,9.479469586e-05,0.0001338407342,0.0003263142,0.0001680115151,0.0001798477308,0.0001821790269,8.197756998e-05,0.000119440873,0.0001526752182,9.443450973e-05,0.0001084677319
id51,scenario9,9,17.51947584,9.819764139,12.37515828,11.76880994,8.871186793,11.95566238,18.03307703,13.25075262,15.61317128,12.12561004,8.011550992,10.0004447,7.830513252,5.289518976,6.878075363,10.6503969,7.728468207,8.008730276,0.0006203335752,0.0001739619288,0.0002848997536,0.0002336540332,0.0001328735381,0.0002228429027,0.0005371083677,0.0002859802977,0.0003983439031,0.0002682991739,0.0001009805371,0.0001849205574,0.0001215948439,4.900604945e-05,8.113697647e-05,0.0002070791306,9.678602687e-05,0.0001089930253
id52,scenario1,1,7.501080339,6.681747386,4.882771951,15.09570007,12.12888099,10.69084227,0.9255887395,0.7994565727,0.9088348946,6.849817336,5.560913798,4.179169152,5.082608543,4.229234926,3.306045758,14.38474085,10.81855563,10.24078593,0.0002389330712,0.0002054446568,9.712544668e-05,0.0006888984866,0.0003345038207,0.0002627660964,1.317156012e-05,4.896673774e-06,5.761453401e-06,0.0002842029219,0.0001461956119,8.60453104e-05,0.0002115092013,0.0001131260919,6.838572031e-05,0.0005984134195,0.0002573371825,0.0002432823881
id52,scenario2,2,2.560398386,2.006012321,2.013291121,3.3257998,3.772848436,2.571627231,28.55434921,17.22666582,17.74391948,1.136614275,0.7900492929,0.7166470588,8.950530249,9.17801171,7.951512694,13.24629304,12.72662745,11.63837195,2.817579571e-05,1.134347942e-05,1.122030999e-05,4.67321257e-05,8.204817635e-05,2.167530876e-05,0.001547767881,0.0005280639572,0.0005214275737,2.312352166e-06,1.247451637e-06,1.079440037e-06,0.0003143176596,0.0003595195449,0.0002445898394,0.0004394546296,0.0004480350819,0.0003684553663
id52,scenario3,3,20.78865154,16.36840459,14.7374385,22.02298469,12.74081309,13.89531516,13.77203899,7.734554715,9.889835043,18.07818989,14.30110828,13.72225861,5.766383849,4.641117875,5.637275885,16.06607215,14.1454663,15.39328341,0.0006474155054,0.0004071505532,0.0003293177316,0.0009137911535,0.0003007900028,0.0003943151877,0.0004033181502,0.000119757927,0.0001864507121,0.0007088309754,0.0004277614413,0.0004195860357,0.0001157894199,6.691131928e-05,0.0001172361644,0.0006077381548,0.0004691636335,0.0005735905819
id52,scenario4,4,12.44358588,11.93321467,11.46669773,10.44969263,9.146470953,12.04096444,5.687150298,6.40370594,8.205983363,16.83671634,17.3360035,14.32463858,19.28564297,15.48006992,13.02256013,10.07314185,10.09911755,8.116863016,0.0003917293905,0.0002739176332,0.000212346721,0.0002298353251,0.0001495252944,0.0003062638027,8.483865422e-05,0.0001002035234,0.0001433409666,0.0006602000997,0.000652602569,0.0004375225114,0.0006758706075,0.0004385802007,0.0002866095192,0.0003082764124,0.0003761827244,0.0001866909818
id52,scenario5,5,18.62349094,12.44059614,13.6805116,12.89995557,8.001352442,7.983254006,17.60098388,15.84116208,11.65872363,18.33929303,15.64805466,16.63579536,20.0984488,16.75475175,13.13892778,18.24705791,12.15170621,12.15351391,0.0005597620207,0.0002629133305,0.0002663170959,0.0002591931092,9.794064054e-05,0.0001153488971,0.0005009110765,0.0004127711081,0.0002064914359,0.0006044506415,0.0004290656493,0.000498220418,0.0006882346128,0.0005311097158,0.0003350669106,0.0005514370997,0.000318736501,0.0002415083136
id52,scenario6,6,6.898290721,4.963607356,4.778189488,6.773650556,4.359964452,4.694044274,5.881264003,3.532207524,4.628025657,6.326459512,4.153878383,4.693088279,8.804330065,6.280173383,7.137220945,9.028805679,6.055505123,7.104225063,9.881914284e-05,6.084315291e-05,5.63488583e-05,8.316462328e-05,4.186905693e-05,3.857988791e-05,6.014779155e-05,2.915056784e-05,3.746977387e-05,9.027347592e-05,3.175596076e-05,4.597189469e-05,0.0001868547071,7.907725779e-05,0.0001281766412,0.000217103469,8.015067408e-05,0.0001307163684
id52,scenario7,7,8.397205644,8.13698122,3.919401415,5.130334887,3.855346532,4.872190509,4.052713884,1.771754544,2.567500047,8.229011987,4.520615079,7.679218547,3.86899905,2.069018367,3.473982239,9.59294051,7.908836162,8.056719824,0.0002448721798,0.0002263940745,4.649660874e-05,0.0001232166504,4.345633624e-05,9.066027698e-05,9.090334924e-05,8.794478822e-06,1.693646318e-05,0.0003005622726,7.747446611e-05,0.0003117592115,6.023474662e-05,1.204941063e-05,4.933751482e-05,0.0003389416484,0.000181335448,0.0001926636588
id52,scenario8,8,20.92390577,18.68415629,14.18183961,10.73671091,5.597669206,6.807821324,13.99640385,10.56471129,8.41725017,15.66810953,14.04501767,12.51585519,17.88237577,17.71969358,15.5126458,15.83445428,18.56463555,15.36399984,0.0008243678985,0.0005772118648,0.0003326741242,0.000421009259,6.04850848e-05,0.0001022542594,0.00049431461,0.0002659404296,0.0001423282441,0.0005892564931,0.0004011485983,0.0003145790552,0.0006355011421,0.0006205301684,0.0004644679047,0.0004854985391,0.0007007868847,0.0004467990416
id52,scenario9,9,27.09767851,21.99539811,14.15500948,17.88907779,21.46331444,12.95580562,17.33904106,13.14952394,8.97247917,18.11544473,14.53523987,14.35609954,22.86997603,24.06000333,24.94922769,22.5528043,20.43697368,22.76096603,0.001244453729,0.0008201406089,0.0003461133974,0.0007665112126,0.0009647957021,0.0003531467383,0.0007517659183,0.0003820083772,0.0001556007249,0.0007480260258,0.0003984441631,0.0004079509002,0.0008620957749,0.0009234650382,0.001025161339,0.0008710615445,0.000714080069,0.0008869558345
id53,scenario1,1,12.70887594,9.558202638,7.494008371,13.12309836,7.310866152,12.40167115,14.15534446,10.48023289,12.77787611,18.5011523,11.29672295,10.75259441,12.16843567,9.464629327,11.41124717,16.24521193,12.20581234,14.49193828,0.0003303001334,0.0001590012143,8.895774161e-05,0.0003190807564,8.799000288e-05,0.0002572909894,0.0003464235166,0.0001692615166,0.0002700304094,0.0005686121164,0.0002037309533,0.0001862461969,0.0002326509993,0.0001575246631,0.0002139596124,0.0004843231462,0.000223064244,0.0003612075887
id53,scenario2,2,1.050301517,2.343760776,3.05490862,1.676278369,1.99964131,1.987345569,0.8495346407,1.580073417,1.860775956,3.143959856,2.767997214,4.247743294,6.999246096,8.712700527,7.542063285,3.281131661,3.349206181,3.323610628,1.124126607e-05,3.772362561e-05,7.165511956e-05,4.453232164e-05,2.655711237e-05,2.976817434e-05,6.594190698e-06,1.636986293e-05,2.822057954e-05,4.354090224e-05,2.339730916e-05,6.967700331e-05,0.0001671968558,0.0002098091395,0.0001481122448,4.186749711e-05,4.484212765e-05,3.050057548e-05
id53,scenario3,3,10.4713524,11.36452287,10.96519266,9.921198354,8.579083162,10.73299492,9.335794958,9.509302473,8.774209535,6.607910313,5.911558554,6.202231613,11.56055703,9.739099375,10.44327712,9.685002161,8.600371053,11.06297902,0.0002821205021,0.0002967792479,0.0002419468593,0.0002678853702,0.00013643133,0.0002246047526,0.0002574184763,0.0001588622245,0.0001516266392,0.0001788477275,8.823269218e-05,0.0001003092363,0.0004060236123,0.0002532284131,0.0003086410439,0.0003244940015,0.0002353747228,0.0003766009699
id53,scenario4,4,9.453856413,7.942052143,5.722156681,12.13938973,8.532421566,9.925793146,9.165253322,8.039834429,9.38341866,16.13261832,12.3055358,12.60648392,14.69669441,9.375380945,9.564590558,9.97772422,8.978651174,7.818901595,0.0002247041989,0.0001833724802,5.750851411e-05,0.0003128348269,0.0001555561822,0.0002300162382,0.0001724370227,0.000158911621,0.0001938153817,0.000560235146,0.000287756918,0.0003320971767,0.0005396433343,0.0001810309434,0.0002011536334,0.0002527322827,0.0001812414002,0.0001417112675
id53,scenario5,5,2.166177929,1.44407798,1.00422154,3.921928635,2.719568809,2.653201227,2.134142357,0.8332078659,1.390093914,8.596704327,3.437846687,3.056590232,8.507104196,3.669162463,3.292530862,7.364440516,2.807401195,3.293957821,1.737290913e-05,9.143547933e-06,3.357916241e-06,3.208332512e-05,1.307464019e-05,1.231138552e-05,1.236749049e-05,1.847149613e-06,5.113298298e-06,0.0001713545341,2.892560902e-05,2.010091211e-05,0.000138314958,2.439049837e-05,2.203905833e-05,0.0001779317158,2.109084634e-05,3.677669659e-05
id53,scenario6,6,9.64508887e-08,2.177714147e-07,4.733215545e-07,6.54651623e-08,1.478103643e-07,3.212626931e-07,1.955957018e-06,4.416253058e-06,9.598632436e-06,0.0,0.0,0.0,0.0,0.0,0.0,0.0,0.0,0.0,0.0,0.0,0.0,0.0,0.0,0.0,0.0,0.0,0.0,0.0,0.0,0.0,0.0,0.0,0.0,0.0,0.0,0.0
id53,scenario7,7,9.390942443,5.251102463,7.220243294,11.97151845,7.215687101,12.56483874,7.561679275,5.605667653,8.468758569,9.047057262,5.813624133,6.500662266,14.73700642,13.81741735,11.67208002,7.224946695,4.727308723,5.015965771,0.0002092641234,7.170853326e-05,0.0001404301584,0.0002704378355,9.12532101e-05,0.0002781123792,0.0001128277115,6.151148056e-05,0.0001884011474,0.0001434204798,5.768783554e-05,6.564823412e-05,0.000519341346,0.0004039390274,0.0002839269243,0.000101062847,4.124027534e-05,4.864316209e-05
id53,scenario8,8,8.069913558e-05,5.379395618e-05,0.0001060385747,2.117969526e-05,1.543029654e-05,3.759999079e-05,7.29941922e-05,6.093139934e-05,0.0001115908998,0.0,0.0,0.0,0.0,0.0,0.0,0.0,0.0,0.0,0.0,0.0,0.0,0.0,0.0,0.0,0.0,0.0,0.0,0.0,0.0,0.0,0.0,0.0,0.0,0.0,0.0,0.0
id53,scenario9,9,1.204377671,0.3587467906,0.4765899684,2.773892164,0.7700029833,0.9253325075,4.084424553,1.100532733,1.374463245,1.96444413,0.5667928973,0.6078393838,2.783134225,0.7488610718,1.108884386,3.677402375,1.251690719,1.282509152,2.543317374e-06,2.198234138e-07,4.549582758e-07,1.29079411e-05,9.748557139e-07,1.542017239e-06,3.998799095e-05,2.060882213e-06,3.901490611e-06,9.607214283e-06,5.540863857e-07,8.349895007e-07,1.499652022e-05,1.02772048e-06,2.825247815e-06,3.484436599e-05,2.809685326e-06,2.917847884e-06
id54,scenario1,1,5.96824063,6.705600606,7.615971572,5.009464129,5.738180685,7.016469958,4.970364559,4.987689883,6.696594765,11.87483619,9.960691515,19.47917023,14.01481384,12.88764708,35.7714303,15.71763658,11.24904656,43.10021782,0.0001763655017,0.0001731184146,0.0002225616266,0.0001361037902,9.828226755e-05,0.0001514475984,0.0001377821857,0.0001106171071,0.0002294299525,0.0003828889821,0.0002195866563,0.0009394359354,0.0004597121959,0.0003545602298,0.002706621233,0.0005356645279,0.0003121608079,0.003439450663
id54,scenario2,2,1.777587695,1.274950229,1.39513114,5.726630412,4.360345557,6.977749698,16.75175868,16.25965373,17.53219205,8.669746897,9.246573639,16.23493998,11.96646406,11.29938835,28.96445995,12.10626675,10.47881733,25.92148298,4.226681316e-05,9.800114868e-06,4.945234647e-06,0.000190771264,4.784307235e-05,0.0001962292921,0.0005978115955,0.0004822718581,0.0005870048163,0.0002112369306,0.0002228683864,0.0006397345624,0.0003359944242,0.0002509677851,0.001897205364,0.0002992118485,0.0002210641437,0.00151191177
id54,scenario3,3,11.26417213,7.624029971,14.42965234,9.94724493,10.89619434,13.5976288,5.835911443,6.675542918,10.11340643,13.0241991,12.95665725,20.72813401,13.24891108,11.64146779,20.38318944,11.85956311,11.4394282,28.82355612,0.0003938680812,0.000119744735,0.0004924007504,0.0002660672958,0.0003202011219,0.0004519467592,0.0001095862225,0.0001195349435,0.000240434425,0.0003870306056,0.0002995913386,0.0008987275878,0.0004217519739,0.0002730148263,0.001058467294,0.0003404078296,0.0002534247159,0.001957041167
id54,scenario4,4,19.99770134,21.21023144,27.0394751,12.11132454,14.67659029,16.40417043,19.37873572,18.43917294,23.54847794,12.94803997,11.47673449,29.4856544,16.11538575,16.65188165,36.89304765,18.84980768,15.40798476,40.1126264,0.0007438925552,0.0007851466808,0.001309032696,0.0004046250635,0.0004711497309,0.0005898773677,0.0007284632021,0.0006966845185,0.001048208293,0.0003612430178,0.0002579041389,0.001876364626,0.0005071699197,0.00048573067,0.002459190895,0.0005942242445,0.0003852574395,0.002563291295
id54,scenario5,5,18.62005169,13.32391742,20.09779127,18.53979109,15.81878215,17.0437014,9.804288306,6.491324763,7.296757046,16.18351328,13.78651897,32.83735221,15.31037019,12.54249489,32.62370517,13.24358363,10.35883531,31.16939897,0.000565250282,0.0003016331198,0.0007564519579,0.0005895690974,0.0004400914373,0.0005160540752,0.0001695758534,7.503955079e-05,9.591458535e-05,0.0004860086714,0.0003300897143,0.001774628206,0.0004453467614,0.0002955890501,0.002019626848,0.0003793957029,0.0002228604839,0.001994924183
id54,scenario6,6,17.24168415,14.15289466,20.60422226,13.50866547,11.54496577,16.85549663,12.24269246,8.714382834,16.01728181,17.04006377,14.88363781,48.7643322,16.4652494,14.77313618,30.99133999,16.99218268,14.60969794,39.83167911,0.0006154619807,0.0003847700825,0.0007762123144,0.000459264484,0.0003345843001,0.0007263777665,0.0003616251117,0.0001529659898,0.0006544376504,0.0004960582473,0.0003774083599,0.003644792672,0.000501280784,0.0003641772791,0.001785288599,0.0005157283706,0.0003865558528,0.00272523385
id54,scenario7,7,11.02763866,11.06693324,15.34972121,11.65807694,11.22863178,14.74119391,15.57420202,13.45203485,17.84372412,19.31748376,13.71400664,35.21333178,15.63886241,10.52254133,33.89898381,20.05839616,14.08857781,40.65649062,0.0003458368723,0.0002582839278,0.0004910199503,0.0003887744627,0.0002557409651,0.0004764253739,0.0005344877134,0.0003507493177,0.0006061538105,0.0006190066113,0.0003323122469,0.00206374109,0.0005199278005,0.0002229680322,0.00222875668,0.0006887199138,0.0003741778591,0.002570504282
id54,scenario8,8,13.09233393,11.27341285,13.08803934,14.64432279,10.15985213,14.8330626,13.92279925,12.69974352,18.16610473,21.08865361,16.79994979,46.16700559,15.96964151,13.92271457,28.43182882,19.95005098,16.32585484,38.5937563,0.000478312435,0.0002759542204,0.0004263169028,0.0005304936067,0.0002038996011,0.0005016413631,0.0004803490471,0.000311827907,0.0006077492201,0.0007355482436,0.000470394753,0.00320242797,0.0005159719346,0.000332622942,0.001560971603,0.0006763047265,0.0004438457777,0.002344434088
id54,scenario9,9,13.66620971,12.9522295,15.03231141,11.77743967,10.30999743,15.80037389,12.20653219,11.38952006,19.07886208,20.08083834,13.94309672,46.43432367,19.71134593,14.70074479,37.48928715,21.3244337,14.88860395,49.31480251,0.0004107319237,0.0003430954764,0.0006034555726,0.0003389251882,0.0001862681979,0.0005204382561,0.0003199534097,0.0002765091208,0.0009699828223,0.0007004600038,0.0003159308785,0.003365610303,0.0006444378486,0.0003374213518,0.002160444783,0.000750457839,0.0003697649459,0.003438534515
id55,scenario1,1,10.01802761,7.244065568,8.299327473,5.790709956,4.892705828,5.894660345,5.535589127,4.840310502,5.861127045,15.08873938,16.42255141,13.6975884,12.02081867,11.41860662,14.78661281,14.15270402,16.22276771,17.62260127,0.0002435011187,0.0001029204144,0.0001443818149,8.03392465e-05,4.338698813e-05,6.327258767e-05,0.0001228921602,5.176998868e-05,8.128246746e-05,0.000540216266,0.0006798360852,0.000414701008,0.0003339570421,0.00025363321,0.000416594555,0.0004385152068,0.0006430127129,0.0007155448723
id55,scenario2,2,4.242443781,4.440708041,5.455144998,2.895315029,2.465366046,2.361016204,3.094246211,3.180586598,4.261932695,4.41997953,2.689483202,3.226489575,2.773121707,3.073193891,3.823915467,2.865467414,2.975727813,3.475416405,9.342253643e-05,7.79930258e-05,0.0001272928701,6.125786791e-05,2.737120543e-05,2.658748597e-05,5.417220906e-05,4.192284603e-05,9.088303368e-05,0.0001059182066,1.922471523e-05,3.052202514e-05,3.918188394e-05,3.632043573e-05,5.807998708e-05,2.69297678e-05,2.455706027e-05,3.872690231e-05
id55,scenario3,3,18.29382898,16.40451458,27.15406161,13.50432018,12.48302568,24.33554687,16.7893818,13.95446798,31.09673523,7.974916131,6.0935058,15.59610418,6.892609827,5.013802066,9.235912617,10.84973793,6.842486455,24.7635676,0.0006437148769,0.0004418928798,0.001451187449,0.0004539767097,0.0003286964523,0.001401288676,0.0005410077126,0.0003325688038,0.001836706503,0.000230462768,0.0001458265607,0.001026133486,0.0002313534384,0.0001114529643,0.0003642037245,0.0003397345335,9.9429261e-05,0.001652781559
id55,scenario4,4,6.78289963,3.487476122,6.087169909,12.68189742,13.01262474,14.19837776,11.32033497,9.690246821,12.08281542,3.398320565,2.699766648,3.753166386,11.85245733,11.21777957,18.82808906,12.99145037,12.00633032,21.36993138,0.0001599812211,2.253491231e-05,0.0001344019547,0.0003064434708,0.0003724765789,0.000408126803,0.0003324784443,0.0002158485886,0.0003445255738,2.04055776e-05,1.17504911e-05,2.178077859e-05,0.0002755584922,0.0002048236287,0.0008188601193,0.0003301625323,0.0002609979215,0.001027151596
id55,scenario5,5,8.012585949,8.083158915,9.826752007,9.536695282,9.548305531,11.0866731,3.318129889,2.683586698,2.625067284,6.903678098,6.583530498,7.837696318,7.540443025,6.581957378,7.177455117,2.814324367,2.038734624,3.320288268,0.0002201570291,0.0002018722653,0.0003069263562,0.0002597819151,0.0002274483623,0.0003226422654,4.416757674e-05,3.307160548e-05,2.194074578e-05,0.0002502038849,0.0001454690384,0.0002158509599,0.0002234821227,0.0001500173549,0.0001625368461,1.782133522e-05,6.960248296e-06,2.022353101e-05
id55,scenario6,6,17.29646618,13.19539872,18.80899728,20.55945711,18.63078965,19.11644696,19.60598217,14.91040421,20.71292359,25.52801421,23.84818061,38.97506071,24.51737625,25.73583749,35.02011599,24.40983473,22.77434295,39.46003282,0.0006306084598,0.0003256877005,0.0006677185279,0.0008139471796,0.0005967027308,0.0006130489423,0.0006874187089,0.0003444895636,0.0006852059784,0.001087361971,0.0009265552889,0.002169737341,0.000936144408,0.001102561708,0.001940066294,0.0009394903886,0.0008032200635,0.002307094265
id55,scenario7,7,16.91699057,16.11932397,20.28286788,18.6744806,14.3574144,16.5769773,17.31599885,14.30311392,20.80671022,22.64197485,20.11429588,32.9161535,25.03953838,23.46666855,40.75109873,21.83782733,20.93116701,37.08841302,0.0006203747728,0.0004621124572,0.0007405991099,0.0007055707028,0.0004053433274,0.0005476861005,0.0006201077226,0.0004170859354,0.0008654467491,0.0008583683398,0.0006481746248,0.001802240286,0.001018718198,0.0008362798298,0.002551402053,0.0008349423199,0.0006733442611,0.002182655408
id55,scenario8,8,16.4386882,13.8741799,17.10462291,15.79606368,13.77740431,18.60584201,14.50204292,15.12879674,20.98589929,20.46156092,21.80282378,30.5609986,18.0014865,18.55723154,23.8596617,18.79816994,23.19571723,36.29415945,0.00058668579,0.0003804392754,0.0005949140151,0.000521963794,0.0003912455763,0.0006507520015,0.0004629369351,0.0004880637053,0.0009491497211,0.0007363833018,0.00086326996,0.001516618145,0.0006318238543,0.0006576278932,0.001143455836,0.0006110576543,0.0009260311098,0.002087683949
id55,scenario9,9,14.56131516,13.46471709,23.76795511,18.51759774,16.34943571,27.25133414,17.08721238,16.40710642,26.18124148,21.70681108,17.75736709,36.67016172,18.43727108,19.48233711,27.41392742,18.74853739,16.76118578,26.91796737,0.0005013757639,0.0003893692902,0.001330148087,0.0006964771076,0.0004696470786,0.001475603619,0.0005752946126,0.0005434712432,0.001435860545,0.0007946176902,0.0005181923084,0.002174141982,0.0006058132387,0.0006573424127,0.001190799976,0.0006850762809,0.0005389736883,0.001377173647
id56,scenario1,1,10.9089708,6.347114582,8.677253451,13.87116127,11.2168598,12.05719862,9.147996413,6.185390343,8.003591478,6.006225681,4.148685369,4.916884596,9.702677085,6.9736031,12.92641863,4.709700147,3.117640638,5.553115126,0.0004409556255,9.639421037e-05,0.0001968922726,0.0005081760991,0.0002625277121,0.0002894692114,0.0002581405081,0.0001056629685,0.0001918267001,0.0001056408653,3.96569308e-05,4.653165319e-05,0.0002401401618,0.0001104203922,0.0005011606702,4.494693601e-05,2.219651797e-05,6.819335411e-05
id56,scenario2,2,1.352753292,1.767850736,3.089191444,1.320831524,2.191149318,2.815040199,2.169624971,1.825232573,3.267540136,0.3178675849,0.2093811095,0.4912432549,0.2424423148,0.2146438465,0.3555518442,0.7922919188,0.6760932595,0.7999598609,2.719453536e-05,2.723668836e-05,9.691378248e-05,2.223159848e-05,4.811990628e-05,8.290557513e-05,5.800839972e-05,2.457206155e-05,0.0001244402113,2.078009934e-07,9.19996925e-08,5.278552707e-07,1.349656593e-07,8.70857654e-08,2.746281087e-07,7.659046099e-06,2.848072509e-06,3.421785921e-06
id56,scenario3,3,1.938846251,1.662608277,2.491307953,1.764112311,1.820902418,2.651512488,1.715699333,1.655746673,2.103786851,0.8381402687,0.8202122044,1.173436745,0.4920222823,0.4559103335,0.6515813599,0.6946045697,0.6606024135,0.9476304415,3.988063534e-05,1.286939693e-05,3.805889368e-05,3.125550607e-05,1.97617713e-05,4.249247454e-05,3.258884531e-05,1.635788057e-05,2.231272399e-05,2.643845549e-06,2.026736283e-06,4.462184229e-06,7.523361148e-07,5.496046107e-07,1.213609314e-06,1.644601276e-06,1.246187533e-06,2.748260018e-06
id56,scenario4,4,0.1871623067,0.1706366988,0.2417227414,0.223995962,0.2000975028,0.3099686247,0.234319946,0.2181926873,0.2942193635,0.1550460924,0.1315231301,0.2465710913,0.06987586061,0.06147612559,0.1140228511,0.1984742151,0.1741237009,0.3174029171,1.171560477e-07,7.05125627e-08,1.828455636e-07,2.400378398e-07,1.620381341e-07,3.808676477e-07,2.004949229e-07,1.127827184e-07,2.735176782e-07,5.92495237e-08,4.35630285e-08,1.573975501e-07,1.68748694e-08,9.0479311e-09,4.36674032e-08,1.145312821e-07,9.25181308e-08,3.039104864e-07
id56,scenario5,5,9.1880947,7.213133388,11.01902575,3.227474782,3.185924818,4.248132753,1.171498323,1.792302374,2.70551743,1.335096872,1.155254461,1.491047395,0.05218684563,0.04176666832,0.08164577287,0.3484549982,0.2784862806,0.5440091546,0.000337725146,0.000146381476,0.0003525316957,7.665756971e-05,4.99620853e-05,0.0001057656846,2.381911763e-05,3.637859108e-05,0.000101413598,1.389386357e-05,5.6150423e-06,7.054146311e-06,7.9348551e-09,3.6771775e-09,1.78592883e-08,3.539714672e-07,1.633726073e-07,7.933981577e-07
id56,scenario6,6,11.79821823,7.915395537,11.36601539,13.17860414,9.580952185,16.14181673,11.53075475,8.091879646,12.9309838,1.209982965,0.9075443835,2.321828677,3.017428036,2.186087334,7.756085674,2.321188998,1.22738854,3.759901905,0.0003051793229,0.0001399245819,0.0003459159656,0.0004265164978,0.0002110315869,0.0006503069062,0.0003119451712,0.0001365949991,0.0004090975413,3.788301589e-06,2.392899425e-06,2.37586548e-05,4.996140427e-05,2.419831163e-05,0.0004602506294,3.666640737e-05,6.943306471e-06,8.983717357e-05
id56,scenario7,7,11.07392022,6.772826373,6.314058538,13.9239192,7.972498967,6.988661182,17.54473111,9.58637096,13.65368096,5.117135336,3.090433597,3.120267584,2.193523814,1.143552019,2.214217034,3.53181684,2.601662176,2.955289817,0.0002530900238,8.02575691e-05,7.407376684e-05,0.0003788648023,0.0001169464724,9.100122007e-05,0.000593748538,0.0001540702131,0.0003745814957,0.0001109679368,3.512662504e-05,3.950717933e-05,1.998488022e-05,5.690761789e-06,1.984388359e-05,5.982130323e-05,4.902110581e-05,3.747690496e-05
id56,scenario8,8,11.28564095,9.453429407,15.26756013,15.01735933,13.3711944,22.32608906,17.99420954,15.26594484,28.00050918,18.52396727,13.70297587,34.73803,18.38404996,14.66876995,36.26698934,18.84310362,13.88166938,38.27651502,0.0003164819267,0.0001720044177,0.0006259213625,0.0004799499476,0.0003099761806,0.001044540183,0.00063776555,0.0004366851274,0.001515662681,0.0006135781691,0.000306085351,0.002126839444,0.0005795169768,0.0003541591871,0.002228318391,0.0006348634248,0.0003191869337,0.002491218235
id56,scenario9,9,1.772884825,1.77940605,2.515213676,4.547215455,2.712306439,4.550627752,2.164448591,1.344496318,2.367068472,0.3318593602,0.2547369282,0.4681279399,1.27701003,1.066066867,1.463437627,0.7040643602,0.5621411803,0.8669217667,2.984607389e-05,2.658790163e-05,4.225759236e-05,4.493028874e-05,1.355462775e-05,4.283937562e-05,9.312012396e-06,3.027274823e-06,9.6541046e-06,5.380980973e-07,2.441594725e-07,8.766986769e-07,7.100794175e-06,4.039515995e-06,6.034907096e-06,1.975417427e-06,1.00386716e-06,2.386749279e-06
id57,scenario1,1,8.365956239,6.907473863,8.321847529,9.398906067,6.12239179,9.647344982,4.762798889,4.717127519,7.879610435,15.59085055,10.07074547,14.46514695,9.30217827,7.269109454,9.308573873,15.47501754,10.34043641,14.14398343,0.0002533335757,0.0001261760758,0.0001803437007,0.0003028557786,8.952275631e-05,0.0002467754881,9.152866078e-05,6.41966468e-05,0.0002128791643,0.0006028043554,0.0002489833973,0.0005089461525,0.0003125730246,0.0001653522146,0.0002678501774,0.0005899823573,0.0002365133275,0.0004759752717
id57,scenario2,2,8.334622496,7.185661356,8.084678548,8.358322101,4.275870451,8.168872713,6.389991632,4.320092731,6.465480867,11.42230155,8.703004358,15.95108737,10.49147069,11.91183321,16.42978717,10.98834757,7.530928249,14.67113847,0.0003031030984,0.0001411905047,0.0001710750892,0.0003220450383,5.253020632e-05,0.0002267308138,0.0002385009424,5.793718901e-05,0.0001366745024,0.0004154214025,0.0001978034686,0.0007072668134,0.000350818624,0.0004034408486,0.0008542090416,0.0003806958923,0.0001460552445,0.000596882771
id57,scenario3,3,9.380391118,8.897647917,11.22255189,11.55553097,13.37249415,11.68747286,9.749048761,9.04289344,9.943018203,7.94611523,8.267120775,7.760775119,10.2610062,11.36261289,8.520323845,9.773776934,8.553993277,9.877910811,0.0002861178786,0.0002111831027,0.0002804555389,0.0003737380094,0.0004367269157,0.0003538509117,0.0002973540638,0.0001893428307,0.0002089235936,0.000212705711,0.0002030610893,0.0001629368568,0.0003859816386,0.0004071526222,0.000204389241,0.0002499131961,0.0001716793744,0.0002228534158
id57,scenario4,4,10.96265946,8.224948577,13.26155875,14.38808839,10.8387984,19.00636364,12.77645043,9.406013701,19.10070474,10.87969296,8.393063259,7.679926277,16.14075065,11.39208246,21.13727958,16.48519016,14.84476064,15.35229403,0.0003015538221,0.0001543456255,0.0004515161086,0.0004333808129,0.0002335301868,0.0008362230076,0.0003909282277,0.0001926816704,0.0008414934915,0.0002464463136,0.0001442160529,0.0001252998662,0.0005726886137,0.0002566693354,0.0009680298625,0.0006396957617,0.0005009918833,0.0005541057558
id57,scenario5,5,12.73919419,8.671549356,10.62856828,12.95859766,8.803911691,13.59473617,13.953085,10.73655874,15.93029602,7.451502022,4.25115106,6.123844065,10.3802439,7.094526053,8.156074172,7.333968308,4.620578841,6.479798843,0.0004026420538,0.0001691231644,0.0002389900584,0.0003858795597,0.0001348637369,0.0003365650555,0.0004679788377,0.0002225723775,0.0004340274026,0.000170122177,4.290972565e-05,9.927284583e-05,0.0002677902345,0.0001091160902,0.0001574664091,0.0001406819159,4.93090772e-05,9.859719781e-05
id57,scenario6,6,11.37889677,6.024774051,7.035185312,14.43811884,12.33709287,15.46773082,13.26670448,8.644993942,17.14504459,14.52589877,13.10629157,16.71397401,14.31722982,11.9318737,13.92096756,15.85330302,14.54220847,13.75239071,0.0002484532365,6.349648396e-05,0.0001046522837,0.0004245912564,0.0002790962083,0.0004057422669,0.0003593860555,0.0001576272468,0.0006395510086,0.0003954729136,0.0003682680502,0.000557947342,0.0003647196325,0.0002612153551,0.0003810346542,0.0004688732397,0.0004251657559,0.0003709126192
id57,scenario7,7,5.905715469,4.622867938,4.594218809,4.188726086,2.19029103,2.692789327,2.900672586,2.560258385,2.656689909,10.18193086,7.198318387,11.41601059,9.246852476,8.751261903,12.23821452,13.79875911,11.98287796,18.83026695,8.767368333e-05,8.791982706e-05,0.0001401227368,3.22010714e-05,8.057977502e-06,1.731839306e-05,1.779666448e-05,3.393515974e-05,3.969683999e-05,0.0002657203853,0.0001352668066,0.0003945525428,0.000180367361,0.000180715093,0.0005057029575,0.0004476194285,0.0002856333987,0.0008795932889
id57,scenario8,8,14.00221954,11.84011425,14.75202508,10.40428941,8.821199428,11.02441934,14.89326568,12.33315278,17.16151688,11.67812631,7.756501689,13.72368803,7.418556217,7.592176034,10.4638497,8.818978354,6.383161598,8.647449108,0.0004713548071,0.0002716094262,0.0004770234149,0.0002913314676,0.0001688704207,0.0002823666556,0.0004683445976,0.0002503963499,0.0004976415897,0.0003466616832,0.0001280790747,0.0004211572998,0.0001634425072,0.0001471897731,0.0002915561269,0.0003108769312,0.0001351382059,0.0002753038814
id57,scenario9,9,18.57934763,13.24066107,14.37561889,11.79113113,11.59543017,12.86071863,14.82022341,12.62221723,16.76052068,17.61375446,14.11045159,22.47992206,18.12276997,14.12432451,21.22473675,12.99155181,9.803690548,13.08781632,0.0007081160453,0.000392997874,0.0003904502722,0.0003776572767,0.0002727398438,0.0003402973089,0.0004343210507,0.0003329125015,0.0005025507751,0.0006338615847,0.000377071511,0.001016114816,0.0007000176081,0.0003532757238,0.0008689758975,0.0004918539527,0.0002107524675,0.0004311802394
id58,scenario1,1,11.34537487,9.61951781,12.82933617,14.01650198,14.05598898,18.20607592,15.42510147,16.7737975,22.83179637,9.937590086,13.04016342,15.27487268,17.51452985,15.00759814,22.80774106,15.37353954,15.67741933,21.62859915,0.0003145352509,0.0001690318884,0.0003195467426,0.0004265243331,0.0004016405673,0.0006459501355,0.0004732656648,0.0004829357716,0.000842812703,0.0003097723477,0.0003967458253,0.0005991753386,0.0006237296756,0.0004033579495,0.001017910977,0.0005390977418,0.0004262891152,0.000884700038
id58,scenario2,2,11.60865976,13.5260546,10.38622462,11.32468148,11.05590218,16.85819859,9.290496711,11.68454655,9.303533593,12.61112902,11.48569164,21.56237661,4.232046512,5.73083817,6.896527534,9.977862035,12.00245172,18.03946158,0.0004388645775,0.0004556224292,0.0002171237119,0.0003033618938,0.0002444007563,0.0006048994039,0.0002735532202,0.0003680157851,0.0001737177031,0.0004087605174,0.0002948510421,0.001093946209,9.365440404e-05,9.982448645e-05,0.0001633504314,0.0002842042123,0.0003095058292,0.0008521404771
id58,scenario3,3,6.193002149,6.426383905,8.391567978,10.35061254,8.758369453,14.1107257,8.031977547,8.911522373,11.33900449,5.147200764,3.893942281,8.700917561,11.53842464,12.60492125,19.87142867,5.019879105,6.031514639,11.37470034,0.0001476756784,0.0001153995278,0.0002604780175,0.0003120639871,0.0001807130542,0.000641615688,0.0002236916763,0.0002244435526,0.0004204434127,0.0001467614714,6.756224198e-05,0.0003941078919,0.0003030156152,0.0002879042611,0.0008615619465,0.0001100005958,0.0001016379085,0.0005419949597
id58,scenario4,4,12.73380111,9.987953308,10.18007631,3.583551687,4.718504157,5.974005639,9.923539576,9.352737068,9.848004908,10.08177198,7.918996581,13.63964577,11.84184077,11.15284669,17.99858687,7.438163186,6.732380101,12.0767611,0.0004408469014,0.0002462079255,0.0002420220505,8.162235762e-05,0.0001183942289,0.00017974097,0.0003107685189,0.0002201497715,0.0002481570019,0.0002702799794,0.0001264596334,0.000481566559,0.0003592269855,0.0002445845733,0.0007035355925,0.0001981056639,0.000129012306,0.0005255010776
id58,scenario5,5,10.28548671,9.87250357,14.72820103,14.09551542,14.31665128,22.99045001,12.38173621,12.56659907,20.82274497,18.30159802,16.67818965,35.08045237,16.06456715,14.59332869,31.18062857,20.8521651,18.9408647,35.12982204,0.0002540122572,0.0001979781243,0.0005425459269,0.0004493384631,0.0003845041913,0.001128444887,0.0003729666185,0.000308507217,0.0009222660864,0.0007078450543,0.0004476047445,0.002236299476,0.0005399253535,0.0003833270419,0.001771203561,0.0007146529295,0.0006666225914,0.002112958749
id58,scenario6,6,5.398633525,4.809285923,6.057217364,5.398968795,8.37916308,9.06091761,3.635288086,3.963767695,4.645711452,11.10585449,12.07617683,16.79232766,1.180219851,1.370171012,1.678070699,2.318060491,2.982905952,4.234853872,0.0001470355281,6.844097618e-05,0.0001205774339,0.0001367138014,0.0002640283212,0.0003165793117,9.056831059e-05,6.692675516e-05,8.885355579e-05,0.0003742645124,0.0003621822162,0.000769582382,3.780533027e-05,2.373495395e-05,4.383255104e-05,5.067436166e-05,4.978418585e-05,0.0001253133589
id58,scenario7,7,6.784908411,7.197030766,9.897764232,2.774860451,4.030182111,5.394434429,3.332843104,4.078438905,6.513015332,7.916159749,7.848447322,12.20294048,7.439742027,6.590282448,13.93634856,10.09109145,8.795003651,13.30116119,0.00017513827,0.0001549231462,0.0003118670487,4.516373181e-05,7.249579146e-05,0.0001208823863,6.081035702e-05,5.493607997e-05,0.0001394106102,0.0002408300888,0.0001778976402,0.0004497422524,0.0002187295211,0.0001487024963,0.0007501083765,0.0002916864471,0.0001780288079,0.0004339857835
id58,scenario8,8,6.860830734,7.307453573,10.71977589,6.622620112,7.056814573,10.16765178,6.052789703,4.702872495,7.531688655,13.69721442,13.69203263,29.96925383,19.01144455,19.59051665,29.62908092,17.03263396,16.61887651,30.91290381,0.0001762041687,0.0001777076186,0.0004042041079,0.000216538996,0.0001854025215,0.000414416527,0.0001913168181,7.919429831e-05,0.000250391971,0.0004202310953,0.0003186601933,0.001778839375,0.0006831579681,0.0006520213612,0.001671666362,0.0005663878261,0.0004929977625,0.001848275767
id58,scenario9,9,3.653934968,3.672884625,5.957545662,2.831581084,2.524385439,4.020776374,6.81816977,6.284936799,10.89881758,11.73654344,11.24761148,14.24907286,13.27366353,8.575157525,17.37027274,12.33079678,14.70907164,19.01632562,8.713967509e-05,5.225964832e-05,0.000171697234,6.715951655e-05,2.835492167e-05,8.143636441e-05,0.0001870069824,0.0001206340013,0.0003844598653,0.0003887913878,0.0003165904535,0.0004603520258,0.000471084005,0.0001525585903,0.0007284624058,0.0003497384017,0.0004108108938,0.0007830561409
id59,scenario1,1,14.01481074,11.92822192,14.56418459,4.826345091,5.032437932,5.040457617,13.66097245,11.92734083,12.17051435,3.358057974,2.606506474,4.223277405,0.1129403053,0.08611821289,0.1122147844,4.888587808,3.33784224,9.658072657,0.0003857972637,0.0002950552858,0.0004182666311,0.0001353601046,0.0001009601637,9.224497667e-05,0.000489578011,0.0002888365188,0.0002936276584,6.492963762e-05,3.433134845e-05,9.779013878e-05,7.39384808e-08,3.03947904e-08,5.69859707e-08,0.0001729388654,6.334579112e-05,0.0005097633379
id59,scenario2,2,10.36510348,9.385552268,12.46597951,12.12389063,8.81694215,15.20786183,11.03353877,10.96134062,14.23060065,12.92425389,10.84858906,25.5761817,17.34011442,14.57911118,30.10882952,12.66073429,11.45060656,30.98013518,0.0003129237854,0.0002069002907,0.000437162529,0.000431958041,0.0001681625889,0.0005298557028,0.0003930460677,0.0003432883516,0.0005510503282,0.0002956778864,0.0002268604736,0.001192096548,0.0006246395801,0.0003991323599,0.00174079127,0.0003478113701,0.0002858426858,0.002077540133
id59,scenario3,3,13.83020225,11.87626532,19.76386316,16.02488661,13.89945953,16.53823671,17.83675425,14.98505932,23.11199618,16.66673693,12.61898633,36.92532689,18.1908075,12.7387495,42.77789402,19.10858084,14.92292995,51.30036722,0.0004412419275,0.0002717686339,0.0008766722735,0.0005951133608,0.0003307647648,0.0005204394128,0.0006227794045,0.0004332205166,0.00117406458,0.0005473231244,0.0002930107848,0.002496989411,0.0006049976098,0.000284090754,0.003021848634,0.0006160431772,0.0003758190905,0.003984307234
id59,scenario4,4,9.909706582,6.785555082,8.263558756,11.33967064,8.342274072,13.7035275,6.629809909,5.919153897,13.54821807,13.92538649,12.40715039,31.1522174,7.868313299,8.570161568,13.00774179,13.85393518,10.66296494,28.15750255,0.0003174596016,0.0001291351211,0.0002331354815,0.0003722273966,0.0001753705444,0.0005576072624,0.0001523821815,8.562039749e-05,0.000724093345,0.0004457808723,0.0003104062342,0.001996397585,0.0001971595942,0.0001832166472,0.0004513462734,0.0004349588242,0.0002516275638,0.001733818953
id59,scenario5,5,14.08157587,11.56646145,11.6948171,16.26633773,15.63158987,15.4784727,17.7927105,17.54828883,17.59172452,20.04402294,14.36989861,52.14682078,17.96754766,16.27788804,36.68939375,19.0166484,14.24514168,50.49245947,0.0004580652538,0.0002713874432,0.0002938659008,0.0006313994451,0.0004654080228,0.0004546618486,0.0006501830574,0.0006039551217,0.0005687608809,0.0006498722315,0.000363209648,0.004258025831,0.0005803363933,0.0004648241359,0.00237280548,0.0006340908828,0.0003742475999,0.003852147894
id59,scenario6,6,2.573247119,2.873378012,3.23351213,3.969207363,3.365112989,5.027834071,4.824280653,4.160650846,6.09572895,1.195174432,1.327696447,1.742973717,3.725080819,4.249780748,6.241731004,5.320593822,5.28903932,8.444913285,5.42508001e-05,3.210712404e-05,4.552859479e-05,0.0001162997382,3.547157453e-05,9.245557889e-05,0.0001358277929,6.960812344e-05,0.0001562265009,1.876001008e-05,1.325045321e-05,1.914684145e-05,7.5656638e-05,6.798967658e-05,0.0001553586803,0.0001449429468,0.0001020119192,0.000296753529
id59,scenario7,7,10.28193197,9.298783109,12.30168411,14.44728725,12.99654047,14.32862053,7.052627168,6.772375219,10.48017736,13.43587872,10.73119018,26.84516511,12.56342508,12.91856185,25.65531097,18.4003613,17.57457593,35.59606072,0.0003777801904,0.0002138866215,0.0005576459969,0.0004777054416,0.0003549331887,0.0004427508968,0.0001790578048,0.0001262600319,0.0004508580501,0.0004206184065,0.0002548375957,0.001568407568,0.0003675867845,0.0003336161938,0.00152914995,0.0005946795823,0.0004951145029,0.00206828728
id59,scenario8,8,2.293277251,3.347894995,2.323262482,1.839259226,2.358433096,2.505460129,1.713319773,1.667294106,1.76308777,4.857891488,4.648439266,8.476921904,4.94103828,3.956735873,10.63750038,5.168424698,5.247571376,8.32940005,4.606116791e-05,7.687184154e-05,1.736709751e-05,2.713837333e-05,2.666925674e-05,2.731905835e-05,3.055251313e-05,1.273766109e-05,1.384641112e-05,0.0001228772575,6.625124645e-05,0.0003320100245,0.0001387400105,5.148563433e-05,0.0004544960114,0.0001669479584,9.56702384e-05,0.0002723451445
id59,scenario9,9,15.76712423,11.4037377,16.18146235,11.28995505,13.33270797,14.97169347,13.67420893,11.53567073,15.26499794,16.94692943,12.51266829,43.33285632,12.99631053,10.50932028,31.46781984,17.33829339,11.86506735,40.37980248,0.0006138788751,0.0002719737898,0.0006271439138,0.0003183721253,0.0003530628971,0.0005328223268,0.0004201145246,0.0002809214926,0.0005456092167,0.0005751357953,0.0003087566147,0.003303551273,0.0004107859605,0.0002428110896,0.002047879679,0.0005832931696,0.0002490731063,0.002821096643
id6,scenario1,1,3.610672754,2.612354572,3.138260777,1.361641021,0.9660035731,1.240527779,1.607201913,1.140136795,1.464275627,0.8661373158,1.318439288,1.916326913,0.1255620037,0.1541713841,0.2294666232,0.1482048661,0.1819734368,0.2708468261,8.805460992e-05,2.766524533e-05,3.587824763e-05,9.29209956e-06,3.106882429e-06,4.513986018e-06,1.294544862e-05,4.327988977e-06,6.288928325e-06,8.726339521e-06,9.966013343e-06,1.959919937e-05,1.183028974e-07,1.057609261e-07,2.127490331e-07,1.648176939e-07,1.473444212e-07,2.963985312e-07
id6,scenario2,2,3.370693421,2.859984954,4.294709929,5.924997321,4.520006925,4.480345284,4.229016132,4.479786682,4.867603478,2.708798782,3.059787531,3.668040005,5.104986707,5.371063739,6.199593886,9.43392202,7.842585611,9.938354088,2.905912287e-05,1.77982705e-05,5.332640907e-05,0.0001448981678,5.09087194e-05,4.775355457e-05,4.025057527e-05,5.002005406e-05,4.926691689e-05,1.840873258e-05,2.406326138e-05,3.355446589e-05,9.231403415e-05,7.542179157e-05,0.0001010759302,0.0002318625098,0.0001217852055,0.0001930098141
id6,scenario3,3,4.05181458,2.521703313,2.418546644,3.675773975,1.90765725,2.787430395,3.886324783,2.081592235,3.004405135,2.97244937,2.114324889,2.433337743,1.417163183,2.350995,2.430573212,2.011794919,1.413959951,1.68127742,5.373169642e-05,1.436587013e-05,1.357215146e-05,8.497927042e-05,1.846402574e-05,3.767803632e-05,9.800207765e-05,1.610297352e-05,4.723698092e-05,3.085483403e-05,1.05291346e-05,1.219849711e-05,1.252669971e-05,2.817691251e-05,2.894519485e-05,2.742007827e-05,7.970945909e-06,1.044646808e-05
id6,scenario4,4,3.380237993,1.617804536,2.925469062,12.28624473,5.255158239,8.528092403,13.6491709,7.5510702,13.63559641,3.291123478,3.133741883,3.590078372,12.91766013,13.13231585,12.96871152,10.74364662,6.685214406,7.506033015,4.660119992e-05,5.640818879e-06,2.408323917e-05,0.000368627912,4.443053433e-05,0.0001768424428,0.0004989587632,0.0001082778969,0.0003442824816,5.455029159e-05,2.915931363e-05,3.55505297e-05,0.00038355492,0.0003704094282,0.000336699104,0.000309746409,0.0001011117396,0.0001310197259
id6,scenario5,5,5.127165612,4.474648593,5.571082456,8.625533988,9.297007351,11.19278725,9.001061408,8.483467755,8.02818496,1.339130225,1.027703466,1.379994996,1.805648259,1.743842653,1.863553238,3.799862938,3.3987992,4.126390744,5.155903345e-05,3.864049186e-05,6.577748638e-05,0.0002321788123,0.0001866313591,0.0002706336172,0.000230138417,0.0002156833145,0.0001041808985,4.754670166e-06,2.685558336e-06,4.765920041e-06,2.31459991e-05,1.625641616e-05,2.323074567e-05,0.0001427356727,5.971331741e-05,8.228383314e-05
id6,scenario6,6,6.22416249,6.705423612,8.778311485,7.578108109,9.134580463,6.530467865,12.75435033,10.87665446,10.81288622,2.860299272,2.782531921,3.494393276,6.141665784,5.96017594,6.735543447,14.09109382,9.69889258,12.84692744,7.360011885e-05,0.0001176266256,0.0002754890612,0.0001856606158,0.0002474479158,0.0001205778265,0.0004057437292,0.0002290383406,0.0002174663975,1.885881797e-05,1.974508072e-05,4.218988801e-05,0.0001520711481,9.10141019e-05,0.000129106337,0.0004701947232,0.000210453619,0.0004729108534
id6,scenario7,7,8.902888701,6.578978571,6.476244857,8.972095151,8.032192088,10.62862209,20.02825715,14.15561015,30.29202797,3.246728237,3.841726699,3.66663969,11.78822225,9.419550471,10.56309984,14.70250518,13.20542098,15.2311364,0.0002835179198,0.0001117624033,0.0001065393093,0.00020986529,0.0001571165484,0.0003544264026,0.0007031385341,0.0003075948905,0.001458282322,3.853903401e-05,4.590285593e-05,4.443763769e-05,0.000368696172,0.0002135566566,0.0002517477016,0.0005191546364,0.0003652312136,0.0004927231376
id6,scenario8,8,4.655460832,3.235761091,4.849020829,7.260713689,5.14902031,7.304274969,7.403031029,5.305814727,7.026224844,1.376342973,0.9942738183,0.9835124936,1.267510452,0.8966399004,1.07411768,2.012325392,1.43750698,1.568371316,4.354672397e-05,2.082657445e-05,5.475038684e-05,0.0001974613659,6.36033824e-05,0.00018839886,0.0001287666605,6.222523187e-05,0.0001189430397,5.750814575e-06,2.752393155e-06,2.621653544e-06,6.052908739e-06,2.342169097e-06,4.643958009e-06,1.282345871e-05,5.578194042e-06,7.732879611e-06
id6,scenario9,9,3.186268859,2.25442397,2.338914845,8.544924632,5.906760725,4.401929142,14.63954422,10.69836354,10.00947277,0.8256327142,0.7573424513,0.6618719377,2.080142345,2.026228115,1.704080539,0.8161065604,0.7378171294,0.5701148181,1.841598733e-05,8.740025255e-06,1.214994658e-05,0.000276440976,9.839133738e-05,4.040069269e-05,0.0004449975065,0.0002327097569,0.0001886088503,2.300607635e-06,1.615793585e-06,1.152031853e-06,6.587689647e-05,3.772379455e-05,2.846777183e-05,8.84906e-06,5.63935249e-06,1.851718937e-06
id60,scenario1,1,11.10435309,9.909570853,10.76068018,9.934232513,7.733629084,10.52669546,7.827693457,6.141453996,6.789996227,16.50666782,10.21311975,27.08856774,15.03182251,12.78658029,32.59180316,10.82563206,7.273709859,15.10382719,0.0003646427508,0.0002372139168,0.0002696226245,0.0003259931425,0.0001814425408,0.0003513240909,0.0002719674471,0.0001299515427,0.0002186118576,0.0005626639512,0.0001819446682,0.001516217494,0.0004711539205,0.0003400585096,0.002167866081,0.000349732375,0.0001329179945,0.0006273093489
id60,scenario2,2,1.469470299,1.616899322,2.106519533,1.470513812,1.669377475,1.593771434,1.181701162,2.562257415,2.608633082,0.9013687057,0.7540553738,1.049372196,0.5968506525,0.4827653162,0.6743534394,0.6126115955,0.5065805272,0.6895662778,1.318915797e-05,1.504402066e-05,2.591246116e-05,2.869271499e-05,2.418317277e-05,1.877152635e-05,2.07349581e-05,7.748031175e-05,7.664520514e-05,3.205330345e-06,1.787197168e-06,3.000330584e-06,1.803780732e-06,1.023353782e-06,1.610298116e-06,1.753255722e-06,9.885346073e-07,1.57228264e-06
id60,scenario3,3,17.84003195,13.17964926,12.02855811,16.92375826,10.22915426,13.00727482,12.42910406,10.82036779,10.06430419,14.96107355,10.68084697,20.91907677,15.49918066,12.49799547,28.82848259,5.996252453,4.802635188,8.087590553,0.0005114652108,0.0002713424096,0.000239711951,0.0005966785923,0.0001857988413,0.0003087476418,0.0003008249686,0.0002102927095,0.0001865859678,0.0004062804002,0.0001753134975,0.0007096587821,0.0004329950854,0.0002622158904,0.001499976026,5.842314352e-05,3.779623198e-05,0.0001034041804
id60,scenario4,4,18.88761523,16.12878699,18.08387264,6.588667635,6.459460205,6.285562792,6.954235865,7.164150235,8.765262469,22.64754259,15.19563444,24.12674305,6.648112933,5.902405703,12.40127584,9.784535017,7.29178477,16.33033937,0.0006710035076,0.0004299110604,0.0005633767808,0.0002198123239,0.0001465178433,0.0001310122669,0.0001989053355,0.0001816429055,0.000260348089,0.0008829472198,0.0003746636251,0.0009991266985,0.000184837786,0.0001196454074,0.0006542676217,0.0002712171227,0.0001323046514,0.0007704243126
id60,scenario5,5,10.12342822,7.384677121,8.058787068,12.57778555,12.32295141,15.13800996,10.3580977,10.07339373,13.02397102,21.64801962,16.89887376,23.3711823,22.70914438,16.60147714,32.11295383,25.98040071,18.48023692,42.31937395,0.0003294601938,0.0001258178102,0.0001668913164,0.0004089233585,0.0003488178059,0.0005468971097,0.0003504858071,0.0002551842504,0.0004770528347,0.000866954966,0.0005087456094,0.0009455750717,0.00089572498,0.0004921728647,0.001786751048,0.001156346936,0.0005528032752,0.002821070272
id60,scenario6,6,11.47103406,10.97746688,10.67811099,13.02071129,11.33647267,8.474642587,12.47281089,10.75562842,12.46753352,17.93314084,12.6192249,28.53628425,18.52209668,14.19636934,39.78004003,21.04927601,17.22178404,43.80830495,0.0002305762447,0.0001839975807,0.000191216434,0.0004306107841,0.0002526250626,0.0001520591546,0.0003259417844,0.0002251613668,0.0003124750688,0.0005365763223,0.0002433277897,0.001294511427,0.0005869108884,0.0003177227393,0.002639467139,0.0007018645282,0.0004643781978,0.002957604701
id60,scenario7,7,10.55092729,5.898304972,7.278880741,14.15918604,11.04229912,14.00153071,14.46159872,9.329685333,15.93492083,13.31497216,10.13089334,21.26309907,21.5527992,15.54653419,51.97317558,19.06765631,13.06841699,47.33090013,0.0002809207726,7.827862934e-05,0.0001232290707,0.0004060114173,0.0002361720802,0.0003463644722,0.0004829338873,0.0001613857637,0.0005018610289,0.000340964705,0.0002121659108,0.0009963667736,0.0007649371219,0.0003807591344,0.003747902032,0.000666628769,0.0003145476213,0.003549326159
id60,scenario8,8,15.91081504,9.886791114,15.38109114,17.44827138,13.37424948,17.6678479,8.707517999,5.938706069,9.461545482,17.60545014,13.98455372,24.52078464,17.44170785,14.37551569,33.11234303,18.54158777,16.40857412,40.4350691,0.0005854379361,0.0001796600599,0.0005514097539,0.0007111926208,0.0003395640007,0.0006100011486,0.0001669832417,7.180804754e-05,0.0001697827775,0.0005879672298,0.0003379756964,0.001044471152,0.0005456275807,0.0003575164755,0.00184823582,0.0005876647682,0.000439721776,0.002647842868
id60,scenario9,9,8.972439056,6.257084819,12.07293109,14.45903862,10.27579754,23.58054626,11.57895124,9.331613733,19.86665669,6.488246465,5.868260875,6.890517478,15.91595642,12.88206744,33.55577197,13.29410988,8.054961002,27.9014952,0.000249935045,0.0001075050724,0.0004045941008,0.000516791444,0.0002309464308,0.00128581546,0.0003626756887,0.0001923911024,0.001004842261,0.0001534929127,0.0001003620115,0.0001334659166,0.0005395352132,0.000341221232,0.002192532017,0.0003899554477,0.0001362366331,0.001804113183
id61,scenario1,1,22.4412854,17.46010753,16.99457622,16.50036893,13.52429478,14.2844173,21.27190598,15.12427751,13.95779908,22.29053653,15.89851696,15.70929936,18.99723598,13.72350657,12.73159881,24.86982165,17.12181162,18.68334037,0.0008864809089,0.0004684937406,0.0004474593116,0.0005566337811,0.0003587573991,0.0003234505896,0.0007564326875,0.0003941371039,0.0003323150594,0.0008381264525,0.0004324793713,0.0004168595095,0.0006589706783,0.0003356909876,0.0002796412515,0.001044317955,0.0004961319831,0.0005754038986
id61,scenario2,2,20.72122209,15.53614268,15.85992449,22.07981028,19.84859761,20.64975805,22.72197202,16.72504626,18.53401676,13.52916233,11.6591994,12.60897186,19.46323083,14.57120618,18.47528368,15.44154386,13.88373793,14.51056917,0.0007310639478,0.0004207875677,0.000450884051,0.0008640915335,0.0006054117233,0.0006960911852,0.0008356541944,0.0004650793159,0.0005919487788,0.0003316824,0.0002839029584,0.0003125973561,0.0007158159614,0.0003650956608,0.0006812074726,0.0004868366292,0.0003441714044,0.0003885267026
id61,scenario3,3,11.62452175,10.61468084,10.91607842,20.93709011,17.10810513,23.05043711,15.00932042,14.73611302,21.47487367,15.75639101,11.49558739,13.73779946,18.47228918,16.13792434,17.89510242,14.05455558,14.36079684,15.75806085,0.0004515232508,0.0003027889112,0.0003262166578,0.0008522203177,0.0005345819751,0.0009873597011,0.0004469170587,0.000446424188,0.0009260331138,0.0005901827865,0.0002962951346,0.0004145727473,0.0006918269699,0.0004804114148,0.0005824107892,0.0004110061041,0.0004020134754,0.0004791476517
id61,scenario4,4,20.13850153,17.92827985,18.41555983,17.29571639,15.35231497,20.01329221,18.31983515,18.70273722,19.13105606,16.92319814,15.55068307,14.33315278,8.241277639,8.218379931,8.798418121,15.33363354,13.1173045,13.37635257,0.0007567467731,0.0005463262086,0.0005621615122,0.0006100925997,0.0004104762917,0.0007599590068,0.000639837118,0.0005873672233,0.000629427988,0.000590828335,0.0004736193558,0.0003888179268,0.0001979725325,0.0001827763787,0.0002090921057,0.0004757044969,0.0003104400064,0.0004257850912
id61,scenario5,5,18.47540392,15.65191881,13.00525934,5.567977384,4.167089672,4.437851434,18.02720112,16.72849957,15.06871632,3.987195543,3.206539155,2.719004851,21.2181824,10.22496903,9.556130652,4.44086225,4.41013932,4.03792431,0.0006767505883,0.0004030145954,0.000298921515,5.94009706e-05,4.127356851e-05,3.764209385e-05,0.0006038128198,0.0005100528352,0.0004339862439,4.870729689e-05,2.932604643e-05,1.864852902e-05,0.0009897202283,0.0002216845487,0.0001891591055,5.946130213e-05,8.67241351e-05,5.348289388e-05
id61,scenario6,6,21.31351656,19.58413907,16.097547,20.45852652,17.87691222,18.03186758,18.60911972,18.30841944,16.58438251,16.89441208,17.73350984,11.32403906,21.99969571,22.2737101,20.48515101,19.76111129,23.9415595,19.42516088,0.0008321610652,0.0006807001256,0.0004538842288,0.0007257024933,0.0005665431583,0.0005600281745,0.0006099273815,0.0006148803125,0.000477156951,0.0005280927702,0.0006806667479,0.0002012475031,0.000862914678,0.0009156772212,0.0007297335394,0.0007680876139,0.001103837297,0.0006642149009
id61,scenario7,7,23.47408758,18.29003117,17.4845253,20.99644509,19.36916768,23.69783565,15.56459131,17.93797316,16.7956002,14.10787904,12.81179535,13.20835472,15.6372345,12.90655061,15.66188911,13.17841108,14.16306872,15.78111384,0.001002419606,0.0006087486195,0.0005281372933,0.0008275782707,0.0006217910877,0.0008874415925,0.000491902869,0.0006152644741,0.0005049964113,0.0005152679304,0.0003191125536,0.0003873248195,0.0007425738019,0.0003791811825,0.0005924061995,0.0004296615428,0.0003885089938,0.000539280493
id61,scenario8,8,18.03423123,14.904893,18.11136868,21.75132404,20.15665902,22.79056984,19.67913677,17.8167125,22.78792995,14.56487614,13.28333995,14.66535672,18.96697713,16.67379075,18.64339821,15.46983898,15.71838622,17.57229578,0.000548205056,0.0003519074841,0.0005163929078,0.0008759923095,0.0007421870015,0.0008742256191,0.0007333128462,0.0005700645063,0.0008615371635,0.0004254498322,0.0003769304906,0.0004169532799,0.000766490648,0.0005574728553,0.0007771950097,0.0005403047103,0.0004997315807,0.0006244408065
id61,scenario9,9,21.35829718,14.30439412,19.04896875,22.24470086,18.36926845,20.16762542,20.23195795,18.96288708,22.01344509,15.12015859,13.41422799,11.70380462,17.89851236,14.41234529,18.4171813,16.23244134,16.25995083,20.443444,0.0008713420494,0.000362595114,0.0006586486218,0.000906904898,0.0005628621747,0.0006727485807,0.0007513387317,0.0006221241696,0.0008699279136,0.0005965153037,0.0003843013874,0.0003310063964,0.0006978057847,0.0004612626678,0.0007706558219,0.0005885150628,0.000623740639,0.0009016847129
id62,scenario1,1,8.208174717,10.40931863,11.92814927,12.12102145,10.22423509,15.79045014,13.37798623,12.92742689,17.42530754,12.094373,11.50667819,16.0910347,13.40067068,14.119073,14.14449547,14.39609098,15.79309458,16.31204641,0.0002179087141,0.0002595427527,0.0003192876795,0.0003588065389,0.0002026832363,0.0004830201812,0.0004645349798,0.0003291667603,0.0005640217902,0.0003915032146,0.0002616962316,0.0005670531458,0.0004858382275,0.0004745282985,0.0005189750342,0.0004961226075,0.0005104374376,0.0005709689943
id62,scenario2,2,5.517192967,6.864258254,7.123887762,4.620401149,6.03932993,8.230001569,11.18998645,9.461667751,12.34409864,2.846540211,4.430200515,4.584969681,15.36732596,17.0339209,18.3842298,16.7489064,15.05257021,25.24745759,0.0001949018227,0.0002130476408,0.0002149430827,0.0001234243359,0.0001576863054,0.0002518466679,0.0003742724932,0.0001803500857,0.0002799932046,9.36593053e-05,0.0001518972911,0.0001730805633,0.0005138278112,0.0005776024972,0.0007040314029,0.0005613420952,0.0004019642782,0.001243366579
id62,scenario3,3,10.93442061,14.05464353,12.32766363,11.36359022,13.77893489,16.07350515,14.94474795,13.03213845,16.37428772,12.9028971,16.87410832,17.78484854,9.232663734,10.14897436,15.22649042,9.889514561,10.91784347,14.15750698,0.0003380869842,0.0004279835642,0.0003074471384,0.0002959005355,0.0003523465175,0.0005270399203,0.0005911703693,0.0003066592363,0.0005049165897,0.0004352354842,0.0006290197938,0.0007277233613,0.0002817357428,0.0002380869115,0.00059416979,0.0003676056939,0.0003132304392,0.0006123911776
id62,scenario4,4,1.810262351,3.270414543,2.694961724,4.328431706,4.941113034,4.701009052,0.4777225238,0.4407218148,0.4789953335,0.9528336619,0.7062969459,1.143074649,2.708371274,2.447126038,3.63317672,1.221240638,0.6914433322,1.247021014,4.530171633e-05,8.413287653e-05,6.248543582e-05,0.0001381830769,0.0001276131696,0.0001023529554,8.588189107e-07,4.961977172e-07,6.626968413e-07,7.253221344e-06,3.258530503e-06,8.857524239e-06,4.773142671e-05,3.473597913e-05,7.267016345e-05,6.630880778e-06,1.377792797e-06,6.51970576e-06
id62,scenario5,5,1.081571199,0.648653879,1.051126279,4.50741814,4.618774838,5.190941568,7.8756229,9.357833074,10.41277803,1.654372731,2.059905946,2.475228727,0.3066520831,0.2232273633,0.3898798497,0.6694611106,0.48271938,0.6805017493,2.058620477e-06,7.308542078e-07,1.957910833e-06,8.872203308e-05,6.37232787e-05,8.640746108e-05,0.0001838960235,0.0001874721038,0.0002757451355,1.555630287e-05,1.986331057e-05,2.547668367e-05,1.796121464e-07,9.37192334e-08,2.752171617e-07,9.970757037e-07,4.486902471e-07,1.24132913e-06
id62,scenario6,6,14.7691993,9.980213945,17.79740475,9.817124928,9.415223053,14.66456177,11.17936826,8.768295802,17.72008993,17.73452658,15.92685633,23.39905043,19.95660564,17.66273751,19.89842343,22.1336326,17.35371176,27.5231378,0.0005600356667,0.0001972485204,0.0007294691971,0.0003243309156,0.0002025029089,0.0005014483215,0.0003295583195,0.0001495312749,0.0006696411413,0.000681223154,0.0004543701754,0.0009365592003,0.0009111880599,0.0005273184201,0.0007278893993,0.0009505210208,0.0005532800765,0.00137777314
id62,scenario7,7,14.259318,11.57220795,12.71788679,13.29664125,10.5196064,17.83326664,17.73374476,12.69147515,21.54778458,10.73422644,8.984262464,11.38128332,13.04494545,12.26625225,21.09048545,20.29244427,14.69140559,29.55593897,0.0004409948181,0.0002349223348,0.0002945751174,0.0004149133399,0.0002380374127,0.0006652027767,0.0006340571144,0.0002833186529,0.000837221607,0.0003025968474,0.0002142483852,0.0003066529013,0.0003574885075,0.0002717903778,0.0008492040397,0.0007636826812,0.0003543632,0.001490717446
id62,scenario8,8,9.080897799,10.98928692,11.99161066,10.58025275,13.29862284,11.88488212,10.66358162,9.311432754,12.07272532,17.74906632,19.08646489,22.12779459,12.68769727,11.34569549,14.41687011,16.57532205,18.74823967,23.23279087,0.0002679144911,0.0003035442522,0.0003778748193,0.0003178735966,0.000435763041,0.0002847302943,0.0002860628463,0.0001843607274,0.0002998503986,0.0006374318932,0.0006697575356,0.0008213490125,0.0004116093294,0.0002757502453,0.0005382741051,0.0005761733087,0.0007820698362,0.001072251675
id62,scenario9,9,2.258330841,1.766622575,2.589528323,11.80715265,10.03326176,13.76603681,13.96221064,10.8243535,13.63484729,2.336012713,2.345329343,2.615961423,12.19370483,11.14848809,8.894978767,11.33430368,10.91090996,12.51671998,1.062884192e-05,5.353132593e-06,1.1096817e-05,0.0003409067167,0.0001903658379,0.0003622055855,0.0004615007755,0.0002329296355,0.000337366694,1.01954984e-05,1.162284556e-05,1.436435348e-05,0.0003168299078,0.0002863378495,0.0001538196446,0.0002923778051,0.0002255642281,0.0003379309999
id63,scenario1,1,13.03199716,9.72111305,15.49622728,8.668552771,8.650179562,10.01037346,11.36803145,10.9928916,14.13542821,15.91910787,17.64583063,27.2560269,11.95362416,13.70586607,17.31168738,13.77663277,11.10938986,15.55710064,0.0004485456607,0.0001779519882,0.0005435874506,0.0002465295266,0.0001626578242,0.0002329134851,0.0003236581829,0.0002666629521,0.0004145755311,0.0004806307296,0.0005381294715,0.001293818725,0.0003136649942,0.0003621522732,0.0005504372527,0.0003955932608,0.0002230840173,0.0004701044137
id63,scenario2,2,4.484739317,5.073995848,7.921851333,4.331811661,3.566487778,7.107709101,5.283592109,5.091131972,7.475558717,8.617035957,8.002501621,15.71046959,10.61332359,8.760651422,15.51303255,7.66584411,6.305707176,12.43874772,3.910021618e-05,5.276100648e-05,0.0001222167952,4.427519651e-05,2.234173944e-05,0.000103989606,8.079985454e-05,5.237981114e-05,0.0001013649438,0.000214216237,0.0001620342177,0.0006692412651,0.0003167656763,0.0001872913656,0.0006337919485,0.0002105395856,0.0001028162153,0.0004556663259
id63,scenario3,3,5.736680944,8.13111927,8.778977471,3.823521982,4.576232085,5.664466042,4.2225067,5.214132252,5.467106578,3.396788522,2.364240293,6.10922534,5.003926545,4.847432981,6.846163572,3.803823291,3.051411744,6.372498484,0.000147991188,0.0001970219276,0.0002219271619,9.013010627e-05,9.441375855e-05,0.0001903894333,0.0001412767255,0.0001248345799,0.0001898710201,6.999501695e-05,1.719391519e-05,0.0002071358834,0.0001294410693,8.364150897e-05,0.0001812498736,0.0001123464384,4.293559743e-05,0.0002677682439
id63,scenario4,4,0.000296524109,0.0008205224649,0.001487793064,0.8048905141,0.9034958481,0.9321649036,3.18443255,4.756161064,3.733187324,1.468533222,2.329065136,2.301903987,8.820391251,8.240274437,12.50003881,7.807244222,6.614823914,9.568365794,0.0,0.0,0.0,1.972265848e-05,1.04621469e-05,1.107531448e-05,9.367640818e-05,0.0001329599346,6.106976994e-05,2.533915702e-05,4.281474538e-05,3.981937992e-05,0.0002257466524,0.0001419232522,0.0003687506084,0.0002369224978,0.0001268439039,0.0002575500986
id63,scenario5,5,14.29198306,14.78415475,15.26036321,15.73733201,16.24237484,21.46951534,13.14935678,13.96735321,15.82882324,8.679679108,10.54846922,12.7492686,11.435653,13.7164185,23.75985097,8.505035202,6.133213202,14.03418547,0.0005341196406,0.0004670916507,0.0004739734067,0.0005764662097,0.000499305559,0.0009389026685,0.0004601970118,0.0004182075808,0.0005493468123,0.0002931959007,0.0003742554628,0.0004899579515,0.0003460584489,0.0003453413156,0.001213097344,0.0002699525739,9.905755096e-05,0.0006519945254
id63,scenario6,6,9.318056472,6.356151863,17.50616409,6.931232396,5.990757059,8.572829451,11.80786164,10.28663545,17.15024497,14.68522036,16.04857437,26.01924042,13.80367492,14.24178775,16.18678112,14.17682658,17.15109354,28.72265291,0.0002832914087,0.0001043800204,0.0009523325356,0.0002421151133,0.0001203387443,0.0003398326317,0.0004718170791,0.0002781807872,0.001004933441,0.000497711643,0.0004681543826,0.00130152861,0.000469972211,0.0004539735841,0.0005657237196,0.0004211344818,0.0005181431694,0.001668329761
id63,scenario7,7,2.140910301,3.568888636,3.848931537,1.40548844,2.163613209,2.974141411,2.122177765,3.89915668,4.327663007,8.984401334,9.678371933,19.70581927,7.724106832,8.474960952,16.27929373,11.44970133,8.833030168,20.20217328,4.380986506e-05,6.713858804e-05,6.724742111e-05,1.813873882e-05,2.082938883e-05,3.932100476e-05,4.330823197e-05,8.046865302e-05,8.854342468e-05,0.0002543549187,0.0001976424066,0.001097222577,0.0002227855779,0.0001853635937,0.0009198077702,0.0003973463102,0.0001830125795,0.001033323068
id63,scenario8,8,17.3744649,16.64510258,21.36094551,18.62044259,14.79865789,20.77904754,19.33182307,16.76046659,23.31913239,9.021675876,9.506967086,14.61721963,10.04966257,8.426608835,15.33894463,11.2276667,10.93594066,24.30830158,0.0005725276771,0.0004880945774,0.0008522705996,0.0006955010261,0.0003727869724,0.0007770863814,0.0006505685301,0.0004511720011,0.0009191547387,0.0002544296135,0.0002456848046,0.0006999576351,0.0003139340149,0.0001813166407,0.0007413870365,0.0003327772311,0.0002875706227,0.001572309818
id63,scenario9,9,2.31120291,3.0627361,1.812419909,3.704282443,5.666990814,6.161432373,2.253766214,2.487626748,3.915575826,1.954555237,3.681531089,2.919159182,12.49644304,12.81241338,16.13165282,1.933707409,2.536092708,3.965588074,6.041382082e-05,7.480574354e-05,1.89359251e-05,9.182382236e-05,0.0001597501324,0.0001364176272,7.046550053e-05,3.87039919e-05,0.0001229085975,3.482850411e-05,0.000139626861,6.428448858e-05,0.0004165029862,0.0003800319106,0.000671765588,3.156007804e-05,6.09838673e-05,0.0001643652328
id64,scenario1,1,12.97771767,9.513213601,24.94483219,15.69946075,7.86252069,22.81059861,22.09030886,11.30790456,29.77200357,23.80054159,15.22862682,36.22005681,23.59774796,18.3013242,38.30425176,21.40067129,13.51214899,28.31847968,0.0003726020171,0.0001660507657,0.001394295835,0.0005038555069,0.0001090594046,0.001146614648,0.0008147087018,0.0001738091474,0.001313073162,0.0009500229272,0.0003614462473,0.002090103861,0.0009164730456,0.0005092835629,0.002061081526,0.0008087253874,0.0002915587275,0.001504804099
id64,scenario2,2,29.23683546,17.63607691,41.69395803,17.80506484,11.95820997,14.94753423,14.37166888,9.150749165,22.63358036,18.76989889,16.68762082,32.67203541,15.49606077,10.11061465,28.22276533,18.18907412,10.08673833,21.14197973,0.001347470457,0.0004660141609,0.002597025908,0.000607470887,0.000215181559,0.0003030747228,0.0003470768949,0.0001142463073,0.001093853928,0.000660146569,0.0004358886863,0.00175375612,0.0004897086981,0.0001783231698,0.001620876626,0.0005861613121,0.0001923602431,0.0007175300039
id64,scenario3,3,8.075170291,8.406149598,18.58604662,13.93651201,10.76516422,14.81505282,4.074120852,2.545068771,3.163897644,2.140983847,1.620725826,1.813292253,15.55020748,13.2553476,25.32313258,3.366585536,2.25860397,3.046723966,0.0002143441319,0.0001230304629,0.0009071536293,0.0003512719221,0.0001608763799,0.0003316434621,2.806683116e-05,9.578308562e-06,1.354285466e-05,1.781175627e-05,7.334080215e-06,8.32995371e-06,0.0005288834086,0.0003538547318,0.00136523016,1.712939077e-05,8.289433135e-06,1.446662372e-05
id64,scenario4,4,20.05680967,13.63518595,30.32080483,17.43172166,16.9075449,23.76122489,5.003219706,4.367278638,5.136240105,14.07500739,10.82344644,18.94142093,7.777674863,7.907539553,9.664577117,3.304988557,2.103501163,4.354727312,0.0006294346796,0.0002429215365,0.001275059288,0.0005417571839,0.0004046310764,0.0008257599461,4.772683056e-05,3.199539671e-05,4.423094577e-05,0.0004068630999,0.0002048915378,0.0009179990401,0.0001637627756,0.0001461466216,0.0001717254879,2.209853164e-05,1.019981393e-05,3.702179194e-05
id64,scenario5,5,12.82700797,11.58726439,50.51947031,15.52068847,11.98729834,24.75518732,17.99418415,8.120878552,52.09075121,21.75581382,17.1929574,35.44252687,18.13106739,14.59448244,41.08685232,14.84047547,9.808543503,19.65464725,0.0003248513616,0.0002418548086,0.004520753445,0.0004797924067,0.0002372660657,0.00128352389,0.0005122090094,0.0001136533525,0.004556762639,0.0007819103452,0.0004311440819,0.00204893087,0.000571967382,0.0003960578145,0.002913031592,0.0003863293713,0.0001555029977,0.0007430650505
id64,scenario6,6,5.911173607,9.068829466,25.6068522,8.168950036,8.359788761,12.64537058,11.9187607,12.31001379,25.94307843,17.01988427,14.13863338,48.65337567,8.725228773,8.167925485,18.00414694,25.37473516,16.14896292,34.41434908,0.0001414606813,0.0001988260857,0.002079802085,0.0002485568064,0.0001931354529,0.0004641351973,0.000320658635,0.0003276846807,0.001853154007,0.0004988254905,0.0003195114095,0.003514431617,0.0002614435212,0.0001819411091,0.0009241316954,0.001116207001,0.0003807676148,0.001840658041
id64,scenario7,7,12.93616283,11.66142948,33.18514124,10.72787375,11.58785887,22.49357787,9.302969098,9.613105231,23.70896989,21.92468171,12.70625987,44.76088642,17.81660083,16.10581037,38.99440933,12.44035979,9.112548841,29.0988522,0.000318299863,0.0002365867667,0.002398607773,0.0002877043622,0.000282923411,0.001425283108,0.0001429623357,0.000130522653,0.001143772349,0.0007862675594,0.0002463549988,0.002997338607,0.0005668293826,0.0004485093278,0.002506430868,0.0002356403427,0.000136680824,0.001250190727
id64,scenario8,8,12.03528996,10.20046442,10.06727982,13.77520975,13.26660746,15.30489389,18.66804987,9.071959009,11.90213023,21.61692818,15.02917408,33.67131076,16.89541068,13.86000066,32.97945199,22.46280771,13.39444381,26.34635648,0.0003521012566,0.0002257768831,0.0002042385417,0.0003650915537,0.0003311692993,0.0004549981006,0.0006838701451,0.0001447584597,0.0002558811467,0.0007401875407,0.0003806363409,0.002015834443,0.0005216448402,0.0003398659317,0.001945496222,0.0008119799668,0.0003021920807,0.001224994743
id64,scenario9,9,15.65892318,15.60050693,31.5922447,12.78245401,11.98919856,25.99887182,17.86068643,9.803421263,23.22353054,21.38995401,20.35400486,42.64552296,20.71881593,14.8382154,26.2601144,17.239882,9.708202533,33.71358748,0.0004519295224,0.000456287534,0.001861062354,0.0003262312548,0.0002915114821,0.001276685772,0.0004929157627,0.0001521842162,0.0008442717613,0.000710469497,0.0006700558728,0.002595293963,0.0007342089938,0.0003487215401,0.001234494374,0.0004733856686,0.0001430687755,0.001713733815
id65,scenario1,1,9.721869877,13.12445229,21.63834784,12.70383137,27.94652683,35.91061713,14.29112985,19.41155784,37.49844892,9.464677885,6.923854915,13.51943661,17.08006031,17.66339272,42.10033572,17.99154323,16.94396042,34.79206548,0.000158349897,0.0002684688193,0.000825843694,0.0003277312991,0.001170788473,0.001948258755,0.0004106870117,0.0006737590693,0.002431602654,0.0001619329364,7.594203445e-05,0.0003660139275,0.0005260934387,0.000498702372,0.003080120741,0.0006033463994,0.0004919711398,0.002056738374
id65,scenario2,2,3.336619621,4.912110821,6.87543154,10.08807354,5.282236982,7.239081269,5.936984407,4.985376449,9.179527174,5.871616516,7.991001951,9.252959922,10.25287717,7.462980105,11.36501992,11.40438301,8.816120736,21.64542888,4.271180432e-05,5.408895202e-05,0.0001046975533,0.000336634961,6.573364296e-05,0.0001051137229,0.0001968711025,8.231456047e-05,0.0003200305878,0.0001329620298,0.0001589123266,0.0001987149594,0.0003427514806,0.0001439366138,0.0003257712547,0.0003716819661,0.0002530739261,0.001418716498
id65,scenario3,3,5.411549158,4.518672523,6.099113017,7.827021464,16.24828461,21.30952627,5.581383547,5.069898272,7.64225359,10.41214223,10.87459432,18.56647017,17.57981219,15.22122904,22.32591934,21.44401077,17.15941592,36.9333508,6.679823391e-05,3.705932073e-05,6.722715278e-05,0.0001541430972,0.00060380181,0.001065619862,0.0001390414516,7.080906941e-05,0.0002086750656,0.000183157785,0.0001946691011,0.0005542704865,0.0006105862399,0.0004259659565,0.0009394384584,0.0008284093153,0.0004709092864,0.00218408002
id65,scenario4,4,10.81187656,9.341144009,10.69220417,20.41876754,8.620802521,11.53768761,10.01461791,7.593514347,17.96682891,9.621470713,8.829465731,12.77258111,17.58918928,13.014294,25.94204038,19.65490086,13.82653792,32.85194857,0.0002284236942,0.000174436825,0.0001874011442,0.0007350479163,0.0001206914636,0.0002033750014,0.0002789896049,0.0001400913979,0.001140105978,0.0001544500753,0.0001350645245,0.0002842058317,0.0005476831413,0.0003155768322,0.001215315471,0.0007227418588,0.0003428178374,0.002061561431
id65,scenario5,5,9.891336083,5.905285414,21.93235643,20.16245557,12.45095593,30.03860415,18.44441058,18.98216727,25.97713332,12.26297139,12.35181021,27.88722573,16.91466212,16.28128674,30.51065234,18.98930146,17.42045227,32.88750273,0.0001401516717,4.983424452e-05,0.000707832418,0.0007247084321,0.0002113744461,0.001615658277,0.0006520937081,0.000517955822,0.001039445463,0.0002429093433,0.0002589258443,0.001265136767,0.0005274488786,0.0004885602056,0.001648799985,0.0006419092612,0.0005071684553,0.001767902325
id65,scenario6,6,19.35998586,11.41979896,18.92136955,2.660467755,2.385034727,2.443671421,2.362337834,2.201880404,2.167851072,12.37520161,13.30912292,19.01819911,13.32332572,14.15812695,18.62829533,15.92613448,18.74598072,25.19007231,0.0008369593674,0.0002157796892,0.0006013922714,3.826513997e-05,1.506117264e-05,1.511960368e-05,3.74792148e-05,1.523054493e-05,1.427780796e-05,0.000403621672,0.0003640545619,0.0008513474613,0.0004617584137,0.0004101941509,0.000747444399,0.0005346088286,0.0006457074483,0.001122599947
id65,scenario7,7,3.864351462e-05,0.0003556505618,0.0007925876371,7.019038974e-05,0.0007705238585,0.001720229991,5.815200945e-05,0.0006313790348,0.001407898312,0.0001664790546,0.0002339076218,0.000746667603,6.874358786,4.654887595,10.72695494,7.029488817,7.981706146,11.41529365,0.0,0.0,0.0,0.0,0.0,0.0,0.0,0.0,0.0,0.0,0.0,0.0,0.0002419624507,8.772456148e-05,0.0005365816288,0.0002662128976,0.0003024740356,0.0005889396848
id65,scenario8,8,6.651944125,6.632467965,7.712319216,7.895355191,9.441982943,8.880638067,10.00954234,11.73346783,13.69813087,11.60347074,10.97442657,17.46624324,13.79561328,14.44602229,23.90418626,18.56472746,19.44302421,44.52681136,0.000263312347,0.0001498373467,0.0002209207729,0.0002324059943,0.000286562381,0.0001847560168,0.0002803919347,0.0003020382871,0.0003713612697,0.0003835288647,0.0002419855832,0.0007751117418,0.0004536448628,0.000363392917,0.001315539884,0.0006266377147,0.0005854725196,0.003173875292
id65,scenario9,9,9.240901896,7.82753174,10.81128087,11.65158613,12.30894398,12.75113077,12.93223697,11.16260794,21.2396273,19.66877732,14.81065959,40.24156325,18.53096833,19.53241583,33.36375639,19.46299571,19.45018584,50.78912976,0.0002482016962,0.0001150087478,0.0002302465587,0.0004098127908,0.0003657726263,0.0003425803411,0.0004342064919,0.0002480296005,0.001055831993,0.0007057036975,0.0003511262239,0.002776954176,0.0006147320988,0.0005832657577,0.001862548795,0.0006119081235,0.0005913271821,0.003738416814
id66,scenario1,1,18.40981342,14.40920376,25.34937185,21.82603313,22.75137158,33.68068298,12.03440622,7.190399129,15.63998723,15.60491312,13.11916841,40.46478412,15.30661562,11.81610233,30.17756482,18.18910602,12.31417001,45.15196131,0.0007093465667,0.0004840297846,0.001185131946,0.0008014617149,0.0007235092227,0.001608135194,0.0002766689,8.755387831e-05,0.0004649940034,0.0004595052619,0.0002987154065,0.002949561161,0.0004026858345,0.0002277414775,0.001700507419,0.0005543301962,0.0002526112593,0.003270086729
id66,scenario2,2,12.70068682,10.70607241,43.36344673,17.82767111,23.5998352,40.02633327,13.25217429,9.688352731,30.93380024,13.71225562,12.66991296,32.4968008,14.72444853,14.12197759,36.13505416,16.76913999,13.01089461,38.89597662,0.0003138403582,0.0001756943874,0.003726453346,0.0004626392434,0.0009011291149,0.002665674356,0.0003731893002,0.0001458068995,0.001968920028,0.000356549027,0.0002674652488,0.002148937842,0.0004362426456,0.0003417180583,0.002444559018,0.0004949967799,0.0002818595208,0.002470571015
id66,scenario3,3,4.564696982,6.639047947,17.54061212,15.08809694,8.659976568,18.47875359,12.66561209,8.971035243,28.43339989,6.813375151,7.730995307,15.50115728,17.35866994,13.46282388,42.83949837,18.01225593,15.08268354,49.14037766,9.993162533e-05,8.787337802e-05,0.0008239101016,0.0004140694853,0.0001099385047,0.000677572822,0.0003689569949,0.0001587480527,0.001493173142,0.0001763020534,0.0001673178595,0.0007258708887,0.0005281614101,0.0003188466611,0.002930104029,0.0005313274227,0.0003684240168,0.003477063364
id66,scenario4,4,9.036244753,8.979248771,22.65125885,7.657265706,13.48001567,18.01722773,18.1218018,19.71588344,22.5766129,17.76057097,18.22458956,33.23011938,19.20934671,15.07744553,35.2465681,22.75090572,16.14941989,47.23910627,0.0002593147094,0.0001541084954,0.001167628212,0.0001775563737,0.000315191693,0.0006586990914,0.0006270779719,0.0005839340164,0.0007579646758,0.0005821471689,0.0005345335036,0.001906614217,0.0006370363349,0.0003753688432,0.00201446801,0.0007945147545,0.0004414528986,0.003194414326
id66,scenario5,5,14.44867893,8.119014491,20.53993294,19.0842337,15.44632751,36.35333386,18.37850228,11.77278988,29.82332763,19.38216701,11.76427531,43.45045396,17.09876164,15.77379584,38.1839691,17.55290929,16.13629783,47.49567619,0.0003985430375,0.0001026152872,0.0008707097575,0.0005554048272,0.0004194987619,0.002259700578,0.0005572824043,0.000210901064,0.00147172661,0.000622911643,0.0002235318334,0.002812022932,0.0005002328444,0.0004012254925,0.002503577451,0.0005134087136,0.0004016671071,0.003303905813
id66,scenario6,6,17.6166399,6.576049932,37.43148485,19.07409849,13.78250553,51.72142387,21.01553686,10.0591808,54.72230817,14.54623206,11.66606744,32.80504453,17.76408895,16.05746394,47.58649611,12.14756302,6.451358204,16.46933954,0.0005335393578,6.891801371e-05,0.00269700639,0.0005884895829,0.0002629881035,0.003827500002,0.0006735090801,0.0001478041611,0.003999533366,0.000389003262,0.0002368394859,0.00194063967,0.0005105005878,0.0003822971611,0.003379286408,0.0002467067976,9.468536345e-05,0.0006477399786
id66,scenario7,7,14.32485391,6.912429074,31.90407281,15.30758483,5.979862284,31.32793413,14.09726635,5.830365545,32.95567217,18.7225089,12.07389118,37.77056071,16.97281364,12.02620702,50.67504469,17.13471534,12.22720215,42.5233591,0.0003531812497,0.0001047724956,0.002720075378,0.0003849036091,8.926803498e-05,0.002377583297,0.000303984444,6.110131762e-05,0.002717419374,0.0005944914777,0.0002270864023,0.002618236986,0.000464254294,0.0002294325398,0.003659706132,0.0004508011107,0.0002488345979,0.00283620753
id66,scenario8,8,8.267588648,6.982365885,19.59615708,4.335225732,3.257471929,8.206008422,6.861696493,4.844810534,15.81215686,0.6437944686,2.206944496,3.024952837,0.8570130857,2.287508425,3.197550453,0.7967854369,1.98242468,3.287093811,0.000228994537,0.0001335196295,0.001289831393,0.0001120868753,5.985614159e-05,0.0004888105302,0.0002058081153,8.833027712e-05,0.001086048718,6.874256784e-06,4.906607714e-05,0.0001024651911,7.730922798e-06,5.142991518e-05,0.0001227552658,8.271386316e-06,3.549952075e-05,0.000115873073
id66,scenario9,9,12.38410468,8.673196027,16.52501848,15.52258336,15.48385268,30.32894937,17.57768911,11.06051089,29.62573204,15.44967698,11.90203712,54.88514468,17.4846814,14.55787305,35.22136004,9.614646836,7.586763729,12.74311783,0.0003941917609,0.0001921368454,0.0009023008516,0.0004326878691,0.0003571572992,0.001683744935,0.0005481964106,0.000240189656,0.001727512568,0.0004116796265,0.0002458467034,0.004724913394,0.0005537026101,0.0003590905318,0.002107914922,0.0002312032882,0.0001538250664,0.0004775082074
id67,scenario1,1,7.009788173,6.573190021,6.866285501,2.433923175,1.974421645,1.67341359,5.627513051,2.670720983,4.317749074,3.918702705,3.107920018,3.201902659,1.990362803,1.422597069,1.507470642,0.1294342071,0.1024265022,0.08689680507,0.0002315640592,0.0001416884865,0.0001666743266,1.664914217e-05,1.041348136e-05,6.457812219e-06,0.0001886587808,2.719276844e-05,6.310922039e-05,8.431370899e-05,4.070133793e-05,3.985426081e-05,9.775869416e-06,4.636818255e-06,5.80298497e-06,4.22665372e-08,2.27285053e-08,1.63843087e-08
id67,scenario2,2,0.05099323946,0.02787493691,0.06158616469,0.2028420521,0.1109894646,0.2460914085,0.3231711967,0.1768301875,0.3920767621,0.03888724507,0.01958162638,0.03633991921,0.1546045502,0.07785093882,0.1444771121,0.2463184383,0.124033359,0.2301832421,4.4414739e-09,1.2508761e-09,5.567771e-09,7.01804618e-08,1.97897695e-08,8.83150507e-08,1.781416717e-07,5.02331066e-08,2.241733721e-07,3.0482988e-09,7.310861e-10,2.3473875e-09,4.81823226e-08,1.15557662e-08,3.71035089e-08,1.223029783e-07,2.93324304e-08,9.41812141e-08
id67,scenario3,3,1.283790231,1.312318903,0.9550094897,0.2008811839,0.1192010754,0.2285866405,0.6159973147,0.5333910109,0.7160899354,2.382331439,2.34486891,2.654434359,0.3689819388,0.2067138798,0.3179326367,5.45660021,4.36305981,6.83775049,7.212715275e-06,5.437387383e-06,2.105276342e-06,9.70073352e-08,2.47652585e-08,9.09542764e-08,1.000429007e-06,5.443699973e-07,8.528581273e-07,2.857983109e-05,1.944456073e-05,3.283381864e-05,2.647564311e-07,7.04570283e-08,1.747678896e-07,0.0001178133697,6.708310393e-05,0.0001823269793
id67,scenario4,4,0.8368045937,0.5454738628,0.5856704019,0.7722415334,0.5542771667,0.6142488861,0.4464570984,0.3315252349,0.4662303965,0.3736934746,0.2488510007,0.3296605108,0.2142712582,0.1283051573,0.1970149908,0.3941203601,0.2712034954,0.2897881551,1.441562378e-06,4.804601532e-07,6.708431349e-07,1.265536125e-06,5.059340891e-07,7.607717321e-07,3.689803978e-07,1.918447322e-07,4.066407018e-07,3.196762273e-07,1.342841248e-07,2.058499095e-07,1.36125482e-07,3.14384746e-08,8.11761902e-08,3.304427882e-07,1.648163092e-07,1.843569514e-07
id67,scenario5,5,1.53484131,0.7746406998,0.7265490361,1.948491827,1.167619423,1.259172212,0.2455226213,0.1572042572,0.1271881481,3.246324776,2.522947081,6.070364379,2.344457242,1.414930413,1.746500253,0.536378463,0.3509550288,0.4016824313,4.361310533e-06,1.051776248e-06,1.054249908e-06,1.006278496e-05,3.554411691e-06,4.227285998e-06,1.404383068e-07,4.24915962e-08,2.61490062e-08,4.533994074e-05,2.3432508e-05,0.0002764172823,1.466299456e-05,4.037950395e-06,7.25361567e-06,6.433782298e-07,2.174938906e-07,3.481565732e-07
id67,scenario6,6,5.700852871,7.010151556,3.01567461,2.390494699,2.097613293,2.220881947,3.103151132,1.762560264,3.14399892,1.478743118,1.037079372,1.377611633,0.8664336043,0.7280165907,0.6242670248,0.9801774057,0.7416583074,0.8234689935,8.621360627e-05,0.0001191748847,1.267828014e-05,1.109530393e-05,8.279653981e-06,7.834817587e-06,1.686063267e-05,7.293838686e-06,1.791707668e-05,1.614512896e-05,5.526653262e-06,1.068144829e-05,1.971924609e-06,1.24616221e-06,9.62319658e-07,3.583425741e-06,1.348817164e-06,1.946204532e-06
id67,scenario7,7,0.0578719969,0.06236900144,0.04239904369,0.01762423911,0.01897676533,0.01294355832,0.03336503759,0.03583004433,0.02429931106,0.1775653421,0.145914741,0.16820755,0.05407440666,0.04437015298,0.05115761131,0.1021371537,0.08383599894,0.09660703395,1.5129438e-08,1.02928852e-08,4.5411189e-09,1.4026363e-09,9.530089e-10,4.222331e-10,5.0090023e-09,3.4053013e-09,1.5014477e-09,1.989712045e-07,7.60701046e-08,1.195232075e-07,1.84472518e-08,7.0431922e-09,1.10681413e-08,6.58327463e-08,2.5135648e-08,3.94848453e-08
id67,scenario8,8,4.171019145,5.311367214,5.142367609,0.2333908556,0.1378502278,0.1678536839,1.415585738,0.8278950824,1.168797008,2.504902269,3.090471191,3.515082536,0.8188616323,0.5242597601,0.5476549007,1.117904679,0.7758137577,0.7194425796,0.0001060034601,9.249269501e-05,7.938705111e-05,9.17867645e-08,3.26602699e-08,4.85397959e-08,1.277065268e-05,3.172560077e-06,5.849181953e-06,3.765043216e-05,4.127640153e-05,4.975939267e-05,1.650681924e-06,5.124929264e-07,6.335778965e-07,2.637524111e-06,1.18553395e-06,9.829565207e-07
id67,scenario9,9,9.826879216,9.57950944,9.415685152,2.789991234,3.570711159,3.866918295,13.5440232,11.01871473,13.7050036,13.99802351,10.91385397,17.0290847,7.277597581,5.543436134,6.421660494,8.331101018,6.509751849,9.672040571,0.0002171692789,0.000210890738,0.0001791494255,3.467335594e-05,7.374661241e-05,4.496308556e-05,0.0004600002511,0.0002521536899,0.0003840219885,0.0003834489809,0.0002103098175,0.0005330209075,0.0001738620264,6.727888341e-05,8.390980522e-05,0.0001748174805,0.0001103106206,0.0002427623409
id68,scenario1,1,3.47191673,3.191484201,3.087963527,2.399352242,2.553689945,3.50585139,18.11044769,23.20473295,19.80399708,2.942377575,3.093350142,4.065034038,0.9572827072,2.257203977,2.975672472,18.44049827,23.85815993,29.8958074,1.896809517e-05,1.617036937e-05,1.487104947e-05,7.719041188e-05,3.610403848e-05,4.690067427e-05,0.0005784997874,0.0009996579785,0.0005769856859,1.493968235e-05,1.906891262e-05,3.16848822e-05,1.5848881e-05,4.814841469e-05,0.0001043432971,0.000608324207,0.0008782023487,0.001493493416
id68,scenario2,2,3.765612843,1.643409256,1.858867441,1.438209703,0.439566366,0.3933467331,8.183899398,4.888774317,9.991225253,3.672848788,2.159102332,2.347353027,10.34775759,9.006172188,11.78175148,21.05583805,21.54858642,22.39036216,2.143507719e-05,4.83141024e-06,5.269831601e-06,3.887341015e-06,3.653572353e-07,2.822180024e-07,0.0002028602821,7.895428808e-05,0.0003757709807,2.245768395e-05,7.248550704e-06,8.429515955e-06,0.0003611055615,0.0002410547026,0.0004096395513,0.0007492030585,0.0007836801486,0.0009792910422
id68,scenario3,3,3.780844029,2.185898679,3.37334571,0.0007997761667,0.001837226809,0.00311945435,4.768656898,4.509342634,4.049099703,5.851544243,2.448779789,3.119431875,8.384510981,9.47483784,8.076833738,8.496170848,12.23864476,12.70733557,8.882093571e-05,2.032620378e-05,5.550497438e-05,0.0,0.0,0.0,0.0001290646283,6.602705998e-05,6.18028244e-05,0.000191452582,1.433155188e-05,2.218661987e-05,0.0002436735346,0.0002292296954,0.000164302251,0.0003041357507,0.0004382336538,0.0004725531341
id68,scenario4,4,2.600081044,1.572886291,1.848298525,6.517488645,3.690194587,7.701347618,9.055641535,6.808660121,6.689977629,2.4564113,2.658336463,2.626394853,6.124240379,8.23630124,8.512578803,16.19875607,18.94534936,20.96936249,9.951393513e-06,3.882239869e-06,5.258935768e-06,0.0001548433264,3.434182921e-05,0.0001470182501,0.0002241721863,9.177307744e-05,9.776105275e-05,9.660185958e-06,1.186512756e-05,1.232758935e-05,0.0001745846792,0.0002000361547,0.0001985953048,0.0005328597306,0.0006406860927,0.0008066983779
id68,scenario5,5,3.060714565,1.765973058,1.816292961,5.265673136,1.430127602,1.059973476,8.04846378,8.757107797,9.820686634,3.045899089,3.63763133,2.550604306,2.833601432,1.805418221,2.296384712,2.358449727,3.883050156,5.350083684,1.574085137e-05,5.510366303e-06,5.603699779e-06,5.610469941e-05,2.971638069e-06,1.608451259e-06,0.0002195067123,0.0001860690886,0.0002703315055,1.406484155e-05,2.368949017e-05,1.071562596e-05,5.41204795e-05,1.191447741e-05,2.389128388e-05,4.036562623e-05,7.113213725e-05,0.0002086816813
id68,scenario6,6,12.6839242,4.21633422,5.992246922,12.43299988,8.088070858,9.611106639,7.148753464,8.50545424,15.89198691,8.99957558,6.654700982,7.629997971,12.42716577,13.30229852,11.28520522,5.853201248,7.297658352,8.332436246,0.0002835593272,3.374777849e-05,5.556660193e-05,0.0004145753518,0.000132254998,0.0001804125668,0.0001393759897,0.0001436363954,0.0004538854766,0.0001638729952,8.142747975e-05,0.0001057708504,0.0003994522241,0.0004384017111,0.0003335366929,0.0001464663021,0.0001515736261,0.0002301110501
id68,scenario7,7,0.001993105803,0.001136898314,0.001193078795,4.356421983,2.930351444,3.279566877,8.37901088,14.03761413,19.40149537,23.46247092,6.541340844,4.845337482,0.5459002481,2.171969848,2.190981113,12.17750008,11.95486919,11.82297208,0.0,0.0,0.0,9.975991416e-05,3.0333841e-05,3.736131798e-05,0.00019840754,0.0004652968849,0.0009489974775,0.001652192886,0.0001296542894,5.737747972e-05,6.580811728e-06,5.598495601e-05,5.951595953e-05,0.0005043860088,0.0003239875127,0.0003820275714
id68,scenario8,8,2.673857082,3.188116963,4.177326404,3.580196998,4.818270283,5.036261684,12.28581668,16.3575881,16.55352367,2.962201936,2.988247498,2.860491963,3.75261686,5.475141649,3.947457004,8.174759362,10.98224878,8.254415398,1.172995248e-05,1.705677163e-05,3.070493699e-05,9.222405946e-05,0.0001113668456,0.0001165864141,0.0003694176552,0.0005486419152,0.0005198452781,1.589117806e-05,1.512807066e-05,1.353221474e-05,0.0001163368563,0.000153212879,5.919263867e-05,0.0002548331156,0.0004516867143,0.0002122951773
id68,scenario9,9,13.04568646,4.260698987,5.203789902,6.777144746,5.270212654,7.627329689,9.253246764,5.92779352,6.853420182,8.919533236,7.563908993,9.051403376,13.93657368,15.42634768,14.76215417,14.01268994,23.34898556,23.10292583,0.0002996036405,3.245770073e-05,5.297549117e-05,0.0001239205464,7.047752191e-05,0.0002469007336,0.0001841973709,8.873231644e-05,9.603937571e-05,0.0001260837505,9.192819486e-05,0.0001369863768,0.0004898460421,0.0005559832617,0.0005521215815,0.0003818717354,0.001032538193,0.0009396227267
id69,scenario1,1,10.32567061,8.40517062,6.714995125,8.050113912,5.729507778,6.593870701,19.43927718,13.77456833,16.49514591,10.71773776,8.101045029,14.00101927,7.333814512,5.610233999,9.754959595,19.18062561,13.72053169,20.12763275,0.00024461237,0.0001640661953,9.813499978e-05,0.0001063216224,4.871961839e-05,6.658209147e-05,0.0007096566919,0.0002960440234,0.0004376194339,0.0002534914808,0.0001251802712,0.00049030118,8.725366693e-05,4.735012181e-05,0.0001651732483,0.0006308293963,0.0003113172971,0.0006789833934
id69,scenario2,2,1.605953718,2.963314322,2.863117419,13.36568056,11.82955861,15.08500126,12.5831518,12.53854508,12.2279604,11.39887858,8.886771278,14.21189418,2.14769317,1.622799537,2.199294681,18.02586357,12.52546765,27.19191982,2.484126179e-05,5.799610353e-05,5.318821624e-05,0.0004950897564,0.0003498340965,0.0005610186712,0.00036499289,0.0002985750879,0.0002813628695,0.0003637859928,0.0001607933227,0.0004273370035,6.587022392e-05,2.225040456e-05,4.435438177e-05,0.0006084837392,0.0002583615159,0.001427654788
id69,scenario3,3,7.203580399,7.907806677,6.600369371,3.673153874,3.119409768,2.125414237,7.923909052,4.839034541,8.549252928,11.45218364,8.054227716,12.09853687,6.51521335,4.491916308,6.08148413,19.64017175,12.24826785,24.7144672,0.0001480718146,0.0001188439388,7.155605442e-05,2.962315579e-05,2.2994045e-05,9.369476342e-06,0.0001948102485,5.452175564e-05,0.0001872844465,0.0002492882631,0.000123398213,0.0002965582522,6.851847886e-05,3.030838184e-05,6.133224951e-05,0.0007132669628,0.0002511188569,0.001083962891
id69,scenario4,4,11.12291979,4.628167788,9.736761854,8.196349806,8.919432154,8.40735974,9.79190211,8.673986627,5.609241529,2.522261952,4.278733335,4.754125186,15.00800065,11.52268099,23.2971144,16.29979959,11.87980543,22.59268213,0.0005368270803,6.014157979e-05,0.0002561368013,0.0002066749075,0.0001838703637,0.0001568532313,0.000298585918,0.0002108098734,9.916307978e-05,5.053784717e-05,9.043663515e-05,9.861875627e-05,0.000558434784,0.0002572398873,0.001365066219,0.0006255723182,0.0002616177872,0.001007967108
id69,scenario5,5,8.356224173,8.580645701,6.918531778,14.53227923,10.88689814,14.04527709,16.02845166,15.39585403,16.52802288,8.666933224,5.92855048,14.6056702,12.52514981,9.439273778,19.66061914,8.213499051,10.20789764,12.11678766,0.0002419271759,0.0002229871655,0.0001158083341,0.0005943148177,0.0003234004423,0.0004695187627,0.0005364625672,0.0004042151203,0.0004254201556,0.0003005979876,0.0001154243039,0.0007716723479,0.0004056704107,0.0001988156633,0.0009910613037,0.0002581625496,0.0002907290946,0.0004543667654
id69,scenario6,6,5.826086914,8.653636048,16.84343057,4.305432934,4.71861232,10.79804402,8.632639233,8.941348082,8.075457797,3.83668095,3.345625449,4.077263325,9.219342645,7.318351086,14.22841151,6.757672557,5.60846057,9.046786314,0.0001441660372,0.00019958336,0.001037196894,0.0001318200902,7.860486247e-05,0.0006642346947,0.0001740126347,0.0001399399289,0.000111227512,0.0001027624056,5.948477514e-05,7.973607598e-05,0.0003118378124,0.000180640516,0.0006575985425,0.0002046251383,8.233760734e-05,0.0003031199197
id69,scenario7,7,12.13380554,9.697875702,10.22406931,4.02174028,3.232056592,3.19553498,13.34120413,11.53559043,13.74874626,9.96272519,6.064848832,12.62456669,16.52561233,12.12271903,19.49241532,15.54554546,11.10245498,17.5032838,0.0003952645298,0.0002347073052,0.0002459500369,3.701485274e-05,2.026960528e-05,2.379935096e-05,0.0004543672684,0.0003073156506,0.000427293695,0.0002741787972,8.495379544e-05,0.0004839448859,0.0006100627655,0.0002913310579,0.0008765085631,0.0005884144239,0.0002695197213,0.0007315266481
id69,scenario8,8,8.736500553,8.519983753,10.71250668,11.59947573,8.893501989,12.63615337,14.74318553,11.80946648,15.51304311,13.36302372,8.986710531,15.23149852,14.72808206,12.26968338,14.07711722,18.29019377,13.95582176,22.54326681,0.0001404917719,0.0001754862761,0.000210213122,0.0003019209002,0.0001593335446,0.0004021068122,0.0004659712928,0.0002522567958,0.0005170968796,0.0004502570554,0.0001660034267,0.0005177564136,0.0004548681932,0.0003071306941,0.0003955259134,0.0006991214549,0.0003658525202,0.001117226326
id69,scenario9,9,6.098177261,3.798601925,5.529696567,12.00109664,9.454635487,15.27480095,16.73450622,15.36842611,20.56684915,7.717905017,7.008221773,9.181737426,8.375037082,7.398174262,9.560392953,8.807385936,6.758704176,10.88726272,0.0001292795411,2.417928812e-05,8.760722574e-05,0.0004332101307,0.0002085052537,0.0006265136142,0.0005635377362,0.0003806791903,0.0006996257952,0.0001152132659,0.0001023256398,0.0001928215722,0.0002957991694,0.000152751792,0.0003467433049,0.0001932864453,9.528606339e-05,0.0003132144282
id7,scenario1,1,4.123660772,4.180602396,4.274873619,10.02861248,5.890470413,7.282064568,9.564812526,6.907692715,8.725763402,1.513763341,1.016234059,1.113438285,8.514399041,5.433543464,6.028537034,10.83098578,6.642116402,7.518396284,6.534201686e-05,5.610076454e-05,5.102257868e-05,0.0001672437612,5.758260615e-05,7.902787661e-05,0.0001505477937,7.063039149e-05,0.0001198321864,3.783289914e-06,1.698743584e-06,2.065142385e-06,0.0001374325409,5.247700861e-05,6.051137115e-05,0.0002141767244,8.535625071e-05,0.0001223634876
id7,scenario2,2,1.969418697,0.9240510725,1.654135661,7.363687075,6.28800598,7.228571173,12.69719599,8.301583902,8.969109983,2.067989833,1.436608677,1.760338192,14.28642576,9.461484995,9.568560072,15.81104023,13.68083476,11.96380227,7.17599357e-06,1.272743412e-06,5.96954929e-06,0.0001207301853,8.218764914e-05,8.314536731e-05,0.0003426804508,0.0001294424518,0.0001406883922,7.107507034e-06,3.201990214e-06,5.175074132e-06,0.000322265071,0.0001319485431,0.0001340298556,0.0004517007247,0.0003434812128,0.0002821113666
id7,scenario3,3,1.652707193,1.284046331,1.744971932,8.635553498,3.894104452,8.539558429,10.69201364,8.222238301,8.893235887,2.633737115,1.797348392,2.100579864,16.49395821,12.11529473,13.72237463,17.08775204,12.13853584,15.15619227,4.36893516e-06,3.568005883e-06,4.272825914e-06,0.0001617230622,3.54763452e-05,0.0001718112373,0.0002344670114,0.00012546591,0.0001300688361,1.31723164e-05,5.719982761e-06,7.891036712e-06,0.000485510998,0.0002861848027,0.0003374723546,0.0005504407623,0.0002645247699,0.000430498978
id7,scenario4,4,1.410863669,1.038858665,1.054831747,5.548665181,6.190396645,4.226956894,9.107791949,6.473259123,6.111352963,0.8173369327,0.7175635998,0.7185104775,3.306244248,2.663830918,3.586146692,3.742457232,3.17252127,3.506605416,3.851148805e-06,2.232633961e-06,1.865203201e-06,9.464721412e-05,9.684590785e-05,3.071048592e-05,0.0003051695394,7.584830613e-05,6.399809541e-05,2.244690397e-06,1.321807127e-06,1.444754435e-06,5.544121492e-05,2.984962101e-05,4.90266493e-05,7.470782777e-05,4.138127937e-05,3.701132734e-05
id7,scenario5,5,1.816500538,4.443923294,6.001813434,20.68933925,15.99875163,24.24055209,16.75244018,18.16251015,17.8059771,0.6555785314,0.4055123919,0.3170314245,20.32608385,15.96887036,20.07639516,21.19197656,17.75815709,25.09130027,1.045530025e-05,7.777657847e-05,0.0001443925662,0.0007315513772,0.0003693231201,0.0009592019485,0.0004903139923,0.0005657860256,0.0005375940697,7.316231171e-07,2.939416321e-07,1.53884663e-07,0.0007478834523,0.0004206729025,0.0006806465724,0.0007900774116,0.0004904871748,0.0009804115141
id7,scenario6,6,9.455092814,4.08010773,4.38858931,11.17013352,8.284048241,12.17775912,20.35783127,14.68514453,22.69706519,6.792629815,5.591560316,5.611839811,17.62731079,13.34016747,17.98044142,14.70871855,13.14150811,16.48133619,0.0001619673422,2.389491001e-05,3.038419572e-05,0.0002529240206,0.0001341017969,0.0002557831931,0.0007528435746,0.0003969302678,0.001018647523,7.448579808e-05,5.17773881e-05,5.044339332e-05,0.0005242597312,0.0002878662026,0.0005709717306,0.0003984278496,0.0003146697644,0.0005414253815
id7,scenario7,7,0.7980887058,0.4152971404,0.4506712975,8.250617341,5.339584951,4.550367603,6.610069932,6.313592211,7.041754561,1.135388326,0.8608055358,1.022017123,11.96681431,10.64985694,13.98542967,15.22323345,10.07054473,13.43651572,1.641354788e-06,4.22680948e-07,4.384833172e-07,0.0003107119232,8.366214734e-05,4.884544846e-05,0.0001636779736,8.677982064e-05,0.0001058654095,2.7656282e-06,1.435931566e-06,2.340740318e-06,0.0003446472,0.0002562588991,0.0005825815181,0.0004800166205,0.0001964846757,0.0003004900503
id7,scenario8,8,0.8584992402,0.5185370225,0.7303611345,18.99831256,13.93310524,15.41448359,18.61309569,10.45126012,16.81284664,0.7207909226,0.4693480337,0.5553210028,9.76227764,8.287431734,8.540855004,10.3372134,8.934321458,11.12960375,1.299644011e-06,4.605688594e-07,8.757238124e-07,0.000760388568,0.0004763655308,0.0004298892671,0.0007343846649,0.0002034770727,0.0004905339831,9.816209211e-07,3.658532122e-07,5.459247524e-07,0.0002234916846,0.0001456053143,0.0001476688874,0.0002467911548,0.0001742924492,0.0002481015284
id7,scenario9,9,4.331347674,4.873904713,6.35113827,9.937521284,7.504071579,9.998520061,9.908291561,7.900707966,10.7369522,2.578701204,1.574383273,2.204484081,16.67316784,13.96173779,19.53990605,17.37338242,11.85564233,21.31398081,8.399255132e-05,6.56274326e-05,0.0001138203604,0.0002730043865,0.0001398488359,0.0002158375873,0.0002652658934,0.0001284140455,0.0002336286877,7.206387328e-05,1.65544514e-05,2.512858411e-05,0.0005343397985,0.0003533884392,0.0006913815874,0.0005699084768,0.0002327019845,0.0008009408904
id70,scenario1,1,0.06508925173,0.01495978342,0.03620776697,15.99786521,10.6310014,24.7576386,21.17456942,14.73313245,36.98136203,0.07317657142,0.02018292835,0.02752172331,20.46192778,12.97552445,21.5509066,21.62511125,15.87352175,30.10141555,6.6893659e-09,3.960427e-10,2.1098798e-09,0.0005092926898,0.0001691756385,0.001221554786,0.000759591191,0.0003151615309,0.00245854494,8.1714968e-09,6.448016e-10,1.0925924e-09,0.0008052584224,0.0002920768139,0.0009126310693,0.0008031013884,0.0004079742409,0.001541756902
id70,scenario2,2,0.2452071108,0.07262582256,0.2421618024,2.971884729,0.88288486,2.931585041,12.74021968,9.485130787,17.91979003,0.3821697864,0.1030449414,0.1709439412,6.104194273,1.595496384,2.544188789,17.74395164,11.16656158,20.58208826,1.067153759e-07,7.8373385e-09,9.49296707e-08,1.567150129e-05,1.160026215e-06,1.392952137e-05,0.0003317872946,0.0001655228881,0.0008493328419,2.150940047e-07,1.6410221e-08,4.84326439e-08,0.0001096947311,5.879900224e-06,1.245482746e-05,0.0006147360852,0.0002298338615,0.0008246133483
id70,scenario3,3,8.271409488,4.271095233,5.455786643,18.05437785,14.83598595,18.44944647,12.47590355,11.93989866,13.56331941,7.506736462,5.723187332,6.680430027,24.27692873,14.37107939,15.45350512,22.63186915,22.56118342,20.22069505,0.0001434819858,2.612602293e-05,5.525246735e-05,0.00058560629,0.0003099010066,0.0007195737362,0.0003033186821,0.0002754321994,0.0003593448,9.925635261e-05,6.155771965e-05,8.18123862e-05,0.001079967796,0.0003761616348,0.0004722542273,0.0008679019161,0.0007980349434,0.0006782919237
id70,scenario4,4,1.431101204,1.041724338,1.60797875,22.02479089,15.84297088,17.31592539,15.21278398,9.603171479,18.86657085,1.55592312,0.9252791783,1.15312344,19.06396545,19.72024891,15.84220472,24.41063243,20.98750178,25.50075238,4.013291913e-06,1.667261047e-06,4.334374711e-06,0.0008281224129,0.0003822717882,0.0004386554749,0.0005949385618,0.0001744275828,0.0009142218849,4.10751497e-06,1.381791997e-06,2.601476342e-06,0.0006924821393,0.000659155646,0.0004118588883,0.0009614659724,0.0007140332659,0.001115269555
id70,scenario5,5,0.0002408870033,0.0004412983682,0.001150815338,9.358890113,16.23945007,13.53724964,13.53605192,14.02281639,14.56359399,0.9167519574,1.300005549,1.958928304,8.339511654,7.551335717,9.685510988,16.45727449,15.50272267,18.93567402,0.0,0.0,0.0,0.0003071084875,0.0006069586446,0.0004146285906,0.0004787618624,0.0004297820738,0.0004507010083,1.313055187e-05,1.439940501e-05,3.393446476e-05,0.0002713076729,0.0001514644553,0.0003057043288,0.0005230089375,0.0003890070678,0.0006046217702
id70,scenario6,6,0.4058595637,0.3904645024,0.5829508162,6.860787014,9.129161844,5.714247817,14.35029706,9.947894594,14.30665909,2.655353255,2.100322944,2.990394749,7.694947831,7.135588363,7.120016068,22.38403664,19.0758087,30.94845233,2.752428579e-07,2.103103441e-07,5.952895095e-07,0.0001025785985,0.0002006408297,5.880689726e-05,0.000708448582,0.0002531137004,0.0005378275262,3.59826751e-05,1.510429821e-05,3.508002265e-05,0.0001055282639,9.301594449e-05,9.492729663e-05,0.0008945983141,0.0006762534063,0.001779677782
id70,scenario7,7,4.446908329,3.246297913,7.955465383,11.510875,8.532085039,8.008871922,13.47450289,7.062850404,13.94925487,8.97785446,5.186421089,5.933515055,18.70372829,15.33505978,18.62008559,22.795044,19.76437565,24.75703336,3.503365027e-05,1.795199593e-05,9.752450609e-05,0.0004014851702,0.0001537229679,0.0001197829433,0.0004911216716,9.122580936e-05,0.0003857990618,0.0001231755014,4.475749377e-05,6.256425515e-05,0.0007289566787,0.0004625473974,0.0007016103046,0.0008398395569,0.0006629504423,0.0009070913992
id70,scenario8,8,6.290686691,4.305273209,7.21112127,11.75268471,9.544920891,12.8970044,15.58313174,9.264365943,18.53480711,5.21634956,4.227575844,5.586567259,18.20699955,12.1839334,17.76929032,16.83213824,18.42513523,17.66998033,6.290936366e-05,3.607180739e-05,0.0001120006423,0.0003692784838,0.0002053809513,0.0005197568846,0.0004561214047,0.0001435564032,0.0007811411703,4.506367864e-05,3.349403804e-05,5.368977163e-05,0.0007401131153,0.000287926907,0.0006354960313,0.00055616931,0.0006514598919,0.000558371529
id70,scenario9,9,4.999624618,5.079751396,7.973586641,16.99925168,14.93706883,17.46464755,12.18357058,11.70136725,15.97166729,1.057634623,1.432502072,2.068247904,25.47480304,18.37327457,31.81245109,18.07294899,19.60816972,30.52387395,0.0001403448389,0.000101896193,0.0001989465959,0.0006187249672,0.0004039862724,0.0007054097155,0.0003441692421,0.0002395845187,0.0007273277816,1.233613184e-05,1.497123697e-05,3.185489975e-05,0.001079891506,0.0005493285214,0.001747208487,0.0005934217664,0.000669134982,0.001759015855
id71,scenario1,1,4.00682247,3.189734155,3.267392274,17.89209829,17.76140144,20.45906234,9.840352432,5.482788668,6.9375271,3.721343406,2.499508375,4.024642673,17.49162713,18.12905882,33.61589946,16.13777138,16.54113133,32.61513152,2.795249047e-05,1.882601902e-05,2.033540373e-05,0.0005838661725,0.0004622179446,0.0007451843331,0.0003151503802,8.179873601e-05,0.0001287902798,2.710339498e-05,1.363189843e-05,3.336453366e-05,0.0005591655462,0.0006086819532,0.001979783431,0.0005212051551,0.0004761068356,0.001868803597
id71,scenario2,2,9.626121312,6.917516239,13.04212857,0.9296491159,0.9191692203,0.9236644929,0.0,0.0,0.0,9.889104782,6.948751198,18.20594734,2.8927046,3.129174734,2.860830801,0.2474045797,0.1340252752,0.06532464801,0.0003059443303,8.078082635e-05,0.0002940395344,1.401288235e-05,5.601006661e-06,5.585392405e-06,0.0,0.0,0.0,0.0003786882274,0.0001377909304,0.001186334484,0.0001131071876,7.353065956e-05,6.317742265e-05,6.001646253e-06,6.927376185e-07,1.506313542e-07
id71,scenario3,3,6.591429747,7.951188633,6.04015748,1.86002557,2.106445523,2.175357917,0.0003503313508,0.0004831883623,0.001109221833,7.350238198,8.621326817,15.51062259,17.9781603,14.84831183,42.58142008,4.728906264,5.281351567,11.94076938,0.00017363548,0.0001754734152,9.702493868e-05,4.556541638e-05,2.417592357e-05,2.558227035e-05,0.0,0.0,0.0,0.0002629240881,0.0002390941843,0.0009292269777,0.0006483003339,0.0004405859674,0.003266450546,0.0001421490178,0.000118066994,0.000745597729
id71,scenario4,4,1.34115622,2.111612384,2.682027264,12.41350351,11.64865336,11.29936921,4.793417311,3.560105612,3.210349578,14.19038387,11.30834123,30.87266407,13.63839064,13.81788796,29.61096462,8.513065214,7.049037106,12.94785864,1.802625286e-05,2.369353111e-05,3.49171874e-05,0.0003767965232,0.0002599378569,0.0002599414843,0.0001580142321,6.25207564e-05,4.550959365e-05,0.0005048332182,0.0002395116984,0.001897074348,0.0004583543114,0.0003615499692,0.001786246665,0.0003042938096,0.0001825771387,0.0006665666289
id71,scenario5,5,6.141228476,8.122691581,11.71097549,1.131371148,1.838414867,2.629456841,0.0002920061377,0.0005207420072,0.001047131732,6.527995773,5.82829813,8.253773725,18.28534217,19.68097878,38.63389841,11.99117957,11.61406844,16.48691125,0.0001139458423,0.0001470214336,0.0003549184601,1.46237144e-05,1.680610494e-05,3.291215213e-05,0.0,0.0,0.0,0.0002110574075,0.0001221802601,0.0002682115928,0.0006704583403,0.000740917656,0.002621430283,0.0004369107149,0.0003674270918,0.0008137652441
id71,scenario6,6,6.21766006,12.00460162,9.4729224,0.0006025166045,0.001409905924,0.002020322771,0.0004284252775,0.0007444300679,0.001390339854,3.880064997,4.564781885,6.856093202,12.90143895,15.12531464,17.97936369,9.547803141,7.799005967,14.13002614,0.0001504198574,0.0004755651538,0.0003178961119,0.0,0.0,0.0,0.0,0.0,0.0,0.0001064610319,0.0001077744337,0.0002736421339,0.0004681468326,0.0004915036525,0.0008699358899,0.0002886936843,0.0001502867456,0.0007256954998
id71,scenario7,7,3.934399767,5.606728831,7.478601257,0.1393879882,0.08316249605,0.1565764786,4.102610478,3.419730292,6.372014076,1.918622283,1.599028201,1.560183133,10.84625084,13.49161948,27.09729844,10.25362376,6.111632977,23.74048411,4.127218272e-05,9.126514313e-05,0.0001434089977,3.16117986e-08,1.02869063e-08,3.86576518e-08,5.337294687e-05,3.229651413e-05,9.917498674e-05,1.099487264e-05,9.63112202e-06,4.485436695e-06,0.0003024552067,0.0004717984546,0.001810281802,0.0003735042196,0.0001159725784,0.001753056837
id71,scenario8,8,0.06010104159,0.05870635645,0.08106646847,1.544073414,0.9638491692,1.043339546,0.0,0.0,0.0,1.168651014,2.670606547,2.723699719,2.543106706,3.027860003,3.243266369,0.0,0.0,0.0,1.213281415e-07,3.556838e-08,6.49589077e-08,3.539428306e-05,5.995309351e-06,6.639211547e-06,0.0,0.0,0.0,1.785479749e-05,5.328275802e-05,4.879482366e-05,8.72187341e-05,6.526028822e-05,7.682032391e-05,0.0,0.0,0.0
id71,scenario9,9,5.854754004,5.076787399,6.854538899,0.9191846203,0.6972902468,0.8035279878,1.796203336,1.014489389,1.17468945,9.193606582,8.259860308,14.54505385,4.174627687,3.271098623,7.015326692,9.942484942,6.696468075,17.19936318,7.174142889e-05,4.201863273e-05,9.07234314e-05,1.332417126e-06,7.13420076e-07,1.143866741e-06,6.65883389e-06,1.709551808e-06,2.429218893e-06,0.0001597378009,0.000124243938,0.0003632315269,0.0001054661796,5.984330925e-05,0.0003210420399,0.0003293471227,0.0001464004999,0.001027859223
id72,scenario1,1,5.617437561,2.623641279,3.537585283,9.4174638,5.421196603,16.91495939,6.309034542,2.479968649,8.227248938,5.318619661,4.804322094,7.609396572,8.228518341,8.234793829,10.40101637,2.396120869,1.562778453,2.91101568,5.582315673e-05,1.071206834e-05,1.949997675e-05,0.0001946966845,6.001544848e-05,0.001015606597,0.000159520883,1.336300155e-05,0.0002649227663,7.52673547e-05,6.412559392e-05,0.0001561481928,0.0001898234264,0.0001599186149,0.0002464348132,2.804802585e-05,6.842743125e-06,1.530367114e-05
id72,scenario2,2,8.455353315,8.263277722,7.94457362,4.592889433,4.124927314,4.379870838,8.678163853,9.632051868,10.67019024,5.370863744,6.462777751,9.007526148,11.99443017,10.72648374,23.04837769,7.320582542,4.055880524,7.586823127,0.0001516543051,0.0001105877184,0.0001089366575,9.140096865e-05,3.608462117e-05,4.680801216e-05,0.000250613659,0.0002007937981,0.0002506134235,7.735152657e-05,0.0001159256946,0.0001945793529,0.0003273222638,0.0002354968079,0.001219989624,0.0001477969417,4.531712e-05,0.0002017718635
id72,scenario3,3,7.770722383,6.339483084,8.41526968,10.47450592,7.282506495,13.49762721,10.34121115,9.800102418,10.65535892,9.479185792,7.013582786,19.80357526,4.986491035,4.539990544,11.22560288,6.040035189,4.042237898,9.500842629,0.0001491149686,9.607214663e-05,0.0001439951395,0.0002180012223,9.159215496e-05,0.0004233754012,0.0002588878719,0.0002367670936,0.0002130603289,0.0002825213296,0.0001144554734,0.001075492345,6.547482701e-05,6.02929711e-05,0.0003866568374,0.0001466554096,4.006629662e-05,0.0004146440593
id72,scenario4,4,3.683843933,3.554736516,3.300001115,3.914009428,0.7753278773,1.351048742,3.732899588,0.7658812958,1.275097148,4.021121138,3.037831557,3.810997172,11.91804428,11.8115916,19.31462855,9.845703744,7.964733771,16.5927872,6.283927568e-05,5.501499577e-05,3.966596874e-05,2.247028451e-05,9.853432233e-07,2.828809907e-06,2.047931531e-05,9.406635057e-07,2.509820823e-06,8.692993997e-05,3.425730167e-05,7.236604593e-05,0.0003636491181,0.0003724762028,0.001058767387,0.0002755662332,0.0001811131085,0.0009533584571
id72,scenario5,5,9.959179263,11.12369918,13.04250251,13.36506094,8.223077369,17.04624632,17.71063459,12.31733815,15.83527405,6.182079765,6.294867838,11.57696275,17.00509103,10.24328742,29.24542165,22.95985785,15.40299816,42.78283142,0.0002184814905,0.000231854776,0.0003014668269,0.0004771161786,0.0001126582577,0.0006172262579,0.0006251674147,0.0002593137285,0.0005009673294,0.0001244517182,0.0001031161905,0.000411675241,0.00059994134,0.0001795926328,0.001841481097,0.0007981379506,0.0003726060395,0.002773683864
id72,scenario6,6,8.293832804,8.322702171,9.374091098,6.109642083,5.341652517,5.343891928,6.793244817,5.811841628,8.526795811,7.308705864,4.897974754,16.43802652,13.23260138,10.7133074,18.71896432,11.39209136,9.621570735,14.01844147,0.0001454820149,0.0001353218651,0.0001720333874,0.0001550550672,8.762185533e-05,7.024526267e-05,0.0001348037532,0.0001080457176,0.0002462859528,0.0001062488685,4.103059536e-05,0.0004646978423,0.0004153310711,0.000238754159,0.000824769675,0.0003027066675,0.0002096825883,0.0004555358389
id72,scenario7,7,10.71991057,7.498778701,10.84975693,3.217229107,3.908520565,4.225514758,7.198696614,7.330271297,8.732860112,10.34578211,8.765705879,18.31237035,11.00038609,9.714305943,22.47100563,16.24481537,11.72026468,42.25076813,0.000372321034,0.0001207629038,0.0002333250847,7.791038286e-05,7.998338539e-05,0.0001013788769,0.0001634460028,0.0001299464662,0.0002724141307,0.0002769864185,0.0001615349255,0.0008915914053,0.0003397367558,0.0002710999491,0.00139674968,0.0005188308058,0.0002561081905,0.003375276189
id72,scenario8,8,11.27937523,6.971697491,7.606696225,12.06023987,10.0876785,13.46193548,20.85772558,14.55264537,21.84492007,9.791701471,9.007580409,13.54990222,16.41789253,11.32343121,15.19601557,15.96556512,15.46689418,23.21452675,0.0003002842249,0.000116804915,0.000119395227,0.0002901980712,0.0002095384816,0.0004653919048,0.000826050266,0.0003722587839,0.000863811648,0.0001772262351,0.0001338064431,0.0003176520315,0.0005706539385,0.0002550084668,0.0005753580683,0.0004610064318,0.0004388495191,0.0009222850515
id72,scenario9,9,7.96719952,6.510753658,9.777405624,16.02378284,9.841466114,9.141740874,16.33394511,13.02941715,16.83072454,8.118151194,9.067254095,18.00778751,10.86720031,9.281508168,17.69319746,24.7331093,18.42897298,51.94210783,0.0002056593125,0.0001034380434,0.0002747305157,0.0005545508914,0.0002718299642,0.0002932990248,0.0005492136444,0.0003443100045,0.0006502895281,0.0002286409817,0.0001889352536,0.0009640936259,0.0002892905752,0.0002164148281,0.0009921806448,0.0009537568222,0.0005575473863,0.003680722634
id73,scenario1,1,12.53284218,9.396797651,11.60927556,12.45255122,8.423025531,12.00030375,11.19393403,6.339528126,7.436490132,11.93284584,8.792521357,10.04661622,12.13714262,8.768185178,10.78223087,12.28645028,7.005399382,8.331070631,0.0003045983303,0.0001432292571,0.0002475757188,0.0002778097225,0.0001113626207,0.0002495349397,0.000239005813,6.659203724e-05,0.0001066983958,0.0002576229204,0.0001299552468,0.0001795768385,0.00030022995,0.000160172438,0.0002193202488,0.0002772643726,8.294810952e-05,0.0001277022574
id73,scenario2,2,11.54200606,8.069277897,9.82694809,10.19498855,8.260701379,11.1778537,12.22421047,8.542125948,11.4497548,14.66454786,11.81183524,16.9964896,15.62124547,13.62900219,22.85536168,19.06334324,16.08644386,23.22647825,0.0002298703818,0.000134215678,0.000275409222,0.0002261280862,0.0001783866028,0.0003404267041,0.0002871274635,0.0001590823097,0.0004051296124,0.0004156291463,0.0002914623334,0.0006954671041,0.0005163373571,0.0003597955293,0.001055463963,0.0006804402929,0.0004842542778,0.001134263639
id73,scenario3,3,8.661747402,7.775743106,9.428055413,17.83475578,15.29897139,16.52506642,16.00892242,14.04586155,18.93597902,12.03318558,8.854406027,16.51323815,12.37141702,8.725976924,16.0803078,16.17324107,12.26079634,22.25195753,0.0001602161565,9.839151588e-05,0.0001777321886,0.0005623487041,0.000375748487,0.000481531734,0.0004706722664,0.000297279995,0.0007395735381,0.0003248742357,0.0001322366453,0.0006151736311,0.0002781271337,0.000166658881,0.0005396127707,0.0004380982073,0.0002325549439,0.00085418789
id73,scenario4,4,9.406081211,8.08534471,11.69120861,16.5045183,11.99413954,20.99164044,13.46623041,13.6117308,18.6074769,10.95921308,9.610441465,21.43247372,20.30153346,10.27286383,27.23047693,20.29855495,14.22955218,28.94387491,0.0001838179225,0.000117527674,0.0003019702995,0.0005306880341,0.0002677078473,0.0007676555639,0.0003513357847,0.0003083997382,0.000646395221,0.0002214852178,0.0001713325002,0.0009275012839,0.0007747279789,0.0001688651302,0.001283991078,0.0006654345668,0.0003214913126,0.001318591374
id73,scenario5,5,5.067429347,5.993205444,8.224379515,8.589551408,8.900385472,13.10965686,15.58852156,12.91621111,18.93061429,4.849524932,6.297210938,9.160410011,16.70855433,15.33086121,27.95407363,15.45334121,12.75371755,23.85930577,9.97762812e-05,0.000107134098,0.0001678420842,0.0002878807255,0.0001870995675,0.0004705030342,0.0005234223287,0.0003248173358,0.0006672053884,0.0001144692933,0.0001138815632,0.0002809499114,0.0005474979595,0.0004019890299,0.001434967381,0.0005324955096,0.000315225009,0.00113876101
id73,scenario6,6,9.645406779,8.279474326,8.683648152,16.7176315,13.86009054,17.68255539,17.69461635,12.69555421,15.66999061,13.60484733,10.75313108,22.08046368,14.47233511,11.09550976,22.95488227,12.37308066,10.272254,20.52045388,0.0001859668861,0.0001341791426,0.0001275528965,0.0005407154367,0.0003469978959,0.0005736405562,0.0006374422039,0.0002758661806,0.0004342356619,0.0003968614219,0.0002377451482,0.001024136284,0.0004418026751,0.0002522327465,0.0009669608644,0.0003656258356,0.0002389752994,0.001108507136
id73,scenario7,7,10.57534813,7.944373194,10.65015803,17.3339246,11.52092025,17.2104291,12.26500611,8.969037274,9.929969092,14.3960105,11.23017027,19.16506239,17.7654982,12.09010345,26.80253875,13.44485482,11.30665978,24.58680408,0.000251989204,0.0001420393265,0.0002334682897,0.000608208534,0.0002242086024,0.0006177524256,0.000413467438,0.0001943604428,0.0002337577065,0.0004580850453,0.0002490644988,0.0007485302362,0.0005657967137,0.0002561919326,0.001309529457,0.0003765184466,0.0002330677052,0.001396071622
id73,scenario8,8,16.91736308,10.80614503,10.2107523,21.82039681,14.81757196,18.68445253,21.70237109,14.45508791,16.73575098,15.94365199,10.40220075,20.20736087,21.87506002,13.97700869,23.83602083,21.14778986,12.87966415,27.11186314,0.0005882467179,0.0002332977763,0.0001853052791,0.000764314638,0.0003431026724,0.0005673247278,0.0008253030416,0.0003423161172,0.0004069212155,0.0005277182244,0.0002068148559,0.0008762178988,0.0008295011623,0.000306852648,0.001000367707,0.0007965512246,0.0002932562443,0.001304534181
id73,scenario9,9,10.7223141,5.436940429,9.044872822,15.80398396,10.15257251,13.48528519,17.17714676,11.60532438,17.85973578,11.33130779,10.95014209,18.90841514,23.39879935,17.58763402,34.39499914,22.66387384,14.03846923,32.92970489,0.0003491487019,9.148318858e-05,0.0001808470099,0.0006488353767,0.0002244251822,0.0004338710965,0.000640243131,0.0002587336107,0.0005664701534,0.0003350899845,0.0002577645232,0.0008508037759,0.0009416925302,0.0004838504529,0.001895945997,0.000874215654,0.0003271352851,0.001851475134
id74,scenario1,1,5.178283712,6.010724113,6.18507321,13.08135921,16.3743984,17.36043228,18.5024816,18.06848647,21.88606842,2.817913071,1.53645671,1.949323445,14.02567012,15.53209226,26.26039809,18.0150401,12.8602526,29.65320256,0.0001260068988,0.0001740623576,0.000163594519,0.0003465589232,0.0005682300419,0.0005277891739,0.00059995177,0.0005195486992,0.0007467083419,1.841693857e-05,1.189538628e-05,2.44394407e-05,0.0004082078202,0.0004070243784,0.001484568339,0.0006533179963,0.000293017915,0.001661984351
id74,scenario2,2,5.601846839,5.251837817,7.246650739,6.343367205,6.129325312,6.009113016,9.275883069,6.724392423,8.496372405,3.349589311,2.422768383,4.189692949,2.575688895,2.487386691,2.945371531,6.158092293,4.263445208,10.19623862,6.244960477e-05,5.718840321e-05,0.0001073338989,0.0001231862924,0.0001142353042,8.107022422e-05,0.000215067913,0.0001112738463,0.0001540096707,2.582109301e-05,1.223854988e-05,2.865468067e-05,5.475787637e-05,3.956417217e-05,5.001411356e-05,0.0001538757052,6.25893664e-05,0.0004856095407
id74,scenario3,3,7.637702772,6.958363523,8.290394089,15.27130378,11.64073967,13.98054777,13.2137101,12.18269429,16.62025376,5.30967234,4.077936651,6.273070219,13.83599743,11.96705138,21.68533171,14.49384653,12.75586964,23.77974093,0.0001049541359,7.969580304e-05,0.0001171756887,0.0004694272373,0.0002614591455,0.0003187677999,0.0003361250392,0.0003115397742,0.0005274559002,4.754322757e-05,2.83366122e-05,6.608484024e-05,0.0003800019225,0.0002593074074,0.0008905362856,0.0004406224885,0.0003077076932,0.001165489495
id74,scenario4,4,6.918704462,3.406688412,4.637804856,16.83987941,13.26412982,18.15441618,15.1895085,9.536512478,15.15990103,4.914697186,3.234516976,5.117858089,9.516627946,8.533823432,11.38488162,8.624970127,8.328688581,8.03131827,7.743056036e-05,2.068814607e-05,6.207831237e-05,0.0005955468534,0.0003619960892,0.0006949892897,0.0004116412869,0.000196126976,0.0004859468199,4.798037528e-05,2.145457999e-05,4.643658545e-05,0.0003442251278,0.000240430181,0.0004152785278,0.0002077938344,0.0002509422358,0.0001454844347
id74,scenario5,5,7.401476846,5.548834215,6.309207956,16.60742726,13.5681323,20.28793259,20.28723618,13.61389862,22.23584629,7.475102345,5.695145314,8.950631153,13.6305883,12.41789601,18.48617994,16.14372263,13.39568372,26.11961285,8.935185054e-05,4.652879142e-05,7.510984415e-05,0.000603429116,0.000321930574,0.0007963703246,0.0007679762182,0.0003331275205,0.0009037076568,9.188260467e-05,5.620689573e-05,0.0001336056426,0.0004449423116,0.0003524285121,0.0007654807508,0.0005207534069,0.0003102676808,0.001368243995
id74,scenario6,6,9.425064691,7.758318026,10.60542037,19.65161518,13.28634703,17.69340289,18.99891684,13.7587815,19.85915554,9.77723544,6.733661862,10.50872452,24.61222354,19.61163113,31.80251604,23.45138809,19.24364013,36.79159998,0.0001550648768,9.66720196e-05,0.0002066961037,0.0006537481623,0.0003652450087,0.0005486469863,0.0006117862611,0.0003302739091,0.0006771162198,0.000175399563,9.001009826e-05,0.0002145734162,0.001009913895,0.000586113612,0.001651920408,0.0008969393617,0.0005495712572,0.00210134412
id74,scenario7,7,7.562906326,7.592760924,8.573646424,9.787065762,8.043305409,9.685701696,15.59320424,16.61433593,21.62379567,5.470971851,4.369865202,10.20027542,20.40352998,16.44861923,30.0072282,5.885481879,6.292533976,10.72416584,0.0002308117499,0.0001418735707,0.0002037275706,0.0002717020129,0.0001510766046,0.0002106804794,0.0005067444621,0.0005343221583,0.0007806916094,0.0001210952396,5.302615074e-05,0.0004421309022,0.0006971888917,0.000430636852,0.001619625457,0.0001337853316,0.0001042676238,0.0003976956083
id74,scenario8,8,7.210399284,4.942645379,5.924372992,12.00249048,9.1519962,14.17660089,7.625649207,5.382049489,4.692322439,6.326220108,5.049291203,6.627398629,11.39749194,8.905950571,13.92897922,14.13142405,11.63756026,19.05628999,0.0001286231962,4.481082519e-05,7.487218245e-05,0.0003856781676,0.0001986687451,0.0005615571093,0.0001604472168,6.839187313e-05,4.152994025e-05,9.351967715e-05,5.212868156e-05,8.357559272e-05,0.0003870956618,0.0002002071545,0.0004940220925,0.0004497955238,0.0003163278651,0.0008470814245
id74,scenario9,9,10.08393106,7.60467968,9.860003074,17.17372899,11.85086951,15.91394356,20.46654124,17.34101816,24.99791642,7.422029371,4.56364121,6.392404981,20.79304722,18.71663397,35.92074728,20.98584677,18.47862147,38.98473749,0.0002018095864,9.539029756e-05,0.000196390289,0.0005924501027,0.000250920173,0.0005046697061,0.0008261983875,0.0004863500792,0.001023319328,8.66907191e-05,3.466637028e-05,6.63012226e-05,0.0007300342694,0.0005474588898,0.002045378634,0.0007344419493,0.0005285577815,0.002398395033
id75,scenario1,1,5.447653372,5.632005031,9.75092478,5.043152623,6.277601357,6.957379367,4.316290659,4.695789924,7.119337705,5.70098081,4.449004201,7.153306035,1.783223705,1.560231683,3.179888193,4.204260115,3.437007752,4.570339648,7.112125531e-05,8.053820229e-05,0.0002714247415,0.0001906338032,0.0001585782231,0.0001869497059,6.943851837e-05,7.039148796e-05,0.0001698993271,0.0001238931878,5.295982726e-05,0.0002009731759,4.421816849e-05,2.267764604e-05,0.0001140119931,0.0001028207361,4.139142138e-05,0.0001006956853
id75,scenario2,2,8.74169367,7.125640392,10.57532753,18.27090101,19.65180528,17.01011094,10.4773381,12.33132408,19.00158943,4.830757388,4.123393776,11.9248623,13.28423712,12.25893797,30.47912444,5.02901002,3.683312397,10.82084281,0.0001477406531,8.73533839e-05,0.0001956341031,0.0007005244583,0.0006158676429,0.0005227210961,0.0002771266399,0.0002449586055,0.0006103711417,7.720236818e-05,4.660864145e-05,0.0006268538724,0.0003765090308,0.0002597159734,0.001843734469,0.0001303031296,5.02503032e-05,0.0006222864998
id75,scenario3,3,9.292292527,6.170580521,8.648540771,16.47610008,13.20494475,16.97471267,5.761650018,5.847883388,10.78627494,6.605544864,5.322061975,12.35163819,19.44563679,16.68545365,44.38628227,16.01104956,13.530222,39.48359586,0.0002013958232,6.388510524e-05,0.0001303678643,0.0006395316181,0.0003126659173,0.0005993583545,0.0001049374976,8.524191643e-05,0.0004044470033,7.667873827e-05,5.115015085e-05,0.00034527573,0.0006461098709,0.0004616984144,0.003154546767,0.000502756621,0.000300231068,0.002682143878
id75,scenario4,4,10.89626928,6.513394887,8.88823714,13.71985262,10.4259034,13.05628439,9.928003136,8.040353625,12.72242256,6.59377103,5.767868586,8.14479291,19.5441465,19.06466486,39.47669282,18.37314761,17.09907804,32.88275032,0.0002919781828,7.868306226e-05,0.0001477022586,0.0004058532354,0.0002080462125,0.000415749818,0.0002504028369,0.0001546082013,0.0005033361759,8.254241057e-05,5.783082618e-05,0.0001068991746,0.000649348212,0.0005649075155,0.002343391809,0.0006027651169,0.0004664162215,0.001688246648
id75,scenario5,5,4.073854804,4.449510211,5.015787904,2.378526132,1.702330061,1.849283272,7.910563258,4.846043097,11.32184291,3.294188268,3.009699889,6.689348561,1.289483443,0.8983545202,1.143736234,3.444914211,2.189876545,3.997026381,3.282769426e-05,3.829922805e-05,4.31926385e-05,1.976791773e-05,6.69415422e-06,8.215453135e-06,0.0001989458161,6.917145539e-05,0.0003749120646,2.169285235e-05,1.630306651e-05,8.101206231e-05,5.624121348e-06,1.556419207e-06,2.223844036e-06,6.305687152e-05,1.907271585e-05,9.488154081e-05
id75,scenario6,6,1.046428707,1.735317898,2.482691444,13.43632698,16.76249668,12.8598176,1.984340289,2.252208849,4.326938751,2.027259462,2.233048019,5.632596816,16.60622725,13.53256684,42.05644884,10.01205778,8.838620045,19.37773748,1.351666633e-05,1.554219106e-05,3.042185778e-05,0.0004369079418,0.0005923128846,0.0003088682014,2.855665375e-05,1.982502458e-05,7.481071327e-05,5.098902334e-05,3.221422691e-05,0.0003274316634,0.000506414549,0.0003045401654,0.003020337744,0.0002910046957,0.0001953086019,0.001099591907
id75,scenario7,7,4.809152898,5.505617485,9.268748401,14.40990528,17.54247113,24.35196518,14.5002829,13.75278175,28.39025732,6.509867977,6.568783677,18.1744113,16.48252765,14.28107761,38.00959004,16.99833884,14.33435011,47.49855269,9.422443712e-05,6.839408465e-05,0.0001924894401,0.0003998313828,0.0006480460884,0.001177428783,0.0004234470312,0.0003287686589,0.001616272018,0.0001772900311,0.0001208217354,0.001221630409,0.0005145048255,0.0003519456534,0.00253123051,0.0004962238321,0.0003267120137,0.003522592107
id75,scenario8,8,7.742281153,5.673131082,7.766141694,17.0932056,11.86393214,18.44425288,18.17215974,15.27791493,17.05706227,8.458651934,6.759526105,13.43883109,13.01995595,10.71863991,19.81033858,17.00854695,14.96295862,36.58905766,0.0001368320548,7.023812786e-05,0.0001112602679,0.0005653934175,0.0002515541449,0.0007084873432,0.0006759365549,0.0004501048955,0.0005129735609,0.0001405499106,9.47865182e-05,0.0003531125276,0.0003627822379,0.0002423618582,0.0008792774968,0.0005408986773,0.0003798126844,0.002272728976
id75,scenario9,9,6.798151207,5.2937098,6.203147313,15.17794523,13.92919197,13.49084188,14.71943699,10.17780496,16.22747726,7.281450607,5.086831271,12.00534063,11.58634928,9.516743285,24.6581361,21.94225581,14.79061881,50.89723738,8.94193031e-05,6.968659951e-05,7.451173785e-05,0.0004931957927,0.0004008260022,0.0003160564898,0.000498989484,0.0002138830867,0.0005164812991,0.0001261740041,5.224870649e-05,0.0004378989023,0.0002769667574,0.0001803014904,0.001276937706,0.000774774824,0.0003543656608,0.003972521826
id76,scenario1,1,6.07358389,3.753518017,3.827049263,20.38625736,19.53402352,22.85685917,10.36450495,10.16395701,11.51443785,6.622815532,4.316574545,9.153236391,21.63585312,18.15594503,47.50036861,18.65829038,19.24000008,44.04367195,9.784298571e-05,2.242810796e-05,2.736936922e-05,0.0008056717623,0.0006451492109,0.0008515827176,0.0003009048088,0.0002389659918,0.0003062628588,8.041481461e-05,3.192467826e-05,0.0001309845249,0.0007609177935,0.0005276487613,0.00333487117,0.0005963627953,0.0005779742379,0.002925824396
id76,scenario2,2,6.693925411,6.93680868,5.436537244,13.91929284,11.76186938,18.16384835,15.79748922,16.73112126,17.99564232,11.2357592,10.8452004,18.67951197,13.51671937,10.8061184,23.49407169,10.55509959,9.876707541,20.4864439,0.000152534205,0.0001193744158,6.110923433e-05,0.0004236520839,0.0002894891116,0.000681159005,0.0005190523758,0.0004825030806,0.0005050396856,0.0003533421449,0.0002665279229,0.0007949857039,0.000479655115,0.000279409802,0.00133966294,0.0003623929302,0.0002598233166,0.001167751089
id76,scenario3,3,1.024781833,1.702884527,2.438078178,0.4331185789,0.9915520277,1.939160186,2.392306359,1.057116636,0.6959046799,7.709276601,7.710142681,17.33349909,8.496530939,8.664129548,17.7824955,7.226287698,6.986972358,15.03987887,1.323532983e-05,1.523001525e-05,2.980403267e-05,1.867148602e-06,4.754420074e-06,1.788184957e-05,7.923033779e-05,5.750698895e-06,1.537979727e-06,0.0002181173498,0.0001471236332,0.0009613197944,0.0002668972806,0.000187580609,0.000980513224,0.0002212064445,0.0001318937505,0.0008566893086
id76,scenario4,4,3.633561305,2.467606232,4.830775328,5.688389618,3.743451568,5.261454328,0.4951179906,0.3040745073,0.3818365052,5.680359382,5.724076014,8.13295364,3.937062775,3.294755358,4.877641967,4.846499723,5.603875127,7.918227379,8.47252548e-05,2.387805894e-05,0.0001226997037,0.0001726698239,5.042899653e-05,0.0001140982691,4.652210058e-07,1.902929348e-07,3.026049171e-07,0.0001895196722,0.0001252080965,0.0002959527401,0.0001051417951,4.244531132e-05,0.000112352898,0.0001348223238,0.0001092098536,0.0002829973685
id76,scenario5,5,4.02179781,4.180361775,5.496037532,7.146498475,7.253989426,9.648394318,5.9189058,4.608267753,9.1570979,5.043175598,5.626758079,9.709420784,3.683094961,4.856525417,6.821799688,5.918123177,6.57068779,10.27846793,7.902043326e-05,4.597094068e-05,9.374308959e-05,0.0001997965564,0.0001350402832,0.000302385289,0.0001421158063,8.256990605e-05,0.0002983793002,0.0001466134677,0.0001319806887,0.0004774029013,9.639135201e-05,0.0001027255461,0.0002082599924,0.0001620756875,0.000148320207,0.0003928710214
id76,scenario6,6,6.242944583,6.100680415,7.603213046,8.699929702,14.83837037,17.120846,16.29802787,15.85587343,18.90454199,4.195417161,4.857305977,7.131861676,2.75722231,3.004455131,4.659930439,2.682913768,4.058137157,4.943621089,0.0002118653855,0.0001013512811,0.000145096836,0.0002104708775,0.0005082486823,0.0006155931305,0.0006210172187,0.0005855723213,0.0006697486542,0.0001156655611,8.640621405e-05,0.0003057126024,6.462932226e-05,3.731104626e-05,9.767266742e-05,4.848754639e-05,6.674610017e-05,0.0001081659195
id76,scenario7,7,5.271451009,6.345635661,10.8206646,5.229565057,5.473639687,5.672039328,6.940002914,7.303358765,5.333873725,12.42212209,11.3692067,28.05157713,11.75477394,9.647416546,20.18139462,14.9378123,11.70772505,25.50727737,9.868920812e-05,0.0001195468458,0.0003328333951,0.0001159495521,7.519107687e-05,8.169156327e-05,0.0002116968685,0.0001530285612,7.336771848e-05,0.0003862452809,0.0002710826719,0.001765860779,0.0003630042452,0.0002320350571,0.001007394769,0.0005276738039,0.0003166046032,0.001519986348
id76,scenario8,8,1.099809271,1.357164012,1.799043336,2.085987775,2.575898251,3.106907911,1.046206668,3.611457424,4.234870242,5.122509346,6.124131323,11.61541521,3.259462581,4.788633286,7.170290705,4.087865984,5.097275228,7.251349866,1.810922633e-05,1.208710371e-05,2.066589703e-05,5.374535582e-05,4.360480256e-05,6.745490324e-05,8.581784032e-06,8.577977461e-05,0.0001256904202,0.0001471186692,0.0001269941451,0.0005671612561,6.268791531e-05,0.0001012781869,0.000221944112,9.495074424e-05,9.630415175e-05,0.0002124209172
id76,scenario9,9,8.19511034,8.001461699,8.462481307,5.284963145,4.430544688,8.021231932,7.87280487,9.103766743,13.25738042,8.225725355,8.56633039,21.67848033,9.739141952,8.629605924,18.33517459,12.95880841,9.365783688,25.33739942,0.0002804243568,0.0001906516871,0.0002005480943,0.0001765867708,9.412561731e-05,0.0003788795184,0.000253574309,0.0002098866106,0.0005334558736,0.0002242439735,0.0001872716499,0.001454561192,0.0002899012774,0.0001823835241,0.001021391041,0.0004277097245,0.0001951010884,0.001562585722
id77,scenario1,1,7.146431468,5.959080469,12.88045764,17.80627214,16.03042815,23.94078772,14.78800608,13.44814711,22.30461184,8.951196869,6.7917121,13.36983486,16.57626365,16.55744932,29.95893941,13.62243515,14.594345,24.22091727,0.0001553210606,9.309618301e-05,0.000597459661,0.0006282003721,0.0004420836286,0.001060217023,0.0004778272261,0.0003407474361,0.001084716401,0.000203581449,9.720045755e-05,0.0003814054218,0.0005453955867,0.0004660763711,0.001614853411,0.000407197428,0.0003970676873,0.001255620656
id77,scenario2,2,11.10155672,9.831904182,12.51989256,19.51329031,14.2193771,19.81286543,22.2378298,16.46478154,19.05822861,13.74947446,12.17453202,25.35768392,24.60820191,15.17104392,38.57792191,23.6640993,14.26886502,39.77860874,0.0003554087477,0.0002216659709,0.0003496815344,0.0007235877138,0.0003454612087,0.0007786952781,0.0008769558734,0.0004366468821,0.0006708793529,0.0004530397329,0.0003351983037,0.001464284977,0.0009901564286,0.0003568309177,0.002298055612,0.0008893108097,0.0003366708883,0.002416398798
id77,scenario3,3,4.264510868,5.128374653,6.542676752,12.19681783,10.74010008,15.40852833,16.06718427,16.76681814,18.39525528,4.393687181,4.764547449,7.470034455,21.79517052,14.29754923,36.6985859,18.77265033,14.93326709,34.51335781,6.454406275e-05,6.791439781e-05,9.750144153e-05,0.0003567531792,0.0002597006916,0.0005769066946,0.0005213171453,0.0004846063652,0.0005481347715,7.854562746e-05,7.345843303e-05,0.0002560304429,0.0007648271409,0.0003337802863,0.002182192737,0.0006469611808,0.0003661621612,0.002031749939
id77,scenario4,4,5.734806644,4.779804765,7.548222957,11.90119461,12.71020404,13.35685291,12.64018335,10.84946585,14.60914938,6.791435485,5.918028999,9.579417724,13.2956355,14.08477585,22.74984863,11.54328588,9.586045386,18.94999977,0.0001317377124,5.034681779e-05,0.0001533595271,0.000299805105,0.0002978987022,0.0003138233023,0.0003674696627,0.0002508530406,0.0004488701906,0.0001944095748,0.0001044313548,0.0003720095427,0.0003998080111,0.0004170719049,0.001076398188,0.0003344012271,0.000183885496,0.0009385164506
id77,scenario5,5,4.084622988,5.019584786,6.794292803,10.66526309,9.790235294,11.668004,7.580858848,5.700390433,9.981365719,10.06721594,9.667740147,14.0620501,11.53489756,11.45324914,16.78781243,11.24607168,11.08631316,16.950354,4.60736333e-05,6.638919792e-05,0.000118945911,0.0003320498037,0.0002058726657,0.0003103348568,0.0002128303715,9.830418884e-05,0.0003256830393,0.0002807670027,0.0002475548036,0.0005544244336,0.000353598158,0.0002865047244,0.0006986821507,0.0003510398721,0.0002910320542,0.0007548385589
id77,scenario6,6,3.855445294,4.750004526,6.681360014,10.26012035,10.40440084,11.78375087,7.830361119,7.644443729,10.42689326,8.276728948,6.090025021,14.63793676,7.906651484,8.002515776,11.84502765,6.634180209,8.016173562,12.40473444,7.76307627e-05,5.991261023e-05,0.0001346754769,0.0003184048663,0.0002683955488,0.0003200977179,0.0002545717462,0.0001651536251,0.0003524384297,0.0002888342273,0.000120540894,0.0007872614634,0.0002240488339,0.0001704833372,0.0004450427215,0.0001718575403,0.0002166173901,0.0005347840762
id77,scenario7,7,4.238345472,4.831047862,6.626244713,13.38423486,12.40407195,16.68391825,11.85391159,10.23007795,19.4168236,3.366809204,3.123063327,4.520514741,7.449433619,8.653294125,15.9384204,4.359533818,6.540666691,8.480427178,0.0001391600258,6.296701899e-05,0.0001251780161,0.0004345750866,0.0003055774705,0.0005834948902,0.0003477723807,0.0001974586978,0.0009279302169,0.0001095108717,6.573635371e-05,0.000150970166,0.0002163801973,0.0002341139596,0.0008661506103,0.0001190235147,0.0001627109405,0.0003143677183
id77,scenario8,8,3.452700577,6.237128552,5.728601115,6.157304254,7.951649173,9.669988759,4.688941188,5.372918407,6.522680139,3.164981377,4.619436245,6.722588883,10.82016461,10.34859898,17.06176739,5.689026212,5.238765851,8.443072281,5.994537118e-05,0.0001643598416,0.0001123455263,0.0001559285352,0.0002071123319,0.0002701158831,0.0001106131685,0.0001031255048,0.0001398671004,7.680551725e-05,7.926178715e-05,0.0002147377704,0.0004230009733,0.0003012821449,0.0008901666662,0.0001616346041,8.305614896e-05,0.0002513342088
id77,scenario9,9,4.167842065,5.859636165,5.566701976,2.295343906,2.412547033,2.971985225,6.051387385,6.650152622,8.213119902,6.853170969,6.880053368,12.50685408,6.989577549,7.601809664,14.7001052,5.392230731,5.62684418,7.601165482,5.275070904e-05,0.0001125043277,8.060912713e-05,3.175940397e-05,2.320174103e-05,3.19398044e-05,0.0001316496953,0.0001494659063,0.0002302328463,0.0001221070518,9.887074505e-05,0.0003805987608,0.000168724394,0.0001506902436,0.0006001258919,0.0001444307522,8.643658097e-05,0.0001517328359
id78,scenario1,1,5.865202377,4.154745626,7.139433506,13.26316024,12.48339244,17.40727345,12.77824239,16.42155477,25.77588487,2.075340181,2.116624647,2.32319628,12.24350861,9.91725914,16.61417299,8.364672792,7.629244602,9.678989956,0.0001400839789,5.055648668e-05,0.0001677297698,0.0003816339477,0.0002593573565,0.0006716285797,0.0003106944758,0.0004491052807,0.001057133626,2.010722137e-05,1.412093317e-05,1.403645742e-05,0.0003869574352,0.0001864658895,0.0006211332065,0.0002270089257,0.0001539508576,0.0002527746824
id78,scenario2,2,5.464280338,4.117836678,5.195414539,11.15495205,8.831021534,9.64980156,8.043148465,8.625083453,9.178804283,4.240552081,2.766590948,5.562224398,9.450849317,7.341379829,11.42978753,6.424170756,4.254546431,7.741332704,5.686578958e-05,2.8860544e-05,5.129243494e-05,0.0004038249539,0.0002142872935,0.0002035544635,0.0002098176706,0.0002133751862,0.0002092252081,2.92380008e-05,1.219582627e-05,4.60070855e-05,0.0002810094385,0.0001492658566,0.0003938342374,0.0001522684937,4.67829054e-05,0.0001620207915
id78,scenario3,3,1.919522127,1.222145203,1.36171866,8.706039922,8.512933505,8.862486958,8.864611871,5.715596863,12.45407691,1.040439853,0.6061951255,1.029144606,0.134526709,0.0839753223,0.1324457612,0.7411024483,0.6277738431,0.6949431977,7.074037837e-06,2.804581845e-06,3.249356751e-06,0.0002570880029,0.0001868468739,0.0001875414987,0.0002667130537,6.722707763e-05,0.0004112158559,2.485246299e-06,8.876883124e-07,2.235890562e-06,3.72643361e-08,1.516473e-08,3.43558151e-08,8.096800016e-06,3.280531642e-06,3.570409011e-06
id78,scenario4,4,3.201532614,2.236722795,6.376934015,13.06360308,12.9235014,12.1931151,12.94893046,13.15226491,29.53630283,3.461765667,2.509983575,8.096751973,11.28964708,8.740394388,15.00832986,8.456973644,7.981063282,13.23414079,2.089402139e-05,8.683128154e-06,6.930093909e-05,0.0004509244196,0.0003085068408,0.0003080658387,0.0003644818861,0.0003094722851,0.001787739894,2.217886941e-05,1.035072756e-05,0.0001052886005,0.0003720055276,0.000162928783,0.0005594597527,0.0002414129955,0.0001668436656,0.0005131202556
id78,scenario5,5,0.0001215109402,0.000119137066,0.0006832179528,5.319061648,5.108778095,6.696253314,0.0005646621666,0.0005482419547,0.001635089751,0.002138289752,0.001818526697,0.003429799986,2.78634235,2.153944285,3.355811967,1.835598927,1.711004421,3.562357063,0.0,0.0,0.0,0.0001577526178,7.890569089e-05,0.0001392040787,0.0,0.0,0.0,2.513876e-10,0.0,1.904407e-10,8.139849506e-05,2.20044929e-05,7.188950665e-05,3.86115238e-05,1.997038766e-05,0.0001377986691
id78,scenario6,6,0.000283108155,0.0003291039988,0.000967101145,15.91498355,15.18197796,21.86096849,9.946128791,13.2093132,18.88948212,0.0001135924172,0.0001636967098,0.0003569368434,12.0195091,12.79546144,17.31436731,8.017894816,8.526939821,16.02350777,0.0,0.0,0.0,0.0005544882801,0.0003813742037,0.0009225416666,0.0002282901318,0.0002670777903,0.000729055132,0.0,0.0,0.0,0.0003467205973,0.0003441636881,0.0006771034658,0.0002638882849,0.0002270384024,0.0008243261046
id78,scenario7,7,0.7301687847,0.5124422596,0.6761883559,0.2354295793,0.1646480686,0.2166903444,0.2858829213,0.2004637932,0.2630152361,4.504823085,3.964284248,6.266202537,16.6663729,12.31680904,24.92464289,15.94736505,11.18928714,38.12285784,2.945946311e-06,7.580001639e-07,1.68705569e-06,3.063785379e-07,7.83505717e-08,1.735083905e-07,4.521021588e-07,1.157366795e-07,2.561482607e-07,3.227487607e-05,2.537313238e-05,7.129524962e-05,0.000537004819,0.0002375394017,0.001175696627,0.0004530361155,0.0002073209914,0.002479973615
id78,scenario8,8,3.624217998,3.100109033,3.535685097,14.37879706,13.2007063,13.36115728,15.38380492,12.64499527,13.66702134,3.654070932,2.098868756,3.958124033,11.5831858,9.09961772,12.6441165,7.185877467,5.644144674,10.99293169,2.435484406e-05,1.823998076e-05,1.904365188e-05,0.000449736686,0.0003027410084,0.0002884650313,0.000494277794,0.0002538404793,0.0003249001844,3.147093775e-05,7.036508268e-06,2.9642229e-05,0.0003880806009,0.0001753132803,0.000415858856,0.0002101522238,0.0001099104111,0.0005123718223
id78,scenario9,9,2.21054531,2.239573188,2.914485471,7.941754262,7.996191634,6.394915346,5.811836736,4.647678464,4.692934836,0.5889986099,0.4825244946,0.7623904172,10.68712245,11.08360904,19.93633221,10.97238609,8.886938897,15.58692166,2.224858838e-05,2.055998171e-05,3.278756612e-05,0.0001690652271,0.0001760965447,0.000111170184,0.0001112855311,5.964146607e-05,5.921909725e-05,9.093595155e-07,4.514004406e-07,9.723518717e-07,0.0003190253337,0.0002712784573,0.001011004601,0.0003433908386,0.0001891032969,0.0006645401636
id79,scenario1,1,14.66925415,12.85827842,18.42653867,15.80435151,13.87938427,18.61857511,12.70836135,14.50051247,19.7499258,15.49712434,18.39706115,35.48719346,18.98350961,16.23918526,31.65791032,18.39257819,15.39680808,39.9071335,0.0003947878211,0.0002312377499,0.0006572748515,0.0003902293559,0.0003209838053,0.0006665089348,0.0002943165117,0.0003485630815,0.0007868112603,0.0003982215836,0.0005136898468,0.002106720784,0.0005883141098,0.0004383345864,0.001739715859,0.0005756981327,0.000407151332,0.002558196528
id79,scenario2,2,5.536493184,5.316724712,5.870369334,8.328740481,3.729394322,3.906647895,9.059966027,7.02112902,7.744568752,11.85341067,11.01105897,21.21560097,7.720116454,6.006422433,9.479683275,9.826931968,6.60242932,13.60931674,0.0001005366871,7.713360317e-05,9.576228363e-05,0.0002113340683,3.377385028e-05,4.733783379e-05,0.0002152030707,0.0001126677304,0.0001314449774,0.000369402407,0.0002702911836,0.001177828621,0.0001837150595,0.0001264306473,0.0003387968222,0.0003140803248,0.0001590016602,0.0007069265559
id79,scenario3,3,13.74553075,15.20738151,19.42672528,15.70578828,13.39200422,26.17738351,15.90152762,15.86727505,27.55582058,9.128413843,8.380811603,17.00287307,8.429213803,6.698300439,10.12943821,7.772221559,6.987161739,9.038252655,0.0003263936985,0.0004281844761,0.0006861673986,0.0004684295507,0.0002845540295,0.001018309839,0.0004700366881,0.0004086303965,0.001384535452,0.0001814065355,0.0001476193316,0.0007129141036,0.0001816681939,0.0001184434701,0.0002703062308,0.0001532037873,0.0001283578736,0.0003157458611
id79,scenario4,4,9.30917205,10.54407279,14.82872667,8.940926437,8.652192141,10.99094636,4.351467271,10.14962047,16.46322254,4.275739526,5.270676999,5.354692106,14.3358519,17.01360544,20.99285942,15.32257705,17.81661552,18.80618163,0.0003172168793,0.0002187712381,0.0006338738855,0.0002142407143,0.0001561817011,0.000353057073,4.504904221e-05,0.0002581315262,0.0009644378512,7.959926974e-05,0.0001207559206,0.0001269292298,0.0005069646947,0.0005729231457,0.0009380254429,0.0006149879341,0.0006798708726,0.0007811542862
id79,scenario5,5,10.84135932,11.58080743,18.15430211,23.24002935,20.78814594,40.48465236,20.9116057,16.4607108,24.08839072,10.3966765,10.13554286,17.15651458,14.07376569,11.57225809,14.53045783,18.99146552,20.45358863,39.98720414,0.0001753280272,0.0002513994406,0.0004795766062,0.0008773387042,0.0005885947858,0.002347596871,0.0007642028764,0.000432334546,0.0008809331278,0.0002856794037,0.0002123285135,0.0006889219674,0.0005244822052,0.0002812439814,0.0005146008087,0.0006416842163,0.0007470582133,0.002612013871
id79,scenario6,6,8.275623104,7.601267304,10.7912388,18.75713581,10.52226724,20.96227458,5.689404462,3.802800311,3.935520697,13.08926278,16.21710903,19.10985581,15.01666318,13.07134768,21.15241861,16.73814779,16.6441366,18.75589361,0.0001687309933,9.647748868e-05,0.0002114344972,0.0006768611836,0.0001826323306,0.0008424444756,0.0001362114745,3.945183315e-05,4.899580585e-05,0.0004183375744,0.0004922770922,0.000844410461,0.0004672344157,0.000292795305,0.0008293568937,0.0005396037875,0.0004603996403,0.000639513419
id79,scenario7,7,5.540486289,6.404194291,6.431720227,1.748158181,4.462024141,7.399141546,3.497996919,2.371765428,1.731117119,3.769707206,4.235816781,4.400088046,1.329992387,1.778242785,1.56958976,1.045585413,1.475337522,1.603772633,0.0001795273957,0.0001261401757,0.0001217706407,1.352066633e-05,6.010843769e-05,0.0001604622239,5.295256229e-05,1.715113462e-05,8.033220282e-06,9.695496907e-05,7.810822698e-05,9.435233653e-05,1.252943957e-05,1.305140332e-05,9.513379697e-06,4.329525174e-06,8.974811096e-06,1.073543669e-05
id79,scenario8,8,6.727476081,8.664974239,12.65950243,15.27676974,13.51622048,19.95889612,8.679673204,10.53972769,11.51244646,12.89395976,17.69816157,25.86545764,16.2255715,17.58092509,19.59851386,18.08647577,23.40277746,24.15004627,0.0001458745939,0.0002094669573,0.0004413315618,0.0004669686547,0.0003400237965,0.0007718499191,0.0002305884933,0.0003920822152,0.000340069417,0.0003922231478,0.0005691177701,0.001276213294,0.0005929620146,0.0005887279842,0.0007936773083,0.0006903311113,0.0009976633079,0.0009530479611
id79,scenario9,9,3.233073344,3.681674536,4.841906605,2.090790481,2.550345646,3.232062364,1.278577199,1.386486536,1.889688669,1.403092309,2.334295062,3.300970539,1.838914567,3.164516172,2.640054851,3.757095887,4.053523451,6.158080324,7.683878144e-05,5.677206067e-05,9.966688664e-05,6.245841871e-05,5.930520238e-05,9.861772864e-05,2.698490065e-05,1.674585322e-05,2.869880676e-05,1.775785109e-05,2.145080298e-05,4.235104065e-05,5.0817237e-05,7.030962462e-05,6.231896837e-05,0.0001159510757,6.973961299e-05,0.000229396695
id8,scenario1,1,6.261172496,6.732919362,10.905972,20.06458311,10.70708661,23.21104846,17.51078311,13.41128128,19.11633393,7.536386964,12.09462974,11.62335951,18.44105768,14.88225619,24.23973832,16.68310476,13.55855709,15.26153299,8.788490142e-05,6.585500312e-05,0.0001946268697,0.0008372359845,0.0002116331998,0.000971657525,0.0005714759498,0.0002679972636,0.0005647781468,0.0001570522045,0.0003541075012,0.0002501445031,0.0006595647549,0.0003469663648,0.001075643487,0.0006471777996,0.0003389091335,0.000402353571
id8,scenario2,2,4.278487354,3.651002871,5.174188725,5.608516896,5.629026731,6.294650675,2.511713599,2.325621872,2.762083672,2.93650413,3.75450997,4.789754852,0.6877609055,0.5207531997,0.6671995021,1.259674796,0.8746682785,0.9802793307,0.0001027400066,4.203228766e-05,8.963908501e-05,0.0001372691656,9.571328447e-05,9.087044092e-05,1.169533597e-05,1.007607881e-05,1.425371816e-05,4.074712726e-05,4.605097945e-05,6.806611994e-05,1.892754171e-06,7.405841278e-07,1.58381977e-06,4.37151178e-06,1.645783926e-06,2.713119721e-06
id8,scenario3,3,9.169259015,7.498778701,9.05122862,11.46216603,9.296634688,11.14755789,11.39459065,9.357833074,11.37317143,7.905656074,5.081733842,6.51736016,0.0,0.0,0.0,0.0,0.0,0.0,0.0002223027158,0.0001223776443,0.0001874011442,0.0003133501357,0.0001864881726,0.0002722401669,0.0003097980411,0.0001774947036,0.0002799932046,9.07454541e-05,3.732557848e-05,6.099972439e-05,0.0,0.0,0.0,0.0,0.0,0.0
id8,scenario4,4,1.874798295,1.55749268,1.364758661,1.79561261,1.884873379,1.891945374,1.754241497,1.695815171,1.745642892,1.761003467,1.520880249,2.6469034,3.565419823,3.310206266,5.027279128,3.176737912,3.234361939,5.209216484,2.51381598e-05,7.923600398e-06,4.799076671e-06,2.040424125e-05,1.30611274e-05,1.091649607e-05,2.501817948e-05,8.677664563e-06,1.15877197e-05,1.375598465e-05,8.291947036e-06,3.485136547e-05,9.07412744e-05,4.955915453e-05,0.0001424491462,6.936841088e-05,6.227489679e-05,0.0001608433091
id8,scenario5,5,7.786836934,5.329447354,6.165808611,13.34835718,5.014164528,11.03367644,20.50277948,9.988117887,18.30544562,7.952273754,6.711195478,6.370915858,19.29482525,9.456171575,15.48050472,19.10200707,15.58102129,17.7533568,0.0001126612397,5.170318024e-05,6.072518944e-05,0.000351712889,4.403830433e-05,0.0001716724323,0.0006427309886,0.0001583308799,0.0004904189752,0.0001341285372,0.0001234155168,6.480448126e-05,0.0005746435367,0.0001460699065,0.0003820330898,0.000610042503,0.0004702867351,0.0004868028623
id8,scenario6,6,8.326032669,4.287834872,7.111055837,18.14039439,10.49780065,11.56106306,18.27182287,13.02492093,22.83877946,4.515944796,2.391619249,4.143559236,15.89702828,9.233365081,10.61060023,16.02129428,9.845457969,17.45057628,0.0001152742872,2.987140406e-05,0.000126982496,0.0004920568401,0.0001772017542,0.000200855413,0.000491683175,0.0002900226332,0.0008341660427,3.776635644e-05,9.403746441e-06,2.807902562e-05,0.0004470447756,0.0001330319997,0.0001696251572,0.000444467619,0.0001597539665,0.0004524131727
id8,scenario7,7,5.052950254,2.960856465,4.177595665,24.94950158,9.99204796,13.53322649,27.29174607,13.57345472,16.11876054,4.314441216,3.753061799,3.541657382,20.82777248,12.67730833,17.66081939,14.82514427,7.429533804,11.85765699,4.433755308e-05,1.322460929e-05,2.594565458e-05,0.001194633678,0.0001537612154,0.0002851484117,0.001132950263,0.0003196655241,0.0003558208353,2.896091516e-05,2.194654894e-05,1.966184858e-05,0.0008216666521,0.0002996057739,0.0005532525965,0.000381285127,9.764218684e-05,0.0002244632394
id8,scenario8,8,5.007124978,2.897783439,3.731524276,11.9173514,8.938788207,7.996600968,15.90180602,8.735200782,10.57424233,5.377678609,3.227283059,3.717541447,17.45188331,11.38506482,15.27780062,19.86226735,13.36431862,17.21597516,4.656298693e-05,1.487265234e-05,2.492281605e-05,0.0002995960495,0.000161217279,0.0001299778624,0.0005484976726,0.0001441905221,0.0002156989322,4.44615563e-05,1.562045038e-05,2.384625953e-05,0.0004636501426,0.0002043167234,0.0003623142042,0.0006473902284,0.00027937598,0.0004673063707
id8,scenario9,9,16.14651311,9.988430623,8.827176136,13.1767472,7.435902537,11.8655147,12.46700222,10.2460429,10.0509191,8.576490747,5.185279588,7.299401174,12.00674424,7.881216481,7.819750115,14.21605951,7.806359308,9.730713809,0.0004532272886,0.0001593214298,0.0001340316386,0.0002867307223,9.662456839e-05,0.0002367910296,0.0002572581331,0.0001568622642,0.0001710889391,0.0001509864898,5.688601456e-05,9.195428902e-05,0.0002258460494,0.0001052140325,9.713321882e-05,0.0003124807764,9.242091857e-05,0.0001613486266
id80,scenario1,1,4.29755391,6.489468632,10.41672728,0.001056001791,0.002153019738,0.004681197354,0.0008053310494,0.002206200367,0.003807847626,2.654860499,4.180119584,6.158593983,8.962870545,9.037317338,15.10906764,7.651337984,7.269701086,15.49769917,7.295264581e-05,0.0001043528269,0.0003240280018,0.0,0.0,0.0,0.0,0.0,0.0,5.896141791e-05,7.596466875e-05,0.0001653105915,0.0002521157845,0.0001929842525,0.0006242815239,0.0002237429525,0.0001557267107,0.0008078499224
id80,scenario2,2,1.189208643,1.970599242,2.790805943,1.499113165,1.996727246,3.126278696,1.528720764,1.865885615,2.535358052,4.508147667,5.039618255,8.790693504,13.8060287,11.79520217,26.15613959,14.03791058,13.74068134,27.80860512,1.544079013e-05,1.797196545e-05,3.453040768e-05,1.725887092e-05,1.737332898e-05,3.857000128e-05,2.444325458e-05,1.545417751e-05,2.90830108e-05,0.0001012604797,9.171006481e-05,0.0003173106743,0.0004124531816,0.0002799560797,0.001482487109,0.0003949309229,0.000343451502,0.001638724305
id80,scenario3,3,1.651417933,2.488915763,3.502281639,11.01936845,15.11866474,20.15029956,3.161871016,4.131027057,4.883853804,5.326529557,6.17540312,9.518700066,13.87089495,11.2863209,25.34131234,9.73183417,8.04624918,15.48169212,2.163953883e-05,2.345175843e-05,4.546099762e-05,0.000261486534,0.0003749555972,0.0006197027302,5.133226447e-05,4.950351573e-05,8.892357737e-05,0.0001176004355,9.905032862e-05,0.0002909597383,0.0004063785331,0.0002551805832,0.001432824698,0.0002846743462,0.0001524928339,0.0007396081312
id80,scenario4,4,5.103587973,6.374414123,8.434552268,2.800521934,4.516416173,5.673648212,2.283659171,0.9826062512,2.305226439,4.743412703,6.747552757,11.7496024,3.161519735,2.909682962,7.614382407,2.873802282,4.974606321,6.90472798,8.001847956e-05,9.236525572e-05,0.0001683012601,9.532425675e-05,9.401405799e-05,0.0002116492433,4.428580044e-05,3.696179886e-06,1.856852402e-05,0.0001254168772,0.0001516059513,0.000638277005,9.189729605e-05,3.690177063e-05,0.0004675311697,7.860877141e-05,0.0001334352712,0.0002641449707
id80,scenario5,5,9.392361709,6.25661894,15.745484,0.009115418659,0.007116137237,0.009773649354,0.0002439533438,0.0007861125854,0.002050854279,4.006041966,3.458278415,5.668375643,3.229976977,2.920587543,6.014846703,3.129992717,5.872093859,7.349698109,0.0002974977998,7.973250511e-05,0.0008563457503,1.161688e-09,2.422848e-10,3.754888e-10,0.0,0.0,0.0,0.0001322795215,7.51852291e-05,0.0002149559535,0.000109885096,3.643620405e-05,0.0001874790856,7.896724693e-05,0.0001499183214,0.0002739388089
id80,scenario6,6,15.57438711,9.3562954,27.89865997,17.84965035,15.54824061,30.76942542,8.377612635,9.900253593,8.679710663,9.505802521,10.38508998,19.75031901,8.473050584,8.544206516,18.54926909,6.015415354,7.117372525,10.14828641,0.0006858884611,0.0001960186188,0.001796573151,0.0007104268883,0.0004111394948,0.001576259978,0.0002421559096,0.0002329700958,0.0001393138436,0.0002659577477,0.0002609011576,0.001071178115,0.0002306209859,0.0002606726873,0.0009807980284,0.0001436498893,0.0001521861274,0.0003262258328
id80,scenario7,7,1.235395355,2.052630668,2.886017077,2.865970011,5.134017743,6.144748884,1.235256805,2.019877395,2.895659714,2.063441955,1.961017882,3.603483257,2.612721286,3.819088523,4.283997301,4.604961076,5.061225835,4.503220427,1.595849404e-05,1.842181367e-05,3.581208253e-05,6.107960097e-05,0.0001138434273,0.0001599051932,1.595843523e-05,1.832529185e-05,3.5857608e-05,5.480907566e-05,2.310553849e-05,0.0001164165801,5.234509984e-05,5.74234488e-05,7.743604806e-05,0.0001153352391,8.732134943e-05,7.087316855e-05
id80,scenario8,8,0.5144405571,0.8595269253,1.233670997,8.567282332,7.232297524,15.60144396,2.562679101,3.947451665,3.193207835,3.171851147,3.004795672,5.216372112,8.812266922,9.412223526,14.7081087,6.75381943,7.834898901,14.43259994,6.637455364e-06,7.636930281e-06,1.494675688e-05,0.00029016579,0.0001993561722,0.0007511417367,6.968645428e-05,0.0001367609079,7.122012611e-05,8.069731963e-05,3.397309314e-05,0.0001480875269,0.0002861424803,0.0002183548099,0.0006023512609,0.0001957479027,0.0001718066864,0.0007606616284
id80,scenario9,9,1.771121042,1.977877357,1.639873598,7.713334231,5.275209444,14.28239842,5.288783914,6.228120354,9.173880269,2.02484242,2.850557296,3.972851505,1.936080112,1.758591664,2.567642024,1.180686689,1.913470935,3.614192314,3.445666949e-05,2.306903954e-05,1.634666374e-05,0.0002603967222,8.136489022e-05,0.0006278265555,0.0001257098567,0.0001252809384,0.0002702640363,4.855930242e-05,4.527227477e-05,9.139085523e-05,5.300487271e-05,2.166276222e-05,5.260016467e-05,3.145188373e-05,2.991850377e-05,0.0001566953475
id81,scenario1,1,2.230831941,2.212332865,2.90155892,3.809840991,5.782748336,8.370293703,4.047902375,5.310542418,7.064826236,1.716524112,1.527457201,2.635417515,2.983435116,3.776579615,4.917872091,3.677449762,4.864319619,4.527415512,1.559994332e-05,1.239849151e-05,2.047479325e-05,5.330227314e-05,8.99633027e-05,0.0001873535195,7.132424438e-05,8.590409472e-05,0.0001456120424,1.292571348e-05,7.252555977e-06,3.271824294e-05,4.099742027e-05,4.473287024e-05,8.175890938e-05,7.30117306e-05,0.0001210289566,6.147405871e-05
id81,scenario2,2,0.02684722529,0.02434127598,0.02503739849,0.1072085754,0.09785483564,0.09785816508,0.02959840541,0.02692427608,0.02733934495,0.0151706843,0.01206640574,0.01176755068,0.06085631185,0.04840368018,0.0472048406,0.0167633286,0.01333315759,0.01300292822,6.1924545e-09,2.3523084e-09,2.3370247e-09,9.96459074e-08,3.78626975e-08,3.75486785e-08,7.5607914e-09,2.8722922e-09,2.8508528e-09,3.5621138e-09,1.1143983e-09,1.1071755e-09,5.73203332e-08,1.79325225e-08,1.78162958e-08,4.3492859e-09,1.3606632e-09,1.3518443e-09
id81,scenario3,3,2.681313689,2.290102043,3.233175749,4.523819387,4.005993306,4.476655352,3.655020825,2.050253661,2.326606697,4.246897926,3.923196726,3.810515346,3.518471946,3.221774193,3.13096543,20.36293813,22.72772311,25.94810323,1.179747962e-05,8.938403877e-06,1.726022168e-05,7.600054913e-05,3.99091653e-05,4.05162306e-05,6.060999573e-05,9.793538276e-06,1.703547634e-05,3.168130463e-05,2.502742122e-05,2.561007487e-05,2.159233228e-05,1.679690232e-05,1.722761178e-05,0.0008719485247,0.0008785579201,0.001166187929
id81,scenario4,4,0.000563425246,0.0009793893402,0.001262226785,10.07679289,7.074961043,10.46913945,9.793662244,7.897148978,8.267082805,0.0001694117103,0.0003675725893,0.000561442394,7.449252937,8.377883704,8.498450221,2.527971874,1.971361995,3.588500515,0.0,0.0,0.0,0.0002996804164,9.485545804e-05,0.0002255557917,0.0002767951852,0.0001173289565,0.0001180850031,0.0,0.0,0.0,0.0003323734821,0.0002711956771,0.0002829953505,6.42754276e-05,2.882219761e-05,0.0001219408635
id81,scenario5,5,5.793314261,7.22377761,9.70336843,5.696480969,5.598474299,6.662265405,8.683530766,11.11887208,9.369908685,3.804152371,2.967597485,4.084574084,23.99725659,18.30061709,32.39910769,10.20632723,9.380309735,12.5176023,9.650424403e-05,0.0001162821542,0.0002224975449,0.0001135724487,5.654047994e-05,7.870065885e-05,0.0003028711016,0.0003107386208,0.0002384699268,2.796034466e-05,1.438155048e-05,3.185939695e-05,0.00101766509,0.0005852044965,0.001663599364,0.0003238405263,0.0002268656521,0.0003800567947
id81,scenario6,6,1.178612952,0.2111506724,0.3096735987,0.9358099589,0.1675089849,0.245422834,2.61069064,2.774387719,2.616931295,0.3856335969,0.1543560695,0.2170427704,2.229873005,4.697202636,4.012051166,5.330454034,8.796381932,6.407938941,2.501061925e-06,7.24131428e-08,1.66524929e-07,1.576761343e-06,4.55604527e-08,1.046424958e-07,2.670422117e-05,4.161922795e-05,2.473265598e-05,5.952819692e-07,5.25306417e-08,1.069446121e-07,4.34979455e-05,0.0001358838519,9.194283049e-05,0.0001365215249,0.0003340391291,0.0001455515458
id81,scenario7,7,1.589140293,2.436856157,3.633959077,1.531063388,1.631222203,2.643807332,1.054618792,1.513587772,2.234214061,0.06389494899,0.04365358111,0.04662518891,1.00441557,0.637657126,0.7113954294,0.05552700744,0.02909110045,0.03323329078,2.26765141e-05,3.098740576e-05,7.469121668e-05,1.792085806e-05,1.587233179e-05,6.038087128e-05,1.445054264e-05,1.70928106e-05,4.702706722e-05,6.6445476e-09,3.3011944e-09,3.5186572e-09,1.723101059e-06,7.248482756e-07,8.485394062e-07,1.89224714e-08,2.1897346e-09,3.5216052e-09
id81,scenario8,8,3.613624841,3.553882067,5.986227957,7.179252318,6.952117407,6.930112029,6.65141281,9.486478604,9.116732724,3.381569929,2.113937533,3.175430862,2.793911371,2.908008176,5.014694124,14.2904829,12.01869066,16.09965751,3.567848046e-05,2.786979876e-05,9.593918165e-05,0.0001512478991,0.0001447409673,8.677022576e-05,0.0001915366911,0.000270555991,0.000222306813,5.552450525e-05,1.143992519e-05,3.187414521e-05,3.030206769e-05,4.972090962e-05,0.0002171858988,0.0005385297545,0.0002712804763,0.0005831077816
id81,scenario9,9,4.758845674,7.043110987,9.70888869,4.361845048,2.37269958,2.664315496,1.814930799,1.666816482,2.27452979,1.529047291,1.179527885,0.7671930467,1.441444179,2.754262875,3.793830003,2.106213367,3.525059457,3.372872884,9.812912326e-05,0.0001412504863,0.0003328427419,0.0001448447641,3.342714164e-05,3.534742207e-05,1.484440582e-05,1.342604487e-05,2.454482076e-05,4.937896902e-05,1.195468514e-05,2.983493925e-06,2.772334547e-05,5.087316225e-05,0.0001321894623,5.697828096e-05,0.0001046423377,0.0001072613625
id82,scenario1,1,3.836136439,4.537218625,6.399933272,16.75008945,18.9859036,17.3684395,20.56309761,13.6538634,22.71289588,15.06064635,13.143675,24.24283512,15.30201997,16.98861514,30.67205273,23.07719908,18.13956275,32.80190953,5.170636467e-05,4.245246356e-05,8.307178876e-05,0.0005094654558,0.0005236366486,0.0004549363897,0.000930370985,0.0003099138981,0.001261637213,0.0004849540432,0.0003031544022,0.00136434963,0.0004805228966,0.0004530649397,0.001688214139,0.0008726887349,0.0005188966094,0.001804470088
id82,scenario2,2,10.64605772,13.69967695,30.64891817,15.31694041,13.45378502,31.68842281,21.05666971,14.27902554,35.39918507,14.48571452,11.08283338,32.79994511,21.48997554,16.38516157,38.93773553,13.68561457,14.64137616,27.98192019,0.0002249230677,0.0003960501111,0.00187117256,0.0004492310342,0.0002717117023,0.00166805023,0.0007593225408,0.0003375588114,0.00208468509,0.0004988387937,0.0002376706684,0.00216814759,0.0007862355236,0.0004406782192,0.002413283063,0.0004035748127,0.0004592180466,0.001647191336
id82,scenario3,3,8.939643398,11.18408453,15.48157089,12.00764337,12.07210656,25.49038442,12.35802857,8.664122057,26.02411805,11.52391243,10.83549094,20.97922545,21.51777612,12.86568051,37.10554564,21.45303173,14.20011121,48.31571504,0.0002819751844,0.0002991594719,0.0008046814659,0.000308507905,0.0002812732073,0.00118862239,0.0005446723369,0.0001439858292,0.00165050231,0.0002731030751,0.0002265540623,0.0009892778707,0.0008612926581,0.0002732073075,0.002244069021,0.0007733146462,0.0003228975783,0.00356421792
id82,scenario4,4,6.343187691,5.605617201,7.622792984,17.17772301,17.13746374,23.77832915,7.530304798,9.094090423,5.599897466,12.84478919,15.48218284,19.25630265,21.73074698,15.755795,37.22273355,16.93269578,12.92263324,37.79081084,7.365205601e-05,4.576312892e-05,0.0001329266324,0.0005514722056,0.0005010595616,0.001047535181,0.0001094999407,0.0001661319196,7.288079598e-05,0.0003356532703,0.0004680247299,0.0009021736002,0.0008009066728,0.0004325645937,0.002275377404,0.0005750378569,0.0002887351234,0.002531347183
id82,scenario5,5,18.32581714,9.976220665,43.39073472,11.82177562,16.24615434,30.08700371,21.52438236,16.62151707,37.87487407,17.04997834,15.69527436,33.44855147,19.49105103,16.71514758,37.2119551,21.64693998,18.03378617,38.64033839,0.0006256269341,0.0001682870647,0.003723744227,0.0002811439158,0.0003862530309,0.001967873212,0.0008690739852,0.000545490111,0.002911998974,0.0005915679577,0.0004211208104,0.00204585096,0.0006325755334,0.0004595700923,0.002381328348,0.0008055868943,0.0005245154347,0.00241442401
id82,scenario6,6,8.154149933,13.66908587,13.54053601,10.39800676,16.25392959,15.62580101,17.97107073,14.33493407,19.34247033,7.515148736,8.747958417,15.78901713,17.67996156,12.43394234,37.75194172,19.32622998,14.1590644,39.63944659,0.0001828494745,0.0004076470075,0.0004298188574,0.000284223076,0.000502323857,0.0004753194544,0.0006360786821,0.0002931936218,0.0006452365432,0.0002022709318,0.0001759189408,0.0007725728689,0.0006012831987,0.0002725195295,0.002573557872,0.0006828516565,0.000303408542,0.002666220608
id82,scenario7,7,8.689586965,6.44700956,10.41219947,13.44860975,13.03446969,21.87231048,13.80419407,11.77691647,21.83066012,13.99299418,11.49667297,25.58768866,21.14861814,17.26584186,46.78251785,22.38878054,13.09389687,45.47563816,0.0001624022843,8.86679021e-05,0.000214702102,0.0004198899227,0.0003474900147,0.001010968443,0.0004372822087,0.0003161306647,0.001025990809,0.0003627495917,0.0002741365552,0.001152435312,0.0007216787564,0.0004934352658,0.00326538497,0.0008542365421,0.000314349678,0.003239808322
id82,scenario8,8,8.234362607,7.622272697,7.873820226,11.92459429,13.37297506,15.35531509,11.59506333,10.8366808,15.6793415,15.76580516,17.54444817,32.38750872,18.71389135,21.08603521,37.71806076,18.65901701,23.43859652,45.86582195,0.0001756717714,0.0001748431539,0.0001399302725,0.0003483480272,0.0003531860137,0.0005647801846,0.000338964465,0.0002396799414,0.0006082207273,0.0004832002902,0.0005782039765,0.002065773031,0.0005846110171,0.0007995663092,0.002233668022,0.000539258791,0.0009077063517,0.00324728602
id82,scenario9,9,2.395997081,1.425159106,1.114557353,2.709536911,1.513316436,1.721046663,3.135245048,3.027055361,4.908247255,10.15454985,10.62275379,19.75893021,10.5669359,7.520309641,13.63034796,9.924131862,9.486936184,21.9493498,1.776270961e-05,6.978095516e-06,3.963310074e-06,2.362594533e-05,6.788086734e-06,1.109940442e-05,5.087485543e-05,3.751669499e-05,0.0001535020534,0.000281875136,0.0002318296705,0.000973040196,0.00027850544,0.0001097165726,0.0004968222403,0.0002619983469,0.0001727226967,0.001233663477
id83,scenario1,1,10.9467503,4.512685497,6.408789339,18.56935262,12.04922623,16.89807245,12.34761633,7.036672545,9.49077156,11.53587611,7.762237226,10.94975673,16.3509452,17.23288191,22.08608691,11.54721896,9.356656487,13.09475008,0.0002115242724,3.570391209e-05,6.937031676e-05,0.0006148033676,0.0002804021962,0.0006935226774,0.0002620770809,9.156744929e-05,0.000147833401,0.0002768925126,0.0001037079189,0.0002299983741,0.0004564900234,0.0005457288977,0.0008830384339,0.0002501496036,0.0001528495807,0.0003367378175
id83,scenario2,2,6.253127678,5.960334003,6.399380797,3.701792572,3.617045279,4.047615275,4.315939685,3.939355034,3.57107318,3.634272785,3.671164372,4.839999062,3.258850594,4.18497657,3.998655711,2.914405725,2.983589819,3.208857354,0.0001127031299,6.135374854e-05,8.08872019e-05,4.027100854e-05,2.807858707e-05,4.188250025e-05,4.842366032e-05,4.50941847e-05,3.128018271e-05,4.321547807e-05,3.61673894e-05,6.268560485e-05,4.15562591e-05,6.931950564e-05,3.964743308e-05,3.075216675e-05,2.329373027e-05,2.777700129e-05
id83,scenario3,3,5.412253461,3.47262175,5.347550694,6.958871805,4.760678953,5.06845708,4.843321912,3.642930254,4.357827533,18.38000085,11.92652923,26.97456431,23.64554576,18.84493375,39.31903504,11.43647532,7.996701559,19.24528119,0.0001135435783,2.293553271e-05,6.653315145e-05,0.0001407474495,5.105019856e-05,5.098264103e-05,4.947334962e-05,2.872676136e-05,4.302112059e-05,0.0006241359395,0.0002346545685,0.001401851775,0.0009041753788,0.0005934438855,0.002298476078,0.0003397093834,0.0001438322688,0.0008388901783
id83,scenario4,4,13.58371531,6.945425233,8.106705955,10.84871038,9.17652633,8.867574474,12.85510348,10.38180659,14.51863409,10.55499841,7.775909998,17.39419216,11.88982217,8.9158487,23.22826384,13.1975526,11.44944323,22.07437816,0.0004667868877,9.096707674e-05,0.0001243691472,0.0002843391258,0.0001994670247,0.0001722450783,0.0002772383302,0.0002175149016,0.000389929046,0.0002419833425,0.0001162343169,0.0005470368701,0.0003383246522,0.0001592487939,0.001229849487,0.0003120627357,0.0002132131824,0.0007697999662
id83,scenario5,5,8.464918139,5.324435046,8.928456143,11.14266869,12.83838608,18.30858586,12.40120927,11.09441798,15.44018801,14.35299518,10.16347358,23.73157998,13.4434906,10.2111229,17.72987883,16.28390637,11.99395871,29.32760838,0.0001395374921,5.143781402e-05,0.0002734032673,0.0002779902371,0.0003547189077,0.0009983364954,0.0003486417494,0.0002850231235,0.0007369194512,0.0003735271497,0.0001933866392,0.0008798453706,0.0003999333471,0.0002107607203,0.0006735680974,0.0004883272983,0.0002505553943,0.001685945416
id83,scenario6,6,1.75860807,1.876294582,1.896511274,8.819575131,7.628989788,6.641336651,2.252898132,1.457070588,1.999986356,0.9105079888,0.5919495085,1.21282415,3.531013079,4.391462659,6.655844619,8.76918434,6.36920439,13.38217588,1.246138092e-05,1.522760793e-05,1.760370865e-05,0.0002495950693,0.0001753073512,0.000136096443,3.927063096e-05,1.165364246e-05,1.519126741e-05,2.07580078e-06,7.020655394e-07,2.845618722e-06,8.381824957e-05,8.138874553e-05,0.0002734584903,0.0002691725332,0.0001235685835,0.0006995734651
id83,scenario7,7,3.83238148,4.306620627,5.029914157,11.87090343,10.42186118,13.89637969,16.6442849,13.94281512,19.50066594,10.63961713,7.41344941,17.00043215,2.379523419,2.023452311,2.0821978,14.48780316,10.85049181,27.42407505,5.066924293e-05,7.748997217e-05,0.0001088186822,0.0003687677677,0.0002353275091,0.000503088284,0.0005926240156,0.0004175673048,0.0007220551627,0.0004085601929,0.0001589029046,0.001074226076,4.101787784e-05,2.463932126e-05,1.340659533e-05,0.0005031493361,0.0002388115667,0.001727823346
id83,scenario8,8,12.47083197,5.978513788,10.46488427,2.145341699,2.226775236,3.326072834,8.077606255,6.570175947,7.228247434,17.20633504,12.55990871,29.15787373,14.13530695,11.39520522,26.22658701,14.69319012,13.28269793,23.01551897,0.0004163565342,7.082701403e-05,0.0002973006653,2.409746153e-05,1.741802229e-05,4.117084963e-05,0.0002129166583,0.000117344064,0.0001345651093,0.0005479524832,0.0002776198238,0.001652888043,0.0004961882735,0.0002991630138,0.001589431913,0.0004582837892,0.0003864333422,0.001218973337
id83,scenario9,9,6.04381337,4.988477345,6.049586785,9.627929282,9.139242265,10.66670483,11.2370593,11.41474364,14.8313225,3.426556424,2.89251378,5.035261651,18.19674416,20.59756121,25.71432681,18.60268873,14.33191054,26.60541736,0.0001411342151,9.591885878e-05,0.0001377292807,0.0002859164615,0.0002157836798,0.0002839997438,0.000335342999,0.0002705780098,0.0006027491792,6.155643184e-05,3.226372008e-05,0.0002384983133,0.0006685548959,0.0007988029206,0.001236452977,0.0007163466955,0.0004002509662,0.00147248773
id84,scenario1,1,11.48502818,9.103223736,14.66530389,14.40944603,13.56281653,15.80449181,13.86672165,12.33306977,13.15198537,15.74545266,13.72660313,24.82462584,16.49048886,14.03298998,27.78388294,17.40034855,18.59709082,25.62557518,0.0002754354651,0.0001622750742,0.0005756495926,0.0004273746468,0.0003710763703,0.0004882347418,0.0003621247617,0.0002610731482,0.0003679956739,0.0004575959095,0.0003377282269,0.001222176387,0.000574386131,0.0003776341819,0.001353243417,0.000566678265,0.0006220211244,0.001244528636
id84,scenario2,2,3.618964639,4.118182671,6.325962099,4.321568115,4.798635905,6.230371033,5.256994843,4.140417933,5.200710051,9.310695542,10.78626496,14.82045361,11.8252294,10.61971643,14.84622092,10.13447749,9.716462943,16.07253429,5.385025542e-05,4.773171645e-05,0.000122779288,0.0001010578023,7.367602301e-05,0.0001247972401,0.000171368856,5.587646638e-05,6.806205921e-05,0.0002328600896,0.0002704142831,0.0005861981835,0.0003846604035,0.0002623541572,0.0005223489126,0.0002775306589,0.0002157302897,0.0007116152885
id84,scenario3,3,5.369129167,6.414693566,7.142437921,8.090136947,7.737801264,9.162329022,16.85882491,14.49864192,11.94899796,7.915053955,7.789466527,11.64048987,8.292354456,7.164285315,11.75383925,15.859671,10.3894711,24.0065326,5.801678133e-05,7.159106784e-05,0.0001004125756,0.0001649365634,0.0001674091124,0.0002197715438,0.0005786340659,0.0003720886406,0.0002717832402,0.0001604073707,0.0001407857845,0.0003960482562,0.0001952892815,0.0001949030646,0.0004859196299,0.0005188009149,0.0002550371049,0.001251311119
id84,scenario4,4,7.510809685,5.514261762,10.37117067,13.75034464,17.2214912,14.61278069,17.53796174,14.93402526,15.06406207,6.304329162,5.09977258,8.025853569,6.900217171,4.946645855,5.753346093,5.744463747,5.998524407,7.440754075,0.0001967613557,6.853652073e-05,0.0002636000521,0.0004183182769,0.0005567215821,0.0004560903615,0.0006996770076,0.0004560062164,0.0005141196753,0.0001633600164,7.765335294e-05,0.0002432923832,0.0001858868197,8.184023118e-05,8.548419448e-05,0.0001277995456,0.0001199695112,0.000183218049
id84,scenario5,5,7.601894252,8.997872608,10.60800801,7.099645359,4.206546013,6.588910433,7.35717949,5.13978727,7.404724113,5.831275631,5.688464401,7.141796285,6.049379214,6.346796694,7.718016937,6.059603531,5.999976129,7.336519484,0.0001289407603,0.0001678558905,0.0002704623875,0.0001165622318,3.901068952e-05,0.0001077618566,0.0001486184989,5.588893632e-05,0.0001251439717,0.0001626785157,0.0001101450876,0.0001660363405,0.0001222627606,0.0001232263527,0.0002251020163,0.0001254862804,0.0001058189799,0.0001451075306
id84,scenario6,6,5.086389002,4.96285264,6.417924565,8.033687458,6.304551388,5.855109969,6.76284721,6.335351188,7.989830037,9.161349657,8.746330442,21.24088592,7.216510052,7.008042249,10.52839043,7.983326847,7.450987278,10.6755355,7.754473e-05,9.072035136e-05,0.0001481776999,0.0002621004115,0.0001105925712,9.709167764e-05,0.0001360098269,9.57744963e-05,0.0001822540895,0.0002768074627,0.0001621008223,0.001233963772,0.0001815574233,0.0001508736708,0.0003289290168,0.0002189148291,0.0001544882482,0.0002576525115
id84,scenario7,7,9.029143949,10.84947952,12.0196331,5.891741419,8.423963972,8.678544023,10.12267251,9.171984611,11.2633685,11.34603975,8.934089496,22.44723481,14.41577158,12.37481898,23.42153513,17.07845144,15.9931709,26.70158629,0.0002449325636,0.0002727322148,0.0003617479152,0.0001219159699,0.0002239178918,0.0002378702806,0.0003065486367,0.0001632588,0.0003665780848,0.0003801169554,0.0002159070341,0.001476982932,0.0004877744839,0.0002907026664,0.00121964579,0.0005697566657,0.0004463187598,0.001243643916
id84,scenario8,8,6.693949331,7.705157122,11.63972219,6.598467528,7.629636879,9.79454376,9.414046602,9.605066509,11.84694581,17.14535646,13.99973275,32.1734292,10.54562792,11.27477639,16.61602434,15.13506239,14.93978581,25.95945959,0.0001872756273,0.0001719866901,0.0005226253325,0.0001737786795,0.0001890978681,0.0004523713502,0.0003094385859,0.000257533592,0.0004405369507,0.0005813081502,0.0003759620598,0.001927737935,0.0003005203036,0.000306221926,0.0006818561412,0.0004979691857,0.0004314242375,0.001387264784
id84,scenario9,9,4.821868305,5.33143238,7.055400929,4.445028405,4.214649029,4.952587376,5.722296114,5.017410738,6.723626305,5.48137619,6.731350996,9.387550699,6.667341897,8.218297628,8.298203338,6.044268549,7.042614825,7.757640628,8.431226367e-05,9.592107314e-05,0.0001789237869,7.648329883e-05,5.393567875e-05,6.495355885e-05,0.0001332871524,7.719163832e-05,0.0001737047732,0.0001016519382,0.0001314281824,0.0002828173253,0.0001638878179,0.0002024304553,0.0002076512269,0.0001368734096,0.0001730157828,0.0001822971625
id85,scenario1,1,11.64373962,9.439698395,10.85219547,8.619438628,7.844965507,6.249098765,8.844204866,10.31074094,9.555951676,6.160082008,4.374367328,5.133187361,4.045374763,3.314135917,3.620340924,3.73131341,2.484151132,1.873362716,0.0003736684986,0.0001865022449,0.0002464733975,0.0002411797642,0.0001822335192,0.0001118897896,0.0001962230602,0.0002337763305,0.0002127920406,0.000126504827,5.562169158e-05,9.781834358e-05,4.604264329e-05,4.3912854e-05,5.730565088e-05,2.636685334e-05,1.344073198e-05,6.395670033e-06
id85,scenario2,2,7.85991468,7.871106186,11.7932467,6.549291411,6.000745212,8.911963996,3.380783695,3.993732973,5.421807889,2.074230982,2.638494239,2.283560066,2.36707343,1.602694573,1.903524869,1.572178,2.907097715,3.066211936,0.0002367594777,0.0001525369151,0.0003235918129,0.0001940725485,0.000125282189,0.0002645861439,7.479648329e-05,7.063635514e-05,0.0001260302205,4.265506026e-05,5.292792766e-05,2.873379603e-05,4.665634362e-05,2.045107241e-05,2.257913399e-05,2.466258139e-05,6.677157497e-05,5.903968875e-05
id85,scenario3,3,6.281673072,5.601449932,7.667644976,4.043326615,4.661732119,6.538848934,7.517033262,7.7401927,7.085734619,5.024863458,3.766371225,5.717105764,6.000824791,4.244070391,5.617913594,6.044092678,2.51243556,5.646692783,0.0001011579074,8.049389457e-05,0.0001633214035,3.838553436e-05,8.25133562e-05,0.000161117921,0.0002012261243,0.0002191819968,0.0001458232489,6.113876264e-05,5.041337905e-05,0.0001074455764,0.0001066193028,6.075507798e-05,9.948919381e-05,0.000134228737,1.35430102e-05,0.000120887464
id85,scenario4,4,0.9489812335,1.463911332,1.654159514,0.9044402052,1.167594524,1.737310185,0.924163136,1.401682197,1.550646807,2.780864334,3.318549884,3.803514709,2.6319068,3.093469089,3.539170351,4.810791559,5.442606616,6.205908805,8.683479908e-06,1.367256582e-05,1.899159958e-05,7.446045595e-06,9.000220369e-06,1.974225598e-05,8.417963245e-06,1.264650167e-05,1.587066662e-05,2.356550564e-05,2.620910514e-05,3.953335275e-05,2.068341743e-05,2.517124927e-05,3.354813848e-05,0.0001030256122,0.0001140093776,0.0001723320411
id85,scenario5,5,3.919420228,3.362102473,4.171952187,1.885968675,1.921624351,2.959051132,2.596349084,1.999466158,3.245427364,3.520950542,5.557893233,7.400113544,4.297035733,4.297367186,4.24760823,3.990013623,3.975709528,5.079621751,0.0001268802031,5.092366512e-05,6.82951272e-05,2.523017614e-05,1.527601318e-05,3.463693737e-05,4.858825363e-05,1.473097187e-05,4.636153657e-05,6.266798927e-05,0.0001135993462,0.0002569110229,0.0001001155776,7.388959796e-05,6.450821471e-05,7.455057351e-05,5.211583863e-05,0.0001238352708
id85,scenario6,6,3.377155363,2.589623158,4.046482796,4.136651996,2.945782632,5.599627608,4.302160558,4.095245034,4.96901282,11.79609151,11.32692925,18.71042128,11.77109234,16.69370333,17.50261738,15.85931536,15.61832487,24.5395843,6.566202392e-05,2.796129328e-05,5.144465066e-05,0.0001394956519,4.737377209e-05,0.0001968415094,0.0001307184826,0.0001103999247,0.0001720692874,0.0003113705708,0.0002627721321,0.000781502035,0.0003711139295,0.0006783450667,0.0008230562462,0.0005336965735,0.0004461154662,0.001226652464
id85,scenario7,7,7.571334384,3.62865707,3.964551127,8.48924161,5.346076613,8.02229027,8.83476371,5.377821589,7.339514247,8.160959711,6.567682904,7.975317085,6.942624384,3.82301043,7.835291544,8.209281765,5.222691366,10.42085522,0.0001429185474,3.019536572e-05,3.699376334e-05,0.0002004807547,7.501500035e-05,0.0002204598752,0.0001891606122,9.846101395e-05,0.0001463526117,0.0001478370784,0.000112621795,0.0001711376119,0.0001082692778,3.472680942e-05,0.0002202509732,0.0001683934082,7.135832501e-05,0.0004313498743
id85,scenario8,8,2.038157395,2.844291223,3.870113359,1.433112853,1.809269367,2.437263728,1.609074309,1.449525225,2.263689016,3.326426721,4.167330397,5.159039818,3.692306441,4.462081957,4.863999502,3.017565792,4.382432091,4.3535777,2.030360882e-05,3.319953758e-05,5.39284438e-05,1.362743502e-05,1.577038403e-05,2.468080986e-05,1.762024451e-05,9.892186846e-06,2.273283413e-05,4.722939037e-05,5.816205286e-05,9.240458508e-05,6.191858839e-05,5.977748378e-05,6.501137902e-05,4.157730368e-05,6.450638884e-05,5.413334278e-05
id85,scenario9,9,2.9812915,3.193672091,3.538255444,2.303573058,2.430287149,3.123735075,2.865279017,2.213103917,2.883469998,5.989605611,6.587072321,12.08293648,6.69259132,6.486611909,10.98035823,7.012119368,7.624531962,10.71992386,4.529850733e-05,2.851172361e-05,3.713993123e-05,2.59283161e-05,1.794080284e-05,3.676612509e-05,5.200244858e-05,1.494196774e-05,2.846052198e-05,0.0001240680695,0.000116534918,0.0005449844292,0.0001935713234,0.0001486590461,0.0004455108959,0.0001787186605,0.0001761864495,0.0004200405966
id86,scenario1,1,3.522078759,3.102309838,3.538379801,2.19004675,1.505553336,1.740883708,2.850493736,2.174686895,2.554249819,2.37243674,1.745111526,2.896567096,1.90850844,1.360444738,2.674141583,3.426997382,2.578441771,4.789624017,5.598800621e-05,3.275741834e-05,4.400265487e-05,8.999362607e-06,4.209133542e-06,7.127579241e-06,2.096066864e-05,9.25845706e-06,1.802894526e-05,1.184852162e-05,5.344340409e-06,1.549937223e-05,6.823051036e-06,3.377204855e-06,1.229642884e-05,2.233692418e-05,1.073711913e-05,3.889299072e-05
id86,scenario2,2,11.76703204,12.41642043,19.28325792,12.22763611,16.04715117,28.36417733,20.86990417,15.85311578,24.78232659,13.52357299,11.92809148,22.18807667,13.13462181,9.926498268,18.84608307,16.3793206,15.73300162,23.09050534,0.0003442942345,0.0003023443112,0.0009225647485,0.0002937004737,0.0004283996407,0.00147986253,0.0008078766017,0.0004340870789,0.001249728351,0.0004510545528,0.0003287030483,0.001061145563,0.0003419103661,0.000181954568,0.0006068786,0.0005408311616,0.0005281068643,0.0009992278984
id86,scenario3,3,8.686244646,6.54520559,12.13628602,9.491038085,8.445086359,10.40002745,15.84582884,12.41859845,15.4654682,14.79352816,15.94963987,20.64703003,12.95739905,9.347631935,22.59697848,15.40454526,13.03782673,20.10946194,0.0002245469369,9.553185782e-05,0.0005017071203,0.0002122400426,0.000171642292,0.000198605795,0.0006453592551,0.0002917651405,0.000466109139,0.0004996059937,0.0004874254248,0.0008732847167,0.0003347437289,0.0001604157641,0.0009863770335,0.0005490007725,0.000367872876,0.001040238441
id86,scenario4,4,10.60904788,6.946951147,12.92919936,9.087243585,10.26356451,17.71237891,12.87347076,10.40099306,17.19645705,18.26220962,14.12023068,25.0710993,14.37471946,13.17241638,18.75551018,14.20735906,11.14697399,17.94067248,0.0003634828165,0.0001027382861,0.0004282375532,0.0001835645269,0.0002102717248,0.0007070096644,0.0003885067524,0.0002254376122,0.0006597858143,0.0006245649012,0.0003457745573,0.001211030642,0.000436416339,0.0002930827272,0.0006118842561,0.0004016989451,0.0002280387721,0.0006525715443
id86,scenario5,5,5.957409383,8.636984968,9.467623453,8.650165651,8.460085683,12.66758201,6.623373861,7.183127536,11.21800493,16.89241826,18.16881649,29.92788595,12.36588061,10.53651624,23.81841717,16.09307609,13.9429373,25.73304872,9.744240537e-05,0.0002033445589,0.0003047442998,0.0002196034642,0.0001429987864,0.0003912431244,0.0001468045855,0.0001467224711,0.0004027479567,0.0005159175191,0.000524310129,0.001622086984,0.0003460551952,0.0002146211088,0.001205123595,0.000589600697,0.000358966014,0.001286480095
id86,scenario6,6,7.864854951,6.955409941,8.646616858,12.25699156,13.43556458,17.95368688,14.96395735,13.68103256,14.57389101,11.14685924,12.7331723,23.8024138,16.05502094,13.10735117,24.97804354,13.55135838,10.11027467,18.9012077,0.000269151488,0.0001113061163,0.0001732389492,0.0003056972268,0.0003354375333,0.0006451862247,0.000475814909,0.0003530268457,0.0003724681066,0.0002499088909,0.0003231542501,0.001204482289,0.000536797599,0.0003768656508,0.001381288833,0.0004007896859,0.0001805229696,0.0006593903673
id86,scenario7,7,12.73741401,10.03982075,20.70828942,14.28754826,15.23307507,23.54488099,17.66790077,11.51721066,21.76087045,15.33406045,15.03883263,26.3983309,18.71442047,12.90048051,38.42285607,16.37908266,15.80060945,34.07411533,0.0003692799919,0.0001853881294,0.0008351387718,0.0004406258308,0.0004115800802,0.001193169115,0.0006477343632,0.0002197823969,0.0008374852057,0.0004697313141,0.0004184120401,0.001295461891,0.0006097650429,0.0002784453749,0.002510298218,0.000508870236,0.0004198360237,0.002003197434
id86,scenario8,8,7.971703571,8.149083569,10.06015428,7.198573464,6.13563637,8.758048506,6.477064552,6.176853238,10.03471856,20.06357366,18.38025163,34.90463156,15.94017213,14.1577918,22.50477423,14.11803805,10.43241975,18.8860735,0.0002091434808,0.0001830814151,0.0002544329981,0.0001044646243,7.437759331e-05,0.00017393751,9.106936842e-05,6.494775258e-05,0.0001876337972,0.0006948813796,0.0005681215208,0.001979967263,0.0004138156091,0.0003138994214,0.0008013478966,0.0003237436177,0.0001668752469,0.000568605501
id86,scenario9,9,14.74097655,15.64678588,22.69293089,16.49612856,15.59974237,23.04896829,14.4584925,11.03119595,18.60345394,13.23833204,14.68943913,21.28953321,8.176475129,6.551817857,10.2999254,9.505862522,8.0309835,13.8927305,0.0004786498571,0.0004571342593,0.0009460038605,0.0005270861841,0.0004427652866,0.0009481340699,0.0005007856434,0.0002366129772,0.0006919358935,0.0004137607702,0.000492233773,0.0009659438623,0.0001758873047,0.0001142536149,0.0003157676218,0.0002901886955,0.0001836919793,0.0006146716635
id87,scenario1,1,7.773597601,6.132036097,8.751244397,10.9168337,8.347742143,14.34688492,4.844210972,3.608148223,5.141418935,5.37795348,3.646467553,5.717540673,19.96155082,14.08957419,30.19656139,16.98258406,11.98474038,28.23384584,0.000141442665,8.03533584e-05,0.0001858031968,0.0002702311987,0.0001515350949,0.0006187379691,4.214745129e-05,2.169078472e-05,6.189634455e-05,4.990808855e-05,2.253894529e-05,6.472312063e-05,0.0006974955842,0.0003435358043,0.001745895312,0.0005432155093,0.0002417175128,0.0015542787
id87,scenario2,2,6.626392756,4.751700112,8.065330028,9.748477944,8.77662807,7.664795314,12.78127623,10.87821353,10.40205226,5.56589279,4.805407225,6.804247099,12.7235322,9.487202171,17.91685173,11.03469215,8.210508422,22.4779131,8.381747164e-05,3.946282832e-05,0.000113987542,0.0001754800532,0.0001239042795,0.0001008143822,0.0002928193451,0.0001917589129,0.0002828730691,7.0568021e-05,4.174215195e-05,7.947398814e-05,0.0003472904101,0.0001653320998,0.0007333277593,0.0002782891802,0.000124027889,0.001307234947
id87,scenario3,3,4.733259083,5.602748309,6.247649607,10.18735088,10.73757855,13.53423451,11.46654838,10.49416798,18.12505028,3.552073488,3.040401796,3.750842303,15.9968561,14.00824368,32.9369682,16.44592247,16.81193857,33.90364591,4.103999747e-05,4.976939058e-05,6.523991588e-05,0.0002349877736,0.0002542601716,0.0003536792606,0.0003140134569,0.0002068725626,0.000678755254,2.442496424e-05,1.720481163e-05,2.975994416e-05,0.0004771056206,0.0003356471465,0.002178717546,0.000515603972,0.0004809941735,0.002140746497
id87,scenario4,4,6.503222248,5.13902351,9.811257169,13.66710285,10.06216977,17.97522356,15.38370674,13.89212632,26.39564524,5.371109054,4.689053402,6.144651909,13.17204942,12.89063076,22.58761266,18.37772714,16.53867557,31.71057105,9.056770843e-05,4.198503439e-05,0.0001747584243,0.0004245228622,0.0001646368552,0.0007497342353,0.0004480966809,0.0003646046139,0.001348744456,5.037171182e-05,3.631719048e-05,6.308218788e-05,0.0003878819396,0.0003252087649,0.00110815525,0.0006374376379,0.0004304228011,0.001894553862
id87,scenario5,5,5.311136571,4.213222422,6.173521888,16.33653086,13.18188228,24.06076303,14.70106014,11.73105349,28.79610862,4.284875211,3.946497283,6.574779798,18.05660275,15.07263896,31.59829735,18.04986993,14.31517515,36.0312451,5.096964288e-05,2.83221374e-05,6.047702757e-05,0.0005316328429,0.000329192697,0.001013927438,0.0005043164288,0.0002616042081,0.001803374091,3.215011576e-05,2.335469021e-05,6.647257268e-05,0.0006816921887,0.0004145067453,0.001809804179,0.0005963006497,0.0003598358962,0.002218169467
id87,scenario6,6,7.518471055,5.912355633,6.79295368,19.6626923,14.3188221,24.71548963,14.18004677,10.23826061,21.1885911,5.010136674,3.883314983,5.972874206,23.18481841,18.06337948,50.09423957,24.10527144,16.28074315,52.81475646,0.0001078390539,6.306550942e-05,8.566765915e-05,0.0007910030515,0.000376122282,0.0009906697097,0.000432757339,0.0001602109576,0.0007176512767,3.87581077e-05,2.705194205e-05,5.660483663e-05,0.0008566355728,0.0005037944032,0.003552211598,0.0009109012355,0.000435167667,0.003966917755
id87,scenario7,7,12.18058471,9.477340421,12.56265684,12.4306584,9.914826262,13.92496272,13.64897944,11.34769457,14.55522863,1.415009377,0.9928030962,1.462631522,17.88319002,18.53313359,27.96288795,20.52512909,20.46990395,34.96825785,0.0004002461656,0.000169066133,0.0002922478688,0.000415900408,0.0001845878223,0.0003410775205,0.000454664188,0.0002322151996,0.0003771268177,3.436700701e-06,1.510283557e-06,3.788493146e-06,0.0005869718214,0.0006374378187,0.001495574508,0.0006944782325,0.0006802757802,0.00201540845
id87,scenario8,8,5.527106564,4.884658786,5.810077617,16.18320117,15.28701999,18.91155942,17.81495815,15.43246051,22.1429534,4.597441157,3.255581285,5.941734424,21.40660858,18.81206172,36.04569448,21.28052376,16.34654918,40.71748623,6.627648797e-05,4.129741005e-05,5.964121091e-05,0.0005058445798,0.0004032265143,0.0007157326157,0.0005992974449,0.0004450875891,0.0008347217638,3.820719466e-05,1.966479471e-05,5.874722185e-05,0.0007408103053,0.0005785494479,0.002082067325,0.0007462328444,0.0004257323299,0.002606979087
id87,scenario9,9,6.819181219,6.268211403,8.008535102,13.48365656,13.12136738,16.20565868,15.04693373,11.82450114,17.52285094,7.051958031,5.12116156,11.63145648,19.90852092,15.3236947,34.31289292,20.16887319,14.34921763,37.97326336,9.119489792e-05,7.401751072e-05,0.0001099819551,0.0003756390011,0.0003346578951,0.0005069471056,0.0004614520347,0.0002458501824,0.0006232099858,0.0001042735391,4.751522175e-05,0.000287322865,0.0006820641639,0.0004101774352,0.002057789377,0.0006816900096,0.000335543853,0.002409280856
id88,scenario1,1,9.050347643,9.237896081,12.20695568,16.59963017,18.67316657,18.86685141,14.92675741,15.32433038,19.08385631,8.796477377,7.359489145,9.34982006,20.10368057,17.73475775,26.84063164,14.57331184,7.82744843,14.70362278,0.0002095859485,0.000233082733,0.0003333951376,0.0005323120001,0.0006704179327,0.0006883259849,0.0004322316424,0.0004676735187,0.0007133469445,0.0001918393061,0.000139265056,0.000217861768,0.0007371551384,0.000622399419,0.001214307366,0.0004536053576,0.0001126847342,0.0005093168444
id88,scenario2,2,7.756443618,3.422793186,4.527924026,6.543809594,6.544321746,6.623057005,14.34563324,17.92413673,23.70293672,10.03138905,8.94513259,12.40619023,20.82982102,16.68388306,25.8616083,15.48528975,16.28362621,26.43609022,0.000271708917,2.69085712e-05,5.225719282e-05,9.968352361e-05,0.0001128995768,0.0001148962813,0.0004061365488,0.0005655317757,0.001089086645,0.0002407189877,0.0001796387268,0.000381505394,0.0007536690579,0.0004722175643,0.001174945258,0.0005093273451,0.0005245952257,0.001421180644
id88,scenario3,3,13.26450769,11.88395446,17.03058881,21.16135238,17.54664063,22.29361935,21.0670013,18.66902499,24.39977934,7.135600405,4.550350557,6.727986183,17.39993116,16.19207411,20.72062835,15.29662119,12.05810898,19.86413384,0.000437453964,0.0002619610447,0.0005399325971,0.0007993985507,0.0005149726863,0.0007884900893,0.0008333541493,0.0005496072645,0.00110378978,0.0001739340557,7.307850543e-05,0.0001839893217,0.0006014155065,0.0004699507337,0.0007499295535,0.0005127980706,0.0003076730588,0.000802707903
id88,scenario4,4,8.300179974,8.760849737,13.08721618,2.931236824,2.647558786,4.149106848,6.45430501,8.533544368,10.41246014,13.0890495,9.916428142,15.27456782,13.94388344,10.91616966,20.51485751,16.35747614,13.39788069,17.65143632,0.0001511946754,0.0001566876536,0.0003235340347,1.470343185e-05,1.162488796e-05,3.150655433e-05,0.0001137531849,0.0002224300853,0.0002812778211,0.0003940375314,0.0001846020913,0.0004752946307,0.0004382332133,0.0003016202978,0.0009878735737,0.0004995328022,0.000331249461,0.0007318135263
id88,scenario5,5,8.833543818,11.12611268,10.35057671,9.932280778,8.428295579,8.625363869,8.288773514,8.188851648,10.52658421,15.28394682,14.43551026,21.47949378,16.68057162,12.91826395,15.13605571,21.55830521,13.8003874,28.11578576,0.0002352682521,0.000307000992,0.0002152073509,0.0002479036299,0.0002109641761,0.0001530528332,0.0001597934901,0.0001535700399,0.000308436419,0.0004128964587,0.00036453222,0.0007854319958,0.0005066539217,0.0002650093696,0.0004293430876,0.0007370057289,0.0002930769094,0.001331925581
id88,scenario6,6,6.649008091,5.932676415,7.066558816,18.39092892,19.14088697,20.98995,18.54431865,15.63624969,23.28744285,8.087591973,8.09326579,12.12238988,6.960791703,4.671533344,5.700425288,8.588941393,7.820722764,8.523195366,0.0001278506238,8.978774311e-05,0.0001382679014,0.0007833898627,0.0007478909173,0.0009427251549,0.0007462274178,0.0005123792178,0.001146020959,0.0001446441338,0.0001538299256,0.0004160854892,0.00010261386,5.297157175e-05,6.622117292e-05,0.0001806058931,0.0001596869754,0.000159640331
id88,scenario7,7,14.65856614,8.903296222,16.79189374,8.446158145,8.404378704,12.56972032,6.727538832,7.708277928,7.05491005,11.596577,8.509021235,16.12228537,15.54307983,18.29441298,23.4145149,16.30434006,14.66045519,30.34726976,0.0004344068056,0.0001383506732,0.0006897131827,0.0001905512923,0.0001774842526,0.000457448239,0.0001529142051,0.0001650348149,0.0001334029396,0.0003173985294,0.0001640639604,0.0006044511633,0.0004624862204,0.0005713668838,0.0009495065434,0.000558779628,0.0004205231995,0.00178932509
id88,scenario8,8,16.92265644,11.01596815,13.68661413,10.66826342,9.621537125,11.14755789,20.35077477,16.22756419,25.00063408,16.73083754,12.15124346,22.59357148,8.27909172,7.64649011,11.11220148,9.033777216,7.087049164,11.23868953,0.0005503339007,0.0002390356422,0.0003412785439,0.0003230862722,0.0002099977795,0.0003202588507,0.0007764967261,0.0004403766699,0.001119342534,0.0004806401721,0.0002600470299,0.0008570476755,0.0002067069237,0.0001374158082,0.0003835632911,0.0002421641145,0.0001330964302,0.0004201028014
id88,scenario9,9,4.313913764,5.574152353,8.094467555,13.68177695,14.91627588,16.9199686,15.5942508,15.27010839,19.79305775,5.191320703,5.132997142,7.775683713,16.85208262,12.48909894,30.92484398,10.21778786,8.025802556,20.04352002,9.186763015e-05,0.0001149044011,0.0002745934718,0.0004547227175,0.0005138680602,0.0006596387475,0.0005570561557,0.0004514756861,0.0008562727609,0.000150684791,9.449971773e-05,0.0002893601438,0.0005972747868,0.0003256546206,0.001868064461,0.0003303776215,0.0001952125706,0.001259772595
id89,scenario1,1,0.6609513837,0.5839040134,0.7433309818,2.055886414,3.043322855,6.308516076,4.179379978,3.766324783,5.809252606,6.524637663,6.134371367,6.842187697,3.242822275,4.047544449,5.179902668,3.803331254,2.927326386,3.204272315,1.165714935e-06,7.216610281e-07,1.406165963e-06,2.828775296e-05,4.566925029e-05,0.0002090143998,0.0001180499134,4.863908864e-05,0.0001467561534,0.0002086063278,0.0001302059942,0.0001488220203,8.363242792e-05,9.279458223e-05,0.0001930460295,0.0001645001903,4.799400147e-05,5.67669614e-05
id89,scenario2,2,8.525257957,9.536615846,8.235025318,10.90647863,10.53074371,13.58439443,10.07889003,5.406218941,6.13408007,13.38050255,13.82725259,20.54391262,13.64469437,11.72090537,25.52664062,17.91558293,13.52899018,21.12786204,0.0002824738264,0.0002064412573,0.0001760536114,0.0003469242428,0.0002370246762,0.0004652907556,0.0005218584223,7.312559443e-05,0.0001148456397,0.0004385615474,0.0003951886987,0.0009920207874,0.0004374230131,0.0002942981418,0.001567381814,0.0006697525817,0.0003625987817,0.0008885111327
id89,scenario3,3,1.783063009,2.694700242,3.786526456,1.789305214,2.675944392,3.787482214,4.097221648,1.608429462,0.7669589872,4.115977176,5.961858252,9.87258623,6.978047593,7.882866645,15.99182043,9.279322433,8.669322252,15.57343741,2.346141749e-05,2.544721622e-05,4.92176084e-05,2.346729354e-05,2.550985557e-05,4.937053968e-05,0.0001402465722,9.535662397e-06,1.50973159e-06,7.586258282e-05,0.000105966205,0.0004099353596,0.0002270243476,0.0001363273189,0.0008481825496,0.000320430022,0.000189956439,0.0007871576508
id89,scenario4,4,0.0002236221695,0.0020362763,0.004821317282,10.1720311,12.1469988,14.60970824,3.746947429e-05,0.0003254548961,0.0006915750581,2.698450891,3.558992496,5.014850718,2.406359195,1.97907718,5.572290829,0.4791358413,0.8005379112,1.14983648,0.0,0.0,0.0,0.0002704906737,0.0003330983617,0.0007123406143,0.0,0.0,0.0,8.329910529e-05,6.592437912e-05,0.0001788388258,6.814484355e-05,2.273635033e-05,0.0002888363721,6.186340165e-06,7.117873798e-06,1.393106302e-05
id89,scenario5,5,0.0002339914076,0.000472767162,0.0008075861323,0.0001177041678,0.0003288470702,0.0006379593603,0.0002886226892,0.001118830783,0.002576274629,2.751290332,5.638486469,5.404953014,2.204868261,3.727575127,5.160315253,1.300302331,1.76586143,2.140867111,0.0,0.0,0.0,0.0,0.0,0.0,0.0,0.0,0.0,6.719499573e-05,0.0001723685022,0.0001503001567,3.736154492e-05,5.460913421e-05,0.0001570637623,1.970496088e-05,1.805837334e-05,2.648381439e-05
id89,scenario6,6,2.039436313,3.205465933,4.530878102,1.63225235,9.322658067,10.76535442,1.987176291,2.999762602,4.205657785,2.605030505,4.412430748,5.220506783,3.204345094,6.08217256,5.621470641,2.986540293,4.604569815,4.310422955,2.639296482e-05,3.010997193e-05,5.875154756e-05,1.240581649e-05,0.0002485269214,0.0003495263538,2.636943543e-05,2.861733439e-05,5.497410178e-05,6.438357592e-05,0.0001518090985,0.0001913457447,0.0001181218855,0.0001962986058,0.0001754571631,8.519519714e-05,0.0001073792356,0.0001065417651
id89,scenario7,7,10.27497454,11.44921976,9.531652287,10.38561473,28.43126849,20.50817142,8.729247051,5.139301902,6.766361942,10.97757064,10.13949168,12.14046923,6.541569006,8.851062466,10.39055464,1.367113255,1.832433705,2.099140479,0.0002387289272,0.0003849049234,0.0001670561844,0.0002533927101,0.00147046815,0.0007889922919,0.0002456955584,7.007309426e-05,0.0001291965629,0.0004336985551,0.0003002224954,0.0004767645671,0.0002090053219,0.0003136403805,0.0004407060917,3.613256074e-05,3.894290595e-05,4.644829034e-05
id89,scenario8,8,1.197187171,1.895894797,2.700893219,1.473383846,2.301566988,2.563881796,1.491377569,0.956061461,1.216492721,2.296393526,3.291381871,2.555872182,1.59041374,3.835086007,3.889048156,2.19857487,2.330205902,2.424643178,1.554028051e-05,1.748116928e-05,3.406593692e-05,2.062093654e-05,2.758010006e-05,3.107253446e-05,4.271108187e-05,4.750890117e-06,8.620123947e-06,5.907449235e-05,6.320782312e-05,3.747045897e-05,2.916690927e-05,8.391563697e-05,9.669548983e-05,5.874327866e-05,2.488765459e-05,2.818530592e-05
id89,scenario9,9,7.345855043,7.929195781,11.86461774,5.312445845,7.781767241,10.65420983,8.862159407,5.57922375,7.33605595,4.610813392,6.499537714,5.477690098,4.860277923,6.81089561,13.38338522,1.452467661,1.889616457,1.977002193,0.000214301963,0.000196713718,0.000461279102,0.0001324840207,0.0001720201771,0.000460061366,0.0002977904613,8.001325467e-05,0.0001436848294,0.0001708853832,0.0002300487684,0.0001657951653,0.0001302666164,0.00017516834,0.0008745274725,5.567236489e-05,4.018523243e-05,4.323203306e-05
id9,scenario1,1,5.267214974,3.717606389,2.08391793,16.54863393,8.816776385,8.241712242,18.05540072,7.145074892,10.27425596,10.25035166,6.820606095,8.622281412,19.79234037,12.3687005,14.13484373,16.82786468,10.06698208,11.30883054,4.548312521e-05,2.043686178e-05,7.267234091e-06,0.0005525012021,0.000105687466,9.605257449e-05,0.0007513328487,7.639606433e-05,0.0001723679285,0.0002274263661,8.216221646e-05,0.0001407435954,0.0008907319834,0.000304708227,0.0003907256733,0.0006072462763,0.0002186315553,0.0002361485577
id9,scenario2,2,5.97359351,5.354991097,6.675610781,15.22594833,9.398565818,9.429990823,21.50766163,15.04258266,19.12306743,4.62683697,4.304030739,4.404816687,10.35011225,7.503737433,9.385577299,11.33583213,5.966471128,8.445526783,0.0001097098826,6.668577596e-05,0.0001061902611,0.0003815691623,0.0001402847358,0.0001325866627,0.0007678946925,0.0003707663793,0.0005816761239,7.052615271e-05,6.320273087e-05,5.666550321e-05,0.0002173389413,0.0001111857927,0.0001699921629,0.000344079636,6.558463028e-05,0.0001686173669
id9,scenario3,3,10.49981926,6.312086357,8.751116718,13.89620137,8.57292633,9.587450742,9.705014842,6.794647631,9.389037247,8.350779795,6.801239117,7.657604236,5.91423731,4.675485282,4.882476821,6.532296721,4.351038095,5.44269654,0.0001836862433,6.90307366e-05,0.0001256792604,0.0004516110015,0.0001734427596,0.0001920202668,0.0002710014208,0.0001056702375,0.000205805387,0.0001288782895,7.5751065e-05,0.0001084507044,8.68236503e-05,5.902082014e-05,5.658673667e-05,0.0001066602494,5.900919263e-05,7.540974706e-05
id9,scenario4,4,13.34954326,9.358521052,10.53252867,15.36603806,9.892477644,11.50301877,21.20397167,19.91262595,21.07086327,7.847613882,6.272287272,6.808296185,11.52181,6.552393735,7.746411757,12.97863425,10.23854156,9.779191354,0.0003822109478,0.0001568547923,0.0002052664529,0.0004323636504,0.0001778268024,0.0002268269226,0.0007640272717,0.0006543314301,0.000736701408,0.0001534773461,9.115466281e-05,0.0001109172196,0.0003011781355,8.590751269e-05,0.0001373660384,0.000347564893,0.0001924321203,0.0001782207452
id9,scenario5,5,3.47899317,3.03194507,3.181177437,2.180091653,1.574751814,1.947421602,3.851026696,1.996401508,2.641003541,4.270746773,3.703611879,4.386256647,6.233323746,4.094324539,4.142212413,2.234997768,3.005287046,3.29966807,4.416343386e-05,3.579247118e-05,2.968547759e-05,2.02967228e-05,7.249307646e-06,1.235018468e-05,7.22050186e-05,1.293693857e-05,2.03138594e-05,0.0001109137724,5.326359353e-05,6.937775483e-05,0.0002578055995,7.372573056e-05,7.254399895e-05,3.121942573e-05,4.845938959e-05,6.339635582e-05
id9,scenario6,6,4.312402383,3.935481314,5.383755051,3.268506489,2.507183286,3.293112258,6.659577245,6.249116247,6.951563613,6.288047667,3.475111395,3.828593243,2.003640661,1.121441618,1.846906144,2.270662551,1.331543643,2.212787169,3.748605635e-05,3.929847924e-05,7.066176054e-05,1.777852118e-05,1.093116717e-05,1.631633921e-05,0.0001314240678,9.701762566e-05,0.0001371073551,0.0001770904069,4.090152354e-05,5.274037201e-05,1.435384435e-05,3.663265322e-06,1.243615907e-05,1.497539731e-05,4.235816392e-06,1.469647926e-05
id9,scenario7,7,3.237977153,3.185573139,3.789391583,2.063625713,1.653131468,1.684062636,1.828923299,1.424126955,1.453480637,0.4822685575,0.316088632,0.3418642542,0.4180678406,0.360825772,0.3943097778,0.5813199386,0.4553877055,0.3777945374,6.834326492e-05,4.689791759e-05,5.716545408e-05,1.222997014e-05,7.393786483e-06,7.757468446e-06,8.504562442e-06,5.16181065e-06,5.297345973e-06,4.849729555e-07,1.986999554e-07,2.448664902e-07,9.011626226e-07,4.702484429e-07,5.700331008e-07,1.013654436e-06,5.335071784e-07,3.317086199e-07
id9,scenario8,8,4.676702845,5.96262996,7.238116692,7.447032242,5.945086974,8.338774011,16.04862864,10.9610046,24.79033832,4.072653179,3.241031313,5.518978738,8.86361059,7.542351895,8.310717173,15.43036466,11.63302273,16.28122402,6.886256973e-05,0.0001156142607,0.0001433382952,0.0002380058213,0.0001210411417,0.0002276333441,0.0005029900689,0.0002267090403,0.001301478589,8.152077143e-05,3.272278145e-05,9.556732237e-05,0.0002917207943,0.0001866619764,0.0002043125308,0.000558475758,0.0002817198718,0.0006056071149
id9,scenario9,9,10.39822739,9.479832658,9.526730733,7.940566998,5.550704217,7.792359268,9.196245055,8.189061584,8.66299449,8.726169671,6.165046332,9.603373741,5.247751375,4.687920233,7.005823116,4.892285685,3.351347697,3.395183959,0.0002889891313,0.0001799843389,0.0002071776344,0.0002180277995,8.186335607e-05,0.0001840201763,0.000182423576,0.0001746341139,0.0001817755076,0.0002336285855,9.311175072e-05,0.0002322697611,9.211722929e-05,8.517320933e-05,0.0002526310045,4.762384509e-05,2.27782963e-05,2.173273955e-05
id90,scenario1,1,20.09468349,12.08580812,13.90507052,11.8676222,10.015568,9.626745878,14.29931144,10.4737678,10.59789646,15.17175505,15.08542605,19.11395031,15.63553003,18.21394705,18.49141528,17.83278222,18.90100797,18.19595942,0.0006865809674,0.0002300693907,0.0002857847796,0.0003324706251,0.0002726022594,0.0002528367209,0.0004540848467,0.0002311068302,0.000274894131,0.0003742134941,0.000412408886,0.0006443882394,0.0005143931083,0.0006855504624,0.0006459521146,0.0005387490389,0.000669846087,0.0005763641289
id90,scenario2,2,16.37651201,8.922886683,17.65796381,8.681595934,3.744152097,3.698062496,12.53861553,7.78579228,15.21950002,13.03896186,12.61819648,14.09496281,16.45338827,15.89304233,24.4575542,13.39258992,12.9804415,20.94793946,0.0004092129055,0.0001853133666,0.0009424444005,0.000155171681,2.457131065e-05,2.774215252e-05,0.0002902963201,0.0001270408767,0.0006521228443,0.0003669118612,0.0003014800847,0.0004019209261,0.0004968461778,0.0004367354027,0.001042880818,0.0003770655944,0.0003096491617,0.0009175904151
id90,scenario3,3,10.18916844,7.201730991,8.686774694,11.468235,10.9773997,13.76647374,8.381076256,12.89268154,10.76170241,18.5533212,19.21903987,16.46233646,11.98789379,7.473523636,9.939967811,10.9318442,6.231300515,9.240617447,0.0002838830718,9.648229388e-05,0.0001706856577,0.000254197601,0.000245981873,0.0003522340807,0.0001845888594,0.0004615775556,0.0002745814826,0.0006204434489,0.0005691735074,0.000460480324,0.0002445354223,8.998296793e-05,0.000165214055,0.0002367408008,7.219289714e-05,0.0001570461585
id90,scenario4,4,7.361995581,6.112039251,6.897694802,10.54044396,7.479213516,7.034947028,4.929112603,3.991403989,2.67919578,19.79080248,21.17370184,20.26523179,9.443735753,5.42070537,5.118384202,2.504743033,1.838265422,1.567485851,9.843089572e-05,0.000105757578,0.0001251966955,0.0002185938017,0.0001447087835,0.0001031832827,5.943211768e-05,3.017300965e-05,1.530664423e-05,0.0006995091729,0.0007207415569,0.0006614983049,0.0001468786552,5.741833318e-05,4.666834252e-05,1.177708663e-05,5.649515163e-06,3.847400499e-06
id90,scenario5,5,3.426196537,2.782436354,3.901729381,0.5018707671,0.6561326234,0.9278409166,0.5870535709,0.8591409206,1.086974053,0.2537075174,0.1794473815,0.1955338501,0.05888363698,0.04168425666,0.04539795123,0.335341822,0.2373914944,0.2585409541,9.09399278e-05,3.640142676e-05,5.9936313e-05,7.041498309e-06,5.979677751e-06,1.19315418e-05,6.452209142e-06,1.062570144e-05,1.263783877e-05,2.484442056e-07,1.230814683e-07,1.170217107e-07,1.33821556e-08,6.6363861e-09,6.3120339e-09,4.340225196e-07,2.152374492e-07,2.047177561e-07
id90,scenario6,6,2.875419561,1.099422847,2.78828745,9.947336039,8.47982085,8.72780256,5.109678196,8.194749933,10.33880275,0.2457099839,0.1956428337,0.2478638388,1.389259984,2.557967109,3.088682396,0.3041217706,0.2335196805,0.2787031553,5.317703385e-05,3.689644118e-06,1.993926323e-05,0.0004132445437,0.0001525252615,0.0001393975234,6.997156264e-05,0.0001409470965,0.0001959600798,2.276662897e-07,9.92429239e-08,1.588288168e-07,3.506658806e-05,6.337792351e-05,0.0001071249737,3.619102081e-07,1.518442863e-07,1.968105456e-07
id90,scenario7,7,0.6618520917,0.4980383383,0.4797367573,10.30151048,16.20919923,16.73028859,6.5135754,13.25553699,9.560889376,1.619701905,1.169673894,1.417821393,2.535547439,1.961579974,2.510574335,0.7794730006,0.5629001444,0.6821613344,1.107741447e-06,4.353820771e-07,3.507303482e-07,0.0002421476459,0.000489728374,0.0006111791725,0.0001173535363,0.0003859459202,0.0001989256495,1.03072318e-05,3.045512456e-06,6.705568639e-06,6.720796853e-05,2.818737657e-05,4.214591232e-05,2.387298208e-06,7.054072171e-07,1.553330006e-06
id90,scenario8,8,6.530901764,6.455320863,4.514277492,7.821121379,11.28857554,9.550858345,8.143468589,8.618304425,10.41061455,11.31994902,12.33328554,14.33154546,10.77271047,13.68536734,14.19268574,13.26596791,13.95709112,11.75418758,0.0001042052098,0.0002031682147,5.939301283e-05,0.0001887092254,0.0003741763187,0.0002378593346,0.0001979744417,0.0001983994337,0.0002886729707,0.0002959187778,0.0003950253971,0.0006051995294,0.0002955010266,0.0003990607974,0.0004830678221,0.0004384970379,0.000464638398,0.0003355877558
id90,scenario9,9,1.132846427,0.5545961044,0.5733581262,1.130055355,0.4968178918,0.5298867805,1.014633538,0.3963053654,0.4293600107,1.462620657,1.357368441,1.178818004,1.067545186,0.9564768943,0.8509542312,0.756878233,0.6784561878,0.6106392979,1.056038596e-05,8.544533385e-07,1.170566534e-06,1.202022988e-05,7.665102916e-07,9.862111343e-07,1.032711998e-05,5.276149423e-07,7.398815647e-07,4.651207159e-06,3.460048951e-06,2.516543514e-06,2.70717863e-06,1.620629053e-06,1.303661692e-06,1.49394705e-06,8.323907483e-07,6.577151157e-07
id91,scenario1,1,0.5631441904,0.345474913,0.413349802,0.2582229788,0.1691489612,0.2709507404,8.672707963,6.774419763,6.079776491,0.4159842246,0.4427053924,0.4152329953,0.3703866691,0.3627134328,0.317338607,5.324065938,3.921139318,8.921274839,1.182197385e-06,3.198157335e-07,4.72059436e-07,3.197336783e-07,8.78821909e-08,2.425206567e-07,0.0003844227635,0.0001094036342,8.108592458e-05,6.770125171e-07,5.946157917e-07,5.004603035e-07,7.749504641e-07,5.503293264e-07,3.988145619e-07,0.0001577960228,8.038025371e-05,0.0004743725139
id91,scenario2,2,0.005675178397,0.007870434147,0.01143254038,0.02621128174,0.03774767302,0.05364580858,0.006138888278,0.008769663158,0.01223232841,2.21345512,1.596158015,1.895785803,3.2166655,2.562002758,3.025156917,2.63416881,1.884797183,2.086620534,5.032755e-10,4.143811e-10,7.881521e-10,1.13747551e-08,9.5529152e-09,1.81638522e-08,5.760246e-10,4.903687e-10,9.324796e-10,1.67151264e-05,6.455071915e-06,8.647441229e-06,2.126917049e-05,1.171382897e-05,1.598705614e-05,2.19857239e-05,7.76871521e-06,1.041147088e-05
id91,scenario3,3,2.950190364,1.994056309,2.413011961,4.57023074,4.95196567,5.478212437,5.398142427,5.266397118,7.300204221,2.695280862,0.6441105224,0.7840576407,3.42936191,1.821212412,2.419016434,8.499203608,7.057623274,9.590334613,3.21423799e-05,1.146602426e-05,1.705030936e-05,9.520346835e-05,8.186559456e-05,9.326743822e-05,9.78886191e-05,6.27378364e-05,0.0001187198429,1.255001407e-05,6.893943698e-07,1.021072459e-06,2.07800756e-05,4.848302255e-06,1.103083497e-05,0.0001480708376,9.141246441e-05,0.0001660341838
id91,scenario4,4,13.15089004,9.391355581,9.822835373,8.677580576,8.83794258,11.81441862,12.18784574,8.280364682,14.10759331,11.46916599,8.453540379,17.78684338,6.475619588,11.94590506,14.25651173,9.130524566,6.94964371,11.50341435,0.0005375134033,0.0001901059168,0.0002790322393,0.0002308258302,0.0001597583859,0.0002959944492,0.0004385479551,0.00013360884,0.0003940366111,0.0003338403487,0.0001362613585,0.0008363901041,0.0001093923872,0.0003401269534,0.0005425082164,0.0002789908195,0.0001220347012,0.0004055696849
id91,scenario5,5,0.3053087161,0.04697181258,0.05470615645,0.5614762018,0.08636802302,0.1006965356,0.4236484194,0.06515600305,0.07603982551,0.1822409574,0.05698356741,0.07164078351,0.3351760263,0.1045564189,0.1313631945,0.2528707444,0.07896324826,0.09923757867,2.321552838e-07,3.9961294e-09,4.9394759e-09,7.851683839e-07,1.3500829e-08,1.67362456e-08,4.470028776e-07,7.6785022e-09,9.5440172e-09,9.26899483e-08,6.9627956e-09,1.18106094e-08,3.13560485e-07,2.34922514e-08,3.990247e-08,1.784755576e-07,1.33795583e-08,2.2728967e-08
id91,scenario6,6,0.4193064669,0.1956618147,0.1401301102,1.112990511,0.5196215271,0.3726026486,0.3178351599,0.1482970551,0.1065635093,1.912849527,1.08368231,1.432384479,5.322436915,1.409003234,1.434395308,2.071158277,2.075577793,2.893618142,1.130204073e-06,1.398859939e-07,6.79748743e-08,7.962996999e-06,9.863984554e-07,4.795862439e-07,6.491342517e-07,8.04190385e-08,3.9158107e-08,9.993611566e-06,6.97852661e-06,1.405738711e-05,0.0001025018173,4.517788022e-06,4.361872402e-06,2.849382225e-05,3.797819365e-05,8.535035388e-05
id91,scenario7,7,12.50189152,10.54431483,20.05470655,9.099244166,5.616756011,24.54456528,14.84672871,6.068995991,23.50375961,5.052780952,5.415639665,5.053632728,7.845060713,5.684675465,7.106160551,11.39375219,6.544080969,6.216420668,0.0003925038708,0.0002156895808,0.0009996819817,0.0002161034356,5.367577745e-05,0.001573634662,0.0005494737486,6.528411045e-05,0.001351187808,0.0001400256611,0.0001436539292,0.0001304025609,0.0001974955167,7.71103652e-05,0.0001197462984,0.0004536505276,0.000110959395,0.0001249608003
id91,scenario8,8,6.387618257,4.127824536,6.884977462,5.931571157,4.133428073,4.475250501,4.691338823,3.616413209,4.072787944,8.152318427,5.859909018,8.991530932,4.809994235,6.04913999,6.255774103,15.68636633,7.727378253,10.38983986,0.0001839803533,4.696345046e-05,0.000165897381,0.000164889342,4.318308073e-05,6.158882971e-05,0.0001115951533,4.457380029e-05,7.029553056e-05,0.0002167791478,7.815960409e-05,0.0002507833945,5.728920973e-05,9.261281508e-05,0.0001017443925,0.0006929996094,0.0001439397612,0.0002252562803
id91,scenario9,9,2.599911572,2.813864315,4.37876625,2.577549432,2.146663082,3.494071584,3.432753601,3.417437417,4.039757455,13.41570429,9.664798204,11.18478706,12.13701158,7.83482901,8.657198955,11.35287543,5.819169661,11.66905905,5.965955229e-05,3.810448444e-05,0.000116176932,4.852807524e-05,1.867777074e-05,6.071124414e-05,8.078429831e-05,5.143264924e-05,7.736235908e-05,0.0004722187488,0.0002539808541,0.0003281049887,0.0003900364258,0.0001567003672,0.0001947312661,0.0004337116382,8.818408876e-05,0.000425558736
id92,scenario1,1,14.69746389,13.39560891,10.87103951,11.84744298,11.20683636,10.5736317,14.93401397,11.77514032,13.46126868,22.32737918,13.54115475,18.26092906,13.44113297,9.065650735,13.2428774,17.58033766,11.8220888,11.69885422,0.0004396522695,0.0004072157629,0.0002471425943,0.0003407894853,0.0003039431559,0.0002077672784,0.000480513521,0.0002511833047,0.0003755577368,0.0009683313494,0.0003353864331,0.000618330722,0.0004838031029,0.0001803734323,0.0004195315958,0.000584663164,0.0002485820484,0.0002559425349
id92,scenario2,2,7.235504424,8.674537202,8.484250161,9.571757175,13.6670069,10.53425693,4.436216202,5.799660631,5.693557056,18.95114163,16.34975041,23.73972656,21.57165148,16.7219705,21.27844999,17.54300939,14.96414604,22.2310756,0.0002181984645,0.0002425414855,0.0001808124061,0.0002777305916,0.0005116144663,0.000247073245,0.0001108100964,0.0001211560793,8.23888282e-05,0.0007046984252,0.0004753872362,0.001077575777,0.0008882346181,0.0004442600812,0.0007095289304,0.0006738541769,0.0004196122614,0.0009681122417
id92,scenario3,3,12.05817367,12.43888896,10.92228423,11.58825565,9.740471347,15.59841886,9.387793021,12.45828388,14.14092281,19.48301741,16.36986854,17.8764467,19.46395357,16.72184027,18.88643373,19.81762174,17.27262438,19.53624813,0.0004784955221,0.0004051088058,0.0002602943635,0.0003552855047,0.0001873878677,0.0005657629507,0.0002529352585,0.0004336117908,0.0004340274719,0.0007156391109,0.0004747248232,0.0005600602144,0.0006938692876,0.000530913907,0.0006118704485,0.0007952645944,0.0005644431177,0.0007095305384
id92,scenario4,4,20.42694508,7.312217264,14.18503957,16.08541149,10.61978304,13.91271352,14.56453913,15.58446295,24.05084134,20.83722659,14.50184285,23.00495543,14.86098618,11.26738679,22.1991465,16.73347613,14.26847339,24.14034522,0.0007844316689,8.337716196e-05,0.0003806944884,0.0004656484655,0.0001674951152,0.0003177141235,0.000432715637,0.0004907590839,0.001016608738,0.0008698690626,0.0003194244127,0.001096032196,0.0004930400511,0.0002105391918,0.0009068003888,0.0006177237918,0.0003457008301,0.001081101935
id92,scenario5,5,11.02463772,9.462739166,11.47926861,8.402872288,13.4132527,11.77203686,11.71576327,9.357866418,12.04200983,9.133140887,9.469135057,13.12527109,12.19960798,12.0474583,12.27247047,13.09777435,12.02938995,11.16218392,0.0003470926706,0.0001714961548,0.0002297254908,0.0001630109753,0.0003528824718,0.0002306388356,0.0003347046212,0.0001644709739,0.0002196238725,0.0003049089047,0.0002019397106,0.0004393567768,0.000454772319,0.0003102297946,0.0003872253984,0.0005317385694,0.0003440308792,0.0003079430257
id92,scenario6,6,17.71148495,16.67950118,14.08030543,13.97873384,13.94004347,18.18214165,4.90504061,4.519090912,5.028602088,17.48189522,17.58180205,17.26917773,18.78316489,17.6650168,21.05531987,14.75697748,14.35079453,15.2320266,0.000882795863,0.0006039604569,0.0002929467647,0.0004642295554,0.0003524198318,0.000576784743,8.374301848e-05,5.574356321e-05,6.414452044e-05,0.0006140637723,0.0005244340437,0.0005017478403,0.0006558800984,0.0005004813332,0.0007381644771,0.0005134250903,0.0003740638645,0.0004396105742
id92,scenario7,7,17.08518719,9.893181055,18.16550519,11.1671744,8.986231139,12.6758834,18.3156375,13.8520032,14.76740073,7.007920318,7.349677153,7.179870068,8.042489575,6.364325462,5.891636686,7.646284144,7.370473421,6.771171437,0.0006156050004,0.0001693429807,0.0006044663075,0.0003542948918,0.0001908756032,0.0003554784887,0.0006835513389,0.0003707340511,0.0003265762969,0.000206284262,0.0001581960895,0.0001485527148,0.0002431968671,9.103970752e-05,8.409745975e-05,0.0002278429255,0.0001376195273,0.0001181340566
id92,scenario8,8,0.5866112724,0.2968058972,0.2846062205,0.5451344657,0.1830029084,0.1926081022,0.3310701485,0.1915893773,0.1790939824,0.650262183,0.4264731856,0.5061475633,0.6752003769,0.27756558,0.4396315277,0.4794819227,0.2764727385,0.3063597675,7.179472189e-07,1.916551874e-07,1.376019245e-07,7.181652037e-07,5.22860021e-08,5.54372205e-08,2.314974825e-07,6.90494935e-08,5.10736378e-08,1.079992258e-06,4.136044501e-07,9.456337163e-07,1.251019379e-06,2.557873897e-07,9.200945764e-07,5.464886602e-07,1.78076144e-07,2.873181834e-07
id92,scenario9,9,10.91645854,7.940196465,9.668556629,11.2054166,8.884236227,15.29364204,13.70560552,12.18808935,16.16058514,16.66876454,10.88339525,12.85953859,13.21880191,13.12790178,15.77924122,12.77861328,7.576297516,7.821577176,0.0002872517978,0.0001250015662,0.0001849888785,0.0002841898894,0.0001457856844,0.00053162738,0.0003816369015,0.0002458000908,0.0004613291814,0.0006946529597,0.0002574667278,0.0003956411078,0.0003653987918,0.0003029905667,0.0004523540254,0.0004078427366,0.0001217091602,0.0001301788218
id93,scenario1,1,23.6824213,27.78398266,25.71768087,22.25461087,29.4080391,30.26936889,24.46626175,8.257036757,24.67774134,22.1199543,22.82881934,48.35430607,24.02926365,24.72917133,43.21139141,0.0005899549874,0.0005168510167,0.001196930379,0.0008912621872,0.001149627174,0.0009867229618,0.0007622586038,0.001407538143,0.001445238699,0.001154375783,0.0001044361371,0.001061240456,0.0007908540746,0.0008828796433,0.00329202856,0.0009803273185,0.0009829512752,0.002752817254,0.0,0.0,0.0
id93,scenario2,2,18.80478342,11.11539903,21.3268941,16.52274202,10.95710848,20.60799408,27.71625162,11.27210023,18.79483599,23.34405357,17.06719946,49.77985697,24.47385632,21.90089172,37.35146789,6.218517796,1.908856877,2.968537925,0.0006078572551,0.0001818643646,0.0006874408717,0.00069746275,0.0001867939446,0.001202279577,0.001460894739,0.0002002137129,0.0005625665732,0.0008369227774,0.0004447671032,0.003379327521,0.0009550601018,0.0007233459956,0.002032479864,0.0003108874049,1.725089478e-05,4.200072018e-05
id93,scenario3,3,13.46688475,14.2713341,14.71643571,1.445117583,0.9082594721,1.403180813,2.99756943,2.550874718,2.960123003,15.40958494,11.65508011,17.81096662,7.261975665,6.20023607,8.724821085,8.972088303,5.196542027,7.746862183,0.0003327775502,0.0003318818345,0.0004130467196,3.120772444e-06,1.212018455e-06,2.920972134e-06,1.388198582e-05,1.032275283e-05,1.545971447e-05,0.0004798578233,0.0002581904524,0.0006630948376,0.0001827394216,0.0001118191369,0.0002700206198,0.0002216773276,7.137222961e-05,0.0001874768385
id93,scenario4,4,12.56680784,7.908736434,13.73515286,26.58410859,32.88646867,42.85973861,0.08598178704,0.1364657705,0.2016140997,18.87703532,20.29494914,28.99854145,26.24217507,17.92755437,41.47328424,0.1450644974,0.1300983813,0.318707172,0.0004232075318,0.0001588168243,0.0003545113889,0.001129302218,0.001657140954,0.002513951325,1.3764373e-08,3.05011207e-08,6.51922236e-08,0.0006178727739,0.0007009033581,0.001551567709,0.001111535187,0.0005344471027,0.002527792162,3.32164786e-08,2.54958483e-08,1.686633823e-07
id93,scenario5,5,31.44162454,26.08663166,33.60465056,12.84731552,8.744615549,10.50995746,0.1404178725,0.1054985273,0.05002011666,23.39576926,19.62334735,52.34211479,15.47155764,11.89047423,28.44925087,0.1920868123,0.1099442089,0.09455607265,0.00156955706,0.001138518636,0.001726171091,0.0003091593342,0.0001135791972,0.0001677265612,3.02140818e-08,1.67751326e-08,4.6271687e-09,0.0008714032628,0.0006144674161,0.00396430806,0.0004759175204,0.0002541426763,0.001945577024,6.14070825e-08,1.97558775e-08,1.54255226e-08
id93,scenario6,6,13.17721844,16.99527035,29.63992277,17.02835098,19.0276675,46.16097235,1.054385189,0.4638622335,0.3404039988,28.81743664,24.68453791,43.9773249,22.76284461,21.55698861,38.93955378,0.7183906448,0.6003551528,0.8039726849,0.0003768324633,0.000654980373,0.001867432575,0.0004341845257,0.0005504493908,0.003393473025,1.75737356e-06,3.131151052e-07,1.830099304e-07,0.001231212831,0.0009079905152,0.002608132774,0.0008291168684,0.0006896323951,0.002293879836,8.748679862e-07,5.523708867e-07,1.016564012e-06
id93,scenario7,7,21.40326639,23.70955086,25.18259569,25.82860501,23.79811302,28.04399249,38.00903491,7.591567692,8.988209756,18.51496925,16.12478683,21.30644819,18.40574258,13.4901534,13.5656811,45.06654165,5.947798558,10.65444178,0.0008159548912,0.0008755987223,0.0009919838191,0.0009620323442,0.0008358205255,0.001139792224,0.002642537867,0.0001009840357,0.0001708340367,0.0006838142754,0.0004530199496,0.0007720615491,0.0007723974525,0.0003409011154,0.0003711413219,0.002986398107,6.0573102e-05,0.0001798984062
id93,scenario8,8,20.35697264,13.65525812,20.79192353,17.99700106,14.45828318,17.70759241,0.2184014428,0.1482193136,0.208001941,18.46185463,15.34474877,37.40619582,18.61397905,9.400266783,34.80001509,0.1721272657,0.1129746952,0.2010793925,0.0008831381061,0.0003234699064,0.0008370959551,0.0007474959269,0.0003494775007,0.0005777460237,8.19951543e-08,4.46265959e-08,1.095605066e-07,0.0007093376924,0.0004436575402,0.002558154657,0.0007370868423,0.0001608168124,0.002471261825,6.33088552e-08,2.06533947e-08,8.556521e-08
id93,scenario9,9,6.599633288,3.827237343,4.623116974,5.656896805,6.113457355,4.705945082,18.54996259,3.802137074,4.380067346,8.544795182,7.172368813,6.789788368,5.008387696,3.26067064,4.045293837,11.73081455,3.781092504,4.312402132,0.0001582155068,4.382665197e-05,6.587441625e-05,0.0001175083214,0.0001322638613,6.467223796e-05,0.0009916809865,3.857374395e-05,4.285105058e-05,0.0002183941576,0.0001495322637,0.0001335725539,4.134114053e-05,1.760211169e-05,2.685062372e-05,0.0005912145247,6.827650008e-05,5.395085282e-05
id94,scenario1,1,15.29326254,5.814747582,7.486592722,17.6563234,11.50358597,17.12994527,14.95382854,9.207386437,12.84732088,15.88290737,9.93343796,22.35437623,17.64796336,13.64630024,27.45346886,18.29850686,13.84522769,28.74607452,0.0003584017839,5.725177111e-05,0.0001277361901,0.000634954753,0.0002851998528,0.0005594558529,0.0003896898341,0.0001688992131,0.0003608062202,0.0004409021998,0.0001725850205,0.001094764674,0.0005701240895,0.0003505471663,0.001415703988,0.000574893634,0.0003031319681,0.001494803243
id94,scenario2,2,9.857170293,8.045794467,15.01864292,13.13089049,10.56756186,18.60618362,17.93308644,13.9705113,18.88107205,16.93030253,13.98756905,27.58539308,21.24606608,14.72858128,27.58097057,18.46864241,14.17089088,36.15756746,0.0002004429436,0.0001760441867,0.0006916066373,0.0003460944868,0.0002501862581,0.000810800028,0.0005947625726,0.0003604835368,0.0007485993677,0.0005191427013,0.0003342647911,0.001479459089,0.0007946916495,0.0003586829298,0.001377844908,0.0005920969751,0.0003292716957,0.002091257657
id94,scenario3,3,4.527788856,4.085511059,6.392637239,8.64110253,6.376919838,9.51482168,11.30329628,9.478238856,11.63644292,9.751580438,11.64413436,17.79987627,8.934279259,9.772168817,10.59577765,6.877365353,5.911308663,9.274782968,4.668329023e-05,3.342904691e-05,7.331303896e-05,0.0002382049358,0.0001200855684,0.0002799629963,0.0002452624792,0.0001513354205,0.0002635940577,0.0002364962003,0.0002795027273,0.0007070088029,0.0002204436266,0.0002172264116,0.0002451786006,0.0001233641607,8.746131482e-05,0.0001987932191
id94,scenario4,4,6.226224388,6.977761663,6.087759856,9.37935674,8.446733706,11.22676819,3.199963197,5.181187659,5.008772681,8.432750033,8.32774879,11.03477887,8.103423865,6.729445675,10.62810373,11.87292745,11.06949522,22.03652094,0.0002341315135,0.0002551872374,0.0001039671089,0.0003090171892,0.0001922180063,0.0002740554879,4.719805532e-05,0.0001604716666,6.57162665e-05,0.0002762353378,0.0001810335786,0.0004010819698,0.0001991273006,0.000113982709,0.0003538164188,0.0003824885335,0.0002584988023,0.00111817696
id94,scenario5,5,6.459749604,7.236958125,8.387246148,7.210915275,9.141650562,12.10631552,9.30875739,11.85164739,13.72919798,12.89118091,11.92078425,20.40932728,13.61935013,13.84200581,23.19053086,15.0921284,15.72335477,19.63225739,0.0001799882187,0.0001398483691,0.0001780078097,0.0001914739367,0.0002303089654,0.0004933340444,0.0002286425959,0.0003184836767,0.0004626372954,0.0004124089504,0.0002841232925,0.0009248754184,0.0004279135154,0.0003835806288,0.001186779874,0.0005422430189,0.0004979312466,0.0008130411978
id94,scenario6,6,10.08444905,8.489986282,10.87774861,8.954669144,7.279804563,9.823263626,8.870505436,8.536255918,11.22839518,12.36258559,8.336978767,14.61698456,7.319664475,6.592260441,7.324706715,9.391296061,8.639871053,13.85112863,0.0002699392314,0.0001831276941,0.0002503206279,0.0002147239814,0.0001277105829,0.000265718878,0.000250859131,0.0001893544421,0.0004308344997,0.0003388135991,0.000139568373,0.000482048582,0.0001766456061,0.0001542234677,0.0002026003033,0.0002468167758,0.0002149909914,0.0007162807034
id94,scenario7,7,4.678383527,4.455882466,7.546641993,13.14566739,11.77003982,13.71211316,12.20437541,11.03692307,15.31307122,10.74111658,8.942834304,17.28885721,11.45561131,10.21390797,20.29473986,14.69057755,11.63816704,18.2818691,0.0001049391926,5.750155201e-05,0.0002097832281,0.0004423131553,0.0003370854078,0.0004321585309,0.0003371337941,0.0003840735202,0.0005837740423,0.0003170242176,0.0001844875207,0.000922450022,0.0002965553524,0.0002220493889,0.001203443481,0.0004333774104,0.0002718879655,0.0007929527103
id94,scenario8,8,7.786229525,6.737367199,9.562728437,6.71737027,7.69664065,9.168828076,7.046128427,5.522212784,6.990890223,14.68761821,10.14215777,18.60369113,2.041719054,1.53936948,1.715019298,11.89886527,9.638401793,13.06444321,0.0001733338184,0.0001181912291,0.0002665428563,0.0001546732181,0.0001827246437,0.0002720493186,0.0002131667704,9.46584691e-05,0.0001806652352,0.0004446445672,0.0001922080618,0.0007942053536,8.401870628e-06,4.137605177e-06,5.07618885e-06,0.0003262093515,0.0002021017963,0.0003889570701
id94,scenario9,9,12.40842159,6.863943356,12.81769545,13.35862558,7.300025748,9.369251317,12.00197544,6.350474316,7.423701205,9.998540131,6.861799391,10.01674305,9.141998054,8.441290746,13.89016609,11.07289967,8.521049001,11.22684384,0.0002980620327,0.0001073550235,0.0004457287698,0.0003186887986,0.0001685341369,0.0002628619603,0.0002643347008,8.166327184e-05,0.0001674363458,0.0002356364624,0.0001519653192,0.000425956764,0.00020241641,0.0002445208904,0.0006872322857,0.000256209181,0.0001724371844,0.000343700743
id95,scenario1,1,6.663415008,6.225127036,8.298743237,16.43662055,13.2373332,23.473058,13.12247832,10.28355035,13.31757901,13.78006555,10.65194315,18.06478442,15.99609612,14.23112849,27.42587977,15.97694582,12.31081121,18.68596333,0.0001352763492,0.0001019341409,0.0001827185735,0.0005890308591,0.000359048957,0.001197156774,0.0003901347413,0.000206069267,0.0003296654352,0.0004177725885,0.0002533291455,0.0007905831692,0.0005021080972,0.0003729436116,0.001496904747,0.0005207050932,0.0003240700688,0.0008548954769
id95,scenario2,2,2.96341458,4.169133417,5.261603098,5.270678872,8.128677228,11.66657544,5.936448602,4.61265584,9.120981008,5.899434943,6.578604767,12.3984679,13.95844591,13.29414882,23.28724092,13.72305329,11.55042873,22.11689902,4.370596783e-05,5.245283396e-05,8.606149657e-05,0.0001239212119,0.0001750590544,0.0004287406393,0.0001660979566,6.666201871e-05,0.0003305303417,0.0001811432912,0.0001480368022,0.0006308916575,0.0004706923065,0.0003352462263,0.001200335901,0.0004448474317,0.0002588754837,0.001094625317
id95,scenario3,3,4.928370704,5.579612716,6.705437998,15.80108847,17.31419294,28.86836544,21.87079384,15.51079783,29.38314449,6.305467212,6.678178918,10.41756866,15.40733766,13.15788378,28.24936099,15.31776835,13.69062263,25.42904026,8.632187295e-05,7.090603837e-05,0.0001088332729,0.0005248786017,0.0005400773511,0.001490964766,0.0008645145656,0.0003742693724,0.001451448847,0.0001766389102,0.0001270694178,0.0003568472943,0.000513992786,0.0002963964779,0.001678585085,0.0004915196532,0.0003486801425,0.001346396689
id95,scenario4,4,4.846383556,5.146436291,8.185485717,4.097177595,5.133102295,7.62127563,5.49206208,7.223393476,10.00474671,9.20261661,8.265524232,16.53262644,10.46853058,12.31698986,17.89745596,12.27638009,12.46475529,22.08492809,0.0001358482078,8.276092592e-05,0.0002350920811,0.0001122330535,0.0001116363407,0.0002588007183,0.0001321434145,0.0001660354745,0.0003667191886,0.000287517604,0.0001949134892,0.000805870035,0.0003164324897,0.0003703579353,0.0008369613774,0.0003723604955,0.000347433717,0.001150976782
id95,scenario5,5,4.841652292,5.273470768,8.312190728,6.867619225,8.923759325,16.23429096,7.064017021,6.159040375,9.881266125,7.360359504,6.512490089,9.833565804,7.745165214,7.455261296,14.96287815,11.46999492,9.474927052,24.9860311,0.0001075834029,7.416529364e-05,0.0002024961558,0.0001864862245,0.0002212216175,0.0008791509338,0.0002230870176,0.0001270285432,0.0002975110214,0.0002128842834,0.0001203137803,0.0003044583805,0.0002366841622,0.000190038791,0.0008501101426,0.0003973071972,0.0002152937123,0.001780075668
id95,scenario6,6,2.134292324,3.588919393,3.770937668,1.459365665,1.881453705,1.802187018,2.914215408,5.677821261,6.892777052,3.846937848,5.232824073,8.375080172,1.011441872,1.497710397,1.386200293,1.433561215,2.349292079,2.799855207,3.464622238e-05,5.942282625e-05,6.262316806e-05,3.469295705e-05,2.642927184e-05,2.094560319e-05,6.712221347e-05,0.0001662756904,0.0002600766056,0.0001157996053,0.000129351326,0.0003594353952,2.544948472e-05,2.820795011e-05,1.736700244e-05,2.78922928e-05,3.553320373e-05,5.112263963e-05
id95,scenario7,7,5.357493048,6.247386287,12.54419554,8.206086717,7.579572348,12.87199773,7.086296458,5.928158625,15.53838502,3.39275779,4.649698002,4.850898479,3.484264104,3.76918305,7.510905884,4.883256177,4.380301237,8.657734948,0.0001157799641,9.810536586e-05,0.0005089743677,0.0002442605912,0.0001399373916,0.0004833954915,0.0002123157768,9.526758445e-05,0.0009231898863,8.741457868e-05,0.000109097221,0.000121296683,8.555081001e-05,6.14712751e-05,0.0002799157618,0.0001437823838,8.622190015e-05,0.0003480902846
id95,scenario8,8,4.120318601,4.748496622,7.041882823,4.473695856,4.7717966,8.222051424,3.6223021,4.598467065,7.408534164,10.08551598,11.30286856,20.46009155,8.688406984,7.728770509,15.42659373,5.645335427,6.420110092,9.494063749,9.198572898e-05,6.98476807e-05,0.0001848998095,0.0001226323186,7.935523326e-05,0.0003191370516,8.395567727e-05,7.56866346e-05,0.0002745234975,0.0002926907489,0.0002739966534,0.001085816844,0.0002575045243,0.0001589162732,0.0008300128044,0.0001569230516,0.000131396591,0.0003488590981
id95,scenario9,9,7.154210713,7.814325936,9.935614002,7.999985279,8.873257501,8.2045055,4.39720662,3.570719874,5.731281516,9.72867647,8.146772231,16.97174397,11.77922284,10.40274497,21.88791057,8.95268799,8.59825396,16.39225273,0.0001542250537,0.0001325503219,0.0002006195348,0.0002320491614,0.0002721514555,0.0001741153232,0.0001200670509,4.621980505e-05,0.0001681476055,0.000284951616,0.000168123494,0.0008701764234,0.0004119624349,0.0002615628119,0.001298874313,0.0003395632749,0.0002753675182,0.001053932172
id96,scenario1,1,7.528290112,4.974884077,5.116063989,5.204966536,5.354307384,5.251719953,3.823386485,4.387838542,4.50274477,4.010612401,2.506670981,2.954921058,2.957865889,2.257889603,2.580354245,1.466999168,1.261559897,1.845723838,0.0001399203924,7.706607685e-05,6.582283912e-05,6.945981295e-05,0.0001107997824,7.811674027e-05,4.383936133e-05,6.456895832e-05,6.424869419e-05,5.049261951e-05,2.426936498e-05,3.565436191e-05,2.789536788e-05,1.912289692e-05,4.054080258e-05,1.034318154e-05,6.890954652e-06,1.469428387e-05
id96,scenario2,2,3.354858089,3.489748889,5.956311593,2.398985239,2.415000017,2.568409828,1.649030442,1.31680718,3.121363281,2.033544955,2.18147933,2.780214951,4.361969941,4.467134427,5.999857732,3.943204761,5.122778688,5.679602647,6.78830711e-05,3.374370578e-05,0.0001251576954,4.543416695e-05,2.450412417e-05,3.041183607e-05,2.541469076e-05,9.584109926e-06,5.195451407e-05,4.669830914e-05,2.721875668e-05,4.546819826e-05,0.0001091352472,8.184618256e-05,0.0001800862818,0.0001107013599,0.0001167600065,0.0001650705338
id96,scenario3,3,0.5641380746,0.5217855534,0.84650407,0.1764346385,0.3513588561,0.7328534218,0.2499989441,0.07802051551,0.1443122473,1.676679985,1.602335797,2.677840987,9.574050742,9.483650511,14.92322815,1.713209731,1.318114409,2.555231078,6.791832796e-06,3.425367391e-06,9.637327174e-06,4.003121601e-07,1.506706652e-06,6.967162636e-06,3.996267585e-07,1.22723591e-08,1.173604837e-07,1.22259909e-05,1.22241475e-05,2.451666458e-05,0.0002712829907,0.0002400158452,0.0006286197298,1.411969427e-05,5.565837499e-06,2.231707371e-05
id96,scenario4,4,5.743439221,5.321278728,7.231355844,4.720053405,4.370598192,5.142978674,1.441967161,1.262681638,1.582156601,0.1378752243,0.06789913511,0.08567126433,0.6186759184,0.5609060317,0.5844044823,0.2030234629,0.05351419157,0.0483855517,0.0001354182699,6.633137365e-05,0.0001343781742,0.0001301934823,6.380606249e-05,9.739427738e-05,2.457440335e-05,1.537302517e-05,3.196125685e-05,6.71300871e-08,1.94519149e-08,2.78462644e-08,1.143366699e-05,6.260236183e-06,6.732608024e-06,1.164059567e-07,6.8274933e-09,5.0445304e-09
id96,scenario5,5,4.652473002,3.620628493,4.697099402,4.092431697,2.54574126,3.413009702,4.77451108,2.45828697,4.250844791,4.881050172,4.562270678,6.879165832,4.21753703,4.907786882,5.113627969,3.932652502,3.919913218,5.07076437,8.081900927e-05,3.711384284e-05,5.59187531e-05,4.042827825e-05,1.344326749e-05,2.406121232e-05,6.639760157e-05,1.292857861e-05,4.192065599e-05,0.0001208936544,7.904260366e-05,0.0001759303398,7.156695592e-05,9.409548232e-05,0.0001007456856,6.600656057e-05,5.529011324e-05,9.553436973e-05
id96,scenario6,6,1.402052357,1.124913017,1.041562805,2.421149747,2.772612823,2.497556188,0.5701276156,0.7490925102,0.5681222268,0.537675299,0.6320908872,0.7285706555,0.7626332887,1.244550591,1.204112893,0.5177217438,1.245274528,1.381549707,3.66706462e-05,1.076996416e-05,7.863227833e-06,5.887125607e-05,5.038918404e-05,4.048452655e-05,2.24172065e-06,5.136960588e-06,1.370620019e-06,4.175306532e-06,3.796812506e-06,3.665091008e-06,1.211359652e-05,2.514396502e-05,1.830238038e-05,3.923506144e-06,2.581611169e-05,2.962333013e-05
id96,scenario7,7,4.85461726,4.957879769,6.608948229,15.67142372,14.31193879,17.66530425,13.87529514,9.646972504,18.52057868,0.3035533125,0.1343313413,0.3107217876,2.786776716,1.598775161,1.91174568,1.404404269,0.9381065264,1.365158364,9.445760973e-05,7.511563683e-05,0.0001335651488,0.0005448450134,0.0004027908206,0.0006393794941,0.0004793043095,0.0002075268048,0.0008299518245,3.891951604e-07,9.43644357e-08,7.541685775e-07,5.049492947e-05,2.105796531e-05,4.057619335e-05,5.660925545e-05,7.98518352e-06,2.080249573e-05
id96,scenario8,8,6.407620874,5.146900375,8.866153684,5.475265835,5.812510196,9.026109965,5.709574702,5.053725862,11.14719902,11.09270772,9.032738156,14.64246983,12.88602574,11.5312306,22.96634835,15.05892945,12.75128179,24.90836198,0.0001536197211,7.982816623e-05,0.0002947174655,0.0001561230909,0.0001589101311,0.0003888712779,0.0001381570765,9.00705873e-05,0.0005102987095,0.0002804655719,0.0001963692645,0.0005916553291,0.0004071677191,0.0003106871693,0.001303431619,0.0004702050241,0.0003468776979,0.001371551989
id96,scenario9,9,13.34923937,10.653009,17.56287058,19.46087013,16.9761558,24.65868125,17.88946999,16.00981706,25.20420768,9.572917518,8.848540581,12.64319394,9.346268613,10.70122664,13.03947301,7.155453715,7.469320157,9.985274351,0.0004070643581,0.0002262534652,0.0007690940992,0.0006651444239,0.0004476226789,0.001106335283,0.000551185807,0.0003987862754,0.001074837864,0.0002560054258,0.0001848299172,0.0004367839941,0.0002878595883,0.0003393350945,0.0004964399011,0.0001849361862,0.0002099364275,0.0003733867546
id97,scenario1,1,7.61590259,4.784221322,5.766391837,15.84357942,13.83826983,11.78645068,14.78909276,12.73763911,15.69755093,4.74005487,3.557426377,4.251952194,13.62646153,12.299893,13.97799442,13.27639928,9.898261936,13.8522204,0.0001062358496,3.839921097e-05,7.234504811e-05,0.0004626383582,0.0003596069362,0.0002406598272,0.0003878261954,0.0002515007109,0.0003911865448,4.14919628e-05,2.253970778e-05,2.980755347e-05,0.0004113031016,0.0002918220968,0.0004182295526,0.0003795060787,0.0002075979257,0.0003996965341
id97,scenario2,2,2.188348354,2.285862789,2.544655846,17.57713513,11.88358931,17.18538863,16.56634064,14.58933356,16.77616716,3.549510883,3.623379193,4.062385288,17.48654678,17.23244466,22.21215642,16.55882063,13.59582978,18.18354652,2.086693492e-05,2.286882389e-05,3.711661461e-05,0.0005740060989,0.0002463191967,0.0005487866499,0.0005508872274,0.0003670361065,0.0004956996559,7.186142654e-05,5.937432421e-05,7.497845166e-05,0.0005508253089,0.0004963801687,0.0008214039579,0.0005642599976,0.0003455598113,0.0005826653275
id97,scenario3,3,7.411726953,4.799063476,6.397618274,16.72716381,16.78775383,20.24044528,14.19401473,16.33078293,19.04312072,5.828123463,4.911071039,5.919782367,14.22016954,15.13116477,22.81091309,16.19226391,13.9148634,18.823091,9.461723768e-05,3.950942525e-05,7.110033295e-05,0.0005530365558,0.0005075769738,0.0007287560398,0.0004278541209,0.0005199128749,0.0006455751291,5.846433556e-05,4.017343471e-05,6.012837658e-05,0.000413297784,0.0004082780179,0.000890198322,0.0005663464104,0.0003573728185,0.0006719766247
id97,scenario4,4,6.256865358,6.030458249,6.029008621,8.095094178,6.149926298,5.814007064,17.00190612,12.78771433,13.85259639,6.74719794,5.01139359,6.71838447,15.93419327,13.11550681,18.70107785,16.15204128,12.87236294,20.48766219,8.946720991e-05,7.768252633e-05,6.855049015e-05,0.0001722127459,5.391876356e-05,5.931602094e-05,0.0005719535772,0.0003095734036,0.0003458536074,0.0001334272696,4.6112127e-05,9.9496072e-05,0.0004601792042,0.000310678867,0.0006904603762,0.0005012839104,0.0003132263076,0.000847271129
id97,scenario5,5,9.342263467,7.012195265,8.638170642,12.34957654,9.652331817,12.80866492,11.51876877,10.89366016,17.48379785,7.263446967,5.617862723,8.341894809,6.132802015,6.141064109,9.054379207,13.12393053,11.9519082,16.39453443,0.0001462020617,8.598445618e-05,0.0001222966884,0.0003866068355,0.0002025913457,0.0003382500784,0.0003065421521,0.0002495434151,0.0006332749811,0.0001051185905,5.893507846e-05,0.0001370618238,0.0001283745934,9.882923346e-05,0.0002146549654,0.0003846582833,0.0003238597217,0.0005235229432
id97,scenario6,6,0.3425230108,0.5635687463,0.8038926432,0.001695279181,0.002762473719,0.004033170951,0.002966164244,0.004816565306,0.006907137091,0.2126137589,0.3466688621,0.4520007211,0.4861072843,0.6222852012,0.7618470704,0.4552794906,0.4411029161,0.8932298644,4.377719518e-06,5.029268462e-06,9.834036531e-06,1.032536e-10,1.184545e-10,2.371022e-10,3.231097e-10,3.66787e-10,7.375124e-10,2.225035577e-06,3.028520716e-06,4.987829059e-06,9.713910325e-06,6.239037947e-06,9.013402845e-06,6.123609986e-06,3.233401011e-06,1.10451877e-05
id97,scenario7,7,8.680675665,7.972604977,8.684056093,15.44129431,14.95661047,18.79129751,17.95961292,17.44950319,18.92093864,5.220012957,5.459166817,7.767808578,21.59367533,16.13182028,24.65419498,17.85548562,15.87250266,20.49495703,0.0003100021411,0.0001414906202,0.0001748697289,0.0005289718031,0.0003965256893,0.0006481933408,0.000558956631,0.0004704731349,0.0006012589425,0.0001084745705,8.188461295e-05,0.0001775374072,0.0008405396346,0.0003880572928,0.001020135157,0.0006397519949,0.0004189118107,0.0007790791617
id97,scenario8,8,4.73664934,4.559894728,6.176700194,15.46419321,12.91269573,17.71222258,16.09101802,13.35645133,16.2539579,3.511854535,3.670667428,4.654325566,14.44558695,15.18910163,16.90324416,15.72442762,14.43249549,18.5154357,8.734910204e-05,7.588914763e-05,0.0001298937465,0.0004415075019,0.0003014584012,0.0005871445187,0.0005087838593,0.0003233058953,0.0004761203564,5.712695819e-05,4.782434994e-05,9.250721183e-05,0.0003978198381,0.0003873654768,0.0004806917862,0.0004821805803,0.0003362834409,0.0006144350766
id97,scenario9,9,6.620481348,5.773374827,6.141553499,11.63859397,10.58195362,12.52562567,10.64760877,10.59661638,12.85351244,7.328027833,7.093636627,10.01617482,14.728744,13.89735649,18.29589867,15.13095563,14.49842227,21.46936402,0.0001386678526,9.948216369e-05,9.003774729e-05,0.0003252760288,0.0001991191816,0.0003006394749,0.0002779332395,0.0002413654366,0.0003066305618,0.0001359866989,0.0001367076352,0.0002675582958,0.0004075635128,0.0003842048553,0.000588837901,0.0004607382141,0.0003700673828,0.0007666840926
id98,scenario1,1,5.630662235,5.669891838,6.600562367,7.642056539,4.771889194,7.331441576,4.872518657,5.340465946,8.527888086,5.287359936,5.314914701,6.482964552,7.856792773,10.90551725,7.47739697,6.322018192,7.018602012,7.280764965,9.959769931e-05,7.377682734e-05,9.840993008e-05,0.0002188502341,5.172926881e-05,0.0001294933912,9.143037841e-05,8.308684944e-05,0.0002216411504,0.0001045697142,8.165188336e-05,0.0001212143469,0.0001745451202,0.0003331017094,0.0001358899797,0.0001536402225,0.0001548948447,0.0001707136008
id98,scenario2,2,8.967554473,7.701799461,8.297807614,6.988823809,8.379069024,7.125772974,8.686418566,9.545702017,10.4793692,8.931261586,9.944969337,12.06572793,15.48406238,18.09213602,16.81120884,11.95074939,13.91340638,12.96018102,0.0002897961091,0.0001924740128,0.0001699711261,0.0001420825212,0.0001662172033,0.0001265456869,0.0002054330574,0.0002010885222,0.0002608838753,0.0002030794505,0.0002352682528,0.0003799461877,0.0004936508204,0.000677663674,0.0005971680391,0.0003497859281,0.0005032077227,0.0004230995656
id98,scenario3,3,4.971259357,4.441429019,6.246337045,16.45680152,14.10154858,17.45120474,11.37881981,12.13013315,11.93726241,6.927448106,8.331573338,7.631417877,14.35228963,18.73715856,14.74469926,11.3708328,11.4817266,13.33692177,4.36825791e-05,3.284311995e-05,5.980023992e-05,0.0006222490913,0.0003858947243,0.0006036246191,0.000367616872,0.0003680414009,0.0002841777373,9.6025717e-05,0.0001190112905,0.0001283905061,0.000452770881,0.0008097682798,0.0004783707492,0.0003468487409,0.0002827534637,0.0004148961093
id98,scenario4,4,3.305511687,4.103002542,4.789518672,9.093398864,5.528882034,6.901817998,5.746589618,4.115298706,6.617297738,2.733653921,3.646994861,4.510762005,4.299718526,3.173179461,3.440668818,3.347153611,4.838556026,6.819616395,5.438366385e-05,5.105820865e-05,7.137226363e-05,0.0002772498382,7.289482371e-05,0.0001531231551,0.0001778623523,4.676465182e-05,0.0001461125551,4.968580696e-05,6.870123117e-05,0.0001187625115,6.273807548e-05,3.354472322e-05,4.127350331e-05,6.633049523e-05,0.000144395406,0.0002501823033
id98,scenario5,5,1.289490914,1.099683271,3.014911127,3.578085795,4.459252092,4.67841669,8.611636129,9.216802874,10.10217291,0.0,0.0,0.0,1.733648302,2.543037576,1.989252856,7.482346446,9.975017249,11.75565214,1.667219118e-05,6.159020994e-06,4.703052205e-05,8.235959261e-05,8.459869275e-05,8.914873665e-05,0.0002469779502,0.0001946190223,0.0002395253668,0.0,0.0,0.0,4.901752605e-05,6.570914674e-05,3.731439374e-05,0.0002578960631,0.0003496106747,0.0004355623393
id98,scenario6,6,5.119357226,6.369976538,7.723106296,2.198892965,2.050789425,2.255175808,4.942424049,7.477238866,6.602939069,8.729376357,9.093407964,12.53065343,14.75591773,19.0189999,17.73236789,17.93823524,22.07977902,23.07252703,0.000153401197,0.000104397012,0.0001431527401,7.629503735e-05,2.731961656e-05,3.321677903e-05,0.0001475690709,0.0002332101334,0.0001696606378,0.0003001485675,0.0002543138843,0.0005157983746,0.0004799031277,0.0007282434646,0.0005989625034,0.0005855159446,0.0008744484928,0.0009496941231
id98,scenario7,7,3.437566906,3.921095477,4.959842678,1.615638669,1.52433333,2.40884386,1.111286402,0.7498317157,0.6515714175,2.554929241,3.996863316,3.731545925,9.436250491,12.78136336,9.857692051,5.254708987,6.622807671,6.85411473,6.562648889e-05,5.424723059e-05,0.0001022660761,3.105672079e-05,2.213655746e-05,5.221778498e-05,4.520466776e-06,1.694558174e-06,1.072172608e-06,4.910833886e-05,8.512132536e-05,7.530746266e-05,0.000262342745,0.0004717118797,0.0002852110246,0.0001563674482,0.000226433839,0.0002208858692
id98,scenario8,8,7.705021685,7.486439152,11.3480403,16.81080854,18.09214473,15.82882605,14.943046,18.70631748,14.71667971,12.18335447,10.25653184,20.1649404,20.50055099,27.57551507,21.21626665,15.32821653,19.52292369,20.88729625,0.0001912306614,0.0001469859404,0.0003246867956,0.0006112161612,0.0006805660746,0.0004984373508,0.0004600377503,0.0007013090948,0.0004511167288,0.0003643518863,0.0002660285788,0.00104545977,0.0006965572249,0.001300345984,0.0008034902902,0.0004603549156,0.000733709926,0.0007851556286
id98,scenario9,9,7.474429512,7.557761007,10.4255369,11.08213356,8.389508713,8.292019965,12.82929594,12.33677743,12.09862438,13.45570111,14.30263793,17.41666401,10.53967885,11.21198723,10.19167355,6.336450946,6.857047043,6.433715682,0.0001485241616,0.000129995563,0.0002535184455,0.0003252381997,0.0001468148537,0.0001410240116,0.0004445746106,0.0003885339102,0.0003496624107,0.000406876962,0.0004356080697,0.0006078572175,0.0002850093245,0.0003243098311,0.0002281174471,0.0001475606375,0.0001562140893,0.0001314696018
id99,scenario1,1,16.98152472,11.97029908,12.62004954,19.15671706,15.81422378,27.30109546,20.55889087,16.95802282,16.3429856,14.82420358,10.57819681,12.60317123,22.89549139,16.01819913,32.53231211,22.58748966,14.92361849,25.09084653,0.0006177456265,0.000278992871,0.0003011242787,0.0006549640389,0.0003903429372,0.001240133681,0.0007960642864,0.0005155014789,0.0005189182512,0.0003961056867,0.0002061250069,0.0002823498483,0.0009263962693,0.0004360270708,0.001757679385,0.0008470408712,0.0003314428604,0.001091403338
id99,scenario2,2,8.248535725,6.543858069,7.2253788,7.506093843,5.25026421,7.532249005,10.65250328,7.468046054,18.27651716,9.758534661,7.059202464,9.507708974,17.39609028,14.03413032,16.26456134,18.73088152,14.27428629,23.74245612,0.0001637826988,9.525064537e-05,0.0001194657045,0.0001446410265,6.10865991e-05,0.0001383127322,0.0002710465673,0.0001231899756,0.0009969721725,0.0001872754491,9.512121638e-05,0.0001737006194,0.0006186372117,0.0003752705339,0.0005144456424,0.0006426052737,0.0003885940632,0.001106258581
id99,scenario3,3,16.66202512,8.077022955,28.54812451,23.03803353,17.69498426,27.57124092,22.14513022,15.69566999,27.44143859,16.61474756,10.882201,27.78529629,22.47869798,11.40975079,31.09502028,18.60872392,12.08173724,43.69320822,0.000493013008,0.0001030191281,0.001526235053,0.0008547775453,0.0004883708212,0.00132044259,0.0008256855209,0.000405776892,0.001399178727,0.0004731045111,0.0001913138962,0.001315634237,0.0007922066907,0.0002005579824,0.001426820357,0.000555957491,0.0002310643063,0.002855694292
id99,scenario4,4,15.17717619,6.640732592,15.66873329,16.26160854,15.45971321,32.63392675,17.25335421,13.60173378,24.59641509,18.49106368,12.60914832,42.51912515,21.38806545,13.94005546,41.48019075,22.56518082,18.049207,43.74654847,0.0004364172054,8.440780976e-05,0.0007032673086,0.0004837846615,0.0004277023347,0.001992831533,0.0005467940928,0.0003118265653,0.001238153655,0.0005888357579,0.0002641075284,0.002840875475,0.0007242389091,0.0003058946482,0.002716272127,0.0008041212197,0.0004711395177,0.002761245864
id99,scenario5,5,6.798850518,5.805888402,8.293288543,16.55211797,14.4669651,24.59199666,15.07935564,10.63264361,12.92790479,8.776194968,7.68249612,12.13277353,17.10045298,12.17458182,35.43917597,17.77323009,12.27415899,37.09676527,0.0001418642981,0.0001154108019,0.0003625281496,0.0005722774823,0.0004102397534,0.001259396331,0.0005624125422,0.0002070697582,0.0003435720766,0.0001972509131,0.0001320223555,0.0004675126794,0.0005426315779,0.00027480378,0.002380069216,0.0006463372099,0.0002868635271,0.00262096398
id99,scenario6,6,3.990235195,1.497467204,3.212461734,4.062225576,2.068483751,3.023311974,4.249167495,2.677059176,3.097605822,15.59312157,10.17936196,19.0427152,20.16004717,12.1278063,37.86741311,19.45984547,10.60258298,36.923001,7.76121627e-05,1.043429428e-05,3.776481605e-05,0.0001168627805,2.523883373e-05,4.608532208e-05,0.0001000292888,4.521719853e-05,4.725371352e-05,0.0004410443021,0.0002126020205,0.0008473002328,0.0006651282797,0.0002598013623,0.0027539629,0.0005869477559,0.0001912291916,0.002622960398
id99,scenario7,7,9.370670826,7.695964439,11.972791,8.62978595,5.791862053,5.85236518,14.50308442,11.82711063,17.02241856,15.01992453,9.989363117,30.58963505,15.50035092,14.31732122,23.02792548,21.51650714,16.53262528,35.88913186,0.0002339846429,0.000172956217,0.0005836540317,0.0001775163875,0.0001289573226,0.0001346977655,0.0004835221671,0.0002695073438,0.0005876847822,0.0004806779689,0.0001961510921,0.002129282789,0.0004395921383,0.0004211280064,0.001026526786,0.0007776676805,0.0005204480407,0.002250185897
id99,scenario8,8,11.10170786,10.60652646,11.97122944,18.66274121,15.64712615,22.88548101,16.65469599,16.55037903,22.24848295,0.06141723388,0.06014679337,0.06030713361,18.10632987,12.75600619,34.64571821,18.06420134,14.73517265,35.22208791,0.0003584699003,0.000265934874,0.0003348691191,0.0007111827852,0.0004161176638,0.001022757629,0.0005410094329,0.0004958457031,0.0009215340728,1.09715962e-07,4.38277314e-08,4.3629437e-08,0.0006865075529,0.0002919612486,0.002111584274,0.0006456970927,0.0003992841548,0.002127752551
id99,scenario9,9,6.769450985,6.680212501,11.39395686,17.07491113,17.45817895,24.52827793,14.13134849,14.26106401,19.9702522,22.80513827,18.29583665,42.84068493,23.65089888,17.38618482,52.65905819,22.68618156,14.58878934,46.17384988,0.0001695499333,0.000132642962,0.0004699170379,0.0005758400194,0.0004877268271,0.001118349198,0.0004170662744,0.0003866632241,0.000795758372,0.000797843863,0.0005118334642,0.002700893562,0.0009043210739,0.0004852343555,0.003905058761,0.0008096984677,0.0003523243349,0.003219137568
